2014-01-01 00:00:00,0.7150160074234009
2014-01-01 01:00:00,0.8125242590904236
2014-01-01 02:00:00,0.8861575722694397
2014-01-01 03:00:00,2.177938222885132
2014-01-01 04:00:00,2.0058650970458984
2014-01-01 05:00:00,1.9316750168800354
2014-01-01 06:00:00,2.1060993671417236
2014-01-01 07:00:00,2.260502815246582
2014-01-01 08:00:00,2.331244707107544
2014-01-01 09:00:00,2.271088123321533
2014-01-01 10:00:00,2.103045731782913
2014-01-01 11:00:00,1.177695870399475
2014-01-01 12:00:00,1.0328632593154907
2014-01-01 13:00:00,1.184937834739685
2014-01-01 14:00:00,1.3111289739608765
2014-01-01 15:00:00,1.3656071424484253
2014-01-01 16:00:00,1.4379688501358032
2014-01-01 17:00:00,1.520750641822815
2014-01-01 18:00:00,1.563138484954834
2014-01-01 19:00:00,1.608313798904419
2014-01-01 20:00:00,1.6100767850875854
2014-01-01 21:00:00,1.6497163772583008
2014-01-01 22:00:00,1.638342261314392
2014-01-01 23:00:00,1.6462507247924805
2014-01-02 00:00:00,1.6323843002319336
2014-01-02 01:00:00,1.56467866897583
2014-01-02 02:00:00,1.5297274589538574
2014-01-02 03:00:00,3.0005674362182617
2014-01-02 04:00:00,2.727454662322998
2014-01-02 05:00:00,2.3885397911071777
2014-01-02 06:00:00,3.1661291122436523
2014-01-02 07:00:00,3.0869688987731934
2014-01-02 08:00:00,3.092963695526123
2014-01-02 09:00:00,3.0337486267089844
2014-01-02 10:00:00,2.7422544956207275
2014-01-02 11:00:00,1.0713268518447876
2014-01-02 12:00:00,1.3338013887405396
2014-01-02 13:00:00,1.452502965927124
2014-01-02 14:00:00,1.5201416015625
2014-01-02 15:00:00,1.5724042654037476
2014-01-02 16:00:00,1.670790433883667
2014-01-02 17:00:00,1.7603833675384521
2014-01-02 18:00:00,1.7917931079864502
2014-01-02 19:00:00,1.7283711433410645
2014-01-02 20:00:00,1.62712824344635
2014-01-02 21:00:00,1.518215537071228
2014-01-02 22:00:00,1.4134821891784668
2014-01-02 23:00:00,1.3815892934799194
2014-01-03 00:00:00,1.3842968940734863
2014-01-03 01:00:00,1.4399441480636597
2014-01-03 02:00:00,1.5309977531433105
2014-01-03 03:00:00,2.6190624237060547
2014-01-03 04:00:00,2.7687556743621826
2014-01-03 05:00:00,2.2020397186279297
2014-01-03 06:00:00,2.9787349700927734
2014-01-03 07:00:00,2.8429548740386963
2014-01-03 08:00:00,2.7431256771087646
2014-01-03 09:00:00,2.5425901412963867
2014-01-03 10:00:00,2.184187173843384
2014-01-03 11:00:00,0.7452346086502075
2014-01-03 12:00:00,1.1372393369674683
2014-01-03 13:00:00,1.0887120962142944
2014-01-03 14:00:00,1.0127366781234741
2014-01-03 15:00:00,0.9812270477414131
2014-01-03 16:00:00,0.9853523895144463
2014-01-03 17:00:00,0.909843198955059
2014-01-03 18:00:00,0.7697808817028999
2014-01-03 19:00:00,0.5843256711959839
2014-01-03 20:00:00,0.38069021329283714
2014-01-03 21:00:00,0.1972377598285675
2014-01-03 22:00:00,0.0057525634765625
2014-01-03 23:00:00,-0.022122561931610107
2014-01-04 00:00:00,0.07997280359268188
2014-01-04 01:00:00,0.031636595726013184
2014-01-04 02:00:00,-0.062498390674591064
2014-01-04 03:00:00,-0.07575535774230957
2014-01-04 04:00:00,-0.4912262111902237
2014-01-04 05:00:00,-0.765708401799202
2014-01-04 06:00:00,-0.9641447067260742
2014-01-04 07:00:00,-1.3250339180231094
2014-01-04 08:00:00,-1.7031354904174805
2014-01-04 09:00:00,-2.0618958473205566
2014-01-04 10:00:00,-1.8714865744113922
2014-01-04 11:00:00,-0.6872164011001587
2014-01-04 12:00:00,-0.7481067180633545
2014-01-04 13:00:00,-0.5308961868286133
2014-01-04 14:00:00,-0.2397937774658203
2014-01-04 15:00:00,0.029502153396606445
2014-01-04 16:00:00,0.13465404510498047
2014-01-04 17:00:00,0.2224287986755371
2014-01-04 18:00:00,0.24964845180511475
2014-01-04 19:00:00,0.31149935722351074
2014-01-04 20:00:00,0.35438501834869385
2014-01-04 21:00:00,0.4334096908569336
2014-01-04 22:00:00,0.6737219095230103
2014-01-04 23:00:00,0.8532323837280273
2014-01-05 00:00:00,0.9819645881652832
2014-01-05 01:00:00,1.0339146852493286
2014-01-05 02:00:00,1.0540376901626587
2014-01-05 03:00:00,1.644439458847046
2014-01-05 04:00:00,1.9119043350219727
2014-01-05 05:00:00,1.8128373622894287
2014-01-05 06:00:00,1.8465385437011719
2014-01-05 07:00:00,1.9710543155670166
2014-01-05 08:00:00,2.0758462250232697
2014-01-05 09:00:00,2.1421675384044647
2014-01-05 10:00:00,2.111029177904129
2014-01-05 11:00:00,0.7733950614929199
2014-01-05 12:00:00,1.0153193473815918
2014-01-05 13:00:00,1.040785312652588
2014-01-05 14:00:00,1.0442700684070587
2014-01-05 15:00:00,1.0529307126998901
2014-01-05 16:00:00,1.0884267091751099
2014-01-05 17:00:00,1.0779637098312378
2014-01-05 18:00:00,1.0185281038284302
2014-01-05 19:00:00,0.9440944194793701
2014-01-05 20:00:00,0.904880091547966
2014-01-05 21:00:00,0.917491152882576
2014-01-05 22:00:00,0.931557297706604
2014-01-05 23:00:00,0.9912755489349365
2014-01-06 00:00:00,1.1114850044250488
2014-01-06 01:00:00,1.218759536743164
2014-01-06 02:00:00,1.28076171875
2014-01-06 03:00:00,1.6033707559108734
2014-01-06 04:00:00,2.5196614265441895
2014-01-06 05:00:00,1.958658754825592
2014-01-06 06:00:00,2.6639883518218994
2014-01-06 07:00:00,2.5424544513225555
2014-01-06 08:00:00,2.2829720973968506
2014-01-06 09:00:00,2.053525447845459
2014-01-06 10:00:00,1.8980182111263275
2014-01-06 11:00:00,0.7606508731842041
2014-01-06 12:00:00,1.1134307235479355
2014-01-06 13:00:00,1.1360703706741333
2014-01-06 14:00:00,1.172139048576355
2014-01-06 15:00:00,1.2258953899145126
2014-01-06 16:00:00,1.3194024562835693
2014-01-06 17:00:00,1.4078601598739624
2014-01-06 18:00:00,1.4283456802368164
2014-01-06 19:00:00,1.4684922695159912
2014-01-06 20:00:00,1.576101303100586
2014-01-06 21:00:00,1.6073966026306152
2014-01-06 22:00:00,1.6090224981307983
2014-01-06 23:00:00,1.5813305377960205
2014-01-07 00:00:00,1.5006002187728882
2014-01-07 01:00:00,1.437741994857788
2014-01-07 02:00:00,1.4555110931396484
2014-01-07 03:00:00,2.382157564163208
2014-01-07 04:00:00,2.561617851257324
2014-01-07 05:00:00,1.9805684089660645
2014-01-07 06:00:00,2.734738349914551
2014-01-07 07:00:00,2.5348751544952393
2014-01-07 08:00:00,2.605424642562866
2014-01-07 09:00:00,2.6689560413360596
2014-01-07 10:00:00,2.508967876434326
2014-01-07 11:00:00,0.9437658339738846
2014-01-07 12:00:00,1.1428035497665405
2014-01-07 13:00:00,1.2212647199630737
2014-01-07 14:00:00,1.2950481176376343
2014-01-07 15:00:00,1.3798624277114868
2014-01-07 16:00:00,1.401941180229187
2014-01-07 17:00:00,1.3925284147262573
2014-01-07 18:00:00,1.3548897504806519
2014-01-07 19:00:00,1.222001552581787
2014-01-07 20:00:00,1.0102123022079468
2014-01-07 21:00:00,0.7687761783599854
2014-01-07 22:00:00,0.651655912399292
2014-01-07 23:00:00,0.8123615980148315
2014-01-08 00:00:00,0.9546623229980469
2014-01-08 01:00:00,1.093200922012329
2014-01-08 02:00:00,1.070526361465454
2014-01-08 03:00:00,0.6824429035186768
2014-01-08 04:00:00,1.4154348373413086
2014-01-08 05:00:00,0.7712502479553223
2014-01-08 06:00:00,0.1846926212310791
2014-01-08 07:00:00,-0.33783984184265137
2014-01-08 08:00:00,-0.610997200012207
2014-01-08 09:00:00,-0.6849493980407715
2014-01-08 10:00:00,-0.5025335550308228
2014-01-08 11:00:00,-0.1979461908340454
2014-01-08 12:00:00,-0.3627094030380249
2014-01-08 13:00:00,-0.42250120639801025
2014-01-08 14:00:00,-0.33796370029449463
2014-01-08 15:00:00,-0.18630576133728027
2014-01-08 16:00:00,-0.02295815944671631
2014-01-08 17:00:00,0.009855508804321289
2014-01-08 18:00:00,-0.04552602767944336
2014-01-08 19:00:00,-0.03398478031158447
2014-01-08 20:00:00,0.10210645198822021
2014-01-08 21:00:00,0.21624255180358887
2014-01-08 22:00:00,0.2723965644836426
2014-01-08 23:00:00,0.28508591651916504
2014-01-09 00:00:00,0.29267311096191406
2014-01-09 01:00:00,0.30917394161224365
2014-01-09 02:00:00,0.3162369728088379
2014-01-09 03:00:00,0.3069295883178711
2014-01-09 04:00:00,0.20783698558807373
2014-01-09 05:00:00,-0.11121392250061035
2014-01-09 06:00:00,-0.3009045124053955
2014-01-09 07:00:00,-0.09849178791046143
2014-01-09 08:00:00,0.14083397388458252
2014-01-09 09:00:00,0.4228745698928833
2014-01-09 10:00:00,0.6458091735839844
2014-01-09 11:00:00,0.3259507417678833
2014-01-09 12:00:00,0.548576831817627
2014-01-09 13:00:00,0.5793524980545044
2014-01-09 14:00:00,0.6457338333129883
2014-01-09 15:00:00,0.7416222095489502
2014-01-09 16:00:00,0.840585470199585
2014-01-09 17:00:00,0.8731962442398071
2014-01-09 18:00:00,0.7872342616319656
2014-01-09 19:00:00,0.5952213257551193
2014-01-09 20:00:00,0.4014626741409302
2014-01-09 21:00:00,0.3235486149787903
2014-01-09 22:00:00,0.2638183906674385
2014-01-09 23:00:00,0.24743309617042542
2014-01-10 00:00:00,0.32337987422943115
2014-01-10 01:00:00,0.4522128328680992
2014-01-10 02:00:00,0.5676404237747192
2014-01-10 03:00:00,0.7065614461898804
2014-01-10 04:00:00,0.8437203168869019
2014-01-10 05:00:00,0.6776140928268433
2014-01-10 06:00:00,0.2033379077911377
2014-01-10 07:00:00,0.20661014318466187
2014-01-10 08:00:00,0.32623088359832764
2014-01-10 09:00:00,0.5101800560951233
2014-01-10 10:00:00,0.6705290079116821
2014-01-10 11:00:00,0.3566964268684387
2014-01-10 12:00:00,0.5746559500694275
2014-01-10 13:00:00,0.6938190162181854
2014-01-10 14:00:00,0.8659791648387909
2014-01-10 15:00:00,0.9654520452022552
2014-01-10 16:00:00,1.0691152811050415
2014-01-10 17:00:00,1.0388666689395905
2014-01-10 18:00:00,0.9229224920272827
2014-01-10 19:00:00,0.8345341086387634
2014-01-10 20:00:00,0.8263251185417175
2014-01-10 21:00:00,0.9602971076965332
2014-01-10 22:00:00,1.0869895219802856
2014-01-10 23:00:00,1.2682406902313232
2014-01-11 00:00:00,1.4625179767608643
2014-01-11 01:00:00,1.651370644569397
2014-01-11 02:00:00,1.8142987191677094
2014-01-11 03:00:00,2.8132927417755127
2014-01-11 04:00:00,2.564453601837158
2014-01-11 05:00:00,2.4246325492858887
2014-01-11 06:00:00,2.878492832183838
2014-01-11 07:00:00,2.50018572807312
2014-01-11 08:00:00,1.9232282638549805
2014-01-11 09:00:00,1.303590714931488
2014-01-11 10:00:00,1.1313030570745468
2014-01-11 11:00:00,0.4559786319732666
2014-01-11 12:00:00,0.64789879322052
2014-01-11 13:00:00,0.8613780736923218
2014-01-11 14:00:00,1.0504619926214218
2014-01-11 15:00:00,1.1837656497955322
2014-01-11 16:00:00,1.2332783937454224
2014-01-11 17:00:00,1.2375661134719849
2014-01-11 18:00:00,1.2491769790649414
2014-01-11 19:00:00,1.2544093132019043
2014-01-11 20:00:00,1.293089509010315
2014-01-11 21:00:00,1.3593981266021729
2014-01-11 22:00:00,1.3736549615859985
2014-01-11 23:00:00,1.280348300933838
2014-01-12 00:00:00,1.021632432937622
2014-01-12 01:00:00,0.7292148470878601
2014-01-12 02:00:00,0.4197894483804703
2014-01-12 03:00:00,0.2949868217110634
2014-01-12 04:00:00,0.5076893046498299
2014-01-12 05:00:00,0.9252170622348785
2014-01-12 06:00:00,1.3397736549377441
2014-01-12 07:00:00,1.8407298624515533
2014-01-12 08:00:00,2.1440269947052
2014-01-12 09:00:00,2.216074228286743
2014-01-12 10:00:00,1.8796943724155426
2014-01-12 11:00:00,0.6094757318496704
2014-01-12 12:00:00,0.8838207274675369
2014-01-12 13:00:00,0.9780146032571793
2014-01-12 14:00:00,1.0629537105560303
2014-01-12 15:00:00,1.164372444152832
2014-01-12 16:00:00,1.2534875869750977
2014-01-12 17:00:00,1.3017089366912842
2014-01-12 18:00:00,1.3077638149261475
2014-01-12 19:00:00,1.3055959939956665
2014-01-12 20:00:00,1.206044927239418
2014-01-12 21:00:00,1.117152214050293
2014-01-12 22:00:00,0.9690027236938477
2014-01-12 23:00:00,0.8643603324890137
2014-01-13 00:00:00,0.7630777359008789
2014-01-13 01:00:00,0.9063050746917725
2014-01-13 02:00:00,1.0636227130889893
2014-01-13 03:00:00,1.1199145019054413
2014-01-13 04:00:00,2.2870242595672607
2014-01-13 05:00:00,2.1380133628845215
2014-01-13 06:00:00,2.520822048187256
2014-01-13 07:00:00,1.9811397194862366
2014-01-13 08:00:00,1.444878101348877
2014-01-13 09:00:00,1.1347403228282928
2014-01-13 10:00:00,0.9837853610515594
2014-01-13 11:00:00,0.31667661666870117
2014-01-13 12:00:00,0.3370695114135742
2014-01-13 13:00:00,0.2729756832122803
2014-01-13 14:00:00,0.22207528352737427
2014-01-13 15:00:00,0.35260844230651855
2014-01-13 16:00:00,0.6484804153442383
2014-01-13 17:00:00,0.7930009067058563
2014-01-13 18:00:00,0.8047770261764526
2014-01-13 19:00:00,0.7836589813232422
2014-01-13 20:00:00,0.7215199023485184
2014-01-13 21:00:00,0.5939316749572754
2014-01-13 22:00:00,0.5791374444961548
2014-01-13 23:00:00,0.6619305536150932
2014-01-14 00:00:00,0.8176579922437668
2014-01-14 01:00:00,0.9593800604343414
2014-01-14 02:00:00,1.063454046845436
2014-01-14 03:00:00,1.9194788932800293
2014-01-14 04:00:00,1.7977049350738525
2014-01-14 05:00:00,1.3813292980194092
2014-01-14 06:00:00,0.8439128398895264
2014-01-14 07:00:00,0.3511860519647598
2014-01-14 08:00:00,-0.07353522628545761
2014-01-14 09:00:00,-0.3959833160042763
2014-01-14 10:00:00,-0.5045561641454697
2014-01-14 11:00:00,-0.30921316146850586
2014-01-14 12:00:00,-0.4282974600791931
2014-01-14 13:00:00,-0.356601357460022
2014-01-14 14:00:00,-0.21135807037353516
2014-01-14 15:00:00,-0.08660018444061279
2014-01-14 16:00:00,-0.017028093338012695
2014-01-14 17:00:00,-0.004928648471832275
2014-01-14 18:00:00,-0.041296958923339844
2014-01-14 19:00:00,-0.1184258684515953
2014-01-14 20:00:00,-0.2088937908411026
2014-01-14 21:00:00,-0.25209392607212067
2014-01-14 22:00:00,-0.23090673983097076
2014-01-14 23:00:00,-0.1606646180152893
2014-01-15 00:00:00,-0.10689321160316467
2014-01-15 01:00:00,-0.03369748592376709
2014-01-15 02:00:00,0.018419116735458374
2014-01-15 03:00:00,-0.052529631182551384
2014-01-15 04:00:00,-0.11532721668481827
2014-01-15 05:00:00,-0.12034156918525696
2014-01-15 06:00:00,-0.06484991312026978
2014-01-15 07:00:00,0.14751159865409136
2014-01-15 08:00:00,0.3415311109274626
2014-01-15 09:00:00,0.4854699354618788
2014-01-15 10:00:00,0.6343864966183901
2014-01-15 11:00:00,0.25678444653749466
2014-01-15 12:00:00,0.25245392695069313
2014-01-15 13:00:00,0.2001984678208828
2014-01-15 14:00:00,0.244077917188406
2014-01-15 15:00:00,0.412367045879364
2014-01-15 16:00:00,0.5435403995215893
2014-01-15 17:00:00,0.7563086822628975
2014-01-15 18:00:00,0.9466222524642944
2014-01-15 19:00:00,1.1115931123495102
2014-01-15 20:00:00,1.1032382249832153
2014-01-15 21:00:00,0.9809518605470657
2014-01-15 22:00:00,0.8261746168136597
2014-01-15 23:00:00,0.7708401679992676
2014-01-16 00:00:00,0.8087069988250732
2014-01-16 01:00:00,0.8230049014091492
2014-01-16 02:00:00,0.7478429079055786
2014-01-16 03:00:00,0.4721335768699646
2014-01-16 04:00:00,1.0580768585205078
2014-01-16 05:00:00,0.9066119492053986
2014-01-16 06:00:00,0.567670151591301
2014-01-16 07:00:00,0.48158466815948486
2014-01-16 08:00:00,0.4629632234573364
2014-01-16 09:00:00,0.7375425845384598
2014-01-16 10:00:00,0.5133816599845886
2014-01-16 11:00:00,0.5427557826042175
2014-01-16 12:00:00,0.6960378885269165
2014-01-16 13:00:00,0.7290810346603394
2014-01-16 14:00:00,0.7487581968307495
2014-01-16 15:00:00,0.7850430458784103
2014-01-16 16:00:00,0.752912700176239
2014-01-16 17:00:00,0.7163936495780945
2014-01-16 18:00:00,0.651244442909956
2014-01-16 19:00:00,0.5487301200628281
2014-01-16 20:00:00,0.3820298761129379
2014-01-16 21:00:00,0.11070066690444946
2014-01-16 22:00:00,-0.23224234580993652
2014-01-16 23:00:00,-0.5715510789304972
2014-01-17 00:00:00,-0.8088178709149361
2014-01-17 01:00:00,-0.9868874549865723
2014-01-17 02:00:00,-1.0577538013458252
2014-01-17 03:00:00,-1.4666030406951904
2014-01-17 04:00:00,-1.9847155213356018
2014-01-17 05:00:00,-2.4096410274505615
2014-01-17 06:00:00,-2.8865668773651123
2014-01-17 07:00:00,-2.7863593101501465
2014-01-17 08:00:00,-2.696124792098999
2014-01-17 09:00:00,-2.591132164001465
2014-01-17 10:00:00,-2.1429319381713867
2014-01-17 11:00:00,-0.8989026993513107
2014-01-17 12:00:00,-0.5296200513839722
2014-01-17 13:00:00,-0.2982752323150635
2014-01-17 14:00:00,-0.4521152377128601
2014-01-17 15:00:00,-0.5193624496459961
2014-01-17 16:00:00,-0.8933864831924438
2014-01-17 17:00:00,-1.45393705368042
2014-01-17 18:00:00,-1.2592187821865082
2014-01-17 19:00:00,-1.5167533159255981
2014-01-17 20:00:00,-2.2552332878112793
2014-01-17 21:00:00,-2.2601218223571777
2014-01-17 22:00:00,-1.4947872161865234
2014-01-17 23:00:00,-1.2404532432556152
2014-01-18 00:00:00,-1.1018439531326294
2014-01-18 01:00:00,-0.9599193334579468
2014-01-18 02:00:00,-0.8453798294067383
2014-01-18 03:00:00,-1.210562102496624
2014-01-18 04:00:00,-1.1046159118413925
2014-01-18 05:00:00,-0.8228020891547203
2014-01-18 06:00:00,-0.7270816974341869
2014-01-18 07:00:00,-0.9310921728610992
2014-01-18 08:00:00,-1.2135267481207848
2014-01-18 09:00:00,-1.4302548468112946
2014-01-18 10:00:00,-1.381402000784874
2014-01-18 11:00:00,-1.2290047407150269
2014-01-18 12:00:00,-0.7459690570831299
2014-01-18 13:00:00,-0.9975216090679169
2014-01-18 14:00:00,-1.1412820667028427
2014-01-18 15:00:00,-1.1938137859106064
2014-01-18 16:00:00,-1.2671217918395996
2014-01-18 17:00:00,-1.2080055475234985
2014-01-18 18:00:00,-1.0513535737991333
2014-01-18 19:00:00,-0.9556657075881958
2014-01-18 20:00:00,-0.9284579753875732
2014-01-18 21:00:00,-0.8860828876495361
2014-01-18 22:00:00,-0.7957868576049805
2014-01-18 23:00:00,-0.49799126386642456
2014-01-19 00:00:00,-0.25229525566101074
2014-01-19 01:00:00,-0.1313401460647583
2014-01-19 02:00:00,0.04758656024932861
2014-01-19 03:00:00,0.5777876377105713
2014-01-19 04:00:00,0.9837915897369385
2014-01-19 05:00:00,1.0038420855998993
2014-01-19 06:00:00,0.9721596166491508
2014-01-19 07:00:00,0.9764005690813065
2014-01-19 08:00:00,0.9877043887972832
2014-01-19 09:00:00,0.8617606088519096
2014-01-19 10:00:00,0.5767133086919785
2014-01-19 11:00:00,0.4653514623641968
2014-01-19 12:00:00,0.5815163254737854
2014-01-19 13:00:00,0.915620356798172
2014-01-19 14:00:00,1.0525486171245575
2014-01-19 15:00:00,1.1090903282165527
2014-01-19 16:00:00,1.110224723815918
2014-01-19 17:00:00,1.0708400905132294
2014-01-19 18:00:00,1.0644675493240356
2014-01-19 19:00:00,1.1143817901611328
2014-01-19 20:00:00,1.1981613636016846
2014-01-19 21:00:00,1.3037914037704468
2014-01-19 22:00:00,1.321758508682251
2014-01-19 23:00:00,1.3058815002441406
2014-01-20 00:00:00,1.2259838581085205
2014-01-20 01:00:00,1.1464710235595703
2014-01-20 02:00:00,1.061144471168518
2014-01-20 03:00:00,1.9747952818870544
2014-01-20 04:00:00,1.525066614151001
2014-01-20 05:00:00,0.9883310794830322
2014-01-20 06:00:00,0.43152737617492676
2014-01-20 07:00:00,-0.045805931091308594
2014-01-20 08:00:00,-0.46897363662719727
2014-01-20 09:00:00,-0.8467177897691727
2014-01-20 10:00:00,-1.008561611175537
2014-01-20 11:00:00,-0.7007523030042648
2014-01-20 12:00:00,-0.35810530185699463
2014-01-20 13:00:00,-0.35650813579559326
2014-01-20 14:00:00,-0.3715541362762451
2014-01-20 15:00:00,-0.38205158710479736
2014-01-20 16:00:00,-0.45243799686431885
2014-01-20 17:00:00,-0.6064265966415405
2014-01-20 18:00:00,-0.8351438045501709
2014-01-20 19:00:00,-1.0281856060028076
2014-01-20 20:00:00,-1.1306790113449097
2014-01-20 21:00:00,-1.1866751909255981
2014-01-20 22:00:00,-1.3133724927902222
2014-01-20 23:00:00,-1.5056545734405518
2014-01-21 00:00:00,-1.6577191352844238
2014-01-21 01:00:00,-1.7306220531463623
2014-01-21 02:00:00,-1.7477993965148926
2014-01-21 03:00:00,-1.9570960998535156
2014-01-21 04:00:00,-0.9183323383331299
2014-01-21 05:00:00,0.4683440923690796
2014-01-21 06:00:00,0.32422542572021484
2014-01-21 07:00:00,-0.5878782272338867
2014-01-21 08:00:00,-1.3265572786331177
2014-01-21 09:00:00,0.135567307472229
2014-01-21 10:00:00,0.5961078703403473
2014-01-21 11:00:00,-0.991119384765625
2014-01-21 12:00:00,-1.8182616084814072
2014-01-21 13:00:00,-2.663072109222412
2014-01-21 14:00:00,-3.0655300617218018
2014-01-21 15:00:00,-3.189267635345459
2014-01-21 16:00:00,-3.1250813007354736
2014-01-21 17:00:00,-2.9459035396575928
2014-01-21 18:00:00,-2.369184046983719
2014-01-21 19:00:00,-1.771879106760025
2014-01-21 20:00:00,-1.6492462158203125
2014-01-21 21:00:00,-1.5743598937988281
2014-01-21 22:00:00,-1.148805856704712
2014-01-21 23:00:00,-1.015250951051712
2014-01-22 00:00:00,-1.0367094278335571
2014-01-22 01:00:00,-0.971929669380188
2014-01-22 02:00:00,-1.1527454853057861
2014-01-22 03:00:00,-1.3853102922439575
2014-01-22 04:00:00,-1.2335638999938965
2014-01-22 05:00:00,-1.353454351425171
2014-01-22 06:00:00,-1.799633264541626
2014-01-22 07:00:00,-1.6186964511871338
2014-01-22 08:00:00,-0.7918587923049927
2014-01-22 09:00:00,-1.3047246932983398
2014-01-22 10:00:00,-1.539978414773941
2014-01-22 11:00:00,-1.5831222534179688
2014-01-22 12:00:00,-1.189591184258461
2014-01-22 13:00:00,-1.2865610122680664
2014-01-22 14:00:00,-1.344903215765953
2014-01-22 15:00:00,-1.3725786358118057
2014-01-22 16:00:00,-1.2221079021692276
2014-01-22 17:00:00,-1.1229933500289917
2014-01-22 18:00:00,-0.9588200747966766
2014-01-22 19:00:00,-0.7969640493392944
2014-01-22 20:00:00,-0.648620069026947
2014-01-22 21:00:00,-0.5068682432174683
2014-01-22 22:00:00,-0.35026615858078003
2014-01-22 23:00:00,-0.13658517599105835
2014-01-23 00:00:00,0.1273103952407837
2014-01-23 01:00:00,0.3913480043411255
2014-01-23 02:00:00,0.5288804769515991
2014-01-23 03:00:00,1.0307896137237549
2014-01-23 04:00:00,0.9688441753387451
2014-01-23 05:00:00,0.802814245223999
2014-01-23 06:00:00,0.8037662506103516
2014-01-23 07:00:00,0.8161184787750244
2014-01-23 08:00:00,0.9869844764471054
2014-01-23 09:00:00,1.2757632732391357
2014-01-23 10:00:00,1.2674269527196884
2014-01-23 11:00:00,1.1225570440292358
2014-01-23 12:00:00,0.5241844058036804
2014-01-23 13:00:00,0.6133760213851929
2014-01-23 14:00:00,0.6046975255012512
2014-01-23 15:00:00,0.6089595556259155
2014-01-23 16:00:00,0.7022223472595215
2014-01-23 17:00:00,0.7855105996131897
2014-01-23 18:00:00,0.8307997584342957
2014-01-23 19:00:00,0.8371553421020508
2014-01-23 20:00:00,0.8273262977600098
2014-01-23 21:00:00,0.8522113561630249
2014-01-23 22:00:00,0.8801660537719727
2014-01-23 23:00:00,0.9849115610122681
2014-01-24 00:00:00,1.132339745759964
2014-01-24 01:00:00,1.278809905052185
2014-01-24 02:00:00,1.4968754053115845
2014-01-24 03:00:00,2.705570697784424
2014-01-24 04:00:00,2.3415186405181885
2014-01-24 05:00:00,2.9922146797180176
2014-01-24 06:00:00,2.7075371742248535
2014-01-24 07:00:00,2.538872241973877
2014-01-24 08:00:00,2.537459135055542
2014-01-24 09:00:00,2.5631492137908936
2014-01-24 10:00:00,2.413489818572998
2014-01-24 11:00:00,1.859715849161148
2014-01-24 12:00:00,1.0357542037963867
2014-01-24 13:00:00,1.147361159324646
2014-01-24 14:00:00,1.1730678230524063
2014-01-24 15:00:00,1.1944094896316528
2014-01-24 16:00:00,1.2613973766565323
2014-01-24 17:00:00,1.2786395698785782
2014-01-24 18:00:00,1.277449131011963
2014-01-24 19:00:00,1.2628393173217773
2014-01-24 20:00:00,1.3075568675994873
2014-01-24 21:00:00,1.4774079322814941
2014-01-24 22:00:00,1.4902541637420654
2014-01-24 23:00:00,1.510603427886963
2014-01-25 00:00:00,1.4507606029510498
2014-01-25 01:00:00,1.1854147911071777
2014-01-25 02:00:00,1.0375361740589142
2014-01-25 03:00:00,2.349184036254883
2014-01-25 04:00:00,2.0010509490966797
2014-01-25 05:00:00,2.497016668319702
2014-01-25 06:00:00,2.1273605823516846
2014-01-25 07:00:00,1.8400194644927979
2014-01-25 08:00:00,1.8639962673187256
2014-01-25 09:00:00,1.984356164932251
2014-01-25 10:00:00,2.0015809535980225
2014-01-25 11:00:00,1.360809087753296
2014-01-25 12:00:00,1.0376081466674805
2014-01-25 13:00:00,1.2121508121490479
2014-01-25 14:00:00,1.314657211303711
2014-01-25 15:00:00,1.586410403251648
2014-01-25 16:00:00,1.559798240661621
2014-01-25 17:00:00,1.4040248394012451
2014-01-25 18:00:00,1.3509433269500732
2014-01-25 19:00:00,1.3820902109146118
2014-01-25 20:00:00,1.39328932762146
2014-01-25 21:00:00,1.3873718976974487
2014-01-25 22:00:00,1.3892778158187866
2014-01-25 23:00:00,1.4866777658462524
2014-01-26 00:00:00,1.4557154178619385
2014-01-26 01:00:00,1.4699276685714722
2014-01-26 02:00:00,1.5206167697906494
2014-01-26 03:00:00,2.7314155101776123
2014-01-26 04:00:00,2.4861881732940674
2014-01-26 05:00:00,3.1709399223327637
2014-01-26 06:00:00,3.235189199447632
2014-01-26 07:00:00,3.0301613807678223
2014-01-26 08:00:00,2.945378303527832
2014-01-26 09:00:00,2.765690565109253
2014-01-26 10:00:00,2.383145570755005
2014-01-26 11:00:00,1.1395654678344727
2014-01-26 12:00:00,1.1311981678009033
2014-01-26 13:00:00,1.299393653869629
2014-01-26 14:00:00,1.3598089218139648
2014-01-26 15:00:00,1.3935353755950928
2014-01-26 16:00:00,1.4219248294830322
2014-01-26 17:00:00,1.4291495084762573
2014-01-26 18:00:00,1.4143047332763672
2014-01-26 19:00:00,1.391615867614746
2014-01-26 20:00:00,1.3578789234161377
2014-01-26 21:00:00,1.2758429050445557
2014-01-26 22:00:00,1.1568222045898438
2014-01-26 23:00:00,1.097404956817627
2014-01-27 00:00:00,1.1374075412750244
2014-01-27 01:00:00,1.3458750247955322
2014-01-27 02:00:00,1.5640814304351807
2014-01-27 03:00:00,2.693016767501831
2014-01-27 04:00:00,2.408473253250122
2014-01-27 05:00:00,2.300112009048462
2014-01-27 06:00:00,3.3128790855407715
2014-01-27 07:00:00,3.22296142578125
2014-01-27 08:00:00,3.151320457458496
2014-01-27 09:00:00,3.0952413082122803
2014-01-27 10:00:00,2.9746921062469482
2014-01-27 11:00:00,1.8220029473304749
2014-01-27 12:00:00,1.3232579231262207
2014-01-27 13:00:00,1.5818965435028076
2014-01-27 14:00:00,1.7980413436889648
2014-01-27 15:00:00,1.9113852977752686
2014-01-27 16:00:00,1.8778197765350342
2014-01-27 17:00:00,1.8022050857543945
2014-01-27 18:00:00,1.6930463314056396
2014-01-27 19:00:00,1.593658208847046
2014-01-27 20:00:00,1.5390512943267822
2014-01-27 21:00:00,1.5913808345794678
2014-01-27 22:00:00,1.6497316360473633
2014-01-27 23:00:00,1.6726651191711426
2014-01-28 00:00:00,1.7755200862884521
2014-01-28 01:00:00,1.89565110206604
2014-01-28 02:00:00,2.186202585697174
2014-01-28 03:00:00,3.1687686443328857
2014-01-28 04:00:00,2.778573513031006
2014-01-28 05:00:00,2.8756163120269775
2014-01-28 06:00:00,4.109066009521484
2014-01-28 07:00:00,4.125875473022461
2014-01-28 08:00:00,4.115772247314453
2014-01-28 09:00:00,3.9311302304267883
2014-01-28 10:00:00,3.359583616256714
2014-01-28 11:00:00,1.362227201461792
2014-01-28 12:00:00,1.0813301801681519
2014-01-28 13:00:00,1.198047399520874
2014-01-28 14:00:00,1.2737724781036377
2014-01-28 15:00:00,1.3070907592773438
2014-01-28 16:00:00,1.3483399152755737
2014-01-28 17:00:00,1.368605375289917
2014-01-28 18:00:00,1.3536391258239746
2014-01-28 19:00:00,1.274316430091858
2014-01-28 20:00:00,1.1544840335845947
2014-01-28 21:00:00,1.0211577713489532
2014-01-28 22:00:00,0.8899509310722351
2014-01-28 23:00:00,0.7999719381332397
2014-01-29 00:00:00,0.6797471046447754
2014-01-29 01:00:00,0.5089242458343506
2014-01-29 02:00:00,0.3275167942047119
2014-01-29 03:00:00,0.16945528984069824
2014-01-29 04:00:00,-0.07347828149795532
2014-01-29 05:00:00,-0.21585547924041748
2014-01-29 06:00:00,-0.12737929821014404
2014-01-29 07:00:00,-0.2518811300396919
2014-01-29 08:00:00,-0.5026924014091492
2014-01-29 09:00:00,-0.8089994192123413
2014-01-29 10:00:00,-0.7983986735343933
2014-01-29 11:00:00,-0.4999930262565613
2014-01-29 12:00:00,-0.8351348638534546
2014-01-29 13:00:00,-1.0007728338241577
2014-01-29 14:00:00,-0.9705370664596558
2014-01-29 15:00:00,-0.8533599376678467
2014-01-29 16:00:00,-0.7249050140380859
2014-01-29 17:00:00,-0.5933647155761719
2014-01-29 18:00:00,-0.5299692153930664
2014-01-29 19:00:00,-0.5203514099121094
2014-01-29 20:00:00,-0.4942433834075928
2014-01-29 21:00:00,-0.37782931327819824
2014-01-29 22:00:00,-0.1583251953125
2014-01-29 23:00:00,0.16957759857177734
2014-01-30 00:00:00,0.4443213939666748
2014-01-30 01:00:00,0.5697820782661438
2014-01-30 02:00:00,0.5920560956001282
2014-01-30 03:00:00,0.7394692301750183
2014-01-30 04:00:00,0.6394563317298889
2014-01-30 05:00:00,0.8287975192070007
2014-01-30 06:00:00,0.9676691293716431
2014-01-30 07:00:00,0.6156674027442932
2014-01-30 08:00:00,0.17830872535705566
2014-01-30 09:00:00,-0.17972177267074585
2014-01-30 10:00:00,-0.20671045780181885
2014-01-30 11:00:00,-0.09945875406265259
2014-01-30 12:00:00,-0.17820805311203003
2014-01-30 13:00:00,-0.20633325725793839
2014-01-30 14:00:00,-0.18019729480147362
2014-01-30 15:00:00,-0.10535323619842529
2014-01-30 16:00:00,0.0145789235830307
2014-01-30 17:00:00,0.19727975130081177
2014-01-30 18:00:00,0.38247857242822647
2014-01-30 19:00:00,0.5557240396738052
2014-01-30 20:00:00,0.7740366905927658
2014-01-30 21:00:00,0.9262839555740356
2014-01-30 22:00:00,0.998489499092102
2014-01-30 23:00:00,1.010847955942154
2014-01-31 00:00:00,0.9563661813735962
2014-01-31 01:00:00,0.8550947904586792
2014-01-31 02:00:00,0.7335597276687622
2014-01-31 03:00:00,0.5808499455451965
2014-01-31 04:00:00,0.9297243356704712
2014-01-31 05:00:00,0.9379290044307709
2014-01-31 06:00:00,0.6559776067733765
2014-01-31 07:00:00,0.5375198125839233
2014-01-31 08:00:00,0.43461525440216064
2014-01-31 09:00:00,0.19650661945343018
2014-01-31 10:00:00,0.05264747142791748
2014-01-31 11:00:00,-0.05437147617340088
2014-01-31 12:00:00,-0.2914348840713501
2014-01-31 13:00:00,-0.46078670024871826
2014-01-31 14:00:00,-0.49003052711486816
2014-01-31 15:00:00,-0.3881186246871948
2014-01-31 16:00:00,-0.25545358657836914
2014-01-31 17:00:00,-0.14825034141540527
2014-01-31 18:00:00,-0.022183537483215332
2014-01-31 19:00:00,0.1884501576423645
2014-01-31 20:00:00,0.42649687826633453
2014-01-31 21:00:00,0.6262476891279221
2014-01-31 22:00:00,0.6823567152023315
2014-01-31 23:00:00,0.7427878379821777
2014-02-01 00:00:00,0.7849297076463699
2014-02-01 01:00:00,0.7572062015533447
2014-02-01 02:00:00,0.6531720161437988
2014-02-01 03:00:00,1.2418068647384644
2014-02-01 04:00:00,1.168854832649231
2014-02-01 05:00:00,0.6680023670196533
2014-02-01 06:00:00,0.14327621459960938
2014-02-01 07:00:00,-0.1557835340499878
2014-02-01 08:00:00,-0.4626009464263916
2014-02-01 09:00:00,-0.7783308029174805
2014-02-01 10:00:00,-0.7853832244873047
2014-02-01 11:00:00,-0.3716646432876587
2014-02-01 12:00:00,-0.10566627979278564
2014-02-01 13:00:00,0.06530320644378662
2014-02-01 14:00:00,0.03301149606704712
2014-02-01 15:00:00,0.10195791721343994
2014-02-01 16:00:00,0.2666700482368469
2014-02-01 17:00:00,0.3885538578033447
2014-02-01 18:00:00,0.49690622091293335
2014-02-01 19:00:00,0.5969274044036865
2014-02-01 20:00:00,0.7079673260450363
2014-02-01 21:00:00,0.8484440818428993
2014-02-01 22:00:00,0.9077858030796051
2014-02-01 23:00:00,0.9421619176864624
2014-02-02 00:00:00,0.9979860782623291
2014-02-02 01:00:00,1.0620260387659073
2014-02-02 02:00:00,1.0056800544261932
2014-02-02 03:00:00,2.0698976814746857
2014-02-02 04:00:00,1.7901455163955688
2014-02-02 05:00:00,1.4881861209869385
2014-02-02 06:00:00,1.1524267494678497
2014-02-02 07:00:00,1.1415132284164429
2014-02-02 08:00:00,0.9971149265766144
2014-02-02 09:00:00,0.7869114875793457
2014-02-02 10:00:00,0.9968570470809937
2014-02-02 11:00:00,0.6462335586547852
2014-02-02 12:00:00,0.6325876787304878
2014-02-02 13:00:00,0.5905362404882908
2014-02-02 14:00:00,0.4271458834409714
2014-02-02 15:00:00,0.27330970391631126
2014-02-02 16:00:00,0.12174243945628405
2014-02-02 17:00:00,-0.04456089437007904
2014-02-02 18:00:00,-0.2912718653678894
2014-02-02 19:00:00,-0.4825707674026489
2014-02-02 20:00:00,-0.5791078805923462
2014-02-02 21:00:00,-0.7682836353778839
2014-02-02 22:00:00,-0.8265991657972336
2014-02-02 23:00:00,-0.41417431831359863
2014-02-03 00:00:00,0.33099067211151123
2014-02-03 01:00:00,0.6465804427862167
2014-02-03 02:00:00,0.6725738644599915
2014-02-03 03:00:00,1.5934430062770844
2014-02-03 04:00:00,1.5911576747894287
2014-02-03 05:00:00,1.7740591168403625
2014-02-03 06:00:00,2.1773257851600647
2014-02-03 07:00:00,2.5098016262054443
2014-02-03 08:00:00,2.415123462677002
2014-02-03 09:00:00,2.29950213432312
2014-02-03 10:00:00,2.1384554505348206
2014-02-03 11:00:00,0.722274124622345
2014-02-03 12:00:00,0.7503694295883179
2014-02-03 13:00:00,0.7413097620010376
2014-02-03 14:00:00,0.569139838218689
2014-02-03 15:00:00,0.4196692705154419
2014-02-03 16:00:00,0.4166601896286011
2014-02-03 17:00:00,0.22776174545288086
2014-02-03 18:00:00,0.2026677131652832
2014-02-03 19:00:00,0.34093260765075684
2014-02-03 20:00:00,0.48503947257995605
2014-02-03 21:00:00,0.6338218450546265
2014-02-03 22:00:00,0.7605845332145691
2014-02-03 23:00:00,0.8779317140579224
2014-02-04 00:00:00,0.9229656457901001
2014-02-04 01:00:00,0.9234890937805176
2014-02-04 02:00:00,0.9493954181671143
2014-02-04 03:00:00,2.236205816268921
2014-02-04 04:00:00,1.8827968835830688
2014-02-04 05:00:00,2.1815288066864014
2014-02-04 06:00:00,2.3381826877593994
2014-02-04 07:00:00,2.371826171875
2014-02-04 08:00:00,2.5450000762939453
2014-02-04 09:00:00,2.5459773540496826
2014-02-04 10:00:00,2.3334760665893555
2014-02-04 11:00:00,1.725783258676529
2014-02-04 12:00:00,1.1189062595367432
2014-02-04 13:00:00,1.2490546703338623
2014-02-04 14:00:00,1.269806981086731
2014-02-04 15:00:00,1.299620509147644
2014-02-04 16:00:00,1.2916884422302246
2014-02-04 17:00:00,1.4254075288772583
2014-02-04 18:00:00,1.3261709213256836
2014-02-04 19:00:00,1.153814673423767
2014-02-04 20:00:00,0.9461342096328735
2014-02-04 21:00:00,0.7557717561721802
2014-02-04 22:00:00,0.7046531438827515
2014-02-04 23:00:00,0.5381447076797485
2014-02-05 00:00:00,0.31566035747528076
2014-02-05 01:00:00,0.0572817325592041
2014-02-05 02:00:00,-0.08181071281433105
2014-02-05 03:00:00,-0.31741905212402344
2014-02-05 04:00:00,-0.31247973442077637
2014-02-05 05:00:00,0.4127628803253174
2014-02-05 06:00:00,1.4491277933120728
2014-02-05 07:00:00,1.9406349658966064
2014-02-05 08:00:00,2.1948251724243164
2014-02-05 09:00:00,2.193525344133377
2014-02-05 10:00:00,2.1014201641082764
2014-02-05 11:00:00,1.5602692365646362
2014-02-05 12:00:00,0.5399667024612427
2014-02-05 13:00:00,0.5306661128997803
2014-02-05 14:00:00,0.5546107292175293
2014-02-05 15:00:00,0.6299006938934326
2014-02-05 16:00:00,0.7181901633739471
2014-02-05 17:00:00,0.7871191799640656
2014-02-05 18:00:00,0.8425627946853638
2014-02-05 19:00:00,0.8498239517211914
2014-02-05 20:00:00,0.8306812047958374
2014-02-05 21:00:00,0.8181943297386169
2014-02-05 22:00:00,0.7857056856155396
2014-02-05 23:00:00,0.7002272605895996
2014-02-06 00:00:00,0.5763062834739685
2014-02-06 01:00:00,0.41117024421691895
2014-02-06 02:00:00,0.18273329734802246
2014-02-06 03:00:00,0.0396236777305603
2014-02-06 04:00:00,-0.1696031093597412
2014-02-06 05:00:00,-0.7319501638412476
2014-02-06 06:00:00,-0.7800806760787964
2014-02-06 07:00:00,-0.6804292649030685
2014-02-06 08:00:00,-0.5418537855148315
2014-02-06 09:00:00,-0.560876727104187
2014-02-06 10:00:00,-0.48374831676483154
2014-02-06 11:00:00,0.003901839256286621
2014-02-06 12:00:00,-0.026918768882751465
2014-02-06 13:00:00,-0.8127437829971313
2014-02-06 14:00:00,-1.0837833881378174
2014-02-06 15:00:00,-1.3540080785751343
2014-02-06 16:00:00,-2.4208428859710693
2014-02-06 17:00:00,-2.9045677185058594
2014-02-06 18:00:00,-2.6098938286304474
2014-02-06 19:00:00,-2.1455511450767517
2014-02-06 20:00:00,-1.7636114060878754
2014-02-06 21:00:00,-1.2996487468481064
2014-02-06 22:00:00,-1.0683953613042831
2014-02-06 23:00:00,-0.7803319692611694
2014-02-07 00:00:00,-0.634216845035553
2014-02-07 01:00:00,-0.4998166561126709
2014-02-07 02:00:00,-0.37759220600128174
2014-02-07 03:00:00,-0.03145265579223633
2014-02-07 04:00:00,0.07746845483779907
2014-02-07 05:00:00,0.4163779020309448
2014-02-07 06:00:00,1.07297945022583
2014-02-07 07:00:00,1.5783929228782654
2014-02-07 08:00:00,2.0425195693969727
2014-02-07 09:00:00,2.3674774765968323
2014-02-07 10:00:00,2.511866569519043
2014-02-07 11:00:00,2.186960279941559
2014-02-07 12:00:00,1.0296180248260498
2014-02-07 13:00:00,1.0729628801345825
2014-02-07 14:00:00,1.1008663177490234
2014-02-07 15:00:00,1.0954773426055908
2014-02-07 16:00:00,1.0971403121948242
2014-02-07 17:00:00,1.0700932741165161
2014-02-07 18:00:00,1.005346268415451
2014-02-07 19:00:00,0.908535361289978
2014-02-07 20:00:00,0.7443960905075073
2014-02-07 21:00:00,0.6599831581115723
2014-02-07 22:00:00,0.6086302995681763
2014-02-07 23:00:00,0.5914559364318848
2014-02-08 00:00:00,0.5886799097061157
2014-02-08 01:00:00,0.6415747404098511
2014-02-08 02:00:00,0.8447973728179932
2014-02-08 03:00:00,1.7766347825527191
2014-02-08 04:00:00,1.7383310794830322
2014-02-08 05:00:00,2.1905455887317657
2014-02-08 06:00:00,2.349915474653244
2014-02-08 07:00:00,2.4371790885925293
2014-02-08 08:00:00,2.622100830078125
2014-02-08 09:00:00,2.8661251068115234
2014-02-08 10:00:00,2.67374587059021
2014-02-08 11:00:00,2.3096203804016113
2014-02-08 12:00:00,0.910955548286438
2014-02-08 13:00:00,1.022665724158287
2014-02-08 14:00:00,0.8337386921048164
2014-02-08 15:00:00,0.5717054605484009
2014-02-08 16:00:00,0.44906508922576904
2014-02-08 17:00:00,0.39026862382888794
2014-02-08 18:00:00,0.38166940212249756
2014-02-08 19:00:00,0.4171907305717468
2014-02-08 20:00:00,0.43104666471481323
2014-02-08 21:00:00,0.519239068031311
2014-02-08 22:00:00,0.6290479302406311
2014-02-08 23:00:00,0.8783622533082962
2014-02-09 00:00:00,1.043136477470398
2014-02-09 01:00:00,1.2752275466918945
2014-02-09 02:00:00,1.6811251640319824
2014-02-09 03:00:00,2.7051360607147217
2014-02-09 04:00:00,2.3195407390594482
2014-02-09 05:00:00,3.3186533451080322
2014-02-09 06:00:00,3.250730514526367
2014-02-09 07:00:00,3.0755488872528076
2014-02-09 08:00:00,2.971573829650879
2014-02-09 09:00:00,2.8066720962524414
2014-02-09 10:00:00,2.556690216064453
2014-02-09 11:00:00,2.183213710784912
2014-02-09 12:00:00,0.9410117119550705
2014-02-09 13:00:00,1.2073111534118652
2014-02-09 14:00:00,1.2579251527786255
2014-02-09 15:00:00,1.2930692434310913
2014-02-09 16:00:00,1.3131811618804932
2014-02-09 17:00:00,1.3184385299682617
2014-02-09 18:00:00,1.3108524084091187
2014-02-09 19:00:00,1.2920210361480713
2014-02-09 20:00:00,1.2754534482955933
2014-02-09 21:00:00,1.267370581626892
2014-02-09 22:00:00,1.238723635673523
2014-02-09 23:00:00,1.2423088550567627
2014-02-10 00:00:00,1.2620596885681152
2014-02-10 01:00:00,1.1576447486877441
2014-02-10 02:00:00,0.9416513442993164
2014-02-10 03:00:00,1.847062110900879
2014-02-10 04:00:00,1.28706693649292
2014-02-10 05:00:00,1.9411420822143555
2014-02-10 06:00:00,2.1550028324127197
2014-02-10 07:00:00,2.335698127746582
2014-02-10 08:00:00,2.5479559898376465
2014-02-10 09:00:00,2.5510809421539307
2014-02-10 10:00:00,2.537947654724121
2014-02-10 11:00:00,1.6185386180877686
2014-02-10 12:00:00,0.7300640344619751
2014-02-10 13:00:00,0.6115978211164474
2014-02-10 14:00:00,0.38148532807826996
2014-02-10 15:00:00,0.17674070596694946
2014-02-10 16:00:00,-0.01308855414390564
2014-02-10 17:00:00,-0.26451263576745987
2014-02-10 18:00:00,-0.4637809991836548
2014-02-10 19:00:00,-0.5790375620126724
2014-02-10 20:00:00,-0.6255591511726379
2014-02-10 21:00:00,-0.5766750574111938
2014-02-10 22:00:00,-0.39404475688934326
2014-02-10 23:00:00,-0.0819774866104126
2014-02-11 00:00:00,0.32380419969558716
2014-02-11 01:00:00,0.6934800148010254
2014-02-11 02:00:00,0.8766539543867111
2014-02-11 03:00:00,1.6212215423583984
2014-02-11 04:00:00,1.3591978698968887
2014-02-11 05:00:00,1.815448522567749
2014-02-11 06:00:00,2.026803731918335
2014-02-11 07:00:00,2.150400161743164
2014-02-11 08:00:00,2.2288503646850586
2014-02-11 09:00:00,2.2198621928691864
2014-02-11 10:00:00,2.145476311445236
2014-02-11 11:00:00,1.6460950374603271
2014-02-11 12:00:00,0.752009391784668
2014-02-11 13:00:00,0.8443694114685059
2014-02-11 14:00:00,0.8201016187667847
2014-02-11 15:00:00,0.8570233583450317
2014-02-11 16:00:00,0.9347711801528931
2014-02-11 17:00:00,0.9838522672653198
2014-02-11 18:00:00,0.9923549890518188
2014-02-11 19:00:00,0.9862463772296906
2014-02-11 20:00:00,0.9588948488235474
2014-02-11 21:00:00,0.9326115101575851
2014-02-11 22:00:00,0.9412790983915329
2014-02-11 23:00:00,0.9834059476852417
2014-02-12 00:00:00,1.0467021465301514
2014-02-12 01:00:00,1.1273020505905151
2014-02-12 02:00:00,1.2649508714675903
2014-02-12 03:00:00,2.6944117546081543
2014-02-12 04:00:00,2.4214229583740234
2014-02-12 05:00:00,3.236715793609619
2014-02-12 06:00:00,3.1972274780273438
2014-02-12 07:00:00,3.116947650909424
2014-02-12 08:00:00,3.02701473236084
2014-02-12 09:00:00,2.938123941421509
2014-02-12 10:00:00,2.793879508972168
2014-02-12 11:00:00,2.26403546333313
2014-02-12 12:00:00,1.0530569553375244
2014-02-12 13:00:00,1.3026793003082275
2014-02-12 14:00:00,1.3539856672286987
2014-02-12 15:00:00,1.3883153200149536
2014-02-12 16:00:00,1.4085334539413452
2014-02-12 17:00:00,1.3911714553833008
2014-02-12 18:00:00,1.3280220031738281
2014-02-12 19:00:00,1.214486837387085
2014-02-12 20:00:00,1.0383808612823486
2014-02-12 21:00:00,0.8389099836349487
2014-02-12 22:00:00,0.6650670766830444
2014-02-12 23:00:00,0.4985153079032898
2014-02-13 00:00:00,0.393801212310791
2014-02-13 01:00:00,0.281430184841156
2014-02-13 02:00:00,0.06388401985168457
2014-02-13 03:00:00,-0.1423625946044922
2014-02-13 04:00:00,-0.26070380210876465
2014-02-13 05:00:00,-0.8251558542251587
2014-02-13 06:00:00,-1.1358994245529175
2014-02-13 07:00:00,-0.9519449472427368
2014-02-13 08:00:00,-0.7694852352142334
2014-02-13 09:00:00,-0.7333371639251709
2014-02-13 10:00:00,-0.9221347570419312
2014-02-13 11:00:00,-0.8494864702224731
2014-02-13 12:00:00,-0.5419713258743286
2014-02-13 13:00:00,-0.5631445646286011
2014-02-13 14:00:00,-0.5830243825912476
2014-02-13 15:00:00,-0.6359667778015137
2014-02-13 16:00:00,-0.7708077430725098
2014-02-13 17:00:00,-0.9568517208099365
2014-02-13 18:00:00,-1.1956549882888794
2014-02-13 19:00:00,-1.601953387260437
2014-02-13 20:00:00,-1.9272823333740234
2014-02-13 21:00:00,-1.8576483726501465
2014-02-13 22:00:00,-1.9798074066638947
2014-02-13 23:00:00,-1.907123327255249
2014-02-14 00:00:00,-1.7295408248901367
2014-02-14 01:00:00,-1.630594253540039
2014-02-14 02:00:00,-2.179008722305298
2014-02-14 03:00:00,-2.4294283390045166
2014-02-14 04:00:00,-2.6667425632476807
2014-02-14 05:00:00,-2.962639331817627
2014-02-14 06:00:00,-2.822026491165161
2014-02-14 07:00:00,-2.3622551262378693
2014-02-14 08:00:00,-1.8484842777252197
2014-02-14 09:00:00,-1.4957261979579926
2014-02-14 10:00:00,-1.1510814428329468
2014-02-14 11:00:00,-0.9102368354797363
2014-02-14 12:00:00,-0.6305893510580063
2014-02-14 13:00:00,-0.7653387859463692
2014-02-14 14:00:00,-0.9410457611083984
2014-02-14 15:00:00,-1.0516239404678345
2014-02-14 16:00:00,-1.0786508321762085
2014-02-14 17:00:00,-1.0098131895065308
2014-02-14 18:00:00,-0.8650082349777222
2014-02-14 19:00:00,-0.6922174692153931
2014-02-14 20:00:00,-0.5565828084945679
2014-02-14 21:00:00,-0.4361451715230942
2014-02-14 22:00:00,-0.17992708832025528
2014-02-14 23:00:00,0.004410207271575928
2014-02-15 00:00:00,0.09083547443151474
2014-02-15 01:00:00,0.12988676875829697
2014-02-15 02:00:00,0.18624353408813477
2014-02-15 03:00:00,0.37168048322200775
2014-02-15 04:00:00,0.7232687622308731
2014-02-15 05:00:00,1.1422488689422607
2014-02-15 06:00:00,1.4293262958526611
2014-02-15 07:00:00,1.6064825057983398
2014-02-15 08:00:00,1.7600220739841461
2014-02-15 09:00:00,1.878222405910492
2014-02-15 10:00:00,1.8825790882110596
2014-02-15 11:00:00,1.5625641345977783
2014-02-15 12:00:00,0.4404447674751282
2014-02-15 13:00:00,0.1453511118888855
2014-02-15 14:00:00,-0.3509750962257385
2014-02-15 15:00:00,-0.7304155230522156
2014-02-15 16:00:00,-0.9160857796669006
2014-02-15 17:00:00,-1.0198064148426056
2014-02-15 18:00:00,-1.0695933103561401
2014-02-15 19:00:00,-1.0957244634628296
2014-02-15 20:00:00,-1.070522427558899
2014-02-15 21:00:00,-0.849920392036438
2014-02-15 22:00:00,-0.4629027843475342
2014-02-15 23:00:00,0.20186257362365723
2014-02-16 00:00:00,0.6999979019165039
2014-02-16 01:00:00,0.9147149324417114
2014-02-16 02:00:00,0.8713154792785645
2014-02-16 03:00:00,2.078282117843628
2014-02-16 04:00:00,1.817786306142807
2014-02-16 05:00:00,2.4621310234069824
2014-02-16 06:00:00,2.344814747571945
2014-02-16 07:00:00,2.167303591966629
2014-02-16 08:00:00,2.0531132221221924
2014-02-16 09:00:00,1.9994592070579529
2014-02-16 10:00:00,2.0469319820404053
2014-02-16 11:00:00,1.8720802664756775
2014-02-16 12:00:00,0.7909584641456604
2014-02-16 13:00:00,0.9021152257919312
2014-02-16 14:00:00,0.9697213172912598
2014-02-16 15:00:00,1.0806843042373657
2014-02-16 16:00:00,1.291732907295227
2014-02-16 17:00:00,1.4835267066955566
2014-02-16 18:00:00,1.6253185272216797
2014-02-16 19:00:00,1.7801802158355713
2014-02-16 20:00:00,1.978999376296997
2014-02-16 21:00:00,2.2718403339385986
2014-02-16 22:00:00,2.253514289855957
2014-02-16 23:00:00,2.3925018310546875
2014-02-17 00:00:00,2.4769158363342285
2014-02-17 01:00:00,2.4397857189178467
2014-02-17 02:00:00,3.078674793243408
2014-02-17 03:00:00,3.323383092880249
2014-02-17 04:00:00,3.0220606327056885
2014-02-17 05:00:00,4.44191312789917
2014-02-17 06:00:00,4.304470002651215
2014-02-17 07:00:00,4.285109519958496
2014-02-17 08:00:00,4.265584945678711
2014-02-17 09:00:00,4.07017457485199
2014-02-17 10:00:00,3.6583497524261475
2014-02-17 11:00:00,2.807206630706787
2014-02-17 12:00:00,1.3082720041275024
2014-02-17 13:00:00,1.4886879920959473
2014-02-17 14:00:00,1.7090182304382324
2014-02-17 15:00:00,1.8689700067043304
2014-02-17 16:00:00,2.0686914920806885
2014-02-17 17:00:00,2.139378309249878
2014-02-17 18:00:00,2.128286600112915
2014-02-17 19:00:00,2.128164052963257
2014-02-17 20:00:00,2.163508653640747
2014-02-17 21:00:00,2.3183984756469727
2014-02-17 22:00:00,2.291578769683838
2014-02-17 23:00:00,2.3345954418182373
2014-02-18 00:00:00,2.292527914047241
2014-02-18 01:00:00,2.21157169342041
2014-02-18 02:00:00,2.779749631881714
2014-02-18 03:00:00,3.120509147644043
2014-02-18 04:00:00,2.650297164916992
2014-02-18 05:00:00,3.4444141387939453
2014-02-18 06:00:00,3.471261501312256
2014-02-18 07:00:00,3.2108845710754395
2014-02-18 08:00:00,3.0989298820495605
2014-02-18 09:00:00,2.9629011154174805
2014-02-18 10:00:00,2.7643275260925293
2014-02-18 11:00:00,1.8553389608860016
2014-02-18 12:00:00,0.9627352952957153
2014-02-18 13:00:00,1.2151546478271484
2014-02-18 14:00:00,1.1939011812210083
2014-02-18 15:00:00,1.1655646562576294
2014-02-18 16:00:00,1.1077789068222046
2014-02-18 17:00:00,1.0569660663604736
2014-02-18 18:00:00,1.0293813943862915
2014-02-18 19:00:00,0.9836475551128387
2014-02-18 20:00:00,0.9478341341018677
2014-02-18 21:00:00,0.9273015260696411
2014-02-18 22:00:00,0.8178877830505371
2014-02-18 23:00:00,0.613953247666359
2014-02-19 00:00:00,0.35135239362716675
2014-02-19 01:00:00,0.211492121219635
2014-02-19 02:00:00,0.20495426654815674
2014-02-19 03:00:00,0.37592899799346924
2014-02-19 04:00:00,0.40161359310150146
2014-02-19 05:00:00,0.14902770519256592
2014-02-19 06:00:00,0.01776409149169922
2014-02-19 07:00:00,-0.21726202964782715
2014-02-19 08:00:00,-0.2068936824798584
2014-02-19 09:00:00,-0.1265270709991455
2014-02-19 10:00:00,-0.12329268455505371
2014-02-19 11:00:00,-0.15847992897033691
2014-02-19 12:00:00,-0.30846142768859863
2014-02-19 13:00:00,-0.6099125146865845
2014-02-19 14:00:00,-0.809179425239563
2014-02-19 15:00:00,-0.9946370124816895
2014-02-19 16:00:00,-1.060577630996704
2014-02-19 17:00:00,-1.0682023763656616
2014-02-19 18:00:00,-1.0434078872203827
2014-02-19 19:00:00,-0.9635555446147919
2014-02-19 20:00:00,-0.9002804458141327
2014-02-19 21:00:00,-0.8229670524597168
2014-02-19 22:00:00,-0.5669198036193848
2014-02-19 23:00:00,-0.2791362702846527
2014-02-20 00:00:00,0.0006176270544528961
2014-02-20 01:00:00,0.23168576881289482
2014-02-20 02:00:00,0.3787599839270115
2014-02-20 03:00:00,0.7583395168185234
2014-02-20 04:00:00,0.5301142521202564
2014-02-20 05:00:00,0.05618538707494736
2014-02-20 06:00:00,-0.2528483271598816
2014-02-20 07:00:00,-0.34302757680416107
2014-02-20 08:00:00,-0.2837860584259033
2014-02-20 09:00:00,-0.1980748176574707
2014-02-20 10:00:00,-0.03492116928100586
2014-02-20 11:00:00,0.04064178466796875
2014-02-20 12:00:00,-0.1393505334854126
2014-02-20 13:00:00,-0.45818448066711426
2014-02-20 14:00:00,-0.6426326781511307
2014-02-20 15:00:00,-0.7587481327354908
2014-02-20 16:00:00,-0.8785823583602905
2014-02-20 17:00:00,-0.9726922512054443
2014-02-20 18:00:00,-1.0751078128814697
2014-02-20 19:00:00,-1.1981490850448608
2014-02-20 20:00:00,-1.2801015377044678
2014-02-20 21:00:00,-1.277280569076538
2014-02-20 22:00:00,-1.2366981506347656
2014-02-20 23:00:00,-1.2038239240646362
2014-02-21 00:00:00,-1.17125403881073
2014-02-21 01:00:00,-1.0865156650543213
2014-02-21 02:00:00,-0.8523919582366943
2014-02-21 03:00:00,-1.4463725090026855
2014-02-21 04:00:00,-1.2014528512954712
2014-02-21 05:00:00,-1.5989995002746582
2014-02-21 06:00:00,-1.982290267944336
2014-02-21 07:00:00,-2.1101486682891846
2014-02-21 08:00:00,-2.2420186698436737
2014-02-21 09:00:00,-2.1872971057891846
2014-02-21 10:00:00,-1.6338024139404297
2014-02-21 11:00:00,-1.0107426345348358
2014-02-21 12:00:00,-0.31145817041397095
2014-02-21 13:00:00,-0.18369632959365845
2014-02-21 14:00:00,-0.19081544876098633
2014-02-21 15:00:00,-0.30253591388463974
2014-02-21 16:00:00,-0.5025824159383774
2014-02-21 17:00:00,-0.6513788104057312
2014-02-21 18:00:00,-0.7167134881019592
2014-02-21 19:00:00,-0.7318636775016785
2014-02-21 20:00:00,-0.7205228209495544
2014-02-21 21:00:00,-0.6624994277954102
2014-02-21 22:00:00,-0.5392465516924858
2014-02-21 23:00:00,-0.44364994764328003
2014-02-22 00:00:00,-0.3974738344550133
2014-02-22 01:00:00,-0.40680843964219093
2014-02-22 02:00:00,-0.498840868473053
2014-02-22 03:00:00,-1.051251381635666
2014-02-22 04:00:00,-1.337498426437378
2014-02-22 05:00:00,-1.5664547681808472
2014-02-22 06:00:00,-1.518728256225586
2014-02-22 07:00:00,-1.412507176399231
2014-02-22 08:00:00,-1.1141287088394165
2014-02-22 09:00:00,-0.7272838354110718
2014-02-22 10:00:00,-0.305172324180603
2014-02-22 11:00:00,-0.039479970932006836
2014-02-22 12:00:00,0.0994550883769989
2014-02-22 13:00:00,0.11447574198246002
2014-02-22 14:00:00,0.056184880435466766
2014-02-22 15:00:00,-0.024838745594024658
2014-02-22 16:00:00,-0.13872253894805908
2014-02-22 17:00:00,-0.19674789905548096
2014-02-22 18:00:00,-0.20596516132354736
2014-02-22 19:00:00,-0.16340428963303566
2014-02-22 20:00:00,0.0008316338062286377
2014-02-22 21:00:00,0.27500808238983154
2014-02-22 22:00:00,0.5181643962860107
2014-02-22 23:00:00,0.7469147443771362
2014-02-23 00:00:00,0.8622868061065674
2014-02-23 01:00:00,0.9297193288803101
2014-02-23 02:00:00,0.8418195247650146
2014-02-23 03:00:00,1.9295780062675476
2014-02-23 04:00:00,1.7387070655822754
2014-02-23 05:00:00,1.2467195838689804
2014-02-23 06:00:00,1.2890194654464722
2014-02-23 07:00:00,1.4862353801727295
2014-02-23 08:00:00,1.68440842628479
2014-02-23 09:00:00,1.8511914312839508
2014-02-23 10:00:00,1.7737770080566406
2014-02-23 11:00:00,1.638140082359314
2014-02-23 12:00:00,0.6888264417648315
2014-02-23 13:00:00,0.9912633746862411
2014-02-23 14:00:00,1.031229481101036
2014-02-23 15:00:00,1.0785902738571167
2014-02-23 16:00:00,1.1299117803573608
2014-02-23 17:00:00,1.171192392706871
2014-02-23 18:00:00,1.1929545253515244
2014-02-23 19:00:00,1.123949185013771
2014-02-23 20:00:00,0.990896463394165
2014-02-23 21:00:00,0.8923507332801819
2014-02-23 22:00:00,0.8645293116569519
2014-02-23 23:00:00,0.9454694986343384
2014-02-24 00:00:00,1.044512391090393
2014-02-24 01:00:00,1.1010305881500244
2014-02-24 02:00:00,1.0282375812530518
2014-02-24 03:00:00,2.162393093109131
2014-02-24 04:00:00,1.7760826349258423
2014-02-24 05:00:00,2.1796274185180664
2014-02-24 06:00:00,1.5988104343414307
2014-02-24 07:00:00,1.4053958654403687
2014-02-24 08:00:00,1.5368503332138062
2014-02-24 09:00:00,1.7487175464630127
2014-02-24 10:00:00,1.8561632633209229
2014-02-24 11:00:00,1.7722130715847015
2014-02-24 12:00:00,0.8298535346984863
2014-02-24 13:00:00,1.043465256690979
2014-02-24 14:00:00,0.898419976234436
2014-02-24 15:00:00,0.9414773285388947
2014-02-24 16:00:00,1.080439805984497
2014-02-24 17:00:00,1.1086943000555038
2014-02-24 18:00:00,1.1220486164093018
2014-02-24 19:00:00,1.1084421873092651
2014-02-24 20:00:00,1.0791042894124985
2014-02-24 21:00:00,1.0420827865600586
2014-02-24 22:00:00,0.9936681985855103
2014-02-24 23:00:00,0.9777047336101532
2014-02-25 00:00:00,1.006205677986145
2014-02-25 01:00:00,1.0798110961914062
2014-02-25 02:00:00,0.9577080607414246
2014-02-25 03:00:00,2.0102086663246155
2014-02-25 04:00:00,1.587416410446167
2014-02-25 05:00:00,1.5229142904281616
2014-02-25 06:00:00,1.2214230298995972
2014-02-25 07:00:00,1.0660915225744247
2014-02-25 08:00:00,0.9733469486236572
2014-02-25 09:00:00,0.8229483366012573
2014-02-25 10:00:00,0.7569245100021362
2014-02-25 11:00:00,0.4306502491235733
2014-02-25 12:00:00,0.10766337066888809
2014-02-25 13:00:00,-0.10251425206661224
2014-02-25 14:00:00,-0.18330931663513184
2014-02-25 15:00:00,-0.17982417345046997
2014-02-25 16:00:00,-0.09828656911849976
2014-02-25 17:00:00,-0.028549306094646454
2014-02-25 18:00:00,-0.009103149175643921
2014-02-25 19:00:00,0.010114997625350952
2014-02-25 20:00:00,0.018199652433395386
2014-02-25 21:00:00,0.14953964948654175
2014-02-25 22:00:00,0.27767258882522583
2014-02-25 23:00:00,0.2960622310638428
2014-02-26 00:00:00,0.24723279476165771
2014-02-26 01:00:00,0.3816264271736145
2014-02-26 02:00:00,0.36669492721557617
2014-02-26 03:00:00,0.5622255802154541
2014-02-26 04:00:00,0.0846402645111084
2014-02-26 05:00:00,-0.5990848988294601
2014-02-26 06:00:00,-1.0237848460674286
2014-02-26 07:00:00,-1.2795807123184204
2014-02-26 08:00:00,-1.5152955055236816
2014-02-26 09:00:00,-1.7166399955749512
2014-02-26 10:00:00,-1.7649807929992676
2014-02-26 11:00:00,-1.477219969034195
2014-02-26 12:00:00,-0.5732367634773254
2014-02-26 13:00:00,-0.5632990598678589
2014-02-26 14:00:00,-0.4450267553329468
2014-02-26 15:00:00,-0.3052854537963867
2014-02-26 16:00:00,-0.10539680067449808
2014-02-26 17:00:00,-0.05313023924827576
2014-02-26 18:00:00,0.033084869384765625
2014-02-26 19:00:00,0.13618917390704155
2014-02-26 20:00:00,0.15339696407318115
2014-02-26 21:00:00,0.09561693668365479
2014-02-26 22:00:00,0.04024415463209152
2014-02-26 23:00:00,0.04973907023668289
2014-02-27 00:00:00,0.06916402652859688
2014-02-27 01:00:00,0.0901053249835968
2014-02-27 02:00:00,0.09523214027285576
2014-02-27 03:00:00,0.2924707531929016
2014-02-27 04:00:00,-0.32042907923460007
2014-02-27 05:00:00,-0.5894501805305481
2014-02-27 06:00:00,-0.7646604776382446
2014-02-27 07:00:00,-0.8227656483650208
2014-02-27 08:00:00,-0.7883637696504593
2014-02-27 09:00:00,-0.8047885149717331
2014-02-27 10:00:00,-0.8109335452318192
2014-02-27 11:00:00,-0.8621947765350342
2014-02-27 12:00:00,-0.5423963069915771
2014-02-27 13:00:00,-0.8853451013565063
2014-02-27 14:00:00,-0.9231802225112915
2014-02-27 15:00:00,-0.9678828716278076
2014-02-27 16:00:00,-0.9950721263885498
2014-02-27 17:00:00,-1.0192077159881592
2014-02-27 18:00:00,-1.041117548942566
2014-02-27 19:00:00,-1.0752332210540771
2014-02-27 20:00:00,-1.1069316864013672
2014-02-27 21:00:00,-1.124990463256836
2014-02-27 22:00:00,-1.026458889245987
2014-02-27 23:00:00,-0.9715356826782227
2014-02-28 00:00:00,-0.9320940971374512
2014-02-28 01:00:00,-0.9019445776939392
2014-02-28 02:00:00,-0.7675453424453735
2014-02-28 03:00:00,-1.2775616645812988
2014-02-28 04:00:00,-1.2899932861328125
2014-02-28 05:00:00,-1.0411424487829208
2014-02-28 06:00:00,-0.9310387074947357
2014-02-28 07:00:00,-0.8577310591936111
2014-02-28 08:00:00,-0.7415194511413574
2014-02-28 09:00:00,-0.6846902966499329
2014-02-28 10:00:00,-0.548909068107605
2014-02-28 11:00:00,-0.35454487800598145
2014-02-28 12:00:00,-0.04927694797515869
2014-02-28 13:00:00,0.12423324584960938
2014-02-28 14:00:00,0.17423713207244873
2014-02-28 15:00:00,0.20996063947677612
2014-02-28 16:00:00,0.30322396755218506
2014-02-28 17:00:00,0.49670201539993286
2014-02-28 18:00:00,0.6792137622833252
2014-02-28 19:00:00,0.7009868621826172
2014-02-28 20:00:00,0.6324290633201599
2014-02-28 21:00:00,0.6668208912014961
2014-02-28 22:00:00,0.6176308393478394
2014-02-28 23:00:00,0.46777068078517914
2014-03-01 00:00:00,0.23228991031646729
2014-03-01 01:00:00,-0.07075434923171997
2014-03-01 02:00:00,-0.23008012771606445
2014-03-01 03:00:00,-0.7614797353744507
2014-03-01 04:00:00,-1.228283166885376
2014-03-01 05:00:00,-0.9971630573272705
2014-03-01 06:00:00,-0.3975679874420166
2014-03-01 07:00:00,0.19394004344940186
2014-03-01 08:00:00,0.6017869710922241
2014-03-01 09:00:00,0.8381791114807129
2014-03-01 10:00:00,1.0439794063568115
2014-03-01 11:00:00,0.9533789157867432
2014-03-01 12:00:00,0.4203042984008789
2014-03-01 13:00:00,0.37831103801727295
2014-03-01 14:00:00,0.2683814764022827
2014-03-01 15:00:00,0.21217787265777588
2014-03-01 16:00:00,0.1930069923400879
2014-03-01 17:00:00,0.2826106548309326
2014-03-01 18:00:00,0.4302692413330078
2014-03-01 19:00:00,0.5515108108520508
2014-03-01 20:00:00,0.6110267639160156
2014-03-01 21:00:00,0.6256005764007568
2014-03-01 22:00:00,0.6257764101028442
2014-03-01 23:00:00,0.7004751563072205
2014-03-02 00:00:00,0.8295794725418091
2014-03-02 01:00:00,0.9645982980728149
2014-03-02 02:00:00,0.7855629920959473
2014-03-02 03:00:00,1.889923095703125
2014-03-02 04:00:00,2.217433214187622
2014-03-02 05:00:00,2.031404733657837
2014-03-02 06:00:00,1.8949638307094574
2014-03-02 07:00:00,1.9239332675933838
2014-03-02 08:00:00,1.9528866708278656
2014-03-02 09:00:00,1.897839903831482
2014-03-02 10:00:00,1.8196933269500732
2014-03-02 11:00:00,1.6247575283050537
2014-03-02 12:00:00,0.5228984355926514
2014-03-02 13:00:00,0.7776874303817749
2014-03-02 14:00:00,0.7712075710296631
2014-03-02 15:00:00,0.7785907983779907
2014-03-02 16:00:00,0.8469219207763672
2014-03-02 17:00:00,0.8687692880630493
2014-03-02 18:00:00,0.8658560514450073
2014-03-02 19:00:00,0.8050053119659424
2014-03-02 20:00:00,0.6985449194908142
2014-03-02 21:00:00,0.6023973226547241
2014-03-02 22:00:00,0.6282687783241272
2014-03-02 23:00:00,0.778300940990448
2014-03-03 00:00:00,0.9496426582336426
2014-03-03 01:00:00,0.9848753213882446
2014-03-03 02:00:00,0.8634855002164841
2014-03-03 03:00:00,1.8921220302581787
2014-03-03 04:00:00,1.747443675994873
2014-03-03 05:00:00,2.1673290729522705
2014-03-03 06:00:00,1.8502557277679443
2014-03-03 07:00:00,1.652435541152954
2014-03-03 08:00:00,1.521241545677185
2014-03-03 09:00:00,1.4778387546539307
2014-03-03 10:00:00,1.4515875577926636
2014-03-03 11:00:00,1.3097679764032364
2014-03-03 12:00:00,0.5047531723976135
2014-03-03 13:00:00,0.6760905236005783
2014-03-03 14:00:00,0.54109688103199
2014-03-03 15:00:00,0.4509720355272293
2014-03-03 16:00:00,0.5374964475631714
2014-03-03 17:00:00,0.6587448120117188
2014-03-03 18:00:00,0.6904025077819824
2014-03-03 19:00:00,0.6274471282958984
2014-03-03 20:00:00,0.6193642616271973
2014-03-03 21:00:00,0.6235473155975342
2014-03-03 22:00:00,0.7163503170013428
2014-03-03 23:00:00,0.7800110578536987
2014-03-04 00:00:00,0.8543288707733154
2014-03-04 01:00:00,0.978939414024353
2014-03-04 02:00:00,1.330278992652893
2014-03-04 03:00:00,2.734442710876465
2014-03-04 04:00:00,2.3715920448303223
2014-03-04 05:00:00,2.861424446105957
2014-03-04 06:00:00,2.7010593116283417
2014-03-04 07:00:00,2.3505835235118866
2014-03-04 08:00:00,1.9286243915557861
2014-03-04 09:00:00,1.5479257106781006
2014-03-04 10:00:00,1.4556338787078857
2014-03-04 11:00:00,1.2687709331512451
2014-03-04 12:00:00,0.43689966201782227
2014-03-04 13:00:00,0.4909551590681076
2014-03-04 14:00:00,0.42000603675842285
2014-03-04 15:00:00,0.3781489133834839
2014-03-04 16:00:00,0.4305306077003479
2014-03-04 17:00:00,0.4528511166572571
2014-03-04 18:00:00,0.48060812056064606
2014-03-04 19:00:00,0.5101850032806396
2014-03-04 20:00:00,0.5413329005241394
2014-03-04 21:00:00,0.5882931873202324
2014-03-04 22:00:00,0.6931309103965759
2014-03-04 23:00:00,0.8364222645759583
2014-03-05 00:00:00,0.9817179441452026
2014-03-05 01:00:00,1.24092435836792
2014-03-05 02:00:00,2.0578508377075195
2014-03-05 03:00:00,2.8384547233581543
2014-03-05 04:00:00,3.108829975128174
2014-03-05 05:00:00,3.3706789016723633
2014-03-05 06:00:00,3.252821445465088
2014-03-05 07:00:00,2.956986904144287
2014-03-05 08:00:00,2.5513129234313965
2014-03-05 09:00:00,2.1147944927215576
2014-03-05 10:00:00,1.7176293432712555
2014-03-05 11:00:00,1.2215031385421753
2014-03-05 12:00:00,0.3030771017074585
2014-03-05 13:00:00,0.03887122869491577
2014-03-05 14:00:00,-0.1903238296508789
2014-03-05 15:00:00,-0.3290625810623169
2014-03-05 16:00:00,-0.40358874946832657
2014-03-05 17:00:00,-0.4656122922897339
2014-03-05 18:00:00,-0.48525260388851166
2014-03-05 19:00:00,-0.4057040214538574
2014-03-05 20:00:00,-0.24207299947738647
2014-03-05 21:00:00,-0.057671427726745605
2014-03-05 22:00:00,0.12841078639030457
2014-03-05 23:00:00,0.3197067379951477
2014-03-06 00:00:00,0.5265178084373474
2014-03-06 01:00:00,0.775461733341217
2014-03-06 02:00:00,0.672797441482544
2014-03-06 03:00:00,1.8788495063781738
2014-03-06 04:00:00,1.674081802368164
2014-03-06 05:00:00,2.3992159366607666
2014-03-06 06:00:00,2.476410388946533
2014-03-06 07:00:00,2.4253389835357666
2014-03-06 08:00:00,2.3369505405426025
2014-03-06 09:00:00,2.288994550704956
2014-03-06 10:00:00,2.2290666103363037
2014-03-06 11:00:00,2.02191424369812
2014-03-06 12:00:00,0.7012253999710083
2014-03-06 13:00:00,0.7223796844482422
2014-03-06 14:00:00,0.6994094848632812
2014-03-06 15:00:00,0.6999889612197876
2014-03-06 16:00:00,0.754114031791687
2014-03-06 17:00:00,0.8072892427444458
2014-03-06 18:00:00,0.8616634607315063
2014-03-06 19:00:00,0.9118086099624634
2014-03-06 20:00:00,0.9574425220489502
2014-03-06 21:00:00,0.9959161579608917
2014-03-06 22:00:00,1.0336664915084839
2014-03-06 23:00:00,1.1123303323984146
2014-03-07 00:00:00,1.1715511083602905
2014-03-07 01:00:00,1.2097105979919434
2014-03-07 02:00:00,1.5608505308628082
2014-03-07 03:00:00,2.486314296722412
2014-03-07 04:00:00,2.3504788875579834
2014-03-07 05:00:00,2.7974603176116943
2014-03-07 06:00:00,2.589848518371582
2014-03-07 07:00:00,2.5360052585601807
2014-03-07 08:00:00,2.5617756843566895
2014-03-07 09:00:00,2.587052583694458
2014-03-07 10:00:00,2.4314420223236084
2014-03-07 11:00:00,2.0563703179359436
2014-03-07 12:00:00,0.721851646900177
2014-03-07 13:00:00,1.0304406881332397
2014-03-07 14:00:00,1.1086106449365616
2014-03-07 15:00:00,1.1601182222366333
2014-03-07 16:00:00,1.2118648290634155
2014-03-07 17:00:00,1.237480878829956
2014-03-07 18:00:00,1.2106610536575317
2014-03-07 19:00:00,1.1291680335998535
2014-03-07 20:00:00,1.0276105403900146
2014-03-07 21:00:00,0.9649603366851807
2014-03-07 22:00:00,0.9604479074478149
2014-03-07 23:00:00,1.0237619876861572
2014-03-08 00:00:00,1.1120574474334717
2014-03-08 01:00:00,1.1939775943756104
2014-03-08 02:00:00,1.4026118516921997
2014-03-08 03:00:00,2.4790425300598145
2014-03-08 04:00:00,2.1152760982513428
2014-03-08 05:00:00,3.192620277404785
2014-03-08 06:00:00,3.2415480613708496
2014-03-08 07:00:00,3.2641825675964355
2014-03-08 08:00:00,3.2647242546081543
2014-03-08 09:00:00,3.2269484996795654
2014-03-08 10:00:00,3.172701358795166
2014-03-08 11:00:00,2.86887526512146
2014-03-08 12:00:00,1.187483310699463
2014-03-08 13:00:00,1.0164137184619904
2014-03-08 14:00:00,0.9983408749103546
2014-03-08 15:00:00,1.0083284378051758
2014-03-08 16:00:00,1.0024477243423462
2014-03-08 17:00:00,1.0049498081207275
2014-03-08 18:00:00,1.006179928779602
2014-03-08 19:00:00,0.9984526634216309
2014-03-08 20:00:00,0.9920649528503418
2014-03-08 21:00:00,1.0636669397354126
2014-03-08 22:00:00,1.106419324874878
2014-03-08 23:00:00,1.1127169132232666
2014-03-09 00:00:00,1.1050162315368652
2014-03-09 01:00:00,1.0962772369384766
2014-03-09 02:00:00,0.9117601215839386
2014-03-09 03:00:00,1.6824910640716553
2014-03-09 04:00:00,1.2831177711486816
2014-03-09 05:00:00,2.2031490802764893
2014-03-09 06:00:00,2.20188570022583
2014-03-09 07:00:00,2.2111406326293945
2014-03-09 08:00:00,2.256739854812622
2014-03-09 09:00:00,2.162977933883667
2014-03-09 10:00:00,2.0727943778038025
2014-03-09 11:00:00,1.7506600618362427
2014-03-09 12:00:00,0.4933335781097412
2014-03-09 13:00:00,0.32180750370025635
2014-03-09 14:00:00,-0.07296907901763916
2014-03-09 15:00:00,-0.37123727798461914
2014-03-09 16:00:00,-0.6338591575622559
2014-03-09 17:00:00,-0.8301674127578735
2014-03-09 18:00:00,-0.9432529211044312
2014-03-09 19:00:00,-0.97461998462677
2014-03-09 20:00:00,-0.9822218418121338
2014-03-09 21:00:00,-0.9600222110748291
2014-03-09 22:00:00,-0.8705865144729614
2014-03-09 23:00:00,-0.7761403322219849
2014-03-10 00:00:00,-0.6220073699951172
2014-03-10 01:00:00,-0.40971839427948
2014-03-10 02:00:00,-0.37407243251800537
2014-03-10 03:00:00,-0.6289358139038086
2014-03-10 04:00:00,-1.3736926317214966
2014-03-10 05:00:00,-1.610297441482544
2014-03-10 06:00:00,-1.8434113562107086
2014-03-10 07:00:00,-1.9875879883766174
2014-03-10 08:00:00,-2.0099148750305176
2014-03-10 09:00:00,-2.004110336303711
2014-03-10 10:00:00,-1.6723582744598389
2014-03-10 11:00:00,-1.3799452781677246
2014-03-10 12:00:00,-0.704289086163044
2014-03-10 13:00:00,-0.9096105545759201
2014-03-10 14:00:00,-1.0480631589889526
2014-03-10 15:00:00,-1.1957068294286728
2014-03-10 16:00:00,-1.3763506263494492
2014-03-10 17:00:00,-1.4855749607086182
2014-03-10 18:00:00,-1.4874931573867798
2014-03-10 19:00:00,-1.467991590499878
2014-03-10 20:00:00,-1.405314564704895
2014-03-10 21:00:00,-1.352189302444458
2014-03-10 22:00:00,-1.5539965629577637
2014-03-10 23:00:00,-1.868682622909546
2014-03-11 00:00:00,-1.9582785964012146
2014-03-11 01:00:00,-1.9556847214698792
2014-03-11 02:00:00,-2.5014686584472656
2014-03-11 03:00:00,-2.9886527061462402
2014-03-11 04:00:00,-3.2653863430023193
2014-03-11 05:00:00,-3.4312782287597656
2014-03-11 06:00:00,-3.188612222671509
2014-03-11 07:00:00,-2.955864429473877
2014-03-11 08:00:00,-2.7420389652252197
2014-03-11 09:00:00,-2.619978427886963
2014-03-11 10:00:00,-2.248201370239258
2014-03-11 11:00:00,-1.8122026920318604
2014-03-11 12:00:00,-1.18289116024971
2014-03-11 13:00:00,-0.7038731127977371
2014-03-11 14:00:00,-0.7798101902008057
2014-03-11 15:00:00,-0.7380801439285278
2014-03-11 16:00:00,-0.662469670176506
2014-03-11 17:00:00,-0.37261128425598145
2014-03-11 18:00:00,0.05151772499084473
2014-03-11 19:00:00,0.3519998788833618
2014-03-11 20:00:00,0.41120725870132446
2014-03-11 21:00:00,0.41321831941604614
2014-03-11 22:00:00,0.3504375219345093
2014-03-11 23:00:00,0.10665315389633179
2014-03-12 00:00:00,-0.12081563472747803
2014-03-12 01:00:00,-0.29881312511861324
2014-03-12 02:00:00,-0.7313083335757256
2014-03-12 03:00:00,-0.7916747331619263
2014-03-12 04:00:00,-0.5704520903527737
2014-03-12 05:00:00,-0.08481191843748093
2014-03-12 06:00:00,0.31709203869104385
2014-03-12 07:00:00,0.6320769786834717
2014-03-12 08:00:00,0.7779895812273026
2014-03-12 09:00:00,0.7700566127896309
2014-03-12 10:00:00,0.7550116702914238
2014-03-12 11:00:00,0.6886309310793877
2014-03-12 12:00:00,0.2854124382138252
2014-03-12 13:00:00,0.3660910129547119
2014-03-12 14:00:00,0.5004070401191711
2014-03-12 15:00:00,0.7241232395172119
2014-03-12 16:00:00,0.8564316034317017
2014-03-12 17:00:00,0.961203932762146
2014-03-12 18:00:00,1.074186697602272
2014-03-12 19:00:00,1.1518471240997314
2014-03-12 20:00:00,1.1859652996063232
2014-03-12 21:00:00,1.1935014575719833
2014-03-12 22:00:00,0.9988070726394653
2014-03-12 23:00:00,0.936629056930542
2014-03-13 00:00:00,0.9385819435119629
2014-03-13 01:00:00,0.9916257560253143
2014-03-13 02:00:00,1.957030713558197
2014-03-13 03:00:00,2.0467262268066406
2014-03-13 04:00:00,2.0692226886749268
2014-03-13 05:00:00,2.3122432231903076
2014-03-13 06:00:00,2.7606706619262695
2014-03-13 07:00:00,2.9299871921539307
2014-03-13 08:00:00,3.0209312438964844
2014-03-13 09:00:00,3.078859806060791
2014-03-13 10:00:00,2.9873383045196533
2014-03-13 11:00:00,2.633115291595459
2014-03-13 12:00:00,0.9871132373809814
2014-03-13 13:00:00,1.164893388748169
2014-03-13 14:00:00,1.2244892120361328
2014-03-13 15:00:00,1.2768720388412476
2014-03-13 16:00:00,1.34199857711792
2014-03-13 17:00:00,1.3959290981292725
2014-03-13 18:00:00,1.4359560012817383
2014-03-13 19:00:00,1.4694855213165283
2014-03-13 20:00:00,1.5248675346374512
2014-03-13 21:00:00,1.5883748531341553
2014-03-13 22:00:00,1.501189947128296
2014-03-13 23:00:00,1.362119197845459
2014-03-14 00:00:00,1.261406660079956
2014-03-14 01:00:00,1.2241663932800293
2014-03-14 02:00:00,1.8059883117675781
2014-03-14 03:00:00,2.3231287002563477
2014-03-14 04:00:00,2.044167995452881
2014-03-14 05:00:00,2.7622644901275635
2014-03-14 06:00:00,2.54117488861084
2014-03-14 07:00:00,2.349198341369629
2014-03-14 08:00:00,2.223701000213623
2014-03-14 09:00:00,2.1901185512542725
2014-03-14 10:00:00,2.116475611925125
2014-03-14 11:00:00,1.956176996231079
2014-03-14 12:00:00,0.7401196956634521
2014-03-14 13:00:00,1.1404215097427368
2014-03-14 14:00:00,1.1572480201721191
2014-03-14 15:00:00,1.1610759496688843
2014-03-14 16:00:00,1.1943832635879517
2014-03-14 17:00:00,1.2254542112350464
2014-03-14 18:00:00,1.2681647539138794
2014-03-14 19:00:00,1.2840988636016846
2014-03-14 20:00:00,1.270979642868042
2014-03-14 21:00:00,1.2487812042236328
2014-03-14 22:00:00,1.258724331855774
2014-03-14 23:00:00,1.2965196371078491
2014-03-15 00:00:00,1.3039942979812622
2014-03-15 01:00:00,1.2641719579696655
2014-03-15 02:00:00,0.9594779014587402
2014-03-15 03:00:00,1.777804285287857
2014-03-15 04:00:00,1.3817167282104492
2014-03-15 05:00:00,1.2902474403381348
2014-03-15 06:00:00,1.3738669455051422
2014-03-15 07:00:00,1.3898530006408691
2014-03-15 08:00:00,1.3715386390686035
2014-03-15 09:00:00,1.3839541673660278
2014-03-15 10:00:00,1.2922086715698242
2014-03-15 11:00:00,1.0212846994400024
2014-03-15 12:00:00,0.43717455863952637
2014-03-15 13:00:00,0.6300595998764038
2014-03-15 14:00:00,0.6293169260025024
2014-03-15 15:00:00,0.6217973232269287
2014-03-15 16:00:00,0.6514002084732056
2014-03-15 17:00:00,0.6336805820465088
2014-03-15 18:00:00,0.6255044937133789
2014-03-15 19:00:00,0.6773240566253662
2014-03-15 20:00:00,0.7962926626205444
2014-03-15 21:00:00,0.9355806112289429
2014-03-15 22:00:00,1.0599170923233032
2014-03-15 23:00:00,1.1402056217193604
2014-03-16 00:00:00,1.2026615142822266
2014-03-16 01:00:00,1.2543907165527344
2014-03-16 02:00:00,1.5505322515964508
2014-03-16 03:00:00,2.5716781616210938
2014-03-16 04:00:00,2.163970470428467
2014-03-16 05:00:00,2.8314425945281982
2014-03-16 06:00:00,2.754302501678467
2014-03-16 07:00:00,2.826810836791992
2014-03-16 08:00:00,3.0050623416900635
2014-03-16 09:00:00,3.134946823120117
2014-03-16 10:00:00,3.116257667541504
2014-03-16 11:00:00,2.7501628398895264
2014-03-16 12:00:00,1.0774574428796768
2014-03-16 13:00:00,1.281484842300415
2014-03-16 14:00:00,1.300411343574524
2014-03-16 15:00:00,1.2671103477478027
2014-03-16 16:00:00,1.2710860967636108
2014-03-16 17:00:00,1.2658799886703491
2014-03-16 18:00:00,1.2457538843154907
2014-03-16 19:00:00,1.205828070640564
2014-03-16 20:00:00,1.1443244218826294
2014-03-16 21:00:00,1.077357530593872
2014-03-16 22:00:00,0.9089241027832031
2014-03-16 23:00:00,0.7951856851577759
2014-03-17 00:00:00,0.7974976301193237
2014-03-17 01:00:00,0.8714804649353027
2014-03-17 02:00:00,0.7310589551925659
2014-03-17 03:00:00,1.2584424018859863
2014-03-17 04:00:00,1.0800385475158691
2014-03-17 05:00:00,1.1729518175125122
2014-03-17 06:00:00,1.1560124158859253
2014-03-17 07:00:00,1.178218126296997
2014-03-17 08:00:00,1.2238061428070068
2014-03-17 09:00:00,1.1786495447158813
2014-03-17 10:00:00,0.9759471416473389
2014-03-17 11:00:00,0.45518243312835693
2014-03-17 12:00:00,-0.12085604667663574
2014-03-17 13:00:00,-0.764326810836792
2014-03-17 14:00:00,-1.0600289106369019
2014-03-17 15:00:00,-1.2816917896270752
2014-03-17 16:00:00,-1.4188244342803955
2014-03-17 17:00:00,-1.460037350654602
2014-03-17 18:00:00,-1.394097089767456
2014-03-17 19:00:00,-1.208674430847168
2014-03-17 20:00:00,-0.9188555479049683
2014-03-17 21:00:00,-0.5622277855873108
2014-03-17 22:00:00,-0.1655724048614502
2014-03-17 23:00:00,0.4061211943626404
2014-03-18 00:00:00,0.860502690076828
2014-03-18 01:00:00,0.9575605094432831
2014-03-18 02:00:00,0.9791392087936401
2014-03-18 03:00:00,0.7892794609069824
2014-03-18 04:00:00,0.5337106734514236
2014-03-18 05:00:00,0.38961100578308105
2014-03-18 06:00:00,0.6206610798835754
2014-03-18 07:00:00,1.0186161994934082
2014-03-18 08:00:00,1.3935989141464233
2014-03-18 09:00:00,1.7279192209243774
2014-03-18 10:00:00,1.827029287815094
2014-03-18 11:00:00,1.800400733947754
2014-03-18 12:00:00,0.7500834465026855
2014-03-18 13:00:00,0.6102832481265068
2014-03-18 14:00:00,0.6694220900535583
2014-03-18 15:00:00,0.8090711086988449
2014-03-18 16:00:00,0.9886231422424316
2014-03-18 17:00:00,1.1863813400268555
2014-03-18 18:00:00,1.3915143013000488
2014-03-18 19:00:00,1.6016215085983276
2014-03-18 20:00:00,1.7459616661071777
2014-03-18 21:00:00,1.904557704925537
2014-03-18 22:00:00,1.6775588989257812
2014-03-18 23:00:00,1.487432837486267
2014-03-19 00:00:00,1.4655834436416626
2014-03-19 01:00:00,1.491852045059204
2014-03-19 02:00:00,2.6521244049072266
2014-03-19 03:00:00,2.8737235069274902
2014-03-19 04:00:00,3.2495176792144775
2014-03-19 05:00:00,3.7402310371398926
2014-03-19 06:00:00,3.7141904830932617
2014-03-19 07:00:00,3.7975943088531494
2014-03-19 08:00:00,3.85668683052063
2014-03-19 09:00:00,3.8719136714935303
2014-03-19 10:00:00,3.8041369915008545
2014-03-19 11:00:00,3.6601943969726562
2014-03-19 12:00:00,2.346116781234741
2014-03-19 13:00:00,1.3639137744903564
2014-03-19 14:00:00,1.382611870765686
2014-03-19 15:00:00,1.370569109916687
2014-03-19 16:00:00,1.4347891807556152
2014-03-19 17:00:00,1.4856822490692139
2014-03-19 18:00:00,1.497113585472107
2014-03-19 19:00:00,1.5089614391326904
2014-03-19 20:00:00,1.5136905908584595
2014-03-19 21:00:00,1.5940426588058472
2014-03-19 22:00:00,1.5429643392562866
2014-03-19 23:00:00,1.3902263641357422
2014-03-20 00:00:00,1.3503599166870117
2014-03-20 01:00:00,1.4025821685791016
2014-03-20 02:00:00,2.4363224506378174
2014-03-20 03:00:00,2.5071768760681152
2014-03-20 04:00:00,2.183532238006592
2014-03-20 05:00:00,3.401589870452881
2014-03-20 06:00:00,3.3133435249328613
2014-03-20 07:00:00,3.283947229385376
2014-03-20 08:00:00,3.265002965927124
2014-03-20 09:00:00,3.034900188446045
2014-03-20 10:00:00,2.676630735397339
2014-03-20 11:00:00,2.19425106048584
2014-03-20 12:00:00,0.6473060250282288
2014-03-20 13:00:00,0.7614632844924927
2014-03-20 14:00:00,0.5597090125083923
2014-03-20 15:00:00,0.3731648847460747
2014-03-20 16:00:00,0.07552170753479004
2014-03-20 17:00:00,0.015266276895999908
2014-03-20 18:00:00,-0.046600230038166046
2014-03-20 19:00:00,-0.10321242734789848
2014-03-20 20:00:00,-0.1158810555934906
2014-03-20 21:00:00,-0.052003562450408936
2014-03-20 22:00:00,0.039257895201444626
2014-03-20 23:00:00,0.24568992853164673
2014-03-21 00:00:00,0.42626143991947174
2014-03-21 01:00:00,0.41669343411922455
2014-03-21 02:00:00,0.3558945655822754
2014-03-21 03:00:00,0.7261133044958115
2014-03-21 04:00:00,0.4542541354894638
2014-03-21 05:00:00,0.7008069679141045
2014-03-21 06:00:00,0.5703686624765396
2014-03-21 07:00:00,0.37126316130161285
2014-03-21 08:00:00,0.25432145595550537
2014-03-21 09:00:00,0.12807154655456543
2014-03-21 10:00:00,-0.024753153324127197
2014-03-21 11:00:00,-0.24429851770401
2014-03-21 12:00:00,-0.18943774700164795
2014-03-21 13:00:00,-0.5801013298332691
2014-03-21 14:00:00,-0.8264620043337345
2014-03-21 15:00:00,-0.9729033708572388
2014-03-21 16:00:00,-1.1503698825836182
2014-03-21 17:00:00,-1.212403416633606
2014-03-21 18:00:00,-1.2232484817504883
2014-03-21 19:00:00,-1.2103097438812256
2014-03-21 20:00:00,-1.1760774850845337
2014-03-21 21:00:00,-1.1083260774612427
2014-03-21 22:00:00,-1.0269234031438828
2014-03-21 23:00:00,-0.8682764768600464
2014-03-22 00:00:00,-0.7372111529111862
2014-03-22 01:00:00,-0.5412859916687012
2014-03-22 02:00:00,-0.21200966835021973
2014-03-22 03:00:00,-0.2977903112769127
2014-03-22 04:00:00,-0.0776063222438097
2014-03-22 05:00:00,0.0937560647726059
2014-03-22 06:00:00,-0.000700727105140686
2014-03-22 07:00:00,-0.01831163465976715
2014-03-22 08:00:00,0.1854962334036827
2014-03-22 09:00:00,0.44154416024684906
2014-03-22 10:00:00,0.6423859558999538
2014-03-22 11:00:00,0.7304902523756027
2014-03-22 12:00:00,0.37994930893182755
2014-03-22 13:00:00,0.23921117931604385
2014-03-22 14:00:00,-0.030069857835769653
2014-03-22 15:00:00,-0.26326949149370193
2014-03-22 16:00:00,-0.29212117940187454
2014-03-22 17:00:00,-0.33132816664874554
2014-03-22 18:00:00,-0.49870067462325096
2014-03-22 19:00:00,-0.512116726487875
2014-03-22 20:00:00,-0.4369358457624912
2014-03-22 21:00:00,-0.4322025999426842
2014-03-22 22:00:00,-0.5584337115287781
2014-03-22 23:00:00,-0.7081269025802612
2014-03-23 00:00:00,-0.7661541700363159
2014-03-23 01:00:00,-0.8272037506103516
2014-03-23 02:00:00,-0.49627234041690826
2014-03-23 03:00:00,-1.126968502998352
2014-03-23 04:00:00,-0.8506094217300415
2014-03-23 05:00:00,-1.1053565740585327
2014-03-23 06:00:00,-0.7883875817060471
2014-03-23 07:00:00,-0.23628581315279007
2014-03-23 08:00:00,0.6016844511032104
2014-03-23 09:00:00,1.715397983789444
2014-03-23 10:00:00,2.6355717182159424
2014-03-23 11:00:00,2.429099440574646
2014-03-23 12:00:00,0.5714994370937347
2014-03-23 13:00:00,-1.0718209445476532
2014-03-23 14:00:00,-1.5738234519958496
2014-03-23 15:00:00,-1.7114300727844238
2014-03-23 16:00:00,-2.030351400375366
2014-03-23 17:00:00,-2.069173812866211
2014-03-23 18:00:00,-1.8711133003234863
2014-03-23 19:00:00,-1.4649231433868408
2014-03-23 20:00:00,-1.1644251346588135
2014-03-23 21:00:00,-0.9407336711883545
2014-03-23 22:00:00,-0.8293489813804626
2014-03-23 23:00:00,-0.741736650466919
2014-03-24 00:00:00,-0.6408654451370239
2014-03-24 01:00:00,-0.601933479309082
2014-03-24 02:00:00,-1.2690471410751343
2014-03-24 03:00:00,-1.5623549222946167
2014-03-24 04:00:00,-1.5751467943191528
2014-03-24 05:00:00,-1.89418226480484
2014-03-24 06:00:00,-1.465836063027382
2014-03-24 07:00:00,-0.994202733039856
2014-03-24 08:00:00,-0.43925392627716064
2014-03-24 09:00:00,0.03318750858306885
2014-03-24 10:00:00,0.02080017328262329
2014-03-24 11:00:00,0.051074616611003876
2014-03-24 12:00:00,-0.09097051620483398
2014-03-24 13:00:00,-0.19410311803221703
2014-03-24 14:00:00,-0.413919098675251
2014-03-24 15:00:00,-0.6272368878126144
2014-03-24 16:00:00,-0.6485614776611328
2014-03-24 17:00:00,-0.6724802255630493
2014-03-24 18:00:00,-0.6987727880477905
2014-03-24 19:00:00,-0.7765682190656662
2014-03-24 20:00:00,-0.8981138467788696
2014-03-24 21:00:00,-0.9442365169525146
2014-03-24 22:00:00,-0.9309196919202805
2014-03-24 23:00:00,-0.8583124876022339
2014-03-25 00:00:00,-0.8593520522117615
2014-03-25 01:00:00,-0.8487473726272583
2014-03-25 02:00:00,-0.7419292330741882
2014-03-25 03:00:00,-0.48137229681015015
2014-03-25 04:00:00,-0.6715651750564575
2014-03-25 05:00:00,-0.6508543938398361
2014-03-25 06:00:00,-0.5769660472869873
2014-03-25 07:00:00,-0.40978264808654785
2014-03-25 08:00:00,-0.17289531230926514
2014-03-25 09:00:00,-0.06011652946472168
2014-03-25 10:00:00,-0.010234355926513672
2014-03-25 11:00:00,0.18822097778320312
2014-03-25 12:00:00,0.2638351321220398
2014-03-25 13:00:00,0.5277818441390991
2014-03-25 14:00:00,0.5634042769670486
2014-03-25 15:00:00,0.2729285955429077
2014-03-25 16:00:00,0.05404484272003174
2014-03-25 17:00:00,-0.007160067558288574
2014-03-25 18:00:00,0.06348276138305664
2014-03-25 19:00:00,0.08485829830169678
2014-03-25 20:00:00,0.13242149353027344
2014-03-25 21:00:00,0.23674476146697998
2014-03-25 22:00:00,0.3406687378883362
2014-03-25 23:00:00,0.522801399230957
2014-03-26 00:00:00,0.5730443000793457
2014-03-26 01:00:00,0.5988997295498848
2014-03-26 02:00:00,0.5655745267868042
2014-03-26 03:00:00,1.1928178071975708
2014-03-26 04:00:00,1.4422458410263062
2014-03-26 05:00:00,1.2441744655370712
2014-03-26 06:00:00,1.2409541606903076
2014-03-26 07:00:00,1.1852505058050156
2014-03-26 08:00:00,0.8990283086895943
2014-03-26 09:00:00,0.8713012933731079
2014-03-26 10:00:00,1.0871632099151611
2014-03-26 11:00:00,1.3415849208831787
2014-03-26 12:00:00,1.2484980821609497
2014-03-26 13:00:00,0.9159125089645386
2014-03-26 14:00:00,0.9475727081298828
2014-03-26 15:00:00,0.7216793298721313
2014-03-26 16:00:00,0.796228364109993
2014-03-26 17:00:00,0.7291633486747742
2014-03-26 18:00:00,0.7078207731246948
2014-03-26 19:00:00,0.6269292235374451
2014-03-26 20:00:00,0.7041124105453491
2014-03-26 21:00:00,0.8968827724456787
2014-03-26 22:00:00,0.7512893676757812
2014-03-26 23:00:00,0.6088680624961853
2014-03-27 00:00:00,0.6238488554954529
2014-03-27 01:00:00,0.664682924747467
2014-03-27 02:00:00,1.5211219787597656
2014-03-27 03:00:00,1.6989099979400635
2014-03-27 04:00:00,1.2904913276433945
2014-03-27 05:00:00,1.681918978691101
2014-03-27 06:00:00,2.0781610012054443
2014-03-27 07:00:00,2.200164318084717
2014-03-27 08:00:00,2.3302180767059326
2014-03-27 09:00:00,2.309213876724243
2014-03-27 10:00:00,2.11470627784729
2014-03-27 11:00:00,1.7413356304168701
2014-03-27 12:00:00,0.9719467163085938
2014-03-27 13:00:00,0.8797633647918701
2014-03-27 14:00:00,0.6499725580215454
2014-03-27 15:00:00,0.24248898029327393
2014-03-27 16:00:00,0.24504601955413818
2014-03-27 17:00:00,0.3851039409637451
2014-03-27 18:00:00,0.41821515560150146
2014-03-27 19:00:00,0.41587603092193604
2014-03-27 20:00:00,0.43649184703826904
2014-03-27 21:00:00,0.44855308532714844
2014-03-27 22:00:00,0.40294909477233887
2014-03-27 23:00:00,0.41253459453582764
2014-03-28 00:00:00,0.3944380283355713
2014-03-28 01:00:00,0.4317582845687866
2014-03-28 02:00:00,0.4751415252685547
2014-03-28 03:00:00,1.0875051021575928
2014-03-28 04:00:00,1.1868636459112167
2014-03-28 05:00:00,1.6600313186645508
2014-03-28 06:00:00,1.8558061122894287
2014-03-28 07:00:00,1.937464416027069
2014-03-28 08:00:00,1.9555144309997559
2014-03-28 09:00:00,1.9377105236053467
2014-03-28 10:00:00,1.9762294292449951
2014-03-28 11:00:00,1.8874633312225342
2014-03-28 12:00:00,1.033582478761673
2014-03-28 13:00:00,0.5181559324264526
2014-03-28 14:00:00,0.35953646898269653
2014-03-28 15:00:00,0.2052708864212036
2014-03-28 16:00:00,0.1673588752746582
2014-03-28 17:00:00,0.15944278240203857
2014-03-28 18:00:00,0.1670922040939331
2014-03-28 19:00:00,0.2318384051322937
2014-03-28 20:00:00,0.3316574692726135
2014-03-28 21:00:00,0.4527968764305115
2014-03-28 22:00:00,0.4663264751434326
2014-03-28 23:00:00,0.4962243437767029
2014-03-29 00:00:00,0.5232259184122086
2014-03-29 01:00:00,0.5653861835598946
2014-03-29 02:00:00,1.1212701946496964
2014-03-29 03:00:00,1.3118561506271362
2014-03-29 04:00:00,1.199121117591858
2014-03-29 05:00:00,1.2600121572613716
2014-03-29 06:00:00,1.7347335815429688
2014-03-29 07:00:00,2.064558506011963
2014-03-29 08:00:00,2.359387904405594
2014-03-29 09:00:00,2.5212152004241943
2014-03-29 10:00:00,2.65670445561409
2014-03-29 11:00:00,2.724624127149582
2014-03-29 12:00:00,2.4016063511371613
2014-03-29 13:00:00,1.0856058448553085
2014-03-29 14:00:00,1.149876594543457
2014-03-29 15:00:00,1.2189600318670273
2014-03-29 16:00:00,1.4331715106964111
2014-03-29 17:00:00,1.6681852340698242
2014-03-29 18:00:00,1.8346667289733887
2014-03-29 19:00:00,1.9107042253017426
2014-03-29 20:00:00,1.9917376041412354
2014-03-29 21:00:00,2.0112834572792053
2014-03-29 22:00:00,1.7265681326389313
2014-03-29 23:00:00,1.7064845561981201
2014-03-30 00:00:00,1.7198164463043213
2014-03-30 01:00:00,1.6767525672912598
2014-03-30 02:00:00,2.699456214904785
2014-03-30 03:00:00,2.6023411750793457
2014-03-30 04:00:00,3.2431511878967285
2014-03-30 05:00:00,3.2436301708221436
2014-03-30 06:00:00,3.330838203430176
2014-03-30 07:00:00,3.5497045516967773
2014-03-30 08:00:00,3.7957350611686707
2014-03-30 09:00:00,4.0923027992248535
2014-03-30 10:00:00,3.9710264205932617
2014-03-30 11:00:00,3.700397491455078
2014-03-30 12:00:00,2.6229772567749023
2014-03-30 13:00:00,1.2759044170379639
2014-03-30 14:00:00,1.3343610763549805
2014-03-30 15:00:00,1.4059056043624878
2014-03-30 16:00:00,1.6213696002960205
2014-03-30 17:00:00,1.8888359069824219
2014-03-30 18:00:00,2.042138636112213
2014-03-30 19:00:00,2.0888330936431885
2014-03-30 20:00:00,1.946686565876007
2014-03-30 21:00:00,1.9632723331451416
2014-03-30 22:00:00,1.7123236656188965
2014-03-30 23:00:00,1.6106959581375122
2014-03-31 00:00:00,1.4743202924728394
2014-03-31 01:00:00,1.342961072921753
2014-03-31 02:00:00,2.7823126316070557
2014-03-31 03:00:00,2.9599690437316895
2014-03-31 04:00:00,3.8499603271484375
2014-03-31 05:00:00,3.8156237602233887
2014-03-31 06:00:00,3.7059521675109863
2014-03-31 07:00:00,3.7450048327445984
2014-03-31 08:00:00,3.9263744354248047
2014-03-31 09:00:00,4.19319486618042
2014-03-31 10:00:00,4.113940715789795
2014-03-31 11:00:00,3.9100696444511414
2014-03-31 12:00:00,2.944716215133667
2014-03-31 13:00:00,1.3987548351287842
2014-03-31 14:00:00,1.4268490076065063
2014-03-31 15:00:00,1.4109395742416382
2014-03-31 16:00:00,1.4777003526687622
2014-03-31 17:00:00,1.5187970399856567
2014-03-31 18:00:00,1.5223329067230225
2014-03-31 19:00:00,1.48858642578125
2014-03-31 20:00:00,1.4314780235290527
2014-03-31 21:00:00,1.3966143131256104
2014-03-31 22:00:00,1.2401262521743774
2014-03-31 23:00:00,1.1648664474487305
2014-04-01 00:00:00,1.164610505104065
2014-04-01 01:00:00,1.2144627571105957
2014-04-01 02:00:00,2.149601459503174
2014-04-01 03:00:00,2.7776317596435547
2014-04-01 04:00:00,3.424813985824585
2014-04-01 05:00:00,4.048978805541992
2014-04-01 06:00:00,3.937202572822571
2014-04-01 07:00:00,3.7260475158691406
2014-04-01 08:00:00,3.5201151371002197
2014-04-01 09:00:00,3.34920597076416
2014-04-01 10:00:00,3.2456459999084473
2014-04-01 11:00:00,3.1159772872924805
2014-04-01 12:00:00,2.1487340927124023
2014-04-01 13:00:00,1.0818092823028564
2014-04-01 14:00:00,1.111956000328064
2014-04-01 15:00:00,1.0562511682510376
2014-04-01 16:00:00,1.0337395668029785
2014-04-01 17:00:00,0.9839048683643341
2014-04-01 18:00:00,0.8946524113416672
2014-04-01 19:00:00,0.7588855624198914
2014-04-01 20:00:00,0.5736499428749084
2014-04-01 21:00:00,0.3515503406524658
2014-04-01 22:00:00,0.07763409614562988
2014-04-01 23:00:00,-0.14215707778930664
2014-04-02 00:00:00,-0.24117136001586914
2014-04-02 01:00:00,-0.27635107934474945
2014-04-02 02:00:00,-0.11326965689659119
2014-04-02 03:00:00,-0.06673485040664673
2014-04-02 04:00:00,0.07548809051513672
2014-04-02 05:00:00,0.9527723640203476
2014-04-02 06:00:00,1.0039255321025848
2014-04-02 07:00:00,0.8125787973403931
2014-04-02 08:00:00,0.5071266070008278
2014-04-02 09:00:00,0.3284399639815092
2014-04-02 10:00:00,0.3520660400390625
2014-04-02 11:00:00,0.797499418258667
2014-04-02 12:00:00,0.7836172133684158
2014-04-02 13:00:00,0.14262523502111435
2014-04-02 14:00:00,-0.46403437480330467
2014-04-02 15:00:00,-0.8317407369613647
2014-04-02 16:00:00,-0.8881815671920776
2014-04-02 17:00:00,-0.86830123513937
2014-04-02 18:00:00,-0.7738469876348972
2014-04-02 19:00:00,-0.7522604838013649
2014-04-02 20:00:00,-0.7655817233026028
2014-04-02 21:00:00,-0.626530846580863
2014-04-02 22:00:00,-0.41165703162550926
2014-04-02 23:00:00,-0.1643783152103424
2014-04-03 00:00:00,0.46389615535736084
2014-04-03 01:00:00,0.7567729949951172
2014-04-03 02:00:00,2.0910525918006897
2014-04-03 03:00:00,2.0344625115394592
2014-04-03 04:00:00,2.3706374168395996
2014-04-03 05:00:00,2.1886706352233887
2014-04-03 06:00:00,2.187344789505005
2014-04-03 07:00:00,2.423478126525879
2014-04-03 08:00:00,2.654534339904785
2014-04-03 09:00:00,2.7495226860046387
2014-04-03 10:00:00,2.884368419647217
2014-04-03 11:00:00,3.0247437953948975
2014-04-03 12:00:00,2.632657527923584
2014-04-03 13:00:00,1.0280096232891083
2014-04-03 14:00:00,1.0204860866069794
2014-04-03 15:00:00,1.018338918685913
2014-04-03 16:00:00,1.022141695022583
2014-04-03 17:00:00,0.9884454011917114
2014-04-03 18:00:00,0.9112287759780884
2014-04-03 19:00:00,0.8296562433242798
2014-04-03 20:00:00,0.8191161155700684
2014-04-03 21:00:00,0.832495927810669
2014-04-03 22:00:00,0.7752997875213623
2014-04-03 23:00:00,0.7963917255401611
2014-04-04 00:00:00,0.8958438634872437
2014-04-04 01:00:00,1.0883650481700897
2014-04-04 02:00:00,2.351349800825119
2014-04-04 03:00:00,2.468695878982544
2014-04-04 04:00:00,3.2500410079956055
2014-04-04 05:00:00,3.9589606523513794
2014-04-04 06:00:00,4.123344421386719
2014-04-04 07:00:00,4.288234710693359
2014-04-04 08:00:00,4.41985559463501
2014-04-04 09:00:00,4.268719136714935
2014-04-04 10:00:00,3.9973554611206055
2014-04-04 11:00:00,3.6789608001708984
2014-04-04 12:00:00,2.7405154705047607
2014-04-04 13:00:00,1.2600560188293457
2014-04-04 14:00:00,1.2752240896224976
2014-04-04 15:00:00,1.3393809795379639
2014-04-04 16:00:00,1.5377845764160156
2014-04-04 17:00:00,1.5366541147232056
2014-04-04 18:00:00,1.4301691055297852
2014-04-04 19:00:00,1.2792686223983765
2014-04-04 20:00:00,1.1693501323461533
2014-04-04 21:00:00,1.1739623546600342
2014-04-04 22:00:00,1.1010725647211075
2014-04-04 23:00:00,1.113476276397705
2014-04-05 00:00:00,1.0999826192855835
2014-04-05 01:00:00,1.0772015899419785
2014-04-05 02:00:00,2.005722761154175
2014-04-05 03:00:00,1.77876877784729
2014-04-05 04:00:00,3.024184226989746
2014-04-05 05:00:00,3.2763848304748535
2014-04-05 06:00:00,3.558931529521942
2014-04-05 07:00:00,3.8204662203788757
2014-04-05 08:00:00,3.982707142829895
2014-04-05 09:00:00,4.008054256439209
2014-04-05 10:00:00,3.841047763824463
2014-04-05 11:00:00,3.614029109477997
2014-04-05 12:00:00,2.8713529109954834
2014-04-05 13:00:00,1.2480640411376953
2014-04-05 14:00:00,1.264002799987793
2014-04-05 15:00:00,1.212219938635826
2014-04-05 16:00:00,1.1880671828985214
2014-04-05 17:00:00,1.0927845239639282
2014-04-05 18:00:00,0.9651049673557281
2014-04-05 19:00:00,0.8214609175920486
2014-04-05 20:00:00,0.6714562177658081
2014-04-05 21:00:00,0.5671682953834534
2014-04-05 22:00:00,0.398357056081295
2014-04-05 23:00:00,0.30402905121445656
2014-04-06 00:00:00,0.2972978949546814
2014-04-06 01:00:00,0.33624256029725075
2014-04-06 02:00:00,0.5159749537706375
2014-04-06 03:00:00,0.1613197848200798
2014-04-06 04:00:00,0.41480908542871475
2014-04-06 05:00:00,0.9241871386766434
2014-04-06 06:00:00,1.230747938156128
2014-04-06 07:00:00,1.4027347564697266
2014-04-06 08:00:00,1.4575436264276505
2014-04-06 09:00:00,1.4232458174228668
2014-04-06 10:00:00,1.2193440571427345
2014-04-06 11:00:00,0.9396112263202667
2014-04-06 12:00:00,0.19697973877191544
2014-04-06 13:00:00,-0.2026444897055626
2014-04-06 14:00:00,-0.6144418641924858
2014-04-06 15:00:00,-0.8643298149108887
2014-04-06 16:00:00,-1.0233916342258453
2014-04-06 17:00:00,-1.028635859489441
2014-04-06 18:00:00,-0.8676805794239044
2014-04-06 19:00:00,-0.6506128273904324
2014-04-06 20:00:00,-0.415458545088768
2014-04-06 21:00:00,-0.19300763122737408
2014-04-06 22:00:00,-0.16119730472564697
2014-04-06 23:00:00,-0.17478406615555286
2014-04-07 00:00:00,-0.2029915489256382
2014-04-07 01:00:00,-0.20181536674499512
2014-04-07 02:00:00,-0.2822396755218506
2014-04-07 03:00:00,-0.12953497469425201
2014-04-07 04:00:00,-0.043187372386455536
2014-04-07 05:00:00,0.7095937728881836
2014-04-07 06:00:00,1.1143233925104141
2014-04-07 07:00:00,1.5024473667144775
2014-04-07 08:00:00,1.9631035327911377
2014-04-07 09:00:00,2.3130533695220947
2014-04-07 10:00:00,2.592006206512451
2014-04-07 11:00:00,2.710247039794922
2014-04-07 12:00:00,2.5183882415294647
2014-04-07 13:00:00,1.296343818306923
2014-04-07 14:00:00,1.5544701516628265
2014-04-07 15:00:00,1.75362229347229
2014-04-07 16:00:00,1.6732125282287598
2014-04-07 17:00:00,1.352431520819664
2014-04-07 18:00:00,1.0460064709186554
2014-04-07 19:00:00,0.8930872678756714
2014-04-07 20:00:00,0.8973828554153442
2014-04-07 21:00:00,1.024898648262024
2014-04-07 22:00:00,1.0767817497253418
2014-04-07 23:00:00,1.2309950590133667
2014-04-08 00:00:00,1.3436402082443237
2014-04-08 01:00:00,1.6194355487823486
2014-04-08 02:00:00,2.6992135047912598
2014-04-08 03:00:00,2.602170944213867
2014-04-08 04:00:00,2.8591954708099365
2014-04-08 05:00:00,2.767977476119995
2014-04-08 06:00:00,2.8730592727661133
2014-04-08 07:00:00,3.140195846557617
2014-04-08 08:00:00,3.4720184803009033
2014-04-08 09:00:00,3.763213634490967
2014-04-08 10:00:00,3.585353374481201
2014-04-08 11:00:00,3.4004976749420166
2014-04-08 12:00:00,2.858783721923828
2014-04-08 13:00:00,1.1453666687011719
2014-04-08 14:00:00,1.2015645503997803
2014-04-08 15:00:00,1.2108795642852783
2014-04-08 16:00:00,1.3371648788452148
2014-04-08 17:00:00,1.4677976369857788
2014-04-08 18:00:00,1.5617977380752563
2014-04-08 19:00:00,1.5931330919265747
2014-04-08 20:00:00,1.5690696239471436
2014-04-08 21:00:00,1.5057525634765625
2014-04-08 22:00:00,1.2467803955078125
2014-04-08 23:00:00,1.0658887922763824
2014-04-09 00:00:00,0.9433217346668243
2014-04-09 01:00:00,0.8850241899490356
2014-04-09 02:00:00,1.8617603778839111
2014-04-09 03:00:00,1.7022147178649902
2014-04-09 04:00:00,2.7789974212646484
2014-04-09 05:00:00,3.2621371746063232
2014-04-09 06:00:00,3.5992379188537598
2014-04-09 07:00:00,3.9025683403015137
2014-04-09 08:00:00,4.102005958557129
2014-04-09 09:00:00,4.139482498168945
2014-04-09 10:00:00,3.867783844470978
2014-04-09 11:00:00,3.53519606590271
2014-04-09 12:00:00,2.8590919971466064
2014-04-09 13:00:00,1.0702497959136963
2014-04-09 14:00:00,1.0287202596664429
2014-04-09 15:00:00,0.9818536043167114
2014-04-09 16:00:00,1.0205816328525543
2014-04-09 17:00:00,1.040254831314087
2014-04-09 18:00:00,1.0436418950557709
2014-04-09 19:00:00,1.0408278703689575
2014-04-09 20:00:00,1.0081906020641327
2014-04-09 21:00:00,0.9749259948730469
2014-04-09 22:00:00,0.9428264796733856
2014-04-09 23:00:00,0.9762238562107086
2014-04-10 00:00:00,1.0061599016189575
2014-04-10 01:00:00,1.039345771074295
2014-04-10 02:00:00,2.1675133109092712
2014-04-10 03:00:00,1.951261043548584
2014-04-10 04:00:00,2.8254995346069336
2014-04-10 05:00:00,3.21783447265625
2014-04-10 06:00:00,3.2689290046691895
2014-04-10 07:00:00,3.445335865020752
2014-04-10 08:00:00,3.6798458099365234
2014-04-10 09:00:00,3.827718734741211
2014-04-10 10:00:00,3.723010540008545
2014-04-10 11:00:00,3.4999871253967285
2014-04-10 12:00:00,2.4787700176239014
2014-04-10 13:00:00,1.3002678155899048
2014-04-10 14:00:00,1.3378477096557617
2014-04-10 15:00:00,1.332810401916504
2014-04-10 16:00:00,1.3806614875793457
2014-04-10 17:00:00,1.418457269668579
2014-04-10 18:00:00,1.428717017173767
2014-04-10 19:00:00,1.3961303234100342
2014-04-10 20:00:00,1.3398478031158447
2014-04-10 21:00:00,1.27143394947052
2014-04-10 22:00:00,1.1474803686141968
2014-04-10 23:00:00,1.10184645652771
2014-04-11 00:00:00,1.1245139837265015
2014-04-11 01:00:00,1.1778498888015747
2014-04-11 02:00:00,2.6251120567321777
2014-04-11 03:00:00,2.5264158248901367
2014-04-11 04:00:00,2.9054133892059326
2014-04-11 05:00:00,3.0456643104553223
2014-04-11 06:00:00,3.1966023445129395
2014-04-11 07:00:00,3.3946619033813477
2014-04-11 08:00:00,3.588141441345215
2014-04-11 09:00:00,3.718625545501709
2014-04-11 10:00:00,3.704385757446289
2014-04-11 11:00:00,3.5272879600524902
2014-04-11 12:00:00,2.6360576152801514
2014-04-11 13:00:00,1.120144248008728
2014-04-11 14:00:00,1.1378552913665771
2014-04-11 15:00:00,1.1493422985076904
2014-04-11 16:00:00,1.1519967317581177
2014-04-11 17:00:00,1.097865104675293
2014-04-11 18:00:00,0.9774562120437622
2014-04-11 19:00:00,0.811674952507019
2014-04-11 20:00:00,0.6418570280075073
2014-04-11 21:00:00,0.4542408585548401
2014-04-11 22:00:00,0.3151048421859741
2014-04-11 23:00:00,0.2665519714355469
2014-04-12 00:00:00,0.3129519820213318
2014-04-12 01:00:00,0.34788843989372253
2014-04-12 02:00:00,0.5886417627334595
2014-04-12 03:00:00,0.7189807817339897
2014-04-12 04:00:00,0.8344342708587646
2014-04-12 05:00:00,1.40388023853302
2014-04-12 06:00:00,1.651705026626587
2014-04-12 07:00:00,1.7860499918460846
2014-04-12 08:00:00,1.912292718887329
2014-04-12 09:00:00,1.8553245067596436
2014-04-12 10:00:00,1.50279401242733
2014-04-12 11:00:00,1.4030977487564087
2014-04-12 12:00:00,0.6522481441497803
2014-04-12 13:00:00,0.32111919671297073
2014-04-12 14:00:00,-0.07511788234114647
2014-04-12 15:00:00,-0.364973783493042
2014-04-12 16:00:00,-0.41636568307876587
2014-04-12 17:00:00,-0.4008166790008545
2014-04-12 18:00:00,-0.3787449151277542
2014-04-12 19:00:00,-0.465623140335083
2014-04-12 20:00:00,-0.6364309787750244
2014-04-12 21:00:00,-0.8636622428894043
2014-04-12 22:00:00,-1.0219396203756332
2014-04-12 23:00:00,-1.1590814590454102
2014-04-13 00:00:00,-1.21867036819458
2014-04-13 01:00:00,-1.177169919013977
2014-04-13 02:00:00,-2.113651990890503
2014-04-13 03:00:00,-2.1075215339660645
2014-04-13 04:00:00,-2.605102777481079
2014-04-13 05:00:00,-2.6129269301891327
2014-04-13 06:00:00,-2.6962695121765137
2014-04-13 07:00:00,-2.7132859230041504
2014-04-13 08:00:00,-2.9097799956798553
2014-04-13 09:00:00,-3.326700985431671
2014-04-13 10:00:00,-3.3760717511177063
2014-04-13 11:00:00,-3.2504749298095703
2014-04-13 12:00:00,-3.117788076400757
2014-04-13 13:00:00,-2.2912118434906006
2014-04-13 14:00:00,-2.504768133163452
2014-04-13 15:00:00,-2.4364914894104004
2014-04-13 16:00:00,-2.469996929168701
2014-04-13 17:00:00,-2.324751615524292
2014-04-13 18:00:00,-2.143742561340332
2014-04-13 19:00:00,-2.1469145119190216
2014-04-13 20:00:00,-2.1729488372802734
2014-04-13 21:00:00,-2.108219861984253
2014-04-13 22:00:00,-1.6608459949493408
2014-04-13 23:00:00,-1.4154417514801025
2014-04-14 00:00:00,-1.2217358350753784
2014-04-14 01:00:00,-1.0455235242843628
2014-04-14 02:00:00,-1.8460707068443298
2014-04-14 03:00:00,-1.1820847988128662
2014-04-14 04:00:00,-1.6712405681610107
2014-04-14 05:00:00,-1.3131970465183258
2014-04-14 06:00:00,-0.8924248218536377
2014-04-14 07:00:00,-0.485256627202034
2014-04-14 08:00:00,-0.03802596032619476
2014-04-14 09:00:00,0.4407689720392227
2014-04-14 10:00:00,0.7736563757061958
2014-04-14 11:00:00,1.1576919257640839
2014-04-14 12:00:00,1.2105973958969116
2014-04-14 13:00:00,0.46211951971054077
2014-04-14 14:00:00,0.1753464937210083
2014-04-14 15:00:00,-0.18464678525924683
2014-04-14 16:00:00,-0.3574213981628418
2014-04-14 17:00:00,-0.4811370372772217
2014-04-14 18:00:00,-0.5472644567489624
2014-04-14 19:00:00,-0.5469690561294556
2014-04-14 20:00:00,-0.37161898612976074
2014-04-14 21:00:00,-0.1344809327274561
2014-04-14 22:00:00,-0.025106489658355713
2014-04-14 23:00:00,0.11859816312789917
2014-04-15 00:00:00,0.30043601989746094
2014-04-15 01:00:00,0.49050360918045044
2014-04-15 02:00:00,1.117462158203125
2014-04-15 03:00:00,1.2170152515172958
2014-04-15 04:00:00,1.4335761219263077
2014-04-15 05:00:00,1.55619278550148
2014-04-15 06:00:00,1.465261921286583
2014-04-15 07:00:00,1.4657898843288422
2014-04-15 08:00:00,1.445547103881836
2014-04-15 09:00:00,1.3535664230585098
2014-04-15 10:00:00,1.4332075268030167
2014-04-15 11:00:00,1.484508752822876
2014-04-15 12:00:00,0.657377764582634
2014-04-15 13:00:00,0.3324069380760193
2014-04-15 14:00:00,0.2553952932357788
2014-04-15 15:00:00,0.2887395843863487
2014-04-15 16:00:00,0.42170482873916626
2014-04-15 17:00:00,0.634552001953125
2014-04-15 18:00:00,0.895813912153244
2014-04-15 19:00:00,1.3329856395721436
2014-04-15 20:00:00,1.5427885055541992
2014-04-15 21:00:00,0.560315877199173
2014-04-15 22:00:00,-0.18860608339309692
2014-04-15 23:00:00,-0.43701422214508057
2014-04-16 00:00:00,-0.48803484439849854
2014-04-16 01:00:00,-0.4475287199020386
2014-04-16 02:00:00,-0.5445088893175125
2014-04-16 03:00:00,-0.38857845962047577
2014-04-16 04:00:00,1.9148566722869873
2014-04-16 05:00:00,2.884517192840576
2014-04-16 06:00:00,3.5250210762023926
2014-04-16 07:00:00,3.9083657264709473
2014-04-16 08:00:00,4.106736660003662
2014-04-16 09:00:00,4.217050075531006
2014-04-16 10:00:00,3.65863037109375
2014-04-16 11:00:00,3.188117265701294
2014-04-16 12:00:00,2.2994141578674316
2014-04-16 13:00:00,0.6624104976654053
2014-04-16 14:00:00,0.4776817560195923
2014-04-16 15:00:00,0.20817862823605537
2014-04-16 16:00:00,0.2664574608206749
2014-04-16 17:00:00,0.2469644546508789
2014-04-16 18:00:00,0.2830832228064537
2014-04-16 19:00:00,0.2980690971016884
2014-04-16 20:00:00,0.27578666992485523
2014-04-16 21:00:00,0.2425742708146572
2014-04-16 22:00:00,0.23024395108222961
2014-04-16 23:00:00,0.375232873018831
2014-04-17 00:00:00,0.6386429071426392
2014-04-17 01:00:00,0.49402279779314995
2014-04-17 02:00:00,0.22031907737255096
2014-04-17 03:00:00,0.006950989365577698
2014-04-17 04:00:00,-0.031758129596710205
2014-04-17 05:00:00,0.06379621848464012
2014-04-17 06:00:00,0.011539116501808167
2014-04-17 07:00:00,-0.11960095167160034
2014-04-17 08:00:00,-0.1802794337272644
2014-04-17 09:00:00,-0.06585216522216797
2014-04-17 10:00:00,0.543699711561203
2014-04-17 11:00:00,0.7274244129657745
2014-04-17 12:00:00,0.6446294784545898
2014-04-17 13:00:00,0.008283913135528564
2014-04-17 14:00:00,-0.457619771361351
2014-04-17 15:00:00,-0.7371976301074028
2014-04-17 16:00:00,-0.9894614219665527
2014-04-17 17:00:00,-1.2820549011230469
2014-04-17 18:00:00,-1.5901433229446411
2014-04-17 19:00:00,-1.6181203126907349
2014-04-17 20:00:00,-1.3362727165222168
2014-04-17 21:00:00,-1.3158589750528336
2014-04-17 22:00:00,-1.3035692125558853
2014-04-17 23:00:00,-1.407059907913208
2014-04-18 00:00:00,-1.2429996728897095
2014-04-18 01:00:00,-0.899444580078125
2014-04-18 02:00:00,-0.5232902336865664
2014-04-18 03:00:00,-0.0028961636126041412
2014-04-18 04:00:00,1.232884168624878
2014-04-18 05:00:00,0.8698599487543106
2014-04-18 06:00:00,-0.5183798000216484
2014-04-18 07:00:00,-1.8430200219154358
2014-04-18 08:00:00,-2.2264957427978516
2014-04-18 09:00:00,-2.348623275756836
2014-04-18 10:00:00,-2.256778746843338
2014-04-18 11:00:00,-1.8651623725891113
2014-04-18 12:00:00,-1.5444312989711761
2014-04-18 13:00:00,-1.0913535356521606
2014-04-18 14:00:00,-1.1886018514633179
2014-04-18 15:00:00,-0.8983182460069656
2014-04-18 16:00:00,-0.7562193870544434
2014-04-18 17:00:00,-0.787199854850769
2014-04-18 18:00:00,-0.7089474201202393
2014-04-18 19:00:00,-0.6597060561180115
2014-04-18 20:00:00,-0.6647489070892334
2014-04-18 21:00:00,-0.5241971462965012
2014-04-18 22:00:00,-0.4696473926305771
2014-04-18 23:00:00,-0.44888991117477417
2014-04-19 00:00:00,-0.23271405696868896
2014-04-19 01:00:00,0.010959744453430176
2014-04-19 02:00:00,0.18363380432128906
2014-04-19 03:00:00,-0.15619081258773804
2014-04-19 04:00:00,-0.5165809988975525
2014-04-19 05:00:00,-0.5302067995071411
2014-04-19 06:00:00,-0.1477811336517334
2014-04-19 07:00:00,0.39980340003967285
2014-04-19 08:00:00,0.978201150894165
2014-04-19 09:00:00,1.4431120157241821
2014-04-19 10:00:00,1.894824355840683
2014-04-19 11:00:00,2.2443108558654785
2014-04-19 12:00:00,2.32401704788208
2014-04-19 13:00:00,0.8515188694000244
2014-04-19 14:00:00,0.887844443321228
2014-04-19 15:00:00,0.7934843301773071
2014-04-19 16:00:00,0.7705889940261841
2014-04-19 17:00:00,0.7419169545173645
2014-04-19 18:00:00,0.6941938996315002
2014-04-19 19:00:00,0.6489831209182739
2014-04-19 20:00:00,0.6153196096420288
2014-04-19 21:00:00,0.5761170983314514
2014-04-19 22:00:00,0.4827105402946472
2014-04-19 23:00:00,0.44236159324645996
2014-04-20 00:00:00,0.47464025020599365
2014-04-20 01:00:00,0.45809847116470337
2014-04-20 02:00:00,1.1137757003307343
2014-04-20 03:00:00,1.01206636428833
2014-04-20 04:00:00,1.4917008876800537
2014-04-20 05:00:00,1.5468722581863403
2014-04-20 06:00:00,1.546309232711792
2014-04-20 07:00:00,1.629591703414917
2014-04-20 08:00:00,1.7688772678375244
2014-04-20 09:00:00,1.9684243202209473
2014-04-20 10:00:00,2.2251033782958984
2014-04-20 11:00:00,2.331194907426834
2014-04-20 12:00:00,2.2007482051849365
2014-04-20 13:00:00,0.8019110560417175
2014-04-20 14:00:00,0.9245909452438354
2014-04-20 15:00:00,0.9084131568670273
2014-04-20 16:00:00,0.9310226887464523
2014-04-20 17:00:00,0.9714277237653732
2014-04-20 18:00:00,1.003780648112297
2014-04-20 19:00:00,1.0008269548416138
2014-04-20 20:00:00,0.9504168033599854
2014-04-20 21:00:00,0.8514848947525024
2014-04-20 22:00:00,0.710132360458374
2014-04-20 23:00:00,0.6169536113739014
2014-04-21 00:00:00,0.6062365770339966
2014-04-21 01:00:00,0.6134089231491089
2014-04-21 02:00:00,1.5401233732700348
2014-04-21 03:00:00,1.7172548919916153
2014-04-21 04:00:00,2.7269387245178223
2014-04-21 05:00:00,2.853957414627075
2014-04-21 06:00:00,2.72324800491333
2014-04-21 07:00:00,2.5521678924560547
2014-04-21 08:00:00,2.3729050159454346
2014-04-21 09:00:00,2.213581293821335
2014-04-21 10:00:00,2.0453734397888184
2014-04-21 11:00:00,1.901625156402588
2014-04-21 12:00:00,1.6770201623439789
2014-04-21 13:00:00,0.7479323148727417
2014-04-21 14:00:00,0.9538566917181015
2014-04-21 15:00:00,0.9335476160049438
2014-04-21 16:00:00,0.913379430770874
2014-04-21 17:00:00,0.8655999898910522
2014-04-21 18:00:00,0.7770733386278152
2014-04-21 19:00:00,0.6800042390823364
2014-04-21 20:00:00,0.5873478651046753
2014-04-21 21:00:00,0.551998496055603
2014-04-21 22:00:00,0.5879493877291679
2014-04-21 23:00:00,0.7042617797851562
2014-04-22 00:00:00,0.8414216041564941
2014-04-22 01:00:00,1.0535922050476074
2014-04-22 02:00:00,1.7251542508602142
2014-04-22 03:00:00,1.740290880203247
2014-04-22 04:00:00,2.5038285553455353
2014-04-22 05:00:00,2.765984535217285
2014-04-22 06:00:00,3.0525412559509277
2014-04-22 07:00:00,3.4101009368896484
2014-04-22 08:00:00,3.7624826431274414
2014-04-22 09:00:00,4.016530990600586
2014-04-22 10:00:00,3.938101291656494
2014-04-22 11:00:00,3.7738418579101562
2014-04-22 12:00:00,3.356990337371826
2014-04-22 13:00:00,1.4219820499420166
2014-04-22 14:00:00,1.3714016675949097
2014-04-22 15:00:00,1.3085237741470337
2014-04-22 16:00:00,1.3010958433151245
2014-04-22 17:00:00,1.1485613584518433
2014-04-22 18:00:00,0.9900248050689697
2014-04-22 19:00:00,0.899669885635376
2014-04-22 20:00:00,0.9124565571546555
2014-04-22 21:00:00,0.9412918090820312
2014-04-22 22:00:00,0.8213872462511063
2014-04-22 23:00:00,0.7842031717300415
2014-04-23 00:00:00,0.8405808955430984
2014-04-23 01:00:00,0.9512979984283447
2014-04-23 02:00:00,2.41184663772583
2014-04-23 03:00:00,2.311063528060913
2014-04-23 04:00:00,3.1114585399627686
2014-04-23 05:00:00,3.3876872062683105
2014-04-23 06:00:00,3.36600661277771
2014-04-23 07:00:00,3.250486373901367
2014-04-23 08:00:00,3.142589569091797
2014-04-23 09:00:00,3.0170068740844727
2014-04-23 10:00:00,2.8087573051452637
2014-04-23 11:00:00,2.8041844367980957
2014-04-23 12:00:00,2.7943108081817627
2014-04-23 13:00:00,1.1702308654785156
2014-04-23 14:00:00,1.2465366125106812
2014-04-23 15:00:00,1.2686413526535034
2014-04-23 16:00:00,1.3536099195480347
2014-04-23 17:00:00,1.442945122718811
2014-04-23 18:00:00,1.5032821893692017
2014-04-23 19:00:00,1.5179510116577148
2014-04-23 20:00:00,1.511847734451294
2014-04-23 21:00:00,1.4891964197158813
2014-04-23 22:00:00,1.287146806716919
2014-04-23 23:00:00,1.1722488403320312
2014-04-24 00:00:00,1.153799057006836
2014-04-24 01:00:00,1.2137751579284668
2014-04-24 02:00:00,2.562580108642578
2014-04-24 03:00:00,2.317025661468506
2014-04-24 04:00:00,3.2753961086273193
2014-04-24 05:00:00,3.585825204849243
2014-04-24 06:00:00,3.857171058654785
2014-04-24 07:00:00,4.000781893730164
2014-04-24 08:00:00,4.121798992156982
2014-04-24 09:00:00,4.2260966300964355
2014-04-24 10:00:00,4.11007696390152
2014-04-24 11:00:00,3.9914793968200684
2014-04-24 12:00:00,3.598757266998291
2014-04-24 13:00:00,1.3483644723892212
2014-04-24 14:00:00,1.2190243005752563
2014-04-24 15:00:00,1.1892515420913696
2014-04-24 16:00:00,1.266207218170166
2014-04-24 17:00:00,1.3372924327850342
2014-04-24 18:00:00,1.3633383512496948
2014-04-24 19:00:00,1.338449239730835
2014-04-24 20:00:00,1.2328628301620483
2014-04-24 21:00:00,1.1318989992141724
2014-04-24 22:00:00,1.033666580915451
2014-04-24 23:00:00,0.9154777079820633
2014-04-25 00:00:00,0.838758185505867
2014-04-25 01:00:00,0.8154175281524658
2014-04-25 02:00:00,1.6721975803375244
2014-04-25 03:00:00,1.5956417620182037
2014-04-25 04:00:00,2.6471993923187256
2014-04-25 05:00:00,3.108123302459717
2014-04-25 06:00:00,3.3376760482788086
2014-04-25 07:00:00,3.3970844745635986
2014-04-25 08:00:00,3.347764253616333
2014-04-25 09:00:00,3.2976784706115723
2014-04-25 10:00:00,3.3621134757995605
2014-04-25 11:00:00,3.348858118057251
2014-04-25 12:00:00,3.1282665729522705
2014-04-25 13:00:00,1.1569175720214844
2014-04-25 14:00:00,1.0644354820251465
2014-04-25 15:00:00,1.0226225852966309
2014-04-25 16:00:00,1.0299532413482666
2014-04-25 17:00:00,1.0361478328704834
2014-04-25 18:00:00,1.0313949584960938
2014-04-25 19:00:00,1.0044593811035156
2014-04-25 20:00:00,0.9627096652984619
2014-04-25 21:00:00,0.9308135509490967
2014-04-25 22:00:00,0.8550748825073242
2014-04-25 23:00:00,0.8548237830400467
2014-04-26 00:00:00,0.8829218149185181
2014-04-26 01:00:00,1.1066093295812607
2014-04-26 02:00:00,2.2424590587615967
2014-04-26 03:00:00,2.3701202869415283
2014-04-26 04:00:00,3.6980506777763367
2014-04-26 05:00:00,3.7725122570991516
2014-04-26 06:00:00,3.7807496190071106
2014-04-26 07:00:00,3.8558602333068848
2014-04-26 08:00:00,3.9804649353027344
2014-04-26 09:00:00,4.0426249504089355
2014-04-26 10:00:00,4.046510219573975
2014-04-26 11:00:00,4.02403450012207
2014-04-26 12:00:00,3.678619146347046
2014-04-26 13:00:00,1.337501883506775
2014-04-26 14:00:00,1.1784613132476807
2014-04-26 15:00:00,1.1215993165969849
2014-04-26 16:00:00,1.1391963958740234
2014-04-26 17:00:00,1.1732714176177979
2014-04-26 18:00:00,1.2026749849319458
2014-04-26 19:00:00,1.2035714387893677
2014-04-26 20:00:00,1.1672279834747314
2014-04-26 21:00:00,1.1152667999267578
2014-04-26 22:00:00,0.9833028316497803
2014-04-26 23:00:00,0.9080076217651367
2014-04-27 00:00:00,0.8815767765045166
2014-04-27 01:00:00,1.0132079124450684
2014-04-27 02:00:00,2.172154426574707
2014-04-27 03:00:00,2.325542449951172
2014-04-27 04:00:00,3.21474552154541
2014-04-27 05:00:00,3.0516037940979004
2014-04-27 06:00:00,2.872408866882324
2014-04-27 07:00:00,2.7672080993652344
2014-04-27 08:00:00,2.737999439239502
2014-04-27 09:00:00,2.7423410415649414
2014-04-27 10:00:00,2.742983341217041
2014-04-27 11:00:00,2.773085594177246
2014-04-27 12:00:00,2.591306447982788
2014-04-27 13:00:00,0.9044902324676514
2014-04-27 14:00:00,1.0839489698410034
2014-04-27 15:00:00,1.140259861946106
2014-04-27 16:00:00,1.230584740638733
2014-04-27 17:00:00,1.3230632543563843
2014-04-27 18:00:00,1.4154000282287598
2014-04-27 19:00:00,1.4945756196975708
2014-04-27 20:00:00,1.5673673152923584
2014-04-27 21:00:00,1.6176092624664307
2014-04-27 22:00:00,1.5858433246612549
2014-04-27 23:00:00,1.4793224334716797
2014-04-28 00:00:00,1.3639649152755737
2014-04-28 01:00:00,1.4138007164001465
2014-04-28 02:00:00,2.608680009841919
2014-04-28 03:00:00,2.6537880897521973
2014-04-28 04:00:00,3.595583915710449
2014-04-28 05:00:00,3.625112533569336
2014-04-28 06:00:00,3.59926176071167
2014-04-28 07:00:00,3.628197193145752
2014-04-28 08:00:00,3.676224946975708
2014-04-28 09:00:00,3.699739694595337
2014-04-28 10:00:00,3.6886160373687744
2014-04-28 11:00:00,3.5780904293060303
2014-04-28 12:00:00,3.190624952316284
2014-04-28 13:00:00,1.1295690536499023
2014-04-28 14:00:00,1.1765575408935547
2014-04-28 15:00:00,1.1347885131835938
2014-04-28 16:00:00,1.100067600607872
2014-04-28 17:00:00,1.0672917515039444
2014-04-28 18:00:00,1.0375826209783554
2014-04-28 19:00:00,1.0019828081130981
2014-04-28 20:00:00,0.9602636098861694
2014-04-28 21:00:00,0.9177425354719162
2014-04-28 22:00:00,0.8691288828849792
2014-04-28 23:00:00,0.8360333442687988
2014-04-29 00:00:00,0.8268827199935913
2014-04-29 01:00:00,0.765471339225769
2014-04-29 02:00:00,1.258015751838684
2014-04-29 03:00:00,1.1090315580368042
2014-04-29 04:00:00,2.303860902786255
2014-04-29 05:00:00,2.914292573928833
2014-04-29 06:00:00,3.3394968509674072
2014-04-29 07:00:00,3.6838234066963196
2014-04-29 08:00:00,3.909364700317383
2014-04-29 09:00:00,4.044727206230164
2014-04-29 10:00:00,3.7512972354888916
2014-04-29 11:00:00,3.4697678089141846
2014-04-29 12:00:00,3.0094456672668457
2014-04-29 13:00:00,1.068770170211792
2014-04-29 14:00:00,1.2951271533966064
2014-04-29 15:00:00,1.352952003479004
2014-04-29 16:00:00,1.385714054107666
2014-04-29 17:00:00,1.3982350826263428
2014-04-29 18:00:00,1.4105440378189087
2014-04-29 19:00:00,1.4179593324661255
2014-04-29 20:00:00,1.3887062072753906
2014-04-29 21:00:00,1.309213399887085
2014-04-29 22:00:00,1.1954536437988281
2014-04-29 23:00:00,1.0977306365966797
2014-04-30 00:00:00,1.0055140256881714
2014-04-30 01:00:00,0.79268479347229
2014-04-30 02:00:00,1.2426071166992188
2014-04-30 03:00:00,0.9656480550765991
2014-04-30 04:00:00,2.0365841388702393
2014-04-30 05:00:00,2.16646146774292
2014-04-30 06:00:00,2.196054220199585
2014-04-30 07:00:00,2.353811264038086
2014-04-30 08:00:00,2.56545352935791
2014-04-30 09:00:00,2.7246265411376953
2014-04-30 10:00:00,2.727682590484619
2014-04-30 11:00:00,2.667694568634033
2014-04-30 12:00:00,2.3852553367614746
2014-04-30 13:00:00,0.7931724786758423
2014-04-30 14:00:00,0.9618397951126099
2014-04-30 15:00:00,1.036055326461792
2014-04-30 16:00:00,1.2228736877441406
2014-04-30 17:00:00,1.339238166809082
2014-04-30 18:00:00,1.4097826480865479
2014-04-30 19:00:00,1.4558202028274536
2014-04-30 20:00:00,1.456294298171997
2014-04-30 21:00:00,1.4168448448181152
2014-04-30 22:00:00,1.2521463632583618
2014-04-30 23:00:00,1.0565447807312012
2014-05-01 00:00:00,0.9013411998748779
2014-05-01 01:00:00,0.7940682768821716
2014-05-01 02:00:00,1.7580235004425049
2014-05-01 03:00:00,1.6758692264556885
2014-05-01 04:00:00,2.354775905609131
2014-05-01 05:00:00,2.3797242641448975
2014-05-01 06:00:00,2.513258934020996
2014-05-01 07:00:00,2.7364535331726074
2014-05-01 08:00:00,3.0358428955078125
2014-05-01 09:00:00,3.399925708770752
2014-05-01 10:00:00,3.602825164794922
2014-05-01 11:00:00,3.794424057006836
2014-05-01 12:00:00,3.6863670349121094
2014-05-01 13:00:00,1.4143836498260498
2014-05-01 14:00:00,1.4516018629074097
2014-05-01 15:00:00,1.4815397262573242
2014-05-01 16:00:00,1.6427528858184814
2014-05-01 17:00:00,1.7821759283542633
2014-05-01 18:00:00,1.8655895292758942
2014-05-01 19:00:00,1.9574146270751953
2014-05-01 20:00:00,2.077260732650757
2014-05-01 21:00:00,2.2634198665618896
2014-05-01 22:00:00,2.1611513793468475
2014-05-01 23:00:00,1.9864046573638916
2014-05-02 00:00:00,1.7405160963535309
2014-05-02 01:00:00,1.8260179460048676
2014-05-02 02:00:00,2.4258434772491455
2014-05-02 03:00:00,1.9021623134613037
2014-05-02 04:00:00,2.3661398887634277
2014-05-02 05:00:00,2.182420492172241
2014-05-02 06:00:00,2.0642809867858887
2014-05-02 07:00:00,2.0885806679725647
2014-05-02 08:00:00,2.1851715445518494
2014-05-02 09:00:00,2.3251099288463593
2014-05-02 10:00:00,2.447047710418701
2014-05-02 11:00:00,2.3785841166973114
2014-05-02 12:00:00,2.061643064022064
2014-05-02 13:00:00,0.7279477715492249
2014-05-02 14:00:00,0.7303695231676102
2014-05-02 15:00:00,0.6191525906324387
2014-05-02 16:00:00,0.5397844314575195
2014-05-02 17:00:00,0.5175281763076782
2014-05-02 18:00:00,0.5371642112731934
2014-05-02 19:00:00,0.5417389869689941
2014-05-02 20:00:00,0.47433316707611084
2014-05-02 21:00:00,0.3377279043197632
2014-05-02 22:00:00,0.16857385635375977
2014-05-02 23:00:00,-0.04635882377624512
2014-05-03 00:00:00,-0.31982624530792236
2014-05-03 01:00:00,-0.5548965930938721
2014-05-03 02:00:00,-1.8769044876098633
2014-05-03 03:00:00,-2.5330498218536377
2014-05-03 04:00:00,-2.428171157836914
2014-05-03 05:00:00,-2.141040325164795
2014-05-03 06:00:00,-1.797511100769043
2014-05-03 07:00:00,-1.450291246175766
2014-05-03 08:00:00,-1.1256077289581299
2014-05-03 09:00:00,-0.8771044760942459
2014-05-03 10:00:00,-0.45617838203907013
2014-05-03 11:00:00,-0.185008242726326
2014-05-03 12:00:00,-0.12021823227405548
2014-05-03 13:00:00,-0.20172357559204102
2014-05-03 14:00:00,-0.5257590264081955
2014-05-03 15:00:00,-0.680569052696228
2014-05-03 16:00:00,-0.8328495025634766
2014-05-03 17:00:00,-0.866309404373169
2014-05-03 18:00:00,-0.8502471446990967
2014-05-03 19:00:00,-0.8129515573382378
2014-05-03 20:00:00,-0.7555553987622261
2014-05-03 21:00:00,-0.6824197322130203
2014-05-03 22:00:00,-0.5454450696706772
2014-05-03 23:00:00,-0.39881665259599686
2014-05-04 00:00:00,-0.23833363503217697
2014-05-04 01:00:00,-0.05225902749225497
2014-05-04 02:00:00,0.22161323204636574
2014-05-04 03:00:00,0.4448620118200779
2014-05-04 04:00:00,0.8716951161623001
2014-05-04 05:00:00,0.8993223905563354
2014-05-04 06:00:00,0.8822634816169739
2014-05-04 07:00:00,0.9944989681243896
2014-05-04 08:00:00,1.195204734802246
2014-05-04 09:00:00,1.4628369808197021
2014-05-04 10:00:00,1.7984837293624878
2014-05-04 11:00:00,1.9708566665649414
2014-05-04 12:00:00,2.02610582113266
2014-05-04 13:00:00,0.8050235509872437
2014-05-04 14:00:00,0.8192348927259445
2014-05-04 15:00:00,0.9240384101867676
2014-05-04 16:00:00,0.8545347452163696
2014-05-04 17:00:00,0.8648766279220581
2014-05-04 18:00:00,0.9289569854736328
2014-05-04 19:00:00,1.0845086574554443
2014-05-04 20:00:00,1.0522138327360153
2014-05-04 21:00:00,0.6497589722275734
2014-05-04 22:00:00,0.34501099586486816
2014-05-04 23:00:00,0.03147988021373749
2014-05-05 00:00:00,-0.1591152548789978
2014-05-05 01:00:00,-0.34945809841156006
2014-05-05 02:00:00,-0.9197077751159668
2014-05-05 03:00:00,-0.9943113029003143
2014-05-05 04:00:00,-0.6506730318069458
2014-05-05 05:00:00,-0.23122549057006836
2014-05-05 06:00:00,0.1487668752670288
2014-05-05 07:00:00,0.508374810218811
2014-05-05 08:00:00,0.7800283432006836
2014-05-05 09:00:00,1.0422761142253876
2014-05-05 10:00:00,0.9765514135360718
2014-05-05 11:00:00,0.7176587581634521
2014-05-05 12:00:00,0.16740143299102783
2014-05-05 13:00:00,-0.30570483207702637
2014-05-05 14:00:00,-0.6945886015892029
2014-05-05 15:00:00,-0.9225852489471436
2014-05-05 16:00:00,-1.1869758367538452
2014-05-05 17:00:00,-1.5021048486232758
2014-05-05 18:00:00,-1.797800451517105
2014-05-05 19:00:00,-2.0422120690345764
2014-05-05 20:00:00,-2.0836877822875977
2014-05-05 21:00:00,-1.9631521701812744
2014-05-05 22:00:00,-1.6281758546829224
2014-05-05 23:00:00,-1.440490484237671
2014-05-06 00:00:00,-1.248928189277649
2014-05-06 01:00:00,-1.5792429447174072
2014-05-06 02:00:00,-1.9363038539886475
2014-05-06 03:00:00,-1.5194872617721558
2014-05-06 04:00:00,-1.2740719318389893
2014-05-06 05:00:00,-1.1253113448619843
2014-05-06 06:00:00,-0.9170025587081909
2014-05-06 07:00:00,-0.6568983793258667
2014-05-06 08:00:00,-0.34917521476745605
2014-05-06 09:00:00,-0.011923529207706451
2014-05-06 10:00:00,0.2387380748987198
2014-05-06 11:00:00,0.43640778958797455
2014-05-06 12:00:00,0.46681569516658783
2014-05-06 13:00:00,0.07271337509155273
2014-05-06 14:00:00,-0.04485740512609482
2014-05-06 15:00:00,-0.21491742134094238
2014-05-06 16:00:00,-0.21127760224044323
2014-05-06 17:00:00,-0.18987073749303818
2014-05-06 18:00:00,-0.1617695316672325
2014-05-06 19:00:00,-0.10062023252248764
2014-05-06 20:00:00,0.02159895747900009
2014-05-06 21:00:00,0.20785874873399734
2014-05-06 22:00:00,0.38190990686416626
2014-05-06 23:00:00,0.5295002460479736
2014-05-07 00:00:00,0.6106290742754936
2014-05-07 01:00:00,0.5611826777458191
2014-05-07 02:00:00,1.3411691188812256
2014-05-07 03:00:00,1.4594128131866455
2014-05-07 04:00:00,1.4685360193252563
2014-05-07 05:00:00,1.4842499494552612
2014-05-07 06:00:00,1.4920988082885742
2014-05-07 07:00:00,1.5532996654510498
2014-05-07 08:00:00,1.752354621887207
2014-05-07 09:00:00,1.9816200137138367
2014-05-07 10:00:00,2.38486385345459
2014-05-07 11:00:00,2.569286823272705
2014-05-07 12:00:00,2.4951043128967285
2014-05-07 13:00:00,0.8670584559440613
2014-05-07 14:00:00,0.7836451530456543
2014-05-07 15:00:00,0.7118620872497559
2014-05-07 16:00:00,0.63837069272995
2014-05-07 17:00:00,0.5967122912406921
2014-05-07 18:00:00,0.5989023447036743
2014-05-07 19:00:00,0.64934241771698
2014-05-07 20:00:00,0.7409335374832153
2014-05-07 21:00:00,0.8720046281814575
2014-05-07 22:00:00,0.9376859217882156
2014-05-07 23:00:00,0.9944827556610107
2014-05-08 00:00:00,1.0407743453979492
2014-05-08 01:00:00,1.172944188117981
2014-05-08 02:00:00,2.3501973152160645
2014-05-08 03:00:00,2.9107210636138916
2014-05-08 04:00:00,3.107940435409546
2014-05-08 05:00:00,3.209883689880371
2014-05-08 06:00:00,3.4047744274139404
2014-05-08 07:00:00,3.723205804824829
2014-05-08 08:00:00,4.112229824066162
2014-05-08 09:00:00,4.4801130294799805
2014-05-08 10:00:00,4.643738746643066
2014-05-08 11:00:00,4.544713973999023
2014-05-08 12:00:00,4.157183647155762
2014-05-08 13:00:00,2.080047845840454
2014-05-08 14:00:00,1.887237787246704
2014-05-08 15:00:00,2.0680332481861115
2014-05-08 16:00:00,2.7851920127868652
2014-05-08 17:00:00,3.813480854034424
2014-05-08 18:00:00,3.9480104446411133
2014-05-08 19:00:00,3.354672431945801
2014-05-08 20:00:00,2.7820003032684326
2014-05-08 21:00:00,2.429938316345215
2014-05-08 22:00:00,1.9716572761535645
2014-05-08 23:00:00,1.7310150861740112
2014-05-09 00:00:00,1.5677406787872314
2014-05-09 01:00:00,1.6696324348449707
2014-05-09 02:00:00,3.0295333862304688
2014-05-09 03:00:00,2.9783103466033936
2014-05-09 04:00:00,3.7028656005859375
2014-05-09 05:00:00,3.797922134399414
2014-05-09 06:00:00,3.8663939237594604
2014-05-09 07:00:00,4.036015868186951
2014-05-09 08:00:00,4.197008013725281
2014-05-09 09:00:00,4.281632423400879
2014-05-09 10:00:00,4.287201344966888
2014-05-09 11:00:00,4.130231857299805
2014-05-09 12:00:00,3.638852119445801
2014-05-09 13:00:00,1.3007996082305908
2014-05-09 14:00:00,1.1715264320373535
2014-05-09 15:00:00,1.1016511917114258
2014-05-09 16:00:00,1.1230499595403671
2014-05-09 17:00:00,1.1541528701782227
2014-05-09 18:00:00,1.1574959754943848
2014-05-09 19:00:00,1.0999218225479126
2014-05-09 20:00:00,1.0009770393371582
2014-05-09 21:00:00,0.8780010938644409
2014-05-09 22:00:00,0.6875268220901489
2014-05-09 23:00:00,0.49549341201782227
2014-05-10 00:00:00,0.3449019193649292
2014-05-10 01:00:00,0.20109021663665771
2014-05-10 02:00:00,0.34040677547454834
2014-05-10 03:00:00,0.3179091215133667
2014-05-10 04:00:00,0.9707599878311157
2014-05-10 05:00:00,1.1910899877548218
2014-05-10 06:00:00,1.4351208209991455
2014-05-10 07:00:00,1.7341434955596924
2014-05-10 08:00:00,2.076837956905365
2014-05-10 09:00:00,2.4040856063365936
2014-05-10 10:00:00,2.347145050764084
2014-05-10 11:00:00,2.2527541518211365
2014-05-10 12:00:00,1.9220518916845322
2014-05-10 13:00:00,0.5850775167346001
2014-05-10 14:00:00,0.48065562546253204
2014-05-10 15:00:00,0.14399975445121527
2014-05-10 16:00:00,0.012959964573383331
2014-05-10 17:00:00,-0.0595545768737793
2014-05-10 18:00:00,-0.0780681986361742
2014-05-10 19:00:00,-0.00899047777056694
2014-05-10 20:00:00,0.13376173563301563
2014-05-10 21:00:00,0.23365605622529984
2014-05-10 22:00:00,0.19764119386672974
2014-05-10 23:00:00,0.14787203073501587
2014-05-11 00:00:00,0.20547335967421532
2014-05-11 01:00:00,0.3264785036444664
2014-05-11 02:00:00,1.102392926812172
2014-05-11 03:00:00,1.387652151286602
2014-05-11 04:00:00,1.5791566222906113
2014-05-11 05:00:00,1.7283006310462952
2014-05-11 06:00:00,1.960129737854004
2014-05-11 07:00:00,2.2629303634166718
2014-05-11 08:00:00,2.558524638414383
2014-05-11 09:00:00,2.8467793464660645
2014-05-11 10:00:00,2.8673486709594727
2014-05-11 11:00:00,2.8909947872161865
2014-05-11 12:00:00,2.833738327026367
2014-05-11 13:00:00,2.1138861179351807
2014-05-11 14:00:00,0.9188481569290161
2014-05-11 15:00:00,0.8468444347381592
2014-05-11 16:00:00,0.8791300058364868
2014-05-11 17:00:00,0.9238247871398926
2014-05-11 18:00:00,0.9804332256317139
2014-05-11 19:00:00,1.0335786640644073
2014-05-11 20:00:00,1.0782809257507324
2014-05-11 21:00:00,1.1213573217391968
2014-05-11 22:00:00,1.088418498635292
2014-05-11 23:00:00,1.0927748680114746
2014-05-12 00:00:00,1.1250766515731812
2014-05-12 01:00:00,1.1113756895065308
2014-05-12 02:00:00,2.533015012741089
2014-05-12 03:00:00,3.2376766204833984
2014-05-12 04:00:00,3.430962085723877
2014-05-12 05:00:00,3.279653787612915
2014-05-12 06:00:00,3.16092586517334
2014-05-12 07:00:00,3.2879300117492676
2014-05-12 08:00:00,3.5031938552856445
2014-05-12 09:00:00,3.552842140197754
2014-05-12 10:00:00,3.1071391105651855
2014-05-12 11:00:00,2.56745582818985
2014-05-12 12:00:00,2.086530923843384
2014-05-12 13:00:00,0.9157778024673462
2014-05-12 14:00:00,0.6140351593494415
2014-05-12 15:00:00,-0.10806453227996826
2014-05-12 16:00:00,-0.5846655368804932
2014-05-12 17:00:00,-0.7314233779907227
2014-05-12 18:00:00,-0.6756643056869507
2014-05-12 19:00:00,-0.6568050384521484
2014-05-12 20:00:00,-0.6929388046264648
2014-05-12 21:00:00,-0.7983028888702393
2014-05-12 22:00:00,-0.9382308721542358
2014-05-12 23:00:00,-1.0664877742528915
2014-05-13 00:00:00,-1.2596995830535889
2014-05-13 01:00:00,-1.7240962982177734
2014-05-13 02:00:00,-0.6518325507640839
2014-05-13 03:00:00,2.0314507484436035
2014-05-13 04:00:00,2.5868401378393173
2014-05-13 05:00:00,1.85307976603508
2014-05-13 06:00:00,1.1978577673435211
2014-05-13 07:00:00,1.2846709191799164
2014-05-13 08:00:00,1.667163759469986
2014-05-13 09:00:00,1.7839883863925934
2014-05-13 10:00:00,2.1006351113319397
2014-05-13 11:00:00,2.2905282378196716
2014-05-13 12:00:00,2.114523410797119
2014-05-13 13:00:00,0.962382435798645
2014-05-13 14:00:00,0.49255186319351196
2014-05-13 15:00:00,0.2726595997810364
2014-05-13 16:00:00,0.1413336992263794
2014-05-13 17:00:00,0.11687693744897842
2014-05-13 18:00:00,0.16957709938287735
2014-05-13 19:00:00,0.23236583545804024
2014-05-13 20:00:00,0.23294449970126152
2014-05-13 21:00:00,0.236286461353302
2014-05-13 22:00:00,0.30310559272766113
2014-05-13 23:00:00,0.48737309873104095
2014-05-14 00:00:00,0.6548250839114189
2014-05-14 01:00:00,1.5382065773010254
2014-05-14 02:00:00,1.9748020023107529
2014-05-14 03:00:00,2.6173791885375977
2014-05-14 04:00:00,2.9840242862701416
2014-05-14 05:00:00,3.3888485431671143
2014-05-14 06:00:00,3.6120212078094482
2014-05-14 07:00:00,3.7428181171417236
2014-05-14 08:00:00,3.8890581130981445
2014-05-14 09:00:00,4.111416280269623
2014-05-14 10:00:00,4.140569746494293
2014-05-14 11:00:00,4.094827651977539
2014-05-14 12:00:00,3.821826457977295
2014-05-14 13:00:00,2.343286007642746
2014-05-14 14:00:00,1.4430692195892334
2014-05-14 15:00:00,1.396845817565918
2014-05-14 16:00:00,1.539806753396988
2014-05-14 17:00:00,1.6284059584140778
2014-05-14 18:00:00,1.5945930480957031
2014-05-14 19:00:00,1.5763641148805618
2014-05-14 20:00:00,1.6704533100128174
2014-05-14 21:00:00,1.8472332954406738
2014-05-14 22:00:00,2.021221160888672
2014-05-14 23:00:00,2.2027941048145294
2014-05-15 00:00:00,2.1425089836120605
2014-05-15 01:00:00,3.2017173767089844
2014-05-15 02:00:00,3.3812544345855713
2014-05-15 03:00:00,4.547219276428223
2014-05-15 04:00:00,4.683871746063232
2014-05-15 05:00:00,4.2612504959106445
2014-05-15 06:00:00,4.001403391361237
2014-05-15 07:00:00,3.9374794960021973
2014-05-15 08:00:00,3.9561038613319397
2014-05-15 09:00:00,4.043259620666504
2014-05-15 10:00:00,4.176633298397064
2014-05-15 11:00:00,4.2979536652565
2014-05-15 12:00:00,4.18841028213501
2014-05-15 13:00:00,2.8280413150787354
2014-05-15 14:00:00,1.7034955024719238
2014-05-15 15:00:00,1.6941430568695068
2014-05-15 16:00:00,1.9870795607566833
2014-05-15 17:00:00,2.282934457063675
2014-05-15 18:00:00,2.646763324737549
2014-05-15 19:00:00,3.040964126586914
2014-05-15 20:00:00,3.3254969120025635
2014-05-15 21:00:00,3.595616340637207
2014-05-15 22:00:00,3.4383656978607178
2014-05-15 23:00:00,3.474989414215088
2014-05-16 00:00:00,3.3802621364593506
2014-05-16 01:00:00,3.845613479614258
2014-05-16 02:00:00,3.7651119232177734
2014-05-16 03:00:00,4.242485046386719
2014-05-16 04:00:00,4.065986156463623
2014-05-16 05:00:00,3.764880657196045
2014-05-16 06:00:00,3.591770350933075
2014-05-16 07:00:00,3.5993943214416504
2014-05-16 08:00:00,3.731472969055176
2014-05-16 09:00:00,3.8679656982421875
2014-05-16 10:00:00,4.0911736488342285
2014-05-16 11:00:00,4.1785783767700195
2014-05-16 12:00:00,4.021874010562897
2014-05-16 13:00:00,2.938575506210327
2014-05-16 14:00:00,1.5889783799648285
2014-05-16 15:00:00,1.4807405322790146
2014-05-16 16:00:00,1.3486835956573486
2014-05-16 17:00:00,1.2614336013793945
2014-05-16 18:00:00,1.2251747846603394
2014-05-16 19:00:00,1.1980450302362442
2014-05-16 20:00:00,1.1784623861312866
2014-05-16 21:00:00,1.165513277053833
2014-05-16 22:00:00,1.210184320807457
2014-05-16 23:00:00,1.3189982175827026
2014-05-17 00:00:00,1.4099974632263184
2014-05-17 01:00:00,2.5360801219940186
2014-05-17 02:00:00,2.5670270919799805
2014-05-17 03:00:00,3.3368234634399414
2014-05-17 04:00:00,3.5152130126953125
2014-05-17 05:00:00,3.5386006832122803
2014-05-17 06:00:00,3.562528133392334
2014-05-17 07:00:00,3.631396770477295
2014-05-17 08:00:00,3.7562594413757324
2014-05-17 09:00:00,3.8873801231384277
2014-05-17 10:00:00,4.057007312774658
2014-05-17 11:00:00,4.301279067993164
2014-05-17 12:00:00,4.393501281738281
2014-05-17 13:00:00,3.628446578979492
2014-05-17 14:00:00,1.8655647337436676
2014-05-17 15:00:00,1.7309588491916656
2014-05-17 16:00:00,1.6677532196044922
2014-05-17 17:00:00,1.5913212299346924
2014-05-17 18:00:00,1.5389320850372314
2014-05-17 19:00:00,1.5148375034332275
2014-05-17 20:00:00,1.5280344486236572
2014-05-17 21:00:00,1.5647114515304565
2014-05-17 22:00:00,1.4053515195846558
2014-05-17 23:00:00,1.316197395324707
2014-05-18 00:00:00,1.228578805923462
2014-05-18 01:00:00,2.1329259872436523
2014-05-18 02:00:00,2.06201171875
2014-05-18 03:00:00,3.104907989501953
2014-05-18 04:00:00,4.067708492279053
2014-05-18 05:00:00,4.373078346252441
2014-05-18 06:00:00,4.560199737548828
2014-05-18 07:00:00,4.766680717468262
2014-05-18 08:00:00,4.968009948730469
2014-05-18 09:00:00,5.114320278167725
2014-05-18 10:00:00,5.134660720825195
2014-05-18 11:00:00,5.154207229614258
2014-05-18 12:00:00,4.962562561035156
2014-05-18 13:00:00,3.629769802093506
2014-05-18 14:00:00,1.9269919395446777
2014-05-18 15:00:00,1.7810717523097992
2014-05-18 16:00:00,1.8006509840488434
2014-05-18 17:00:00,1.7588910162448883
2014-05-18 18:00:00,1.703430414199829
2014-05-18 19:00:00,1.6012969017028809
2014-05-18 20:00:00,1.5054740905761719
2014-05-18 21:00:00,1.5048704147338867
2014-05-18 22:00:00,1.390755295753479
2014-05-18 23:00:00,1.3731441497802734
2014-05-19 00:00:00,1.3870933055877686
2014-05-19 01:00:00,2.427201747894287
2014-05-19 02:00:00,2.9266560077667236
2014-05-19 03:00:00,3.9280229806900024
2014-05-19 04:00:00,4.253079891204834
2014-05-19 05:00:00,4.440317630767822
2014-05-19 06:00:00,4.682503700256348
2014-05-19 07:00:00,4.9644694328308105
2014-05-19 08:00:00,5.183038234710693
2014-05-19 09:00:00,5.3104376792907715
2014-05-19 10:00:00,5.5501813888549805
2014-05-19 11:00:00,5.582950592041016
2014-05-19 12:00:00,5.312742233276367
2014-05-19 13:00:00,3.997609257698059
2014-05-19 14:00:00,2.146198034286499
2014-05-19 15:00:00,2.0415117740631104
2014-05-19 16:00:00,1.9507903456687927
2014-05-19 17:00:00,1.8582498133182526
2014-05-19 18:00:00,1.756950706243515
2014-05-19 19:00:00,1.700315237045288
2014-05-19 20:00:00,1.640589326620102
2014-05-19 21:00:00,1.543182134628296
2014-05-19 22:00:00,1.2744341045618057
2014-05-19 23:00:00,1.0772023499011993
2014-05-20 00:00:00,0.9274642169475555
2014-05-20 01:00:00,1.4232279062271118
2014-05-20 02:00:00,1.6490180492401123
2014-05-20 03:00:00,2.7506909370422363
2014-05-20 04:00:00,4.1578168869018555
2014-05-20 05:00:00,4.610451698303223
2014-05-20 06:00:00,4.710752964019775
2014-05-20 07:00:00,4.730447769165039
2014-05-20 08:00:00,4.764449119567871
2014-05-20 09:00:00,4.714785099029541
2014-05-20 10:00:00,4.708834171295166
2014-05-20 11:00:00,4.6223344802856445
2014-05-20 12:00:00,4.401444435119629
2014-05-20 13:00:00,3.575269937515259
2014-05-20 14:00:00,1.7828631401062012
2014-05-20 15:00:00,1.8661854267120361
2014-05-20 16:00:00,1.8913516998291016
2014-05-20 17:00:00,1.9580004215240479
2014-05-20 18:00:00,2.009072870016098
2014-05-20 19:00:00,2.063835620880127
2014-05-20 20:00:00,2.0920944213867188
2014-05-20 21:00:00,2.014235258102417
2014-05-20 22:00:00,1.73738631606102
2014-05-20 23:00:00,1.4605631828308105
2014-05-21 00:00:00,1.2849130630493164
2014-05-21 01:00:00,1.9655163288116455
2014-05-21 02:00:00,2.79008150100708
2014-05-21 03:00:00,4.144493579864502
2014-05-21 04:00:00,4.723526477813721
2014-05-21 05:00:00,4.7060441970825195
2014-05-21 06:00:00,4.616461277008057
2014-05-21 07:00:00,4.606119632720947
2014-05-21 08:00:00,4.697718620300293
2014-05-21 09:00:00,4.929811477661133
2014-05-21 10:00:00,5.306740760803223
2014-05-21 11:00:00,5.5819172859191895
2014-05-21 12:00:00,5.595308780670166
2014-05-21 13:00:00,4.80197286605835
2014-05-21 14:00:00,2.683311939239502
2014-05-21 15:00:00,2.414633274078369
2014-05-21 16:00:00,2.2916135787963867
2014-05-21 17:00:00,2.212701767683029
2014-05-21 18:00:00,2.058899402618408
2014-05-21 19:00:00,1.870260328054428
2014-05-21 20:00:00,1.7025258541107178
2014-05-21 21:00:00,1.6513605117797852
2014-05-21 22:00:00,1.5262211859226227
2014-05-21 23:00:00,1.434307187795639
2014-05-22 00:00:00,1.3429538011550903
2014-05-22 01:00:00,1.5553762912750244
2014-05-22 02:00:00,2.5220942199230194
2014-05-22 03:00:00,2.9458374977111816
2014-05-22 04:00:00,4.257281303405762
2014-05-22 05:00:00,4.629519939422607
2014-05-22 06:00:00,4.8684539794921875
2014-05-22 07:00:00,5.0734543800354
2014-05-22 08:00:00,5.270605087280273
2014-05-22 09:00:00,5.37947416305542
2014-05-22 10:00:00,5.2744646072387695
2014-05-22 11:00:00,5.150632858276367
2014-05-22 12:00:00,4.740479946136475
2014-05-22 13:00:00,2.7607016563415527
2014-05-22 14:00:00,1.1708896160125732
2014-05-22 15:00:00,0.7845956087112427
2014-05-22 16:00:00,0.6071509122848511
2014-05-22 17:00:00,0.5486232042312622
2014-05-22 18:00:00,0.6305868625640869
2014-05-22 19:00:00,0.8002151250839233
2014-05-22 20:00:00,0.9520612955093384
2014-05-22 21:00:00,1.0704679638147354
2014-05-22 22:00:00,1.0850458443164825
2014-05-22 23:00:00,1.1113715171813965
2014-05-23 00:00:00,1.1545506715774536
2014-05-23 01:00:00,1.5000310838222504
2014-05-23 02:00:00,2.5131381154060364
2014-05-23 03:00:00,3.067293167114258
2014-05-23 04:00:00,3.250176429748535
2014-05-23 05:00:00,2.7743226885795593
2014-05-23 06:00:00,2.7219910621643066
2014-05-23 07:00:00,2.9215660095214844
2014-05-23 08:00:00,3.2401890754699707
2014-05-23 09:00:00,3.6230737566947937
2014-05-23 10:00:00,3.740230083465576
2014-05-23 11:00:00,3.8091025352478027
2014-05-23 12:00:00,3.5255017280578613
2014-05-23 13:00:00,1.2978242635726929
2014-05-23 14:00:00,0.9756582081317902
2014-05-23 15:00:00,0.6501278877258301
2014-05-23 16:00:00,0.5468932390213013
2014-05-23 17:00:00,0.545892059803009
2014-05-23 18:00:00,0.6360252499580383
2014-05-23 19:00:00,0.714111328125
2014-05-23 20:00:00,0.733671247959137
2014-05-23 21:00:00,0.6759477853775024
2014-05-23 22:00:00,0.6071661114692688
2014-05-23 23:00:00,0.4847869724035263
2014-05-24 00:00:00,0.2941168546676636
2014-05-24 01:00:00,0.09491977095603943
2014-05-24 02:00:00,0.1512337177991867
2014-05-24 03:00:00,0.5844712108373642
2014-05-24 04:00:00,0.9241554737091064
2014-05-24 05:00:00,0.8482943922281265
2014-05-24 06:00:00,0.669717088341713
2014-05-24 07:00:00,0.5430214256048203
2014-05-24 08:00:00,0.5430525653064251
2014-05-24 09:00:00,0.6398299639113247
2014-05-24 10:00:00,1.1171680763363838
2014-05-24 11:00:00,1.382401168346405
2014-05-24 12:00:00,1.4434983730316162
2014-05-24 13:00:00,0.9930239915847778
2014-05-24 14:00:00,0.3561009019613266
2014-05-24 15:00:00,0.1652304008603096
2014-05-24 16:00:00,0.13038473576307297
2014-05-24 17:00:00,0.1035439670085907
2014-05-24 18:00:00,0.11059227585792542
2014-05-24 19:00:00,0.15128308534622192
2014-05-24 20:00:00,0.22728073596954346
2014-05-24 21:00:00,0.3413834571838379
2014-05-24 22:00:00,0.49483394622802734
2014-05-24 23:00:00,0.672793984413147
2014-05-25 00:00:00,0.7181110382080078
2014-05-25 01:00:00,0.46311068534851074
2014-05-25 02:00:00,0.6876661777496338
2014-05-25 03:00:00,0.7424603700637817
2014-05-25 04:00:00,0.508258581161499
2014-05-25 05:00:00,0.3137825131416321
2014-05-25 06:00:00,0.13240613788366318
2014-05-25 07:00:00,0.06439433991909027
2014-05-25 08:00:00,0.17523586750030518
2014-05-25 09:00:00,0.42595602571964264
2014-05-25 10:00:00,0.771743768826127
2014-05-25 11:00:00,1.0266954973340034
2014-05-25 12:00:00,1.1648969501256943
2014-05-25 13:00:00,0.5600194968283176
2014-05-25 14:00:00,0.33906614035367966
2014-05-25 15:00:00,0.07686588913202286
2014-05-25 16:00:00,-0.21233520656824112
2014-05-25 17:00:00,-0.4904988408088684
2014-05-25 18:00:00,-0.6821292638778687
2014-05-25 19:00:00,-0.8016500174999237
2014-05-25 20:00:00,-0.8799790143966675
2014-05-25 21:00:00,-0.9153295755386353
2014-05-25 22:00:00,-0.8714160472154617
2014-05-25 23:00:00,-0.8689614534378052
2014-05-26 00:00:00,-0.8706437349319458
2014-05-26 01:00:00,-0.8733373433351517
2014-05-26 02:00:00,-1.4107866287231445
2014-05-26 03:00:00,-1.1027268171310425
2014-05-26 04:00:00,-0.4956536144018173
2014-05-26 05:00:00,-0.26392874866724014
2014-05-26 06:00:00,-0.1636417806148529
2014-05-26 07:00:00,-0.029347535222768784
2014-05-26 08:00:00,0.1326064094901085
2014-05-26 09:00:00,0.30144965648651123
2014-05-26 10:00:00,0.5099228471517563
2014-05-26 11:00:00,0.5347556695342064
2014-05-26 12:00:00,0.4179367716424167
2014-05-26 13:00:00,-0.035749197006225586
2014-05-26 14:00:00,-0.5308283548802137
2014-05-26 15:00:00,-0.9178551360964775
2014-05-26 16:00:00,-1.0962501615285873
2014-05-26 17:00:00,-1.1241207122802734
2014-05-26 18:00:00,-1.0618572235107422
2014-05-26 19:00:00,-0.9431277513504028
2014-05-26 20:00:00,-0.7669826820492744
2014-05-26 21:00:00,-0.5881661176681519
2014-05-26 22:00:00,-0.5131433606147766
2014-05-26 23:00:00,-0.4483211636543274
2014-05-27 00:00:00,-0.41229963302612305
2014-05-27 01:00:00,-0.3640034347772598
2014-05-27 02:00:00,-1.0006181076169014
2014-05-27 03:00:00,-1.3218742609024048
2014-05-27 04:00:00,-1.5975289195775986
2014-05-27 05:00:00,-1.5558686256408691
2014-05-27 06:00:00,-1.1626307964324951
2014-05-27 07:00:00,-0.528638169169426
2014-05-27 08:00:00,0.26258385181427
2014-05-27 09:00:00,1.0195223093032837
2014-05-27 10:00:00,1.5572848320007324
2014-05-27 11:00:00,1.956736147403717
2014-05-27 12:00:00,2.0916531085968018
2014-05-27 13:00:00,0.9200426340103149
2014-05-27 14:00:00,0.7257896661758423
2014-05-27 15:00:00,0.5872990489006042
2014-05-27 16:00:00,0.5422871708869934
2014-05-27 17:00:00,0.5896070003509521
2014-05-27 18:00:00,0.7047878503799438
2014-05-27 19:00:00,0.8360445499420166
2014-05-27 20:00:00,0.9392993152141571
2014-05-27 21:00:00,0.9816257953643799
2014-05-27 22:00:00,0.8452780246734619
2014-05-27 23:00:00,0.6958824396133423
2014-05-28 00:00:00,0.584578275680542
2014-05-28 01:00:00,0.5470459461212158
2014-05-28 02:00:00,0.7783075571060181
2014-05-28 03:00:00,0.7265220880508423
2014-05-28 04:00:00,1.3452904224395752
2014-05-28 05:00:00,1.5847302377223969
2014-05-28 06:00:00,1.7915471196174622
2014-05-28 07:00:00,1.9881365299224854
2014-05-28 08:00:00,2.175322085618973
2014-05-28 09:00:00,2.3570168018341064
2014-05-28 10:00:00,2.576028823852539
2014-05-28 11:00:00,2.8223087787628174
2014-05-28 12:00:00,2.862138509750366
2014-05-28 13:00:00,1.1286830753087997
2014-05-28 14:00:00,0.9443005323410034
2014-05-28 15:00:00,1.0238350629806519
2014-05-28 16:00:00,1.206972360610962
2014-05-28 17:00:00,1.380042552947998
2014-05-28 18:00:00,1.4525049924850464
2014-05-28 19:00:00,1.3533180952072144
2014-05-28 20:00:00,1.1659516096115112
2014-05-28 21:00:00,0.9434413909912109
2014-05-28 22:00:00,0.6903576403856277
2014-05-28 23:00:00,0.4432351589202881
2014-05-29 00:00:00,0.23863822221755981
2014-05-29 01:00:00,0.12858042865991592
2014-05-29 02:00:00,0.2871928811073303
2014-05-29 03:00:00,0.2629483938217163
2014-05-29 04:00:00,0.7798354625701904
2014-05-29 05:00:00,1.2654714584350586
2014-05-29 06:00:00,1.7280827462673187
2014-05-29 07:00:00,2.131974458694458
2014-05-29 08:00:00,2.482476681470871
2014-05-29 09:00:00,2.81343936920166
2014-05-29 10:00:00,2.943554401397705
2014-05-29 11:00:00,2.940859794616699
2014-05-29 12:00:00,2.6847620010375977
2014-05-29 13:00:00,0.768845796585083
2014-05-29 14:00:00,0.774025559425354
2014-05-29 15:00:00,0.613090991973877
2014-05-29 16:00:00,0.7652335166931152
2014-05-29 17:00:00,0.955907940864563
2014-05-29 18:00:00,1.097292184829712
2014-05-29 19:00:00,1.1871322393417358
2014-05-29 20:00:00,1.2429628372192383
2014-05-29 21:00:00,1.3274271488189697
2014-05-29 22:00:00,1.454901933670044
2014-05-29 23:00:00,1.543097972869873
2014-05-30 00:00:00,1.566377729177475
2014-05-30 01:00:00,1.900399699807167
2014-05-30 02:00:00,2.192764103412628
2014-05-30 03:00:00,1.3170538023114204
2014-05-30 04:00:00,0.5341913774609566
2014-05-30 05:00:00,0.18476699478924274
2014-05-30 06:00:00,0.5826883241534233
2014-05-30 07:00:00,1.492376685142517
2014-05-30 08:00:00,2.444448232650757
2014-05-30 09:00:00,3.232069730758667
2014-05-30 10:00:00,3.1227328777313232
2014-05-30 11:00:00,3.088944911956787
2014-05-30 12:00:00,2.9689888954162598
2014-05-30 13:00:00,1.0929863452911377
2014-05-30 14:00:00,1.0515724420547485
2014-05-30 15:00:00,0.9271987676620483
2014-05-30 16:00:00,0.8804049789905548
2014-05-30 17:00:00,0.8168403655290604
2014-05-30 18:00:00,0.7893089056015015
2014-05-30 19:00:00,0.7995213270187378
2014-05-30 20:00:00,0.8104521036148071
2014-05-30 21:00:00,0.8048709630966187
2014-05-30 22:00:00,0.7017708420753479
2014-05-30 23:00:00,0.6660210490226746
2014-05-31 00:00:00,0.7203102111816406
2014-05-31 01:00:00,0.7053018882870674
2014-05-31 02:00:00,1.6823599338531494
2014-05-31 03:00:00,1.643136590719223
2014-05-31 04:00:00,1.7030918598175049
2014-05-31 05:00:00,1.2660216093063354
2014-05-31 06:00:00,0.9477783441543579
2014-05-31 07:00:00,0.8880199193954468
2014-05-31 08:00:00,0.9922281503677368
2014-05-31 09:00:00,1.1648001670837402
2014-05-31 10:00:00,1.6186858415603638
2014-05-31 11:00:00,1.9471337795257568
2014-05-31 12:00:00,2.132359266281128
2014-05-31 13:00:00,1.1592570543289185
2014-05-31 14:00:00,0.9124861359596252
2014-05-31 15:00:00,0.8865207433700562
2014-05-31 16:00:00,0.9051683396100998
2014-05-31 17:00:00,0.9193953275680542
2014-05-31 18:00:00,0.9717545807361603
2014-05-31 19:00:00,1.0377554595470428
2014-05-31 20:00:00,1.065673589706421
2014-05-31 21:00:00,1.0534651428461075
2014-05-31 22:00:00,1.1965018510818481
2014-05-31 23:00:00,1.3593361377716064
2014-06-01 00:00:00,1.5251884460449219
2014-06-01 01:00:00,2.0409541726112366
2014-06-01 02:00:00,3.1994752883911133
2014-06-01 03:00:00,3.473892390727997
2014-06-01 04:00:00,3.005272388458252
2014-06-01 05:00:00,1.9765010178089142
2014-06-01 06:00:00,0.924288272857666
2014-06-01 07:00:00,0.148760087788105
2014-06-01 08:00:00,-0.20152002573013306
2014-06-01 09:00:00,-0.16680265218019485
2014-06-01 10:00:00,0.4028894864022732
2014-06-01 11:00:00,0.9959454536437988
2014-06-01 12:00:00,1.3409831523895264
2014-06-01 13:00:00,0.9640839099884033
2014-06-01 14:00:00,0.3459976688027382
2014-06-01 15:00:00,-0.04577451944351196
2014-06-01 16:00:00,-0.30380940437316895
2014-06-01 17:00:00,-0.47189992293715477
2014-06-01 18:00:00,-0.5017051231116056
2014-06-01 19:00:00,-0.4033777713775635
2014-06-01 20:00:00,-0.1902424693107605
2014-06-01 21:00:00,0.07604020833969116
2014-06-01 22:00:00,0.23120421171188354
2014-06-01 23:00:00,0.3763037919998169
2014-06-02 00:00:00,0.4444035291671753
2014-06-02 01:00:00,0.3064274787902832
2014-06-02 02:00:00,0.352746844291687
2014-06-02 03:00:00,0.6610597372055054
2014-06-02 04:00:00,0.585647702217102
2014-06-02 05:00:00,0.4762125015258789
2014-06-02 06:00:00,0.603142261505127
2014-06-02 07:00:00,0.9660134613513947
2014-06-02 08:00:00,1.4212275743484497
2014-06-02 09:00:00,1.8482444286346436
2014-06-02 10:00:00,2.2118544578552246
2014-06-02 11:00:00,2.46016263961792
2014-06-02 12:00:00,2.487553596496582
2014-06-02 13:00:00,1.966292828321457
2014-06-02 14:00:00,0.925838828086853
2014-06-02 15:00:00,1.0349771976470947
2014-06-02 16:00:00,1.2864069938659668
2014-06-02 17:00:00,1.614964872598648
2014-06-02 18:00:00,1.957290232181549
2014-06-02 19:00:00,2.238546907901764
2014-06-02 20:00:00,2.3903005123138428
2014-06-02 21:00:00,2.448538303375244
2014-06-02 22:00:00,2.2104525566101074
2014-06-02 23:00:00,2.002131402492523
2014-06-03 00:00:00,1.8116393983364105
2014-06-03 01:00:00,2.6950554847717285
2014-06-03 02:00:00,2.7690343856811523
2014-06-03 03:00:00,2.9236111640930176
2014-06-03 04:00:00,3.0436530113220215
2014-06-03 05:00:00,3.0377120971679688
2014-06-03 06:00:00,3.1865766048431396
2014-06-03 07:00:00,3.346407175064087
2014-06-03 08:00:00,3.4597692489624023
2014-06-03 09:00:00,3.521646022796631
2014-06-03 10:00:00,3.705854892730713
2014-06-03 11:00:00,3.8295786380767822
2014-06-03 12:00:00,3.7793283462524414
2014-06-03 13:00:00,2.4217989444732666
2014-06-03 14:00:00,1.471437692642212
2014-06-03 15:00:00,1.5869934558868408
2014-06-03 16:00:00,1.8028709292411804
2014-06-03 17:00:00,1.982240617275238
2014-06-03 18:00:00,2.096597671508789
2014-06-03 19:00:00,2.122408390045166
2014-06-03 20:00:00,2.037226915359497
2014-06-03 21:00:00,1.8829660415649414
2014-06-03 22:00:00,1.5214409828186035
2014-06-03 23:00:00,1.252606749534607
2014-06-04 00:00:00,1.0556575059890747
2014-06-04 01:00:00,0.9331166297197342
2014-06-04 02:00:00,1.5103888511657715
2014-06-04 03:00:00,1.4481847286224365
2014-06-04 04:00:00,2.3687329292297363
2014-06-04 05:00:00,2.57720947265625
2014-06-04 06:00:00,2.7822256088256836
2014-06-04 07:00:00,2.9312145709991455
2014-06-04 08:00:00,3.08390474319458
2014-06-04 09:00:00,3.210576057434082
2014-06-04 10:00:00,3.4105632305145264
2014-06-04 11:00:00,3.5372672080993652
2014-06-04 12:00:00,3.515855073928833
2014-06-04 13:00:00,2.421855926513672
2014-06-04 14:00:00,1.3680994510650635
2014-06-04 15:00:00,1.4698872566223145
2014-06-04 16:00:00,1.6086139678955078
2014-06-04 17:00:00,1.7171075344085693
2014-06-04 18:00:00,1.7863290309906006
2014-06-04 19:00:00,1.7763070166110992
2014-06-04 20:00:00,1.6770099699497223
2014-06-04 21:00:00,1.550183653831482
2014-06-04 22:00:00,1.2596219778060913
2014-06-04 23:00:00,1.0463536977767944
2014-06-05 00:00:00,0.8785628080368042
2014-06-05 01:00:00,0.7264571189880371
2014-06-05 02:00:00,1.336474895477295
2014-06-05 03:00:00,1.5249708890914917
2014-06-05 04:00:00,2.007718563079834
2014-06-05 05:00:00,1.9853057861328125
2014-06-05 06:00:00,2.0439212322235107
2014-06-05 07:00:00,2.1934444904327393
2014-06-05 08:00:00,2.404465675354004
2014-06-05 09:00:00,2.6590020656585693
2014-06-05 10:00:00,3.1375303268432617
2014-06-05 11:00:00,3.55167818069458
2014-06-05 12:00:00,3.7755852937698364
2014-06-05 13:00:00,2.773104429244995
2014-06-05 14:00:00,1.6300981044769287
2014-06-05 15:00:00,1.7880510091781616
2014-06-05 16:00:00,2.102328300476074
2014-06-05 17:00:00,2.50921368598938
2014-06-05 18:00:00,2.972217559814453
2014-06-05 19:00:00,3.3922038078308105
2014-06-05 20:00:00,3.6551973819732666
2014-06-05 21:00:00,3.7856199145317078
2014-06-05 22:00:00,3.193329095840454
2014-06-05 23:00:00,2.6647067070007324
2014-06-06 00:00:00,2.311861038208008
2014-06-06 01:00:00,3.226830005645752
2014-06-06 02:00:00,3.3237979412078857
2014-06-06 03:00:00,3.3616180419921875
2014-06-06 04:00:00,4.429548740386963
2014-06-06 05:00:00,4.543717384338379
2014-06-06 06:00:00,4.611783981323242
2014-06-06 07:00:00,4.641361236572266
2014-06-06 08:00:00,4.6366868019104
2014-06-06 09:00:00,4.605681419372559
2014-06-06 10:00:00,4.7238359451293945
2014-06-06 11:00:00,4.7698893547058105
2014-06-06 12:00:00,4.628355979919434
2014-06-06 13:00:00,3.496636152267456
2014-06-06 14:00:00,1.8391201496124268
2014-06-06 15:00:00,1.9288505911827087
2014-06-06 16:00:00,2.1584625244140625
2014-06-06 17:00:00,2.3728597164154053
2014-06-06 18:00:00,2.543914556503296
2014-06-06 19:00:00,2.7408905029296875
2014-06-06 20:00:00,3.020270824432373
2014-06-06 21:00:00,3.4785537719726562
2014-06-06 22:00:00,3.5671520233154297
2014-06-06 23:00:00,3.520305812358856
2014-06-07 00:00:00,3.382476806640625
2014-06-07 01:00:00,4.107289254665375
2014-06-07 02:00:00,4.172678530216217
2014-06-07 03:00:00,4.8128533363342285
2014-06-07 04:00:00,5.8602375984191895
2014-06-07 05:00:00,6.358129978179932
2014-06-07 06:00:00,6.795055866241455
2014-06-07 07:00:00,7.205672264099121
2014-06-07 08:00:00,7.613929748535156
2014-06-07 09:00:00,8.020747900009155
2014-06-07 10:00:00,7.291176795959473
2014-06-07 11:00:00,6.784262657165527
2014-06-07 12:00:00,6.199856281280518
2014-06-07 13:00:00,4.724685192108154
2014-06-07 14:00:00,2.4171640872955322
2014-06-07 15:00:00,2.1829352378845215
2014-06-07 16:00:00,2.400014877319336
2014-06-07 17:00:00,2.5447580814361572
2014-06-07 18:00:00,2.6185362339019775
2014-06-07 19:00:00,2.603712558746338
2014-06-07 20:00:00,2.485424518585205
2014-06-07 21:00:00,2.310210943222046
2014-06-07 22:00:00,1.886429876089096
2014-06-07 23:00:00,1.578106164932251
2014-06-08 00:00:00,1.3775889873504639
2014-06-08 01:00:00,1.929447889328003
2014-06-08 02:00:00,2.4694690704345703
2014-06-08 03:00:00,2.556718111038208
2014-06-08 04:00:00,3.2362780570983887
2014-06-08 05:00:00,3.7024242877960205
2014-06-08 06:00:00,4.043477952480316
2014-06-08 07:00:00,4.250594139099121
2014-06-08 08:00:00,4.367670059204102
2014-06-08 09:00:00,4.444368362426758
2014-06-08 10:00:00,4.292361736297607
2014-06-08 11:00:00,4.060933589935303
2014-06-08 12:00:00,3.7615405321121216
2014-06-08 13:00:00,2.216564416885376
2014-06-08 14:00:00,1.3123530149459839
2014-06-08 15:00:00,1.2978493124246597
2014-06-08 16:00:00,1.3887409269809723
2014-06-08 17:00:00,1.4298021793365479
2014-06-08 18:00:00,1.449246421456337
2014-06-08 19:00:00,1.4723570197820663
2014-06-08 20:00:00,1.5252942144870758
2014-06-08 21:00:00,1.6389217376708984
2014-06-08 22:00:00,1.655998319387436
2014-06-08 23:00:00,1.6873155534267426
2014-06-09 00:00:00,1.663338541984558
2014-06-09 01:00:00,2.7848663330078125
2014-06-09 02:00:00,2.6660988330841064
2014-06-09 03:00:00,2.380640983581543
2014-06-09 04:00:00,2.4889824390411377
2014-06-09 05:00:00,2.361874580383301
2014-06-09 06:00:00,2.603614568710327
2014-06-09 07:00:00,3.173618793487549
2014-06-09 08:00:00,3.9052000045776367
2014-06-09 09:00:00,4.583983361721039
2014-06-09 10:00:00,4.740125238895416
2014-06-09 11:00:00,4.793521881103516
2014-06-09 12:00:00,4.505443572998047
2014-06-09 13:00:00,2.3196572959423065
2014-06-09 14:00:00,1.5334343910217285
2014-06-09 15:00:00,1.4493149518966675
2014-06-09 16:00:00,1.5356537103652954
2014-06-09 17:00:00,1.6550813913345337
2014-06-09 18:00:00,1.8501336574554443
2014-06-09 19:00:00,2.1038501262664795
2014-06-09 20:00:00,2.3551266193389893
2014-06-09 21:00:00,2.423243999481201
2014-06-09 22:00:00,1.9564833641052246
2014-06-09 23:00:00,1.558905839920044
2014-06-10 00:00:00,1.3428224325180054
2014-06-10 01:00:00,1.9575064182281494
2014-06-10 02:00:00,2.9340481758117676
2014-06-10 03:00:00,3.073584794998169
2014-06-10 04:00:00,4.6731791496276855
2014-06-10 05:00:00,5.415133476257324
2014-06-10 06:00:00,6.156305313110352
2014-06-10 07:00:00,6.86650276184082
2014-06-10 08:00:00,7.422675609588623
2014-06-10 09:00:00,7.764056205749512
2014-06-10 10:00:00,7.450654983520508
2014-06-10 11:00:00,7.028208255767822
2014-06-10 12:00:00,6.474029064178467
2014-06-10 13:00:00,5.159943103790283
2014-06-10 14:00:00,2.9422879219055176
2014-06-10 15:00:00,2.9671072959899902
2014-06-10 16:00:00,3.437563717365265
2014-06-10 17:00:00,3.739965081214905
2014-06-10 18:00:00,3.9265947341918945
2014-06-10 19:00:00,4.028307557106018
2014-06-10 20:00:00,4.10998809337616
2014-06-10 21:00:00,4.231927514076233
2014-06-10 22:00:00,4.208496570587158
2014-06-10 23:00:00,4.351195335388184
2014-06-11 00:00:00,4.512505531311035
2014-06-11 01:00:00,5.375053882598877
2014-06-11 02:00:00,5.602025032043457
2014-06-11 03:00:00,6.177249908447266
2014-06-11 04:00:00,6.5868120193481445
2014-06-11 05:00:00,6.236812114715576
2014-06-11 06:00:00,5.903946399688721
2014-06-11 07:00:00,5.7183427810668945
2014-06-11 08:00:00,5.639765739440918
2014-06-11 09:00:00,5.613773345947266
2014-06-11 10:00:00,5.742347240447998
2014-06-11 11:00:00,5.727675437927246
2014-06-11 12:00:00,5.513915061950684
2014-06-11 13:00:00,4.437318801879883
2014-06-11 14:00:00,2.485836982727051
2014-06-11 15:00:00,2.650073766708374
2014-06-11 16:00:00,3.0759048461914062
2014-06-11 17:00:00,3.5577893257141113
2014-06-11 18:00:00,4.282449662685394
2014-06-11 19:00:00,4.955289363861084
2014-06-11 20:00:00,4.765163421630859
2014-06-11 21:00:00,3.9246983528137207
2014-06-11 22:00:00,2.7110867500305176
2014-06-11 23:00:00,2.565020978450775
2014-06-12 00:00:00,3.1966153979301453
2014-06-12 01:00:00,4.981323719024658
2014-06-12 02:00:00,5.730269908905029
2014-06-12 03:00:00,7.527126312255859
2014-06-12 04:00:00,8.092607498168945
2014-06-12 05:00:00,7.745185852050781
2014-06-12 06:00:00,7.014969348907471
2014-06-12 07:00:00,6.230560302734375
2014-06-12 08:00:00,5.6925435066223145
2014-06-12 09:00:00,5.253155708312988
2014-06-12 10:00:00,4.96763801574707
2014-06-12 11:00:00,4.800722122192383
2014-06-12 12:00:00,4.714022159576416
2014-06-12 13:00:00,4.321451663970947
2014-06-12 14:00:00,2.5158493518829346
2014-06-12 15:00:00,2.6109580397605896
2014-06-12 16:00:00,3.2989416122436523
2014-06-12 17:00:00,3.6726646423339844
2014-06-12 18:00:00,3.930688977241516
2014-06-12 19:00:00,4.1994853019714355
2014-06-12 20:00:00,4.494134426116943
2014-06-12 21:00:00,4.874762058258057
2014-06-12 22:00:00,4.96810245513916
2014-06-12 23:00:00,4.634082317352295
2014-06-13 00:00:00,4.401890695095062
2014-06-13 01:00:00,5.007464408874512
2014-06-13 02:00:00,6.938867092132568
2014-06-13 03:00:00,8.145599365234375
2014-06-13 04:00:00,7.794284462928772
2014-06-13 05:00:00,7.255108833312988
2014-06-13 06:00:00,6.783163070678711
2014-06-13 07:00:00,6.4618024826049805
2014-06-13 08:00:00,6.31041145324707
2014-06-13 09:00:00,6.195385932922363
2014-06-13 10:00:00,6.408445835113525
2014-06-13 11:00:00,6.427475929260254
2014-06-13 12:00:00,6.272418022155762
2014-06-13 13:00:00,5.72800874710083
2014-06-13 14:00:00,4.049239635467529
2014-06-13 15:00:00,3.6311697959899902
2014-06-13 16:00:00,3.4927659034729004
2014-06-13 17:00:00,3.554684638977051
2014-06-13 18:00:00,3.8072298765182495
2014-06-13 19:00:00,4.083428263664246
2014-06-13 20:00:00,4.177489161491394
2014-06-13 21:00:00,4.219181180000305
2014-06-13 22:00:00,3.8144943714141846
2014-06-13 23:00:00,3.2659335136413574
2014-06-14 00:00:00,3.0962581634521484
2014-06-14 01:00:00,3.6700124740600586
2014-06-14 02:00:00,4.056595325469971
2014-06-14 03:00:00,6.459438800811768
2014-06-14 04:00:00,6.50472354888916
2014-06-14 05:00:00,6.222426414489746
2014-06-14 06:00:00,5.811923027038574
2014-06-14 07:00:00,5.425413608551025
2014-06-14 08:00:00,5.183650970458984
2014-06-14 09:00:00,5.019418716430664
2014-06-14 10:00:00,5.085173606872559
2014-06-14 11:00:00,5.085409641265869
2014-06-14 12:00:00,4.916414737701416
2014-06-14 13:00:00,4.357816219329834
2014-06-14 14:00:00,2.0898494720458984
2014-06-14 15:00:00,2.102426052093506
2014-06-14 16:00:00,2.4137420654296875
2014-06-14 17:00:00,2.693755120038986
2014-06-14 18:00:00,2.8709630966186523
2014-06-14 19:00:00,2.9551541805267334
2014-06-14 20:00:00,3.0375354290008545
2014-06-14 21:00:00,3.0856547355651855
2014-06-14 22:00:00,3.0613372325897217
2014-06-14 23:00:00,2.7997663021087646
2014-06-15 00:00:00,2.752964735031128
2014-06-15 01:00:00,3.529994308948517
2014-06-15 02:00:00,4.010942161083221
2014-06-15 03:00:00,5.203189849853516
2014-06-15 04:00:00,4.631577014923096
2014-06-15 05:00:00,4.07271683216095
2014-06-15 06:00:00,3.6450490951538086
2014-06-15 07:00:00,3.390148878097534
2014-06-15 08:00:00,3.3559396266937256
2014-06-15 09:00:00,3.4486942291259766
2014-06-15 10:00:00,3.802732467651367
2014-06-15 11:00:00,3.9946165084838867
2014-06-15 12:00:00,4.00745952129364
2014-06-15 13:00:00,3.580512762069702
2014-06-15 14:00:00,1.594001293182373
2014-06-15 15:00:00,1.561006784439087
2014-06-15 16:00:00,1.754934161901474
2014-06-15 17:00:00,1.990233153104782
2014-06-15 18:00:00,2.262910097837448
2014-06-15 19:00:00,2.577291041612625
2014-06-15 20:00:00,2.899287223815918
2014-06-15 21:00:00,3.21708607673645
2014-06-15 22:00:00,3.261183023452759
2014-06-15 23:00:00,3.4171152114868164
2014-06-16 00:00:00,3.463240146636963
2014-06-16 01:00:00,4.344660818576813
2014-06-16 02:00:00,4.6810832023620605
2014-06-16 03:00:00,5.603420734405518
2014-06-16 04:00:00,5.140572547912598
2014-06-16 05:00:00,4.564682483673096
2014-06-16 06:00:00,4.0914387702941895
2014-06-16 07:00:00,3.7974464893341064
2014-06-16 08:00:00,3.6394314765930176
2014-06-16 09:00:00,3.5672433376312256
2014-06-16 10:00:00,3.685520648956299
2014-06-16 11:00:00,3.751749038696289
2014-06-16 12:00:00,3.7231180667877197
2014-06-16 13:00:00,3.3411033153533936
2014-06-16 14:00:00,1.398984432220459
2014-06-16 15:00:00,1.4214099645614624
2014-06-16 16:00:00,1.5771358013153076
2014-06-16 17:00:00,1.800888478755951
2014-06-16 18:00:00,2.10709285736084
2014-06-16 19:00:00,2.4836254119873047
2014-06-16 20:00:00,2.821542263031006
2014-06-16 21:00:00,3.2231788635253906
2014-06-16 22:00:00,3.554046392440796
2014-06-16 23:00:00,3.9388142824172974
2014-06-17 00:00:00,4.1210585832595825
2014-06-17 01:00:00,4.920904159545898
2014-06-17 02:00:00,5.240488052368164
2014-06-17 03:00:00,6.00315523147583
2014-06-17 04:00:00,5.661909103393555
2014-06-17 05:00:00,5.325253009796143
2014-06-17 06:00:00,4.970897674560547
2014-06-17 07:00:00,4.6792449951171875
2014-06-17 08:00:00,4.4333935379981995
2014-06-17 09:00:00,4.298884391784668
2014-06-17 10:00:00,4.217816948890686
2014-06-17 11:00:00,4.187891066074371
2014-06-17 12:00:00,4.079668045043945
2014-06-17 13:00:00,3.552200496196747
2014-06-17 14:00:00,1.7055816650390625
2014-06-17 15:00:00,1.7895894050598145
2014-06-17 16:00:00,1.979567527770996
2014-06-17 17:00:00,2.198700875043869
2014-06-17 18:00:00,2.5229368209838867
2014-06-17 19:00:00,2.9476163387298584
2014-06-17 20:00:00,3.305854558944702
2014-06-17 21:00:00,3.6790889501571655
2014-06-17 22:00:00,3.470829963684082
2014-06-17 23:00:00,3.4897584915161133
2014-06-18 00:00:00,3.5214457511901855
2014-06-18 01:00:00,4.110869944095612
2014-06-18 02:00:00,5.304884910583496
2014-06-18 03:00:00,5.360687255859375
2014-06-18 04:00:00,4.49465274810791
2014-06-18 05:00:00,3.3110706210136414
2014-06-18 06:00:00,2.4406291842460632
2014-06-18 07:00:00,2.038487270474434
2014-06-18 08:00:00,2.0813455432653427
2014-06-18 09:00:00,2.3863906264305115
2014-06-18 10:00:00,2.5051677227020264
2014-06-18 11:00:00,2.742683857679367
2014-06-18 12:00:00,2.864179104566574
2014-06-18 13:00:00,2.592885732650757
2014-06-18 14:00:00,1.0252652168273926
2014-06-18 15:00:00,0.9046107530593872
2014-06-18 16:00:00,0.9483667612075806
2014-06-18 17:00:00,0.9034183323383331
2014-06-18 18:00:00,0.8524575233459473
2014-06-18 19:00:00,0.8119204640388489
2014-06-18 20:00:00,0.8004276156425476
2014-06-18 21:00:00,0.8093690276145935
2014-06-18 22:00:00,0.8651423454284668
2014-06-18 23:00:00,0.995735764503479
2014-06-19 00:00:00,1.1937426328659058
2014-06-19 01:00:00,2.333366572856903
2014-06-19 02:00:00,2.873380422592163
2014-06-19 03:00:00,3.3697301745414734
2014-06-19 04:00:00,3.3605990409851074
2014-06-19 05:00:00,3.3794617652893066
2014-06-19 06:00:00,3.4034197330474854
2014-06-19 07:00:00,3.456629514694214
2014-06-19 08:00:00,3.6102843284606934
2014-06-19 09:00:00,3.8708443641662598
2014-06-19 10:00:00,4.111746788024902
2014-06-19 11:00:00,4.327025413513184
2014-06-19 12:00:00,4.364046633243561
2014-06-19 13:00:00,3.5398736000061035
2014-06-19 14:00:00,1.9836797714233398
2014-06-19 15:00:00,2.1985769271850586
2014-06-19 16:00:00,2.466055393218994
2014-06-19 17:00:00,2.6164698600769043
2014-06-19 18:00:00,2.680358409881592
2014-06-19 19:00:00,2.7401537895202637
2014-06-19 20:00:00,2.8716094493865967
2014-06-19 21:00:00,3.0311310291290283
2014-06-19 22:00:00,3.158935546875
2014-06-19 23:00:00,3.28057861328125
2014-06-20 00:00:00,3.399397134780884
2014-06-20 01:00:00,4.345820963382721
2014-06-20 02:00:00,4.389532148838043
2014-06-20 03:00:00,5.647074222564697
2014-06-20 04:00:00,5.684815406799316
2014-06-20 05:00:00,5.556130886077881
2014-06-20 06:00:00,5.427176475524902
2014-06-20 07:00:00,5.405099868774414
2014-06-20 08:00:00,5.453522682189941
2014-06-20 09:00:00,5.529042720794678
2014-06-20 10:00:00,5.4492316246032715
2014-06-20 11:00:00,5.315884590148926
2014-06-20 12:00:00,5.080991744995117
2014-06-20 13:00:00,4.440731048583984
2014-06-20 14:00:00,2.3444459438323975
2014-06-20 15:00:00,2.540555000305176
2014-06-20 16:00:00,3.0548367500305176
2014-06-20 17:00:00,3.455993890762329
2014-06-20 18:00:00,3.8609107732772827
2014-06-20 19:00:00,4.223052024841309
2014-06-20 20:00:00,4.584783554077148
2014-06-20 21:00:00,4.993881702423096
2014-06-20 22:00:00,4.623996257781982
2014-06-20 23:00:00,4.561312675476074
2014-06-21 00:00:00,4.12085634469986
2014-06-21 01:00:00,4.4658589363098145
2014-06-21 02:00:00,5.073854446411133
2014-06-21 03:00:00,5.54069709777832
2014-06-21 04:00:00,5.536907196044922
2014-06-21 05:00:00,5.1990838050842285
2014-06-21 06:00:00,4.783995628356934
2014-06-21 07:00:00,4.456501483917236
2014-06-21 08:00:00,4.261453092098236
2014-06-21 09:00:00,4.145936489105225
2014-06-21 10:00:00,4.416934967041016
2014-06-21 11:00:00,4.548133373260498
2014-06-21 12:00:00,4.500864505767822
2014-06-21 13:00:00,4.105885982513428
2014-06-21 14:00:00,2.130056142807007
2014-06-21 15:00:00,2.2367942333221436
2014-06-21 16:00:00,2.169349640607834
2014-06-21 17:00:00,2.1819296181201935
2014-06-21 18:00:00,2.275386095046997
2014-06-21 19:00:00,2.3802549839019775
2014-06-21 20:00:00,2.4417612552642822
2014-06-21 21:00:00,2.5027964115142822
2014-06-21 22:00:00,2.271003246307373
2014-06-21 23:00:00,2.1082584857940674
2014-06-22 00:00:00,2.0911688804626465
2014-06-22 01:00:00,3.488316297531128
2014-06-22 02:00:00,4.077964782714844
2014-06-22 03:00:00,4.698753356933594
2014-06-22 04:00:00,4.839470386505127
2014-06-22 05:00:00,4.758066177368164
2014-06-22 06:00:00,4.6619086265563965
2014-06-22 07:00:00,4.634641170501709
2014-06-22 08:00:00,4.680210590362549
2014-06-22 09:00:00,4.752415657043457
2014-06-22 10:00:00,4.871008396148682
2014-06-22 11:00:00,4.837247848510742
2014-06-22 12:00:00,4.699609756469727
2014-06-22 13:00:00,4.327950835227966
2014-06-22 14:00:00,2.8492016792297363
2014-06-22 15:00:00,2.5186619758605957
2014-06-22 16:00:00,2.3324764370918274
2014-06-22 17:00:00,2.0479671955108643
2014-06-22 18:00:00,1.745715618133545
2014-06-22 19:00:00,1.505751609802246
2014-06-22 20:00:00,1.302537441253662
2014-06-22 21:00:00,1.1190970242023468
2014-06-22 22:00:00,0.8646900653839111
2014-06-22 23:00:00,0.7999710589647293
2014-06-23 00:00:00,0.9126819372177124
2014-06-23 01:00:00,2.2781119346618652
2014-06-23 02:00:00,3.4517135620117188
2014-06-23 03:00:00,3.922614574432373
2014-06-23 04:00:00,4.044801712036133
2014-06-23 05:00:00,4.069556713104248
2014-06-23 06:00:00,4.268576622009277
2014-06-23 07:00:00,4.597844123840332
2014-06-23 08:00:00,4.939032554626465
2014-06-23 09:00:00,5.260751247406006
2014-06-23 10:00:00,5.238117694854736
2014-06-23 11:00:00,5.191104888916016
2014-06-23 12:00:00,5.0203022956848145
2014-06-23 13:00:00,4.612819194793701
2014-06-23 14:00:00,3.45123291015625
2014-06-23 15:00:00,3.35817813873291
2014-06-23 16:00:00,3.6076977252960205
2014-06-23 17:00:00,3.707141399383545
2014-06-23 18:00:00,3.7451170086860657
2014-06-23 19:00:00,3.6894266605377197
2014-06-23 20:00:00,3.515157699584961
2014-06-23 21:00:00,3.2830557823181152
2014-06-23 22:00:00,2.8864827156066895
2014-06-23 23:00:00,2.7356255054473877
2014-06-24 00:00:00,2.580052614212036
2014-06-24 01:00:00,3.2296829223632812
2014-06-24 02:00:00,4.092247009277344
2014-06-24 03:00:00,4.012554168701172
2014-06-24 04:00:00,4.031435966491699
2014-06-24 05:00:00,4.035268306732178
2014-06-24 06:00:00,4.065225601196289
2014-06-24 07:00:00,4.171790599822998
2014-06-24 08:00:00,4.4125776290893555
2014-06-24 09:00:00,4.72328519821167
2014-06-24 10:00:00,4.782668113708496
2014-06-24 11:00:00,4.808099746704102
2014-06-24 12:00:00,4.725344181060791
2014-06-24 13:00:00,4.430531978607178
2014-06-24 14:00:00,3.395854949951172
2014-06-24 15:00:00,3.5344417691230774
2014-06-24 16:00:00,3.4433255195617676
2014-06-24 17:00:00,3.185830593109131
2014-06-24 18:00:00,2.820314198732376
2014-06-24 19:00:00,2.533360719680786
2014-06-24 20:00:00,2.2656998336315155
2014-06-24 21:00:00,1.9908018112182617
2014-06-24 22:00:00,1.3951543867588043
2014-06-24 23:00:00,0.9794914722442627
2014-06-25 00:00:00,0.854311466217041
2014-06-25 01:00:00,1.9393987655639648
2014-06-25 02:00:00,2.8566126823425293
2014-06-25 03:00:00,2.9876351356506348
2014-06-25 04:00:00,2.9094823002815247
2014-06-25 05:00:00,2.8236284255981445
2014-06-25 06:00:00,2.7344555854797363
2014-06-25 07:00:00,2.734187126159668
2014-06-25 08:00:00,2.833792209625244
2014-06-25 09:00:00,2.9730796813964844
2014-06-25 10:00:00,2.83290958404541
2014-06-25 11:00:00,2.7902612686157227
2014-06-25 12:00:00,2.7325081825256348
2014-06-25 13:00:00,1.853268563747406
2014-06-25 14:00:00,0.9982327222824097
2014-06-25 15:00:00,1.045206069946289
2014-06-25 16:00:00,1.209589958190918
2014-06-25 17:00:00,1.2385371923446655
2014-06-25 18:00:00,1.142292857170105
2014-06-25 19:00:00,0.996547743678093
2014-06-25 20:00:00,0.8689714670181274
2014-06-25 21:00:00,0.7918083667755127
2014-06-25 22:00:00,0.6680834293365479
2014-06-25 23:00:00,0.6070567965507507
2014-06-26 00:00:00,0.5953131914138794
2014-06-26 01:00:00,0.9960768222808838
2014-06-26 02:00:00,1.2664945125579834
2014-06-26 03:00:00,2.517002582550049
2014-06-26 04:00:00,2.770179033279419
2014-06-26 05:00:00,2.534684658050537
2014-06-26 06:00:00,2.2993273735046387
2014-06-26 07:00:00,2.2649917602539062
2014-06-26 08:00:00,2.3888745307922363
2014-06-26 09:00:00,2.591510057449341
2014-06-26 10:00:00,3.018946647644043
2014-06-26 11:00:00,3.312920093536377
2014-06-26 12:00:00,3.431312322616577
2014-06-26 13:00:00,3.025446891784668
2014-06-26 14:00:00,1.4082757234573364
2014-06-26 15:00:00,1.3348246812820435
2014-06-26 16:00:00,1.3496896028518677
2014-06-26 17:00:00,1.3760310411453247
2014-06-26 18:00:00,1.4457807540893555
2014-06-26 19:00:00,1.527503490447998
2014-06-26 20:00:00,1.5926430225372314
2014-06-26 21:00:00,1.6336784362792969
2014-06-26 22:00:00,1.4434762001037598
2014-06-26 23:00:00,1.2859349250793457
2014-06-27 00:00:00,1.1494035720825195
2014-06-27 01:00:00,1.9274054169654846
2014-06-27 02:00:00,2.0940937399864197
2014-06-27 03:00:00,2.3743965327739716
2014-06-27 04:00:00,2.4881725311279297
2014-06-27 05:00:00,2.4368367195129395
2014-06-27 06:00:00,2.402444362640381
2014-06-27 07:00:00,2.471034049987793
2014-06-27 08:00:00,2.6456544399261475
2014-06-27 09:00:00,2.857844352722168
2014-06-27 10:00:00,3.133333444595337
2014-06-27 11:00:00,3.333554744720459
2014-06-27 12:00:00,3.404386520385742
2014-06-27 13:00:00,2.8698158264160156
2014-06-27 14:00:00,1.338681697845459
2014-06-27 15:00:00,1.3858370780944824
2014-06-27 16:00:00,1.4656074047088623
2014-06-27 17:00:00,1.5732228755950928
2014-06-27 18:00:00,1.7145535945892334
2014-06-27 19:00:00,1.8724688291549683
2014-06-27 20:00:00,2.0395073890686035
2014-06-27 21:00:00,2.2186660766601562
2014-06-27 22:00:00,2.0948104858398438
2014-06-27 23:00:00,2.012955665588379
2014-06-28 00:00:00,1.9404327869415283
2014-06-28 01:00:00,3.144815683364868
2014-06-28 02:00:00,3.186432123184204
2014-06-28 03:00:00,3.521885395050049
2014-06-28 04:00:00,3.342164993286133
2014-06-28 05:00:00,3.079512119293213
2014-06-28 06:00:00,2.9134600162506104
2014-06-28 07:00:00,2.920193672180176
2014-06-28 08:00:00,3.0480799674987793
2014-06-28 09:00:00,3.218745708465576
2014-06-28 10:00:00,3.3002657890319824
2014-06-28 11:00:00,3.293671131134033
2014-06-28 12:00:00,3.16800594329834
2014-06-28 13:00:00,2.57240629196167
2014-06-28 14:00:00,1.0563219785690308
2014-06-28 15:00:00,1.0539250373840332
2014-06-28 16:00:00,1.249525547027588
2014-06-28 17:00:00,1.4697537422180176
2014-06-28 18:00:00,1.7129449844360352
2014-06-28 19:00:00,1.9077430367469788
2014-06-28 20:00:00,1.9566379189491272
2014-06-28 21:00:00,1.9026710987091064
2014-06-28 22:00:00,1.7189886569976807
2014-06-28 23:00:00,1.617079734802246
2014-06-29 00:00:00,1.6289544105529785
2014-06-29 01:00:00,3.055908203125
2014-06-29 02:00:00,3.9700692296028137
2014-06-29 03:00:00,4.277381062507629
2014-06-29 04:00:00,4.082612156867981
2014-06-29 05:00:00,3.982486128807068
2014-06-29 06:00:00,4.118343949317932
2014-06-29 07:00:00,4.401123046875
2014-06-29 08:00:00,4.758401870727539
2014-06-29 09:00:00,5.0578813552856445
2014-06-29 10:00:00,4.900162220001221
2014-06-29 11:00:00,4.516454219818115
2014-06-29 12:00:00,3.8368988037109375
2014-06-29 13:00:00,1.85770583152771
2014-06-29 14:00:00,1.0619728565216064
2014-06-29 15:00:00,0.7074505090713501
2014-06-29 16:00:00,0.5263080596923828
2014-06-29 17:00:00,0.38477516174316406
2014-06-29 18:00:00,0.30167627334594727
2014-06-29 19:00:00,0.24348819255828857
2014-06-29 20:00:00,0.22909432649612427
2014-06-29 21:00:00,0.31652724742889404
2014-06-29 22:00:00,0.24306116998195648
2014-06-29 23:00:00,0.3391554355621338
2014-06-30 00:00:00,0.8004358261823654
2014-06-30 01:00:00,1.9119317382574081
2014-06-30 02:00:00,3.6944066882133484
2014-06-30 03:00:00,4.743532121181488
2014-06-30 04:00:00,4.755869805812836
2014-06-30 05:00:00,4.370827674865723
2014-06-30 06:00:00,3.989396095275879
2014-06-30 07:00:00,3.6976518630981445
2014-06-30 08:00:00,3.551194906234741
2014-06-30 09:00:00,3.5348591804504395
2014-06-30 10:00:00,3.489088535308838
2014-06-30 11:00:00,3.436401844024658
2014-06-30 12:00:00,3.2162203788757324
2014-06-30 13:00:00,1.7764835953712463
2014-06-30 14:00:00,0.9435069561004639
2014-06-30 15:00:00,0.8847253322601318
2014-06-30 16:00:00,1.0787887573242188
2014-06-30 17:00:00,1.3201663494110107
2014-06-30 18:00:00,1.5711355209350586
2014-06-30 19:00:00,1.7638168334960938
2014-06-30 20:00:00,1.8518428802490234
2014-06-30 21:00:00,1.8282097578048706
2014-06-30 22:00:00,1.4163494110107422
2014-06-30 23:00:00,1.177791714668274
2014-07-01 00:00:00,1.1287152767181396
2014-07-01 01:00:00,1.8222431242465973
2014-07-01 02:00:00,2.9029234051704407
2014-07-01 03:00:00,3.356698989868164
2014-07-01 04:00:00,2.91683030128479
2014-07-01 05:00:00,2.306972026824951
2014-07-01 06:00:00,1.908355951309204
2014-07-01 07:00:00,1.7485325336456299
2014-07-01 08:00:00,1.757467269897461
2014-07-01 09:00:00,1.8498008251190186
2014-07-01 10:00:00,1.962095320224762
2014-07-01 11:00:00,1.8596224188804626
2014-07-01 12:00:00,1.5460925102233887
2014-07-01 13:00:00,0.8115725517272949
2014-07-01 14:00:00,0.03336113691329956
2014-07-01 15:00:00,-0.24436509609222412
2014-07-01 16:00:00,-0.37590938806533813
2014-07-01 17:00:00,-0.3955698013305664
2014-07-01 18:00:00,-0.3406217098236084
2014-07-01 19:00:00,-0.26365476846694946
2014-07-01 20:00:00,-0.19022146984934807
2014-07-01 21:00:00,-0.1121206171810627
2014-07-01 22:00:00,-0.1467210054397583
2014-07-01 23:00:00,-0.1887454017996788
2014-07-02 00:00:00,-0.24289748817682266
2014-07-02 01:00:00,-0.5034941025078297
2014-07-02 02:00:00,-0.016010954976081848
2014-07-02 03:00:00,0.7900242730975151
2014-07-02 04:00:00,0.8730065748095512
2014-07-02 05:00:00,0.704684741795063
2014-07-02 06:00:00,0.4774553785100579
2014-07-02 07:00:00,0.34823501110076904
2014-07-02 08:00:00,0.3525833282619715
2014-07-02 09:00:00,0.483468160033226
2014-07-02 10:00:00,0.9196066856384277
2014-07-02 11:00:00,1.41527259349823
2014-07-02 12:00:00,1.7936763763427734
2014-07-02 13:00:00,1.4564547538757324
2014-07-02 14:00:00,0.8508949726819992
2014-07-02 15:00:00,0.9356401264667511
2014-07-02 16:00:00,1.1311235427856445
2014-07-02 17:00:00,1.3113874197006226
2014-07-02 18:00:00,1.4787187576293945
2014-07-02 19:00:00,1.6196751594543457
2014-07-02 20:00:00,1.7398946285247803
2014-07-02 21:00:00,1.8340321481227875
2014-07-02 22:00:00,1.7044300138950348
2014-07-02 23:00:00,1.5103137493133545
2014-07-03 00:00:00,1.3008352518081665
2014-07-03 01:00:00,1.8981292247772217
2014-07-03 02:00:00,2.4575395584106445
2014-07-03 03:00:00,2.4130747318267822
2014-07-03 04:00:00,2.1671276092529297
2014-07-03 05:00:00,2.0025055408477783
2014-07-03 06:00:00,2.0766587257385254
2014-07-03 07:00:00,2.3740711212158203
2014-07-03 08:00:00,2.8127059936523438
2014-07-03 09:00:00,3.2583727836608887
2014-07-03 10:00:00,3.5862345695495605
2014-07-03 11:00:00,3.7437827587127686
2014-07-03 12:00:00,3.6555967330932617
2014-07-03 13:00:00,3.0557901859283447
2014-07-03 14:00:00,1.5179288387298584
2014-07-03 15:00:00,1.4082660675048828
2014-07-03 16:00:00,1.3732504844665527
2014-07-03 17:00:00,1.4038797616958618
2014-07-03 18:00:00,1.4919588565826416
2014-07-03 19:00:00,1.6217102110385895
2014-07-03 20:00:00,1.7696430683135986
2014-07-03 21:00:00,1.8932653367519379
2014-07-03 22:00:00,1.798163652420044
2014-07-03 23:00:00,1.6481274664402008
2014-07-04 00:00:00,1.4713622331619263
2014-07-04 01:00:00,2.437478542327881
2014-07-04 02:00:00,2.879086494445801
2014-07-04 03:00:00,2.968471050262451
2014-07-04 04:00:00,2.8821160793304443
2014-07-04 05:00:00,2.7608695030212402
2014-07-04 06:00:00,2.6728153228759766
2014-07-04 07:00:00,2.6557857990264893
2014-07-04 08:00:00,2.6979846954345703
2014-07-04 09:00:00,2.7614657878875732
2014-07-04 10:00:00,2.8047585487365723
2014-07-04 11:00:00,2.7619504928588867
2014-07-04 12:00:00,2.625861883163452
2014-07-04 13:00:00,1.6282363533973694
2014-07-04 14:00:00,0.9535814523696899
2014-07-04 15:00:00,0.9952509701251984
2014-07-04 16:00:00,1.0944704860448837
2014-07-04 17:00:00,1.2113404124975204
2014-07-04 18:00:00,1.3736311197280884
2014-07-04 19:00:00,1.5806992053985596
2014-07-04 20:00:00,1.841545820236206
2014-07-04 21:00:00,2.174762725830078
2014-07-04 22:00:00,2.248316526412964
2014-07-04 23:00:00,2.206820249557495
2014-07-05 00:00:00,2.0748361945152283
2014-07-05 01:00:00,2.98689603805542
2014-07-05 02:00:00,3.365145683288574
2014-07-05 03:00:00,3.5086874961853027
2014-07-05 04:00:00,3.210310697555542
2014-07-05 05:00:00,2.794888973236084
2014-07-05 06:00:00,2.509963035583496
2014-07-05 07:00:00,2.4438891410827637
2014-07-05 08:00:00,2.528383255004883
2014-07-05 09:00:00,2.6352405548095703
2014-07-05 10:00:00,2.610588788986206
2014-07-05 11:00:00,2.5006561279296875
2014-07-05 12:00:00,2.278685599565506
2014-07-05 13:00:00,1.1094526052474976
2014-07-05 14:00:00,0.7288716435432434
2014-07-05 15:00:00,0.7110096216201782
2014-07-05 16:00:00,0.8303249329328537
2014-07-05 17:00:00,0.9802747964859009
2014-07-05 18:00:00,1.1299373805522919
2014-07-05 19:00:00,1.2962441444396973
2014-07-05 20:00:00,1.4733185768127441
2014-07-05 21:00:00,1.634902000427246
2014-07-05 22:00:00,1.4425575733184814
2014-07-05 23:00:00,1.2717363834381104
2014-07-06 00:00:00,1.1405595541000366
2014-07-06 01:00:00,1.6881755888462067
2014-07-06 02:00:00,2.1106505692005157
2014-07-06 03:00:00,2.6725759506225586
2014-07-06 04:00:00,2.889885425567627
2014-07-06 05:00:00,2.9974489212036133
2014-07-06 06:00:00,3.077458620071411
2014-07-06 07:00:00,2.865427017211914
2014-07-06 08:00:00,2.529600143432617
2014-07-06 09:00:00,2.305896759033203
2014-07-06 10:00:00,2.3039627075195312
2014-07-06 11:00:00,2.2564125061035156
2014-07-06 12:00:00,2.0404722690582275
2014-07-06 13:00:00,1.026937484741211
2014-07-06 14:00:00,0.597852349281311
2014-07-06 15:00:00,0.5662962198257446
2014-07-06 16:00:00,0.6564338207244873
2014-07-06 17:00:00,0.7553702592849731
2014-07-06 18:00:00,0.855141669511795
2014-07-06 19:00:00,0.9773952960968018
2014-07-06 20:00:00,1.1292098760604858
2014-07-06 21:00:00,1.2935476303100586
2014-07-06 22:00:00,1.3087085485458374
2014-07-06 23:00:00,1.3045588731765747
2014-07-07 00:00:00,1.294260248541832
2014-07-07 01:00:00,2.3337392807006836
2014-07-07 02:00:00,2.560457706451416
2014-07-07 03:00:00,3.3365936279296875
2014-07-07 04:00:00,3.6143529415130615
2014-07-07 05:00:00,3.775621175765991
2014-07-07 06:00:00,3.739529848098755
2014-07-07 07:00:00,3.4643166065216064
2014-07-07 08:00:00,3.133185625076294
2014-07-07 09:00:00,2.775486946105957
2014-07-07 10:00:00,2.534983605146408
2014-07-07 11:00:00,2.4721007645130157
2014-07-07 12:00:00,2.453935146331787
2014-07-07 13:00:00,1.5269714295864105
2014-07-07 14:00:00,1.0055644661188126
2014-07-07 15:00:00,1.1384894996881485
2014-07-07 16:00:00,1.3765511512756348
2014-07-07 17:00:00,1.5796904563903809
2014-07-07 18:00:00,1.7236945629119873
2014-07-07 19:00:00,1.8321592807769775
2014-07-07 20:00:00,1.9288475513458252
2014-07-07 21:00:00,2.048348903656006
2014-07-07 22:00:00,1.9622779488563538
2014-07-07 23:00:00,1.9533116817474365
2014-07-08 00:00:00,2.003009557723999
2014-07-08 01:00:00,3.1629300117492676
2014-07-08 02:00:00,3.094663381576538
2014-07-08 03:00:00,4.590362548828125
2014-07-08 04:00:00,5.003325462341309
2014-07-08 05:00:00,5.174148082733154
2014-07-08 06:00:00,5.306825160980225
2014-07-08 07:00:00,5.495854377746582
2014-07-08 08:00:00,5.72850227355957
2014-07-08 09:00:00,5.916210651397705
2014-07-08 10:00:00,5.574084758758545
2014-07-08 11:00:00,5.195919990539551
2014-07-08 12:00:00,4.703579902648926
2014-07-08 13:00:00,3.441279411315918
2014-07-08 14:00:00,1.6611673831939697
2014-07-08 15:00:00,1.5870767831802368
2014-07-08 16:00:00,1.7708067893981934
2014-07-08 17:00:00,1.891585350036621
2014-07-08 18:00:00,1.980818271636963
2014-07-08 19:00:00,2.054659128189087
2014-07-08 20:00:00,2.096794903278351
2014-07-08 21:00:00,2.1583041846752167
2014-07-08 22:00:00,2.1121180057525635
2014-07-08 23:00:00,2.110384464263916
2014-07-09 00:00:00,2.1442482471466064
2014-07-09 01:00:00,3.2511777877807617
2014-07-09 02:00:00,3.620105564594269
2014-07-09 03:00:00,4.827325344085693
2014-07-09 04:00:00,5.058043956756592
2014-07-09 05:00:00,4.90265417098999
2014-07-09 06:00:00,4.7028093338012695
2014-07-09 07:00:00,4.588378846645355
2014-07-09 08:00:00,4.5096964836120605
2014-07-09 09:00:00,4.4628981947898865
2014-07-09 10:00:00,4.344391763210297
2014-07-09 11:00:00,4.310927391052246
2014-07-09 12:00:00,4.204555034637451
2014-07-09 13:00:00,3.286067485809326
2014-07-09 14:00:00,2.0409460067749023
2014-07-09 15:00:00,2.322110652923584
2014-07-09 16:00:00,2.4817161560058594
2014-07-09 17:00:00,2.4702396392822266
2014-07-09 18:00:00,2.4467735290527344
2014-07-09 19:00:00,2.4515204429626465
2014-07-09 20:00:00,2.4162967205047607
2014-07-09 21:00:00,2.367360830307007
2014-07-09 22:00:00,2.1729340255260468
2014-07-09 23:00:00,2.1059165000915527
2014-07-10 00:00:00,2.1085651516914368
2014-07-10 01:00:00,3.156126022338867
2014-07-10 02:00:00,3.232950210571289
2014-07-10 03:00:00,4.181547105312347
2014-07-10 04:00:00,4.30068963766098
2014-07-10 05:00:00,4.2783203125
2014-07-10 06:00:00,4.217951714992523
2014-07-10 07:00:00,4.241309642791748
2014-07-10 08:00:00,4.243246078491211
2014-07-10 09:00:00,4.1687034368515015
2014-07-10 10:00:00,4.060107231140137
2014-07-10 11:00:00,3.983985424041748
2014-07-10 12:00:00,3.8589304089546204
2014-07-10 13:00:00,2.679348260164261
2014-07-10 14:00:00,1.8400938510894775
2014-07-10 15:00:00,2.1537814140319824
2014-07-10 16:00:00,2.6943235397338867
2014-07-10 17:00:00,3.0769248008728027
2014-07-10 18:00:00,3.1610801219940186
2014-07-10 19:00:00,3.1167855262756348
2014-07-10 20:00:00,3.111100196838379
2014-07-10 21:00:00,3.0732433795928955
2014-07-10 22:00:00,2.414761543273926
2014-07-10 23:00:00,1.945763349533081
2014-07-11 00:00:00,1.7418248653411865
2014-07-11 01:00:00,2.7321789264678955
2014-07-11 02:00:00,2.5337674617767334
2014-07-11 03:00:00,3.302783727645874
2014-07-11 04:00:00,3.4142673015594482
2014-07-11 05:00:00,3.431682586669922
2014-07-11 06:00:00,3.475980758666992
2014-07-11 07:00:00,3.59132319688797
2014-07-11 08:00:00,3.7460198402404785
2014-07-11 09:00:00,3.899102210998535
2014-07-11 10:00:00,3.9146808385849
2014-07-11 11:00:00,3.8412912487983704
2014-07-11 12:00:00,3.6418163180351257
2014-07-11 13:00:00,2.6710400879383087
2014-07-11 14:00:00,1.4428898096084595
2014-07-11 15:00:00,1.6337313652038574
2014-07-11 16:00:00,1.9067034721374512
2014-07-11 17:00:00,2.0530941486358643
2014-07-11 18:00:00,2.05154949426651
2014-07-11 19:00:00,1.9419231414794922
2014-07-11 20:00:00,1.8302843570709229
2014-07-11 21:00:00,1.796562671661377
2014-07-11 22:00:00,1.4700206518173218
2014-07-11 23:00:00,1.2191811800003052
2014-07-12 00:00:00,1.0038291215896606
2014-07-12 01:00:00,1.5782153606414795
2014-07-12 02:00:00,0.7462559938430786
2014-07-12 03:00:00,1.247252106666565
2014-07-12 04:00:00,1.4515020847320557
2014-07-12 05:00:00,1.5446864366531372
2014-07-12 06:00:00,1.575534462928772
2014-07-12 07:00:00,1.5761879682540894
2014-07-12 08:00:00,1.5739294290542603
2014-07-12 09:00:00,1.5104941129684448
2014-07-12 10:00:00,1.6036185324192047
2014-07-12 11:00:00,1.5662817060947418
2014-07-12 12:00:00,1.4771205186843872
2014-07-12 13:00:00,1.0597541332244873
2014-07-12 14:00:00,0.3766707181930542
2014-07-12 15:00:00,0.2752457857131958
2014-07-12 16:00:00,0.2627600431442261
2014-07-12 17:00:00,0.27993929386138916
2014-07-12 18:00:00,0.3807656764984131
2014-07-12 19:00:00,0.5436829328536987
2014-07-12 20:00:00,0.6876792907714844
2014-07-12 21:00:00,0.7269737720489502
2014-07-12 22:00:00,0.5391258001327515
2014-07-12 23:00:00,0.3433438539505005
2014-07-13 00:00:00,0.18794208765029907
2014-07-13 01:00:00,0.1399543285369873
2014-07-13 02:00:00,0.10661107301712036
2014-07-13 03:00:00,0.345769464969635
2014-07-13 04:00:00,0.722997710108757
2014-07-13 05:00:00,0.7011896371841431
2014-07-13 06:00:00,0.3456951975822449
2014-07-13 07:00:00,-0.14197665452957153
2014-07-13 08:00:00,-0.6139380931854248
2014-07-13 09:00:00,-1.0821354389190674
2014-07-13 10:00:00,-1.3326900005340576
2014-07-13 11:00:00,-1.5018730163574219
2014-07-13 12:00:00,-1.0912456512451172
2014-07-13 13:00:00,-0.8792606592178345
2014-07-13 14:00:00,-1.1972001791000366
2014-07-13 15:00:00,-1.4869308471679688
2014-07-13 16:00:00,-1.5820581912994385
2014-07-13 17:00:00,-1.4847313314676285
2014-07-13 18:00:00,-1.182231917977333
2014-07-13 19:00:00,-0.8151361644268036
2014-07-13 20:00:00,-0.45292210578918457
2014-07-13 21:00:00,-0.09007638692855835
2014-07-13 22:00:00,0.15100812911987305
2014-07-13 23:00:00,0.3078939914703369
2014-07-14 00:00:00,0.3586235046386719
2014-07-14 01:00:00,0.5537877678871155
2014-07-14 02:00:00,0.6467466503381729
2014-07-14 03:00:00,0.9929918944835663
2014-07-14 04:00:00,0.7701722383499146
2014-07-14 05:00:00,0.27144855260849
2014-07-14 06:00:00,-0.23806679248809814
2014-07-14 07:00:00,-0.5666694641113281
2014-07-14 08:00:00,-0.6847934722900391
2014-07-14 09:00:00,-0.7040491104125977
2014-07-14 10:00:00,-0.3065512180328369
2014-07-14 11:00:00,-0.010580182075500488
2014-07-14 12:00:00,0.056551575660705566
2014-07-14 13:00:00,-0.1363559365272522
2014-07-14 14:00:00,-0.3883671164512634
2014-07-14 15:00:00,-0.5874312520027161
2014-07-14 16:00:00,-0.7206515073776245
2014-07-14 17:00:00,-0.7566122561693192
2014-07-14 18:00:00,-0.71882164478302
2014-07-14 19:00:00,-0.6110143065452576
2014-07-14 20:00:00,-0.4669726490974426
2014-07-14 21:00:00,-0.3078412711620331
2014-07-14 22:00:00,-0.2858879044651985
2014-07-14 23:00:00,-0.3370722495019436
2014-07-15 00:00:00,-0.42019903659820557
2014-07-15 01:00:00,-0.9347419291734695
2014-07-15 02:00:00,-0.9623363763093948
2014-07-15 03:00:00,-0.38744019716978073
2014-07-15 04:00:00,-0.005012692883610725
2014-07-15 05:00:00,0.033472150564193726
2014-07-15 06:00:00,-0.04562154412269592
2014-07-15 07:00:00,-0.112498939037323
2014-07-15 08:00:00,-0.19043505191802979
2014-07-15 09:00:00,-0.3086770176887512
2014-07-15 10:00:00,-0.43312591314315796
2014-07-15 11:00:00,-0.6982181519269943
2014-07-15 12:00:00,-1.0926741361618042
2014-07-15 13:00:00,-0.9425925016403198
2014-07-15 14:00:00,-1.0438666641712189
2014-07-15 15:00:00,-1.3915318250656128
2014-07-15 16:00:00,-1.3891022205352783
2014-07-15 17:00:00,-1.1628466844558716
2014-07-15 18:00:00,-0.9157079756259918
2014-07-15 19:00:00,-0.7674242854118347
2014-07-15 20:00:00,-0.7452090382575989
2014-07-15 21:00:00,-0.9515734910964966
2014-07-15 22:00:00,-1.226035475730896
2014-07-15 23:00:00,-1.7060853242874146
2014-07-16 00:00:00,-2.0689483284950256
2014-07-16 01:00:00,-2.8471899032592773
2014-07-16 02:00:00,-2.815214157104492
2014-07-16 03:00:00,-2.434436798095703
2014-07-16 04:00:00,-2.1398191452026367
2014-07-16 05:00:00,-1.7759550511837006
2014-07-16 06:00:00,-1.4730089902877808
2014-07-16 07:00:00,-1.3375186920166016
2014-07-16 08:00:00,-1.2374478578567505
2014-07-16 09:00:00,-1.2500008344650269
2014-07-16 10:00:00,-1.557425245642662
2014-07-16 11:00:00,-1.8288497924804688
2014-07-16 12:00:00,-2.049791097640991
2014-07-16 13:00:00,-2.086787760257721
2014-07-16 14:00:00,-1.7697644233703613
2014-07-16 15:00:00,-1.9722051620483398
2014-07-16 16:00:00,-1.8645851612091064
2014-07-16 17:00:00,-1.7418392300605774
2014-07-16 18:00:00,-1.5539107471704483
2014-07-16 19:00:00,-1.5430375635623932
2014-07-16 20:00:00,-1.5486555099487305
2014-07-16 21:00:00,-1.4361052513122559
2014-07-16 22:00:00,-1.11680506169796
2014-07-16 23:00:00,-0.786834716796875
2014-07-17 00:00:00,-0.5359299182891846
2014-07-17 01:00:00,-1.0455793142318726
2014-07-17 02:00:00,-0.29833900928497314
2014-07-17 03:00:00,0.48817630112171173
2014-07-17 04:00:00,0.49528880417346954
2014-07-17 05:00:00,0.2611369490623474
2014-07-17 06:00:00,-0.09603607654571533
2014-07-17 07:00:00,-0.5147464722394943
2014-07-17 08:00:00,-0.9537620097398758
2014-07-17 09:00:00,-1.3248707056045532
2014-07-17 10:00:00,-1.3598632961511612
2014-07-17 11:00:00,-1.2114644199609756
2014-07-17 12:00:00,-0.44099628925323486
2014-07-17 13:00:00,-0.6414914727210999
2014-07-17 14:00:00,-0.722747266292572
2014-07-17 15:00:00,-0.8266538828611374
2014-07-17 16:00:00,-0.9004201889038086
2014-07-17 17:00:00,-0.9089293479919434
2014-07-17 18:00:00,-0.7950024604797363
2014-07-17 19:00:00,-0.6211637109518051
2014-07-17 20:00:00,-0.4973350614309311
2014-07-17 21:00:00,-0.4577200561761856
2014-07-17 22:00:00,-0.4594646170735359
2014-07-17 23:00:00,-0.29863064736127853
2014-07-18 00:00:00,-0.0896402895450592
2014-07-18 01:00:00,0.1431451439857483
2014-07-18 02:00:00,0.3720603585243225
2014-07-18 03:00:00,0.04442054033279419
2014-07-18 04:00:00,-0.12664330005645752
2014-07-18 05:00:00,-0.4633851647377014
2014-07-18 06:00:00,-0.8897607773542404
2014-07-18 07:00:00,-1.3099732398986816
2014-07-18 08:00:00,-1.5294289588928223
2014-07-18 09:00:00,-1.6331747770309448
2014-07-18 10:00:00,-1.7142324447631836
2014-07-18 11:00:00,-1.6332975327968597
2014-07-18 12:00:00,-1.4384552240371704
2014-07-18 13:00:00,-0.9818037748336792
2014-07-18 14:00:00,-0.5114238262176514
2014-07-18 15:00:00,-0.5968040227890015
2014-07-18 16:00:00,-0.823554515838623
2014-07-18 17:00:00,-0.9841523170471191
2014-07-18 18:00:00,-0.9879660904407501
2014-07-18 19:00:00,-0.8566267937421799
2014-07-18 20:00:00,-0.6403617858886719
2014-07-18 21:00:00,-0.41527724266052246
2014-07-18 22:00:00,-0.2144336700439453
2014-07-18 23:00:00,-0.13672423362731934
2014-07-19 00:00:00,-0.16017216444015503
2014-07-19 01:00:00,-0.2644401788711548
2014-07-19 02:00:00,0.5987036228179932
2014-07-19 03:00:00,0.7108423709869385
2014-07-19 04:00:00,0.869206428527832
2014-07-19 05:00:00,0.9147506952285767
2014-07-19 06:00:00,0.9056473076343536
2014-07-19 07:00:00,0.8991539180278778
2014-07-19 08:00:00,0.9512615203857422
2014-07-19 09:00:00,1.0622584968805313
2014-07-19 10:00:00,0.7873365879058838
2014-07-19 11:00:00,0.3238134980201721
2014-07-19 12:00:00,-0.25765232741832733
2014-07-19 13:00:00,-0.7842693328857422
2014-07-19 14:00:00,-1.1524858176708221
2014-07-19 15:00:00,-1.8289270401000977
2014-07-19 16:00:00,-2.157172918319702
2014-07-19 17:00:00,-2.1485021114349365
2014-07-19 18:00:00,-1.8294917047023773
2014-07-19 19:00:00,-1.3830870389938354
2014-07-19 20:00:00,-0.9220873117446899
2014-07-19 21:00:00,-0.5490943789482117
2014-07-19 22:00:00,-0.24093914031982422
2014-07-19 23:00:00,0.0647890567779541
2014-07-20 00:00:00,0.37453925609588623
2014-07-20 01:00:00,0.9819487631320953
2014-07-20 02:00:00,1.710089772939682
2014-07-20 03:00:00,2.094202905893326
2014-07-20 04:00:00,1.9207019805908203
2014-07-20 05:00:00,1.685666561126709
2014-07-20 06:00:00,1.4554437696933746
2014-07-20 07:00:00,1.261348009109497
2014-07-20 08:00:00,1.1003993824124336
2014-07-20 09:00:00,0.9085530191659927
2014-07-20 10:00:00,0.6056021451950073
2014-07-20 11:00:00,0.19147002696990967
2014-07-20 12:00:00,-0.12661397457122803
2014-07-20 13:00:00,-0.43546222150325775
2014-07-20 14:00:00,-0.7675902843475342
2014-07-20 15:00:00,-1.0866739749908447
2014-07-20 16:00:00,-0.9780237674713135
2014-07-20 17:00:00,-0.6868380308151245
2014-07-20 18:00:00,-0.4651561826467514
2014-07-20 19:00:00,-0.4077679514884949
2014-07-20 20:00:00,-0.3783521503210068
2014-07-20 21:00:00,-0.2427465319633484
2014-07-20 22:00:00,-0.06929266452789307
2014-07-20 23:00:00,0.20576774328947067
2014-07-21 00:00:00,0.4659210443496704
2014-07-21 01:00:00,1.052307829260826
2014-07-21 02:00:00,1.3385423421859741
2014-07-21 03:00:00,2.06000417470932
2014-07-21 04:00:00,1.9309444427490234
2014-07-21 05:00:00,1.417230248451233
2014-07-21 06:00:00,0.8426282703876495
2014-07-21 07:00:00,0.39263439178466797
2014-07-21 08:00:00,0.0391061007976532
2014-07-21 09:00:00,-0.26777344942092896
2014-07-21 10:00:00,-0.02973267436027527
2014-07-21 11:00:00,0.06564447283744812
2014-07-21 12:00:00,0.0003387629985809326
2014-07-21 13:00:00,-0.16144579276442528
2014-07-21 14:00:00,-0.4068397954106331
2014-07-21 15:00:00,-0.5278825163841248
2014-07-21 16:00:00,-0.5809600353240967
2014-07-21 17:00:00,-0.5903775691986084
2014-07-21 18:00:00,-0.5908039212226868
2014-07-21 19:00:00,-0.5553314685821533
2014-07-21 20:00:00,-0.467287078499794
2014-07-21 21:00:00,-0.34654170274734497
2014-07-21 22:00:00,-0.2602218687534332
2014-07-21 23:00:00,-0.2106432318687439
2014-07-22 00:00:00,-0.2586117684841156
2014-07-22 01:00:00,-0.6132684946060181
2014-07-22 02:00:00,-0.9719243049621582
2014-07-22 03:00:00,-1.0191302597522736
2014-07-22 04:00:00,-0.805066704750061
2014-07-22 05:00:00,-0.8393548727035522
2014-07-22 06:00:00,-1.1412159204483032
2014-07-22 07:00:00,-1.288834810256958
2014-07-22 08:00:00,-1.2690261602401733
2014-07-22 09:00:00,-1.2179274559020996
2014-07-22 10:00:00,-1.3278943300247192
2014-07-22 11:00:00,-1.3443797826766968
2014-07-22 12:00:00,-1.2498348951339722
2014-07-22 13:00:00,-0.9598856270313263
2014-07-22 14:00:00,-0.691872239112854
2014-07-22 15:00:00,-0.7496013641357422
2014-07-22 16:00:00,-0.7061353921890259
2014-07-22 17:00:00,-0.6897951364517212
2014-07-22 18:00:00,-0.6518873572349548
2014-07-22 19:00:00,-0.624438464641571
2014-07-22 20:00:00,-0.62637859582901
2014-07-22 21:00:00,-0.5762037038803101
2014-07-22 22:00:00,-0.43574613332748413
2014-07-22 23:00:00,-0.5318111181259155
2014-07-23 00:00:00,-0.626197338104248
2014-07-23 01:00:00,-1.0060497522354126
2014-07-23 02:00:00,-1.9324958324432373
2014-07-23 03:00:00,-2.581847906112671
2014-07-23 04:00:00,-2.9432406425476074
2014-07-23 05:00:00,-3.070967674255371
2014-07-23 06:00:00,-3.123523235321045
2014-07-23 07:00:00,-3.107553243637085
2014-07-23 08:00:00,-3.0098838806152344
2014-07-23 09:00:00,-2.752568691968918
2014-07-23 10:00:00,-2.5510380268096924
2014-07-23 11:00:00,-2.478556126356125
2014-07-23 12:00:00,-2.510810136795044
2014-07-23 13:00:00,-2.1666176319122314
2014-07-23 14:00:00,-1.1677916049957275
2014-07-23 15:00:00,-1.4255146980285645
2014-07-23 16:00:00,-1.6465246677398682
2014-07-23 17:00:00,-1.9842195510864258
2014-07-23 18:00:00,-2.3843345642089844
2014-07-23 19:00:00,-2.629159927368164
2014-07-23 20:00:00,-2.636348247528076
2014-07-23 21:00:00,-2.2939939498901367
2014-07-23 22:00:00,-2.0122933387756348
2014-07-23 23:00:00,-2.0353305339813232
2014-07-24 00:00:00,-2.150486707687378
2014-07-24 01:00:00,-2.7371437549591064
2014-07-24 02:00:00,-2.9564127922058105
2014-07-24 03:00:00,-2.713712215423584
2014-07-24 04:00:00,-2.4953818321228027
2014-07-24 05:00:00,-2.272160083055496
2014-07-24 06:00:00,-2.1862266063690186
2014-07-24 07:00:00,-2.1433494091033936
2014-07-24 08:00:00,-2.1200374960899353
2014-07-24 09:00:00,-2.163293778896332
2014-07-24 10:00:00,-2.2833118438720703
2014-07-24 11:00:00,-2.263615608215332
2014-07-24 12:00:00,-2.1635146141052246
2014-07-24 13:00:00,-1.7966601848602295
2014-07-24 14:00:00,-0.9280412197113037
2014-07-24 15:00:00,-0.9878378212451935
2014-07-24 16:00:00,-0.9680522680282593
2014-07-24 17:00:00,-1.0227503776550293
2014-07-24 18:00:00,-1.1910971403121948
2014-07-24 19:00:00,-1.442692518234253
2014-07-24 20:00:00,-1.8184691071510315
2014-07-24 21:00:00,-1.9845359325408936
2014-07-24 22:00:00,-2.0021018981933594
2014-07-24 23:00:00,-1.9550268650054932
2014-07-25 00:00:00,-1.82317715883255
2014-07-25 01:00:00,-1.9925477504730225
2014-07-25 02:00:00,-2.4026816189289093
2014-07-25 03:00:00,-2.616734743118286
2014-07-25 04:00:00,-2.772202730178833
2014-07-25 05:00:00,-2.8349599838256836
2014-07-25 06:00:00,-2.7781801223754883
2014-07-25 07:00:00,-2.722973108291626
2014-07-25 08:00:00,-2.683359146118164
2014-07-25 09:00:00,-2.6041488647460938
2014-07-25 10:00:00,-2.480053663253784
2014-07-25 11:00:00,-2.33723521232605
2014-07-25 12:00:00,-2.2283198833465576
2014-07-25 13:00:00,-1.8872138559818268
2014-07-25 14:00:00,-1.1592352390289307
2014-07-25 15:00:00,-1.5175200700759888
2014-07-25 16:00:00,-1.6786407232284546
2014-07-25 17:00:00,-1.7215804159641266
2014-07-25 18:00:00,-1.6715198457241058
2014-07-25 19:00:00,-1.6246082782745361
2014-07-25 20:00:00,-1.6072051525115967
2014-07-25 21:00:00,-1.5083065032958984
2014-07-25 22:00:00,-1.2992067337036133
2014-07-25 23:00:00,-1.1807026863098145
2014-07-26 00:00:00,-1.1247022151947021
2014-07-26 01:00:00,-1.815109133720398
2014-07-26 02:00:00,-1.9810495376586914
2014-07-26 03:00:00,-2.1753928661346436
2014-07-26 04:00:00,-2.4533300399780273
2014-07-26 05:00:00,-2.672147274017334
2014-07-26 06:00:00,-2.7519798278808594
2014-07-26 07:00:00,-2.703824043273926
2014-07-26 08:00:00,-2.561495065689087
2014-07-26 09:00:00,-2.367489814758301
2014-07-26 10:00:00,-2.265922784805298
2014-07-26 11:00:00,-2.1919596195220947
2014-07-26 12:00:00,-2.1244356632232666
2014-07-26 13:00:00,-1.832360029220581
2014-07-26 14:00:00,-1.2162257432937622
2014-07-26 15:00:00,-1.5368223190307617
2014-07-26 16:00:00,-1.653928518295288
2014-07-26 17:00:00,-1.5816802978515625
2014-07-26 18:00:00,-1.4643982350826263
2014-07-26 19:00:00,-1.4073998928070068
2014-07-26 20:00:00,-1.3823721408843994
2014-07-26 21:00:00,-1.3170173168182373
2014-07-26 22:00:00,-1.1110639423131943
2014-07-26 23:00:00,-0.9271055459976196
2014-07-27 00:00:00,-0.7243616580963135
2014-07-27 01:00:00,-0.9368515461683273
2014-07-27 02:00:00,-0.4933650493621826
2014-07-27 03:00:00,-0.18547391891479492
2014-07-27 04:00:00,-0.35818731784820557
2014-07-27 05:00:00,-0.6298815011978149
2014-07-27 06:00:00,-0.8993668556213379
2014-07-27 07:00:00,-1.1038293838500977
2014-07-27 08:00:00,-1.269252061843872
2014-07-27 09:00:00,-1.442558765411377
2014-07-27 10:00:00,-1.392767310142517
2014-07-27 11:00:00,-1.2885534763336182
2014-07-27 12:00:00,-1.155259132385254
2014-07-27 13:00:00,-0.8520091772079468
2014-07-27 14:00:00,-0.6138880252838135
2014-07-27 15:00:00,-0.6340287923812866
2014-07-27 16:00:00,-0.5392633676528931
2014-07-27 17:00:00,-0.443697988986969
2014-07-27 18:00:00,-0.3943784236907959
2014-07-27 19:00:00,-0.38309335708618164
2014-07-27 20:00:00,-0.43705272674560547
2014-07-27 21:00:00,-0.5201444625854492
2014-07-27 22:00:00,-0.7172671556472778
2014-07-27 23:00:00,-0.8745294809341431
2014-07-28 00:00:00,-0.9468899965286255
2014-07-28 01:00:00,-1.5488919019699097
2014-07-28 02:00:00,-1.4941731691360474
2014-07-28 03:00:00,-1.3249211311340332
2014-07-28 04:00:00,-1.3105921745300293
2014-07-28 05:00:00,-1.4602097272872925
2014-07-28 06:00:00,-1.7208806276321411
2014-07-28 07:00:00,-2.0158614814281464
2014-07-28 08:00:00,-2.2004237174987793
2014-07-28 09:00:00,-2.1352574825286865
2014-07-28 10:00:00,-1.6965618133544922
2014-07-28 11:00:00,-1.1877459287643433
2014-07-28 12:00:00,-0.8861227482557297
2014-07-28 13:00:00,-0.6339267492294312
2014-07-28 14:00:00,-0.5435823202133179
2014-07-28 15:00:00,-0.595816969871521
2014-07-28 16:00:00,-0.5693210363388062
2014-07-28 17:00:00,-0.519365668296814
2014-07-28 18:00:00,-0.44583213329315186
2014-07-28 19:00:00,-0.346746563911438
2014-07-28 20:00:00,-0.22975939512252808
2014-07-28 21:00:00,-0.10494112968444824
2014-07-28 22:00:00,-0.07314145565032959
2014-07-28 23:00:00,-0.1293153166770935
2014-07-29 00:00:00,-0.23808681964874268
2014-07-29 01:00:00,-0.683106854557991
2014-07-29 02:00:00,-1.4430572837591171
2014-07-29 03:00:00,-1.8658833503723145
2014-07-29 04:00:00,-1.7748118340969086
2014-07-29 05:00:00,-1.5514087677001953
2014-07-29 06:00:00,-1.3623965978622437
2014-07-29 07:00:00,-1.2172596454620361
2014-07-29 08:00:00,-1.0821583420038223
2014-07-29 09:00:00,-0.9105703234672546
2014-07-29 10:00:00,-0.8416543006896973
2014-07-29 11:00:00,-0.6714940667152405
2014-07-29 12:00:00,-0.4788767695426941
2014-07-29 13:00:00,-0.22287356853485107
2014-07-29 14:00:00,-0.10309475660324097
2014-07-29 15:00:00,-0.12587371468544006
2014-07-29 16:00:00,-0.09452185034751892
2014-07-29 17:00:00,-0.05506506562232971
2014-07-29 18:00:00,-0.004556059837341309
2014-07-29 19:00:00,0.03456395864486694
2014-07-29 20:00:00,0.030402453616261482
2014-07-29 21:00:00,-0.02553504705429077
2014-07-29 22:00:00,-0.1737840473651886
2014-07-29 23:00:00,-0.2968207821249962
2014-07-30 00:00:00,-0.3087136149406433
2014-07-30 01:00:00,-0.4009515084326267
2014-07-30 02:00:00,-0.3825940415263176
2014-07-30 03:00:00,-0.4479430243372917
2014-07-30 04:00:00,-0.6010016202926636
2014-07-30 05:00:00,-0.7424181699752808
2014-07-30 06:00:00,-0.8750531673431396
2014-07-30 07:00:00,-0.9360654652118683
2014-07-30 08:00:00,-0.9166635274887085
2014-07-30 09:00:00,-0.8840635269880295
2014-07-30 10:00:00,-0.7653968781232834
2014-07-30 11:00:00,-0.6736428737640381
2014-07-30 12:00:00,-0.7382595986127853
2014-07-30 13:00:00,-0.7604109048843384
2014-07-30 14:00:00,-0.46792978048324585
2014-07-30 15:00:00,-0.52102130651474
2014-07-30 16:00:00,-0.5509476661682129
2014-07-30 17:00:00,-0.544349193572998
2014-07-30 18:00:00,-0.5376676917076111
2014-07-30 19:00:00,-0.5695801973342896
2014-07-30 20:00:00,-0.6341068744659424
2014-07-30 21:00:00,-0.7209988832473755
2014-07-30 22:00:00,-0.7964444160461426
2014-07-30 23:00:00,-0.7536559104919434
2014-07-31 00:00:00,-0.6254799365997314
2014-07-31 01:00:00,-1.0568543672561646
2014-07-31 02:00:00,-0.8938510119915009
2014-07-31 03:00:00,-1.1440110355615616
2014-07-31 04:00:00,-1.5265119075775146
2014-07-31 05:00:00,-1.7733678817749023
2014-07-31 06:00:00,-1.9213221073150635
2014-07-31 07:00:00,-1.9447009563446045
2014-07-31 08:00:00,-1.8996317386627197
2014-07-31 09:00:00,-1.8092947006225586
2014-07-31 10:00:00,-1.8703961968421936
2014-07-31 11:00:00,-1.7798707485198975
2014-07-31 12:00:00,-1.6860805749893188
2014-07-31 13:00:00,-1.378416657447815
2014-07-31 14:00:00,-0.8208392858505249
2014-07-31 15:00:00,-1.024210810661316
2014-07-31 16:00:00,-1.0028855800628662
2014-07-31 17:00:00,-0.9796477556228638
2014-07-31 18:00:00,-0.9169563055038452
2014-07-31 19:00:00,-0.8066647052764893
2014-07-31 20:00:00,-0.6718655824661255
2014-07-31 21:00:00,-0.5678136274218559
2014-07-31 22:00:00,-0.6030950546264648
2014-07-31 23:00:00,-0.6361085176467896
2014-08-01 00:00:00,-0.7642766982316971
2014-08-01 01:00:00,-1.6565334796905518
2014-08-01 02:00:00,-2.036609411239624
2014-08-01 03:00:00,-2.26227068901062
2014-08-01 04:00:00,-2.290382355451584
2014-08-01 05:00:00,-2.374136447906494
2014-08-01 06:00:00,-2.353153944015503
2014-08-01 07:00:00,-2.16788649559021
2014-08-01 08:00:00,-1.8362802267074585
2014-08-01 09:00:00,-1.438791275024414
2014-08-01 10:00:00,-1.288559913635254
2014-08-01 11:00:00,-1.133718729019165
2014-08-01 12:00:00,-0.9938018321990967
2014-08-01 13:00:00,-0.7078883051872253
2014-08-01 14:00:00,-0.46997320652008057
2014-08-01 15:00:00,-0.5068759322166443
2014-08-01 16:00:00,-0.5149312019348145
2014-08-01 17:00:00,-0.48517942428588867
2014-08-01 18:00:00,-0.44264084100723267
2014-08-01 19:00:00,-0.3943742513656616
2014-08-01 20:00:00,-0.3315190076828003
2014-08-01 21:00:00,-0.25178343057632446
2014-08-01 22:00:00,-0.2005603015422821
2014-08-01 23:00:00,-0.10327044129371643
2014-08-02 00:00:00,0.04995393753051758
2014-08-02 01:00:00,0.40994681417942047
2014-08-02 02:00:00,0.4894642233848572
2014-08-02 03:00:00,0.3409115970134735
2014-08-02 04:00:00,0.1463257074356079
2014-08-02 05:00:00,-0.05606147646903992
2014-08-02 06:00:00,-0.032541424036026
2014-08-02 07:00:00,0.19938507676124573
2014-08-02 08:00:00,0.5476946830749512
2014-08-02 09:00:00,0.8824303150177002
2014-08-02 10:00:00,1.2155353873968124
2014-08-02 11:00:00,1.4354528188705444
2014-08-02 12:00:00,1.1068349033594131
2014-08-02 13:00:00,0.9168162047863007
2014-08-02 14:00:00,0.7194736003875732
2014-08-02 15:00:00,0.686227448284626
2014-08-02 16:00:00,0.6872253343462944
2014-08-02 17:00:00,0.7227295711636543
2014-08-02 18:00:00,0.718558557331562
2014-08-02 19:00:00,0.6991823837161064
2014-08-02 20:00:00,0.7523101642727852
2014-08-02 21:00:00,0.739897295832634
2014-08-02 22:00:00,0.6716639399528503
2014-08-02 23:00:00,0.6182948350906372
2014-08-03 00:00:00,0.6146438717842102
2014-08-03 01:00:00,0.9668343514204025
2014-08-03 02:00:00,1.5760307312011719
2014-08-03 03:00:00,2.0294342041015625
2014-08-03 04:00:00,2.1218175888061523
2014-08-03 05:00:00,1.970219612121582
2014-08-03 06:00:00,1.7974663972854614
2014-08-03 07:00:00,1.666372299194336
2014-08-03 08:00:00,1.570138931274414
2014-08-03 09:00:00,1.5150372982025146
2014-08-03 10:00:00,1.7341549396514893
2014-08-03 11:00:00,1.7786591053009033
2014-08-03 12:00:00,1.54167340695858
2014-08-03 13:00:00,0.9680026471614838
2014-08-03 14:00:00,0.9585874080657959
2014-08-03 15:00:00,1.3172893524169922
2014-08-03 16:00:00,1.7092100083827972
2014-08-03 17:00:00,1.9267895221710205
2014-08-03 18:00:00,2.0402917861938477
2014-08-03 19:00:00,2.1174731254577637
2014-08-03 20:00:00,2.189290761947632
2014-08-03 21:00:00,2.267517328262329
2014-08-03 22:00:00,1.9463400840759277
2014-08-03 23:00:00,1.747560739517212
2014-08-04 00:00:00,1.6069471836090088
2014-08-04 01:00:00,2.023569345474243
2014-08-04 02:00:00,1.8751888275146484
2014-08-04 03:00:00,2.0469980239868164
2014-08-04 04:00:00,2.160869598388672
2014-08-04 05:00:00,1.899768739938736
2014-08-04 06:00:00,1.6068657636642456
2014-08-04 07:00:00,1.3756942749023438
2014-08-04 08:00:00,1.1422984898090363
2014-08-04 09:00:00,1.0177977085113525
2014-08-04 10:00:00,0.7793624401092529
2014-08-04 11:00:00,0.6129424571990967
2014-08-04 12:00:00,0.5541441515088081
2014-08-04 13:00:00,0.3162248432636261
2014-08-04 14:00:00,0.3087146580219269
2014-08-04 15:00:00,0.4537124037742615
2014-08-04 16:00:00,0.6861337423324585
2014-08-04 17:00:00,0.8460931777954102
2014-08-04 18:00:00,0.8884539902210236
2014-08-04 19:00:00,0.9782547950744629
2014-08-04 20:00:00,1.115284651517868
2014-08-04 21:00:00,1.228987693786621
2014-08-04 22:00:00,1.149621844291687
2014-08-04 23:00:00,0.984046220779419
2014-08-05 00:00:00,0.7934554815292358
2014-08-05 01:00:00,1.243822455406189
2014-08-05 02:00:00,1.199347972869873
2014-08-05 03:00:00,0.7341005802154541
2014-08-05 04:00:00,-0.12888211011886597
2014-08-05 05:00:00,-0.8030914068222046
2014-08-05 06:00:00,-1.0862250328063965
2014-08-05 07:00:00,-1.1921815872192383
2014-08-05 08:00:00,-1.2223618030548096
2014-08-05 09:00:00,-1.22711943089962
2014-08-05 10:00:00,-0.938645601272583
2014-08-05 11:00:00,-0.5880879163742065
2014-08-05 12:00:00,-0.296808123588562
2014-08-05 13:00:00,-0.12981116771697998
2014-08-05 14:00:00,-0.0840831995010376
2014-08-05 15:00:00,-0.08727875351905823
2014-08-05 16:00:00,-0.1107293963432312
2014-08-05 17:00:00,-0.19027438759803772
2014-08-05 18:00:00,-0.30268457531929016
2014-08-05 19:00:00,-0.2723236698657274
2014-08-05 20:00:00,-0.08756068348884583
2014-08-05 21:00:00,0.047436028718948364
2014-08-05 22:00:00,0.15938633680343628
2014-08-05 23:00:00,0.21171540021896362
2014-08-06 00:00:00,0.2860107421875
2014-08-06 01:00:00,0.21895521879196167
2014-08-06 02:00:00,0.085440993309021
2014-08-06 03:00:00,-0.052874211221933365
2014-08-06 04:00:00,-0.322219155728817
2014-08-06 05:00:00,-0.5930036306381226
2014-08-06 06:00:00,-0.8860238753259182
2014-08-06 07:00:00,-0.987590916454792
2014-08-06 08:00:00,-0.9970687255263329
2014-08-06 09:00:00,-0.9932365119457245
2014-08-06 10:00:00,-0.8042335100471973
2014-08-06 11:00:00,-0.42825932800769806
2014-08-06 12:00:00,-0.16989221423864365
2014-08-06 13:00:00,-0.027096763253211975
2014-08-06 14:00:00,-0.07858774065971375
2014-08-06 15:00:00,-0.2569292187690735
2014-08-06 16:00:00,-0.4637289047241211
2014-08-06 17:00:00,-0.6858290582895279
2014-08-06 18:00:00,-0.8747015446424484
2014-08-06 19:00:00,-1.073598861694336
2014-08-06 20:00:00,-1.2370582818984985
2014-08-06 21:00:00,-1.3031606674194336
2014-08-06 22:00:00,-1.3685493469238281
2014-08-06 23:00:00,-1.3916641473770142
2014-08-07 00:00:00,-1.4198867082595825
2014-08-07 01:00:00,-1.644299030303955
2014-08-07 02:00:00,-1.941732108592987
2014-08-07 03:00:00,-2.2720193564891815
2014-08-07 04:00:00,-2.3159449100494385
2014-08-07 05:00:00,-2.3373334407806396
2014-08-07 06:00:00,-2.405154287815094
2014-08-07 07:00:00,-2.5515739917755127
2014-08-07 08:00:00,-2.671539545059204
2014-08-07 09:00:00,-2.722010612487793
2014-08-07 10:00:00,-2.782069683074951
2014-08-07 11:00:00,-2.815206289291382
2014-08-07 12:00:00,-2.613442897796631
2014-08-07 13:00:00,-1.9789819717407227
2014-08-07 14:00:00,-1.2299437522888184
2014-08-07 15:00:00,-1.1885424852371216
2014-08-07 16:00:00,-1.0799285173416138
2014-08-07 17:00:00,-0.9315762221813202
2014-08-07 18:00:00,-0.8319933712482452
2014-08-07 19:00:00,-0.7724560499191284
2014-08-07 20:00:00,-0.6725885272026062
2014-08-07 21:00:00,-0.5279265642166138
2014-08-07 22:00:00,-0.3699309229850769
2014-08-07 23:00:00,-0.24828490801155567
2014-08-08 00:00:00,-0.25263166427612305
2014-08-08 01:00:00,-0.737118523567915
2014-08-08 02:00:00,-1.1123704016208649
2014-08-08 03:00:00,-1.147286057472229
2014-08-08 04:00:00,-0.9503742456436157
2014-08-08 05:00:00,-1.0155543088912964
2014-08-08 06:00:00,-1.4033299684524536
2014-08-08 07:00:00,-1.8538298606872559
2014-08-08 08:00:00,-2.1207056045532227
2014-08-08 09:00:00,-2.235790967941284
2014-08-08 10:00:00,-2.115220069885254
2014-08-08 11:00:00,-1.8428599834442139
2014-08-08 12:00:00,-1.4279745817184448
2014-08-08 13:00:00,-0.9834076166152954
2014-08-08 14:00:00,-0.7863345146179199
2014-08-08 15:00:00,-0.8666998147964478
2014-08-08 16:00:00,-0.7489359639585018
2014-08-08 17:00:00,-0.4950091764330864
2014-08-08 18:00:00,-0.224427942186594
2014-08-08 19:00:00,0.0596809983253479
2014-08-08 20:00:00,0.29033761844038963
2014-08-08 21:00:00,0.3837811201810837
2014-08-08 22:00:00,0.3558639585971832
2014-08-08 23:00:00,0.2703028917312622
2014-08-09 00:00:00,0.19919055700302124
2014-08-09 01:00:00,0.140394389629364
2014-08-09 02:00:00,-0.5232441425323486
2014-08-09 03:00:00,-0.8197747468948364
2014-08-09 04:00:00,-0.9857057332992554
2014-08-09 05:00:00,-1.2379239797592163
2014-08-09 06:00:00,-1.4898757934570312
2014-08-09 07:00:00,-1.7486748695373535
2014-08-09 08:00:00,-1.9591322839260101
2014-08-09 09:00:00,-2.0518035888671875
2014-08-09 10:00:00,-1.8566088676452637
2014-08-09 11:00:00,-1.4466640949249268
2014-08-09 12:00:00,-0.9588305652141571
2014-08-09 13:00:00,-0.4072446972131729
2014-08-09 14:00:00,-0.11455249600112438
2014-08-09 15:00:00,-0.007156549021601677
2014-08-09 16:00:00,0.07717323303222656
2014-08-09 17:00:00,0.29892081767320633
2014-08-09 18:00:00,0.6698170974850655
2014-08-09 19:00:00,1.1395248249173164
2014-08-09 20:00:00,1.4248182773590088
2014-08-09 21:00:00,1.5568348616361618
2014-08-09 22:00:00,1.4493252038955688
2014-08-09 23:00:00,1.3750638961791992
2014-08-10 00:00:00,1.3613154739141464
2014-08-10 01:00:00,2.0166075229644775
2014-08-10 02:00:00,2.250816822052002
2014-08-10 03:00:00,2.111091673374176
2014-08-10 04:00:00,1.7569736242294312
2014-08-10 05:00:00,1.5652143955230713
2014-08-10 06:00:00,1.4525737762451172
2014-08-10 07:00:00,1.3887180089950562
2014-08-10 08:00:00,1.372260570526123
2014-08-10 09:00:00,1.3983454704284668
2014-08-10 10:00:00,1.4903595447540283
2014-08-10 11:00:00,1.3418811559677124
2014-08-10 12:00:00,0.9823077917098999
2014-08-10 13:00:00,0.7425135970115662
2014-08-10 14:00:00,0.6103644967079163
2014-08-10 15:00:00,0.6299017071723938
2014-08-10 16:00:00,0.683458149433136
2014-08-10 17:00:00,0.8384256958961487
2014-08-10 18:00:00,1.0495471954345703
2014-08-10 19:00:00,1.239537239074707
2014-08-10 20:00:00,1.3361858129501343
2014-08-10 21:00:00,1.3301219940185547
2014-08-10 22:00:00,1.1991846710443497
2014-08-10 23:00:00,1.0249669253826141
2014-08-11 00:00:00,0.8163193464279175
2014-08-11 01:00:00,1.155732274055481
2014-08-11 02:00:00,1.0392102897167206
2014-08-11 03:00:00,1.164136290550232
2014-08-11 04:00:00,1.269156813621521
2014-08-11 05:00:00,1.1434357166290283
2014-08-11 06:00:00,0.9998163878917694
2014-08-11 07:00:00,0.8879489898681641
2014-08-11 08:00:00,0.845089316368103
2014-08-11 09:00:00,0.8716881722211838
2014-08-11 10:00:00,0.6993591785430908
2014-08-11 11:00:00,0.5699606537818909
2014-08-11 12:00:00,0.449327252805233
2014-08-11 13:00:00,0.3470061123371124
2014-08-11 14:00:00,0.03371562063694
2014-08-11 15:00:00,-0.025648951530456543
2014-08-11 16:00:00,0.10264241695404053
2014-08-11 17:00:00,0.3678920269012451
2014-08-11 18:00:00,0.7346187829971313
2014-08-11 19:00:00,1.0765053927898407
2014-08-11 20:00:00,1.3817598819732666
2014-08-11 21:00:00,1.6593252122402191
2014-08-11 22:00:00,1.668685108423233
2014-08-11 23:00:00,1.7597858905792236
2014-08-12 00:00:00,1.9476242065429688
2014-08-12 01:00:00,2.3201275169849396
2014-08-12 02:00:00,2.6836907863616943
2014-08-12 03:00:00,3.3280601501464844
2014-08-12 04:00:00,3.452794075012207
2014-08-12 05:00:00,3.1412532329559326
2014-08-12 06:00:00,2.911886692047119
2014-08-12 07:00:00,2.8057241439819336
2014-08-12 08:00:00,2.7945303916931152
2014-08-12 09:00:00,2.782675266265869
2014-08-12 10:00:00,2.7045984268188477
2014-08-12 11:00:00,2.380219489336014
2014-08-12 12:00:00,2.0800418853759766
2014-08-12 13:00:00,1.1556632667779922
2014-08-12 14:00:00,1.0228548049926758
2014-08-12 15:00:00,1.1897532939910889
2014-08-12 16:00:00,1.47324538230896
2014-08-12 17:00:00,1.84384685754776
2014-08-12 18:00:00,2.2463905811309814
2014-08-12 19:00:00,2.6065828800201416
2014-08-12 20:00:00,2.800278663635254
2014-08-12 21:00:00,2.907836437225342
2014-08-12 22:00:00,2.1946511268615723
2014-08-12 23:00:00,1.6745225489139557
2014-08-13 00:00:00,1.474440336227417
2014-08-13 01:00:00,1.7417052388191223
2014-08-13 02:00:00,2.5408401489257812
2014-08-13 03:00:00,3.058255434036255
2014-08-13 04:00:00,3.621971607208252
2014-08-13 05:00:00,3.9267210960388184
2014-08-13 06:00:00,4.347396492958069
2014-08-13 07:00:00,4.727658271789551
2014-08-13 08:00:00,5.031911373138428
2014-08-13 09:00:00,5.207313537597656
2014-08-13 10:00:00,4.7051621079444885
2014-08-13 11:00:00,4.131511688232422
2014-08-13 12:00:00,3.193089008331299
2014-08-13 13:00:00,2.335203140974045
2014-08-13 14:00:00,2.210240602493286
2014-08-13 15:00:00,2.6669533252716064
2014-08-13 16:00:00,3.0699663162231445
2014-08-13 17:00:00,3.2770402431488037
2014-08-13 18:00:00,3.3644473552703857
2014-08-13 19:00:00,4.101813316345215
2014-08-13 20:00:00,3.959592342376709
2014-08-13 21:00:00,3.9366854429244995
2014-08-13 22:00:00,3.3298802375793457
2014-08-13 23:00:00,2.901510715484619
2014-08-14 00:00:00,2.654481440782547
2014-08-14 01:00:00,2.7930359840393066
2014-08-14 02:00:00,3.578827381134033
2014-08-14 03:00:00,4.226322174072266
2014-08-14 04:00:00,4.5297651290893555
2014-08-14 05:00:00,4.395994663238525
2014-08-14 06:00:00,4.104855537414551
2014-08-14 07:00:00,3.8441311717033386
2014-08-14 08:00:00,3.718380928039551
2014-08-14 09:00:00,3.642693281173706
2014-08-14 10:00:00,3.293417453765869
2014-08-14 11:00:00,2.771265000104904
2014-08-14 12:00:00,2.212596148252487
2014-08-14 13:00:00,1.2693481296300888
2014-08-14 14:00:00,1.2206533998250961
2014-08-14 15:00:00,1.5484287738800049
2014-08-14 16:00:00,1.783839762210846
2014-08-14 17:00:00,2.009617328643799
2014-08-14 18:00:00,2.2649753093719482
2014-08-14 19:00:00,2.5670294761657715
2014-08-14 20:00:00,3.2155590057373047
2014-08-14 21:00:00,3.483743190765381
2014-08-14 22:00:00,3.0014357566833496
2014-08-14 23:00:00,2.702969551086426
2014-08-15 00:00:00,2.4129841327667236
2014-08-15 01:00:00,2.4553821086883545
2014-08-15 02:00:00,3.359832286834717
2014-08-15 03:00:00,3.5507307052612305
2014-08-15 04:00:00,3.552154064178467
2014-08-15 05:00:00,3.1796255111694336
2014-08-15 06:00:00,2.7950921058654785
2014-08-15 07:00:00,2.5229415893554688
2014-08-15 08:00:00,2.3942830562591553
2014-08-15 09:00:00,2.265923500061035
2014-08-15 10:00:00,2.0623677372932434
2014-08-15 11:00:00,1.7343907952308655
2014-08-15 12:00:00,1.356659159064293
2014-08-15 13:00:00,0.7543267011642456
2014-08-15 14:00:00,0.6595696210861206
2014-08-15 15:00:00,0.865568995475769
2014-08-15 16:00:00,1.2163240909576416
2014-08-15 17:00:00,1.5350756645202637
2014-08-15 18:00:00,1.5861750841140747
2014-08-15 19:00:00,1.7553534507751465
2014-08-15 20:00:00,1.7004995346069336
2014-08-15 21:00:00,1.6753711700439453
2014-08-15 22:00:00,1.211016297340393
2014-08-15 23:00:00,0.9916743040084839
2014-08-16 00:00:00,0.8470888137817383
2014-08-16 01:00:00,1.0808062553405762
2014-08-16 02:00:00,1.5174540281295776
2014-08-16 03:00:00,2.0443942546844482
2014-08-16 04:00:00,1.7741599082946777
2014-08-16 05:00:00,1.2465901374816895
2014-08-16 06:00:00,0.9701284170150757
2014-08-16 07:00:00,0.8514535129070282
2014-08-16 08:00:00,0.8175383359193802
2014-08-16 09:00:00,0.819751501083374
2014-08-16 10:00:00,0.7132342457771301
2014-08-16 11:00:00,0.7426354289054871
2014-08-16 12:00:00,0.7551761865615845
2014-08-16 13:00:00,0.718353271484375
2014-08-16 14:00:00,0.6414332538843155
2014-08-16 15:00:00,0.9061461687088013
2014-08-16 16:00:00,1.211183413863182
2014-08-16 17:00:00,1.4824275970458984
2014-08-16 18:00:00,1.6755478382110596
2014-08-16 19:00:00,1.8198285102844238
2014-08-16 20:00:00,1.9353091716766357
2014-08-16 21:00:00,1.9742066860198975
2014-08-16 22:00:00,1.8245453834533691
2014-08-16 23:00:00,1.7114348411560059
2014-08-17 00:00:00,1.6706457138061523
2014-08-17 01:00:00,2.3163177967071533
2014-08-17 02:00:00,2.5815842151641846
2014-08-17 03:00:00,2.6131644248962402
2014-08-17 04:00:00,2.1948499977588654
2014-08-17 05:00:00,1.8094211518764496
2014-08-17 06:00:00,1.6433755457401276
2014-08-17 07:00:00,1.693937063217163
2014-08-17 08:00:00,1.8107473850250244
2014-08-17 09:00:00,1.907302975654602
2014-08-17 10:00:00,1.7801741361618042
2014-08-17 11:00:00,1.743873953819275
2014-08-17 12:00:00,1.4194972664117813
2014-08-17 13:00:00,0.8226718306541443
2014-08-17 14:00:00,0.7344920635223389
2014-08-17 15:00:00,0.7870270013809204
2014-08-17 16:00:00,0.8699992895126343
2014-08-17 17:00:00,1.0050934553146362
2014-08-17 18:00:00,1.158326268196106
2014-08-17 19:00:00,1.2968018054962158
2014-08-17 20:00:00,1.3899447917938232
2014-08-17 21:00:00,1.4051358699798584
2014-08-17 22:00:00,1.2934378385543823
2014-08-17 23:00:00,1.2139323949813843
2014-08-18 00:00:00,1.184369683265686
2014-08-18 01:00:00,1.474950909614563
2014-08-18 02:00:00,2.603968620300293
2014-08-18 03:00:00,2.738755702972412
2014-08-18 04:00:00,2.7333898544311523
2014-08-18 05:00:00,2.483015298843384
2014-08-18 06:00:00,2.337292194366455
2014-08-18 07:00:00,2.0608108043670654
2014-08-18 08:00:00,1.8839130401611328
2014-08-18 09:00:00,1.7761634588241577
2014-08-18 10:00:00,1.6867445707321167
2014-08-18 11:00:00,1.5463072061538696
2014-08-18 12:00:00,1.3063913583755493
2014-08-18 13:00:00,0.5522620677947998
2014-08-18 14:00:00,0.630060188472271
2014-08-18 15:00:00,0.7901638150215149
2014-08-18 16:00:00,0.9555735886096954
2014-08-18 17:00:00,1.113173007965088
2014-08-18 18:00:00,1.2523303031921387
2014-08-18 19:00:00,1.2993258237838745
2014-08-18 20:00:00,1.260803461074829
2014-08-18 21:00:00,1.1830321550369263
2014-08-18 22:00:00,1.033176064491272
2014-08-18 23:00:00,1.0040054619312286
2014-08-19 00:00:00,1.0731964260339737
2014-08-19 01:00:00,1.269351601600647
2014-08-19 02:00:00,2.8926501274108887
2014-08-19 03:00:00,2.6107749938964844
2014-08-19 04:00:00,3.145556926727295
2014-08-19 05:00:00,3.2216718196868896
2014-08-19 06:00:00,3.0259134769439697
2014-08-19 07:00:00,2.8813605308532715
2014-08-19 08:00:00,2.678943157196045
2014-08-19 09:00:00,2.4906370639801025
2014-08-19 10:00:00,2.275604724884033
2014-08-19 11:00:00,1.899505615234375
2014-08-19 12:00:00,1.599264144897461
2014-08-19 13:00:00,0.6912494897842407
2014-08-19 14:00:00,0.8345878422260284
2014-08-19 15:00:00,1.0291700065135956
2014-08-19 16:00:00,1.1656005382537842
2014-08-19 17:00:00,1.3099589347839355
2014-08-19 18:00:00,1.476747751235962
2014-08-19 19:00:00,1.5872865915298462
2014-08-19 20:00:00,1.6460390090942383
2014-08-19 21:00:00,1.6859939098358154
2014-08-19 22:00:00,1.5382349491119385
2014-08-19 23:00:00,1.4759910106658936
2014-08-20 00:00:00,1.5023781061172485
2014-08-20 01:00:00,1.8662982881069183
2014-08-20 02:00:00,2.8882508277893066
2014-08-20 03:00:00,2.904189348220825
2014-08-20 04:00:00,3.389010429382324
2014-08-20 05:00:00,3.4551377296447754
2014-08-20 06:00:00,3.3315300941467285
2014-08-20 07:00:00,3.273355007171631
2014-08-20 08:00:00,3.22050404548645
2014-08-20 09:00:00,3.17543888092041
2014-08-20 10:00:00,3.0202674865722656
2014-08-20 11:00:00,2.5744285583496094
2014-08-20 12:00:00,2.217493772506714
2014-08-20 13:00:00,1.1105701923370361
2014-08-20 14:00:00,1.2617288827896118
2014-08-20 15:00:00,1.4462590217590332
2014-08-20 16:00:00,1.7766366004943848
2014-08-20 17:00:00,2.0439815521240234
2014-08-20 18:00:00,2.1441597938537598
2014-08-20 19:00:00,2.1253855228424072
2014-08-20 20:00:00,2.103578805923462
2014-08-20 21:00:00,2.1398887634277344
2014-08-20 22:00:00,1.9820606708526611
2014-08-20 23:00:00,1.9621284008026123
2014-08-21 00:00:00,2.0540287494659424
2014-08-21 01:00:00,2.6687533855438232
2014-08-21 02:00:00,3.236410140991211
2014-08-21 03:00:00,3.221956253051758
2014-08-21 04:00:00,3.98252010345459
2014-08-21 05:00:00,4.050959467887878
2014-08-21 06:00:00,3.8507919311523438
2014-08-21 07:00:00,3.555842399597168
2014-08-21 08:00:00,3.324690341949463
2014-08-21 09:00:00,3.160965919494629
2014-08-21 10:00:00,2.9840729236602783
2014-08-21 11:00:00,2.537921667098999
2014-08-21 12:00:00,2.0952398777008057
2014-08-21 13:00:00,0.9327565431594849
2014-08-21 14:00:00,1.097975268959999
2014-08-21 15:00:00,1.1615915298461914
2014-08-21 16:00:00,1.2916072607040405
2014-08-21 17:00:00,1.5161691904067993
2014-08-21 18:00:00,1.7314016819000244
2014-08-21 19:00:00,1.9325183928012848
2014-08-21 20:00:00,2.126216173171997
2014-08-21 21:00:00,2.266057252883911
2014-08-21 22:00:00,1.944469839334488
2014-08-21 23:00:00,1.7841565608978271
2014-08-22 00:00:00,1.6997951567173004
2014-08-22 01:00:00,2.0737800896167755
2014-08-22 02:00:00,2.8112525939941406
2014-08-22 03:00:00,2.56077241897583
2014-08-22 04:00:00,3.6033374667167664
2014-08-22 05:00:00,3.5632572174072266
2014-08-22 06:00:00,3.240445137023926
2014-08-22 07:00:00,3.0238566398620605
2014-08-22 08:00:00,2.9465365409851074
2014-08-22 09:00:00,2.8577051162719727
2014-08-22 10:00:00,2.821348696947098
2014-08-22 11:00:00,2.671104669570923
2014-08-22 12:00:00,2.4211516678333282
2014-08-22 13:00:00,1.1455248296260834
2014-08-22 14:00:00,1.223551630973816
2014-08-22 15:00:00,1.3722407817840576
2014-08-22 16:00:00,1.542340636253357
2014-08-22 17:00:00,1.6275502443313599
2014-08-22 18:00:00,1.6105774641036987
2014-08-22 19:00:00,1.5421183109283447
2014-08-22 20:00:00,1.4946160316467285
2014-08-22 21:00:00,1.5022536516189575
2014-08-22 22:00:00,1.444706678390503
2014-08-22 23:00:00,1.5049186944961548
2014-08-23 00:00:00,1.6358325481414795
2014-08-23 01:00:00,2.153186321258545
2014-08-23 02:00:00,2.935776472091675
2014-08-23 03:00:00,3.16685152053833
2014-08-23 04:00:00,3.901787757873535
2014-08-23 05:00:00,3.6283116340637207
2014-08-23 06:00:00,3.1545233726501465
2014-08-23 07:00:00,2.920253038406372
2014-08-23 08:00:00,2.7030029296875
2014-08-23 09:00:00,2.5311200618743896
2014-08-23 10:00:00,2.606330633163452
2014-08-23 11:00:00,2.4710636138916016
2014-08-23 12:00:00,2.1281232833862305
2014-08-23 13:00:00,0.9790600538253784
2014-08-23 14:00:00,1.0717867612838745
2014-08-23 15:00:00,1.2456559985876083
2014-08-23 16:00:00,1.3799521923065186
2014-08-23 17:00:00,1.513872504234314
2014-08-23 18:00:00,1.623982310295105
2014-08-23 19:00:00,1.7120182514190674
2014-08-23 20:00:00,1.7966622114181519
2014-08-23 21:00:00,1.8803904056549072
2014-08-23 22:00:00,1.7832807302474976
2014-08-23 23:00:00,1.7422324419021606
2014-08-24 00:00:00,1.7594693899154663
2014-08-24 01:00:00,2.145187884569168
2014-08-24 02:00:00,3.237614154815674
2014-08-24 03:00:00,3.3542468547821045
2014-08-24 04:00:00,4.005098342895508
2014-08-24 05:00:00,3.8986477851867676
2014-08-24 06:00:00,3.5759668350219727
2014-08-24 07:00:00,3.2157740592956543
2014-08-24 08:00:00,2.938616991043091
2014-08-24 09:00:00,2.7803707122802734
2014-08-24 10:00:00,2.6783900260925293
2014-08-24 11:00:00,2.4229037761688232
2014-08-24 12:00:00,2.046465575695038
2014-08-24 13:00:00,0.9097731113433838
2014-08-24 14:00:00,1.0606759786605835
2014-08-24 15:00:00,1.162428855895996
2014-08-24 16:00:00,1.3006184101104736
2014-08-24 17:00:00,1.4369888305664062
2014-08-24 18:00:00,1.51960027217865
2014-08-24 19:00:00,1.5635616779327393
2014-08-24 20:00:00,1.6066049337387085
2014-08-24 21:00:00,1.6549389362335205
2014-08-24 22:00:00,1.5146498680114746
2014-08-24 23:00:00,1.4351431131362915
2014-08-25 00:00:00,1.419876217842102
2014-08-25 01:00:00,1.5558475255966187
2014-08-25 02:00:00,2.7896728515625
2014-08-25 03:00:00,2.6272754669189453
2014-08-25 04:00:00,3.2724504470825195
2014-08-25 05:00:00,3.0087969303131104
2014-08-25 06:00:00,2.642226219177246
2014-08-25 07:00:00,2.302898406982422
2014-08-25 08:00:00,1.9939646124839783
2014-08-25 09:00:00,1.7500804662704468
2014-08-25 10:00:00,1.9178209900856018
2014-08-25 11:00:00,2.012456178665161
2014-08-25 12:00:00,1.7730122208595276
2014-08-25 13:00:00,0.7344396114349365
2014-08-25 14:00:00,0.7276507616043091
2014-08-25 15:00:00,0.7453756332397461
2014-08-25 16:00:00,0.8425271511077881
2014-08-25 17:00:00,0.9758255481719971
2014-08-25 18:00:00,1.1049728393554688
2014-08-25 19:00:00,1.230659008026123
2014-08-25 20:00:00,1.3615703582763672
2014-08-25 21:00:00,1.5250358581542969
2014-08-25 22:00:00,1.5607857704162598
2014-08-25 23:00:00,1.6472046375274658
2014-08-26 00:00:00,1.7883679866790771
2014-08-26 01:00:00,2.3370144367218018
2014-08-26 02:00:00,3.4049839973449707
2014-08-26 03:00:00,3.985807418823242
2014-08-26 04:00:00,3.9082937240600586
2014-08-26 05:00:00,3.568462371826172
2014-08-26 06:00:00,3.202113151550293
2014-08-26 07:00:00,3.0133795738220215
2014-08-26 08:00:00,2.8243019580841064
2014-08-26 09:00:00,2.7395377159118652
2014-08-26 10:00:00,2.5932462215423584
2014-08-26 11:00:00,2.423609733581543
2014-08-26 12:00:00,2.018571138381958
2014-08-26 13:00:00,0.9026319980621338
2014-08-26 14:00:00,0.9917436838150024
2014-08-26 15:00:00,1.218690037727356
2014-08-26 16:00:00,1.5755934715270996
2014-08-26 17:00:00,1.9925100803375244
2014-08-26 18:00:00,2.3631415367126465
2014-08-26 19:00:00,2.641998767852783
2014-08-26 20:00:00,2.7479047775268555
2014-08-26 21:00:00,2.8213930130004883
2014-08-26 22:00:00,2.3461060523986816
2014-08-26 23:00:00,2.1078429222106934
2014-08-27 00:00:00,1.93428635597229
2014-08-27 01:00:00,2.204997569322586
2014-08-27 02:00:00,2.8599672317504883
2014-08-27 03:00:00,3.292999505996704
2014-08-27 04:00:00,3.519913911819458
2014-08-27 05:00:00,3.5782017707824707
2014-08-27 06:00:00,3.551584005355835
2014-08-27 07:00:00,3.473754405975342
2014-08-27 08:00:00,3.3992996215820312
2014-08-27 09:00:00,3.3545260429382324
2014-08-27 10:00:00,3.0469894409179688
2014-08-27 11:00:00,2.7557318210601807
2014-08-27 12:00:00,2.2619181275367737
2014-08-27 13:00:00,1.028724193572998
2014-08-27 14:00:00,1.0855870246887207
2014-08-27 15:00:00,1.1713554859161377
2014-08-27 16:00:00,1.3599973917007446
2014-08-27 17:00:00,1.5134191513061523
2014-08-27 18:00:00,1.6050903797149658
2014-08-27 19:00:00,1.652596116065979
2014-08-27 20:00:00,1.6868975162506104
2014-08-27 21:00:00,1.7111040353775024
2014-08-27 22:00:00,1.4992775917053223
2014-08-27 23:00:00,1.374725580215454
2014-08-28 00:00:00,1.2929792404174805
2014-08-28 01:00:00,1.397453784942627
2014-08-28 02:00:00,2.452045440673828
2014-08-28 03:00:00,2.171243190765381
2014-08-28 04:00:00,1.772733360528946
2014-08-28 05:00:00,1.2688986212015152
2014-08-28 06:00:00,0.8866443932056427
2014-08-28 07:00:00,0.5920223034918308
2014-08-28 08:00:00,0.36430734395980835
2014-08-28 09:00:00,0.1905914545059204
2014-08-28 10:00:00,0.01753103733062744
2014-08-28 11:00:00,-0.2121802568435669
2014-08-28 12:00:00,-0.4143632650375366
2014-08-28 13:00:00,-0.48108601570129395
2014-08-28 14:00:00,-0.6713027954101562
2014-08-28 15:00:00,-0.7013150453567505
2014-08-28 16:00:00,-0.6170603036880493
2014-08-28 17:00:00,-0.4858425259590149
2014-08-28 18:00:00,-0.32852238416671753
2014-08-28 19:00:00,-0.14826440811157227
2014-08-28 20:00:00,0.04010707139968872
2014-08-28 21:00:00,0.22640371322631836
2014-08-28 22:00:00,0.20288687944412231
2014-08-28 23:00:00,0.15663683414459229
2014-08-29 00:00:00,0.08926403522491455
2014-08-29 01:00:00,0.01866227388381958
2014-08-29 02:00:00,-0.14780306816101074
2014-08-29 03:00:00,-0.02495032548904419
2014-08-29 04:00:00,-0.20478522777557373
2014-08-29 05:00:00,-0.4926033616065979
2014-08-29 06:00:00,-0.6265546083450317
2014-08-29 07:00:00,-0.6981773376464844
2014-08-29 08:00:00,-0.7491319179534912
2014-08-29 09:00:00,-0.8005603551864624
2014-08-29 10:00:00,-1.020758181810379
2014-08-29 11:00:00,-1.2066563367843628
2014-08-29 12:00:00,-1.1683067083358765
2014-08-29 13:00:00,-0.685606837272644
2014-08-29 14:00:00,-0.778631329536438
2014-08-29 15:00:00,-0.8391246795654297
2014-08-29 16:00:00,-0.7898337841033936
2014-08-29 17:00:00,-0.7224974632263184
2014-08-29 18:00:00,-0.6653977632522583
2014-08-29 19:00:00,-0.6193628311157227
2014-08-29 20:00:00,-0.5847376585006714
2014-08-29 21:00:00,-0.555361270904541
2014-08-29 22:00:00,-0.48346132040023804
2014-08-29 23:00:00,-0.41076982021331787
2014-08-30 00:00:00,-0.3363363742828369
2014-08-30 01:00:00,-0.2378157377243042
2014-08-30 02:00:00,-0.48655831813812256
2014-08-30 03:00:00,-0.3309517502784729
2014-08-30 04:00:00,-0.32479172945022583
2014-08-30 05:00:00,-0.3787767291069031
2014-08-30 06:00:00,-0.3032256215810776
2014-08-30 07:00:00,-0.15098843723535538
2014-08-30 08:00:00,0.008722551167011261
2014-08-30 09:00:00,0.15465426817536354
2014-08-30 10:00:00,-0.1710827574133873
2014-08-30 11:00:00,-0.456534031778574
2014-08-30 12:00:00,-0.574168398976326
2014-08-30 13:00:00,-0.3917291536927223
2014-08-30 14:00:00,-0.4555285573005676
2014-08-30 15:00:00,-0.45220719277858734
2014-08-30 16:00:00,-0.4073306918144226
2014-08-30 17:00:00,-0.3566681779921055
2014-08-30 18:00:00,-0.31549644097685814
2014-08-30 19:00:00,-0.2647138684988022
2014-08-30 20:00:00,-0.20300722308456898
2014-08-30 21:00:00,-0.15334134921431541
2014-08-30 22:00:00,-0.10783398523926735
2014-08-30 23:00:00,-0.045707643032073975
2014-08-31 00:00:00,0.030222594738006592
2014-08-31 01:00:00,0.08640468865633011
2014-08-31 02:00:00,0.3016057014465332
2014-08-31 03:00:00,0.11976355314254761
2014-08-31 04:00:00,-0.02524566650390625
2014-08-31 05:00:00,-0.19405245035886765
2014-08-31 06:00:00,-0.3471320942044258
2014-08-31 07:00:00,-0.4371313601732254
2014-08-31 08:00:00,-0.5145471543073654
2014-08-31 09:00:00,-0.5826056450605392
2014-08-31 10:00:00,-0.910307414829731
2014-08-31 11:00:00,-1.1775611639022827
2014-08-31 12:00:00,-1.0390009582042694
2014-08-31 13:00:00,-0.7120815515518188
2014-08-31 14:00:00,-0.740565188229084
2014-08-31 15:00:00,-0.777504488825798
2014-08-31 16:00:00,-0.7176145911216736
2014-08-31 17:00:00,-0.6995906829833984
2014-08-31 18:00:00,-0.7250835299491882
2014-08-31 19:00:00,-0.7621321678161621
2014-08-31 20:00:00,-0.8248288631439209
2014-08-31 21:00:00,-0.9175000190734863
2014-08-31 22:00:00,-0.8989869356155396
2014-08-31 23:00:00,-0.8657244443893433
2014-09-01 00:00:00,-0.8085648417472839
2014-09-01 01:00:00,-0.9338953793048859
2014-09-01 02:00:00,-1.8526253700256348
2014-09-01 03:00:00,-2.1055524349212646
2014-09-01 04:00:00,-2.349842071533203
2014-09-01 05:00:00,-2.520235538482666
2014-09-01 06:00:00,-2.6481335163116455
2014-09-01 07:00:00,-2.7229020595550537
2014-09-01 08:00:00,-2.7095227241516113
2014-09-01 09:00:00,-2.596557140350342
2014-09-01 10:00:00,-2.630289077758789
2014-09-01 11:00:00,-2.6406645476818085
2014-09-01 12:00:00,-2.345489948987961
2014-09-01 13:00:00,-1.2750234752893448
2014-09-01 14:00:00,-1.417483314871788
2014-09-01 15:00:00,-2.0886998176574707
2014-09-01 16:00:00,-2.481579065322876
2014-09-01 17:00:00,-2.4880011081695557
2014-09-01 18:00:00,-2.5154351890087128
2014-09-01 19:00:00,-2.422143965959549
2014-09-01 20:00:00,-2.3321940898895264
2014-09-01 21:00:00,-2.373934030532837
2014-09-01 22:00:00,-2.0364937484264374
2014-09-01 23:00:00,-1.701481819152832
2014-09-02 00:00:00,-1.6227928400039673
2014-09-02 01:00:00,-2.014754295349121
2014-09-02 02:00:00,-2.6842446327209473
2014-09-02 03:00:00,-3.4974350929260254
2014-09-02 04:00:00,-4.296931803226471
2014-09-02 05:00:00,-4.985933303833008
2014-09-02 06:00:00,-5.379491806030273
2014-09-02 07:00:00,-5.489238739013672
2014-09-02 08:00:00,-5.431756496429443
2014-09-02 09:00:00,-5.3003129959106445
2014-09-02 10:00:00,-5.09156608581543
2014-09-02 11:00:00,-4.832168102264404
2014-09-02 12:00:00,-4.322250425815582
2014-09-02 13:00:00,-3.0361316204071045
2014-09-02 14:00:00,-2.3618698120117188
2014-09-02 15:00:00,-2.2086973190307617
2014-09-02 16:00:00,-2.1500652134418488
2014-09-02 17:00:00,-2.1906938552856445
2014-09-02 18:00:00,-2.2887122631073
2014-09-02 19:00:00,-2.377837657928467
2014-09-02 20:00:00,-2.439138889312744
2014-09-02 21:00:00,-2.485590934753418
2014-09-02 22:00:00,-2.1506357192993164
2014-09-02 23:00:00,-1.9795861840248108
2014-09-03 00:00:00,-1.9210567474365234
2014-09-03 01:00:00,-2.3585333824157715
2014-09-03 02:00:00,-3.2852890491485596
2014-09-03 03:00:00,-3.7451135516166687
2014-09-03 04:00:00,-3.9912065267562866
2014-09-03 05:00:00,-3.977573871612549
2014-09-03 06:00:00,-3.9095869064331055
2014-09-03 07:00:00,-3.77085018157959
2014-09-03 08:00:00,-3.503680467605591
2014-09-03 09:00:00,-3.214761734008789
2014-09-03 10:00:00,-2.934382200241089
2014-09-03 11:00:00,-2.700136661529541
2014-09-03 12:00:00,-2.201436996459961
2014-09-03 13:00:00,-1.1198253631591797
2014-09-03 14:00:00,-1.0802122354507446
2014-09-03 15:00:00,-1.2045786380767822
2014-09-03 16:00:00,-1.4130260944366455
2014-09-03 17:00:00,-1.5720652341842651
2014-09-03 18:00:00,-1.6676448583602905
2014-09-03 19:00:00,-1.685359239578247
2014-09-03 20:00:00,-1.6563761234283447
2014-09-03 21:00:00,-1.4646841287612915
2014-09-03 22:00:00,-1.2019144296646118
2014-09-03 23:00:00,-1.0390701293945312
2014-09-04 00:00:00,-0.8496041297912598
2014-09-04 01:00:00,-0.9119103401899338
2014-09-04 02:00:00,-1.2589246034622192
2014-09-04 03:00:00,-1.5051937103271484
2014-09-04 04:00:00,-2.1093196868896484
2014-09-04 05:00:00,-2.5305113792419434
2014-09-04 06:00:00,-2.8035531044006348
2014-09-04 07:00:00,-2.826115846633911
2014-09-04 08:00:00,-2.645040988922119
2014-09-04 09:00:00,-2.3280820846557617
2014-09-04 10:00:00,-1.8902928829193115
2014-09-04 11:00:00,-1.5111536979675293
2014-09-04 12:00:00,-1.1203263998031616
2014-09-04 13:00:00,-0.7142806053161621
2014-09-04 14:00:00,-0.759512186050415
2014-09-04 15:00:00,-0.8785781860351562
2014-09-04 16:00:00,-1.0221744775772095
2014-09-04 17:00:00,-1.1228725910186768
2014-09-04 18:00:00,-1.2156128883361816
2014-09-04 19:00:00,-1.3375701904296875
2014-09-04 20:00:00,-1.4718514680862427
2014-09-04 21:00:00,-1.5452967882156372
2014-09-04 22:00:00,-1.6975781917572021
2014-09-04 23:00:00,-1.8809117376804352
2014-09-05 00:00:00,-2.0503594875335693
2014-09-05 01:00:00,-2.3802950382232666
2014-09-05 02:00:00,-2.804502248764038
2014-09-05 03:00:00,-2.969883680343628
2014-09-05 04:00:00,-2.943532943725586
2014-09-05 05:00:00,-2.7820195853710175
2014-09-05 06:00:00,-2.4769835770130157
2014-09-05 07:00:00,-2.0965754985809326
2014-09-05 08:00:00,-1.7227744907140732
2014-09-05 09:00:00,-1.3363292515277863
2014-09-05 10:00:00,-0.8424512147903442
2014-09-05 11:00:00,-0.26138928532600403
2014-09-05 12:00:00,0.24573712050914764
2014-09-05 13:00:00,0.3345031142234802
2014-09-05 14:00:00,0.41526341438293457
2014-09-05 15:00:00,0.4502626061439514
2014-09-05 16:00:00,0.3098623752593994
2014-09-05 17:00:00,0.16942977905273438
2014-09-05 18:00:00,0.06650090217590332
2014-09-05 19:00:00,0.03691518306732178
2014-09-05 20:00:00,0.09521055221557617
2014-09-05 21:00:00,0.19705086946487427
2014-09-05 22:00:00,0.23677662014961243
2014-09-05 23:00:00,0.2720119059085846
2014-09-06 00:00:00,0.3274974785745144
2014-09-06 01:00:00,0.40923240035772324
2014-09-06 02:00:00,1.0326698124408722
2014-09-06 03:00:00,1.4924159198999405
2014-09-06 04:00:00,1.5624442100524902
2014-09-06 05:00:00,0.8721736073493958
2014-09-06 06:00:00,0.2913573384284973
2014-09-06 07:00:00,-0.0501781702041626
2014-09-06 08:00:00,-0.2238149642944336
2014-09-06 09:00:00,-0.28001105785369873
2014-09-06 10:00:00,0.15237295627593994
2014-09-06 11:00:00,0.43154895305633545
2014-09-06 12:00:00,0.46072685718536377
2014-09-06 13:00:00,0.38543593883514404
2014-09-06 14:00:00,0.2690643072128296
2014-09-06 15:00:00,0.2328273057937622
2014-09-06 16:00:00,0.211594820022583
2014-09-06 17:00:00,0.253894567489624
2014-09-06 18:00:00,0.3221161365509033
2014-09-06 19:00:00,0.3407374620437622
2014-09-06 20:00:00,0.3292735815048218
2014-09-06 21:00:00,0.3036227226257324
2014-09-06 22:00:00,0.2601698637008667
2014-09-06 23:00:00,0.23151051998138428
2014-09-07 00:00:00,0.2270805835723877
2014-09-07 01:00:00,0.260742723941803
2014-09-07 02:00:00,0.8596615493297577
2014-09-07 03:00:00,1.0378990173339844
2014-09-07 04:00:00,1.2682350873947144
2014-09-07 05:00:00,1.1618552058935165
2014-09-07 06:00:00,0.9629205465316772
2014-09-07 07:00:00,0.7347248196601868
2014-09-07 08:00:00,0.549824595451355
2014-09-07 09:00:00,0.37494705617427826
2014-09-07 10:00:00,0.24456948600709438
2014-09-07 11:00:00,0.0575600266456604
2014-09-07 12:00:00,-0.06857767701148987
2014-09-07 13:00:00,-0.17253809422254562
2014-09-07 14:00:00,-0.24640317261219025
2014-09-07 15:00:00,-0.20195045322179794
2014-09-07 16:00:00,-0.07615631446242332
2014-09-07 17:00:00,0.06447101384401321
2014-09-07 18:00:00,0.13993651792407036
2014-09-07 19:00:00,0.13725537061691284
2014-09-07 20:00:00,0.09350854158401489
2014-09-07 21:00:00,0.03608888387680054
2014-09-07 22:00:00,-0.04835665225982666
2014-09-07 23:00:00,-0.08975780010223389
2014-09-08 00:00:00,-0.11620479822158813
2014-09-08 01:00:00,-0.12178823351860046
2014-09-08 02:00:00,-0.3404569625854492
2014-09-08 03:00:00,-0.7909780666232109
2014-09-08 04:00:00,-0.9082612991333008
2014-09-08 05:00:00,-0.8877391815185547
2014-09-08 06:00:00,-0.9598432779312134
2014-09-08 07:00:00,-1.0761010646820068
2014-09-08 08:00:00,-1.2153067886829376
2014-09-08 09:00:00,-1.304444581270218
2014-09-08 10:00:00,-1.513441950082779
2014-09-08 11:00:00,-1.5138909816741943
2014-09-08 12:00:00,-1.2580335140228271
2014-09-08 13:00:00,-0.6924591064453125
2014-09-08 14:00:00,-0.6291750073432922
2014-09-08 15:00:00,-0.6852111890912056
2014-09-08 16:00:00,-0.6256691813468933
2014-09-08 17:00:00,-0.5667527765035629
2014-09-08 18:00:00,-0.5205913931131363
2014-09-08 19:00:00,-0.49041057005524635
2014-09-08 20:00:00,-0.45324017107486725
2014-09-08 21:00:00,-0.40008364617824554
2014-09-08 22:00:00,-0.3915785551071167
2014-09-08 23:00:00,-0.38162529468536377
2014-09-09 00:00:00,-0.3655961751937866
2014-09-09 01:00:00,-0.32068365812301636
2014-09-09 02:00:00,-0.579229086637497
2014-09-09 03:00:00,-0.559198647737503
2014-09-09 04:00:00,-0.6121338605880737
2014-09-09 05:00:00,-0.6094998866319656
2014-09-09 06:00:00,-0.6266292333602905
2014-09-09 07:00:00,-0.6725447960197926
2014-09-09 08:00:00,-0.6768629848957062
2014-09-09 09:00:00,-0.6212433986365795
2014-09-09 10:00:00,-0.6554825454950333
2014-09-09 11:00:00,-0.6101444214582443
2014-09-09 12:00:00,-0.5536401271820068
2014-09-09 13:00:00,-0.40032780170440674
2014-09-09 14:00:00,-0.4730367064476013
2014-09-09 15:00:00,-0.5434605479240417
2014-09-09 16:00:00,-0.5507669448852539
2014-09-09 17:00:00,-0.523847758769989
2014-09-09 18:00:00,-0.4958943724632263
2014-09-09 19:00:00,-0.4589874744415283
2014-09-09 20:00:00,-0.3918825834989548
2014-09-09 21:00:00,-0.3049951493740082
2014-09-09 22:00:00,-0.2006990909576416
2014-09-09 23:00:00,-0.08697420358657837
2014-09-10 00:00:00,0.02630627155303955
2014-09-10 01:00:00,0.1417897343635559
2014-09-10 02:00:00,0.6196426153182983
2014-09-10 03:00:00,0.8191938400268555
2014-09-10 04:00:00,0.9137270450592041
2014-09-10 05:00:00,0.9559133052825928
2014-09-10 06:00:00,0.9130693674087524
2014-09-10 07:00:00,0.8449251651763916
2014-09-10 08:00:00,0.8081561326980591
2014-09-10 09:00:00,0.7950441837310791
2014-09-10 10:00:00,0.6759202480316162
2014-09-10 11:00:00,0.5522274971008301
2014-09-10 12:00:00,0.39202046394348145
2014-09-10 13:00:00,0.19859600067138672
2014-09-10 14:00:00,0.1120067834854126
2014-09-10 15:00:00,0.08103680610656738
2014-09-10 16:00:00,0.22018218040466309
2014-09-10 17:00:00,0.34655237197875977
2014-09-10 18:00:00,0.446624755859375
2014-09-10 19:00:00,0.5279275178909302
2014-09-10 20:00:00,0.604162335395813
2014-09-10 21:00:00,0.672307014465332
2014-09-10 22:00:00,0.6659511923789978
2014-09-10 23:00:00,0.6740055680274963
2014-09-11 00:00:00,0.7060657143592834
2014-09-11 01:00:00,0.7597844004631042
2014-09-11 02:00:00,2.1027598083019257
2014-09-11 03:00:00,1.9878582954406738
2014-09-11 04:00:00,2.0023140907287598
2014-09-11 05:00:00,1.8218204379081726
2014-09-11 06:00:00,1.6218326091766357
2014-09-11 07:00:00,1.4599273204803467
2014-09-11 08:00:00,1.4198541790246964
2014-09-11 09:00:00,1.4303721189498901
2014-09-11 10:00:00,1.3914148807525635
2014-09-11 11:00:00,1.2730046510696411
2014-09-11 12:00:00,0.9106752872467041
2014-09-11 13:00:00,0.5386250168085098
2014-09-11 14:00:00,0.5224704146385193
2014-09-11 15:00:00,0.5879352688789368
2014-09-11 16:00:00,0.7365759611129761
2014-09-11 17:00:00,0.8926891833543777
2014-09-11 18:00:00,0.9887665510177612
2014-09-11 19:00:00,1.0391788482666016
2014-09-11 20:00:00,1.0975391864776611
2014-09-11 21:00:00,1.1851437091827393
2014-09-11 22:00:00,1.054844856262207
2014-09-11 23:00:00,0.9886966943740845
2014-09-12 00:00:00,0.9385312050580978
2014-09-12 01:00:00,1.0401527881622314
2014-09-12 02:00:00,1.7969638109207153
2014-09-12 03:00:00,2.021657943725586
2014-09-12 04:00:00,1.641282558441162
2014-09-12 05:00:00,1.3497287034988403
2014-09-12 06:00:00,1.2023042440414429
2014-09-12 07:00:00,1.1587863266468048
2014-09-12 08:00:00,1.176828145980835
2014-09-12 09:00:00,1.2085649967193604
2014-09-12 10:00:00,1.0541408061981201
2014-09-12 11:00:00,0.8954399824142456
2014-09-12 12:00:00,0.6301096826791763
2014-09-12 13:00:00,0.3716035932302475
2014-09-12 14:00:00,0.21562835574150085
2014-09-12 15:00:00,0.061658889055252075
2014-09-12 16:00:00,0.14612910151481628
2014-09-12 17:00:00,0.23759283870458603
2014-09-12 18:00:00,0.24687737226486206
2014-09-12 19:00:00,0.24248387664556503
2014-09-12 20:00:00,0.27252890914678574
2014-09-12 21:00:00,0.3584640622138977
2014-09-12 22:00:00,0.4040425419807434
2014-09-12 23:00:00,0.5427376627922058
2014-09-13 00:00:00,0.6307332515716553
2014-09-13 01:00:00,0.6584390997886658
2014-09-13 02:00:00,1.6605174541473389
2014-09-13 03:00:00,2.06282901763916
2014-09-13 04:00:00,2.344845771789551
2014-09-13 05:00:00,2.1603376865386963
2014-09-13 06:00:00,1.9709153175354004
2014-09-13 07:00:00,1.872936636209488
2014-09-13 08:00:00,1.8264049589633942
2014-09-13 09:00:00,1.7963659763336182
2014-09-13 10:00:00,1.8474645018577576
2014-09-13 11:00:00,1.8998606204986572
2014-09-13 12:00:00,1.4847627878189087
2014-09-13 13:00:00,0.7638135552406311
2014-09-13 14:00:00,0.7737547755241394
2014-09-13 15:00:00,0.8199069499969482
2014-09-13 16:00:00,0.8428056240081787
2014-09-13 17:00:00,0.7674514129757881
2014-09-13 18:00:00,0.6202835664153099
2014-09-13 19:00:00,0.4541945457458496
2014-09-13 20:00:00,0.3258008360862732
2014-09-13 21:00:00,0.26562821865081787
2014-09-13 22:00:00,0.22190862894058228
2014-09-13 23:00:00,0.35604655742645264
2014-09-14 00:00:00,0.5741448402404785
2014-09-14 01:00:00,0.7054177522659302
2014-09-14 02:00:00,2.016382157802582
2014-09-14 03:00:00,2.788884162902832
2014-09-14 04:00:00,3.213088035583496
2014-09-14 05:00:00,3.233569383621216
2014-09-14 06:00:00,3.082515001296997
2014-09-14 07:00:00,2.9426145553588867
2014-09-14 08:00:00,2.8552193641662598
2014-09-14 09:00:00,2.795639753341675
2014-09-14 10:00:00,2.69382381439209
2014-09-14 11:00:00,2.5025198459625244
2014-09-14 12:00:00,1.8488781452178955
2014-09-14 13:00:00,0.9688128232955933
2014-09-14 14:00:00,0.9723652601242065
2014-09-14 15:00:00,0.99716916680336
2014-09-14 16:00:00,1.0045238733291626
2014-09-14 17:00:00,0.9222541302442551
2014-09-14 18:00:00,0.7627459019422531
2014-09-14 19:00:00,0.6129124164581299
2014-09-14 20:00:00,0.5370861887931824
2014-09-14 21:00:00,0.5863306447863579
2014-09-14 22:00:00,0.595595121383667
2014-09-14 23:00:00,0.6760934591293335
2014-09-15 00:00:00,0.7787975668907166
2014-09-15 01:00:00,0.926742434501648
2014-09-15 02:00:00,2.0238154530525208
2014-09-15 03:00:00,2.7643802165985107
2014-09-15 04:00:00,3.288553476333618
2014-09-15 05:00:00,3.4011144638061523
2014-09-15 06:00:00,3.3665778636932373
2014-09-15 07:00:00,3.327321767807007
2014-09-15 08:00:00,3.3207595348358154
2014-09-15 09:00:00,3.362722158432007
2014-09-15 10:00:00,3.3440027236938477
2014-09-15 11:00:00,3.2454216480255127
2014-09-15 12:00:00,2.778749942779541
2014-09-15 13:00:00,1.4899051189422607
2014-09-15 14:00:00,1.2824809402227402
2014-09-15 15:00:00,1.0703783184289932
2014-09-15 16:00:00,0.9803545475006104
2014-09-15 17:00:00,0.8400636911392212
2014-09-15 18:00:00,0.7193924635648727
2014-09-15 19:00:00,0.6868061423301697
2014-09-15 20:00:00,0.7577316164970398
2014-09-15 21:00:00,0.9129755944013596
2014-09-15 22:00:00,0.8141655921936035
2014-09-15 23:00:00,0.7794424891471863
2014-09-16 00:00:00,0.769831657409668
2014-09-16 01:00:00,0.7739217281341553
2014-09-16 02:00:00,1.7731242179870605
2014-09-16 03:00:00,2.451401948928833
2014-09-16 04:00:00,2.7174813747406006
2014-09-16 05:00:00,2.591108798980713
2014-09-16 06:00:00,2.4692375659942627
2014-09-16 07:00:00,2.4400625228881836
2014-09-16 08:00:00,2.5052032470703125
2014-09-16 09:00:00,2.5632128715515137
2014-09-16 10:00:00,2.6787376403808594
2014-09-16 11:00:00,2.565680503845215
2014-09-16 12:00:00,2.0138508677482605
2014-09-16 13:00:00,1.002479910850525
2014-09-16 14:00:00,0.9986979961395264
2014-09-16 15:00:00,0.9430975914001465
2014-09-16 16:00:00,0.9320085048675537
2014-09-16 17:00:00,0.8425959348678589
2014-09-16 18:00:00,0.737174391746521
2014-09-16 19:00:00,0.6733315587043762
2014-09-16 20:00:00,0.6760807633399963
2014-09-16 21:00:00,0.765017032623291
2014-09-16 22:00:00,0.7131320238113403
2014-09-16 23:00:00,0.7432454824447632
2014-09-17 00:00:00,0.7942323088645935
2014-09-17 01:00:00,0.8651413917541504
2014-09-17 02:00:00,2.1518285274505615
2014-09-17 03:00:00,2.632549524307251
2014-09-17 04:00:00,3.444802761077881
2014-09-17 05:00:00,3.505842447280884
2014-09-17 06:00:00,3.2231171131134033
2014-09-17 07:00:00,3.020313262939453
2014-09-17 08:00:00,2.863250255584717
2014-09-17 09:00:00,2.7836203575134277
2014-09-17 10:00:00,2.773743152618408
2014-09-17 11:00:00,2.5819578170776367
2014-09-17 12:00:00,1.951493263244629
2014-09-17 13:00:00,0.9019119739532471
2014-09-17 14:00:00,0.846084713935852
2014-09-17 15:00:00,0.7539281845092773
2014-09-17 16:00:00,0.6776065900921822
2014-09-17 17:00:00,0.5602188110351562
2014-09-17 18:00:00,0.41755491495132446
2014-09-17 19:00:00,0.29892895370721817
2014-09-17 20:00:00,0.27556390315294266
2014-09-17 21:00:00,0.3983328118920326
2014-09-17 22:00:00,0.5125167220830917
2014-09-17 23:00:00,0.6811928153038025
2014-09-18 00:00:00,0.7801752090454102
2014-09-18 01:00:00,0.9053153991699219
2014-09-18 02:00:00,2.2916810512542725
2014-09-18 03:00:00,2.3729541301727295
2014-09-18 04:00:00,3.037686586380005
2014-09-18 05:00:00,3.281933069229126
2014-09-18 06:00:00,3.2870850563049316
2014-09-18 07:00:00,3.2731287479400635
2014-09-18 08:00:00,3.303370952606201
2014-09-18 09:00:00,3.313448429107666
2014-09-18 10:00:00,3.1645724773406982
2014-09-18 11:00:00,2.7357869148254395
2014-09-18 12:00:00,1.9443128108978271
2014-09-18 13:00:00,0.8497024774551392
2014-09-18 14:00:00,0.7722657918930054
2014-09-18 15:00:00,0.6997946500778198
2014-09-18 16:00:00,0.6763291358947754
2014-09-18 17:00:00,0.6324397325515747
2014-09-18 18:00:00,0.5693649053573608
2014-09-18 19:00:00,0.5403413772583008
2014-09-18 20:00:00,0.5941874980926514
2014-09-18 21:00:00,0.7368711233139038
2014-09-18 22:00:00,0.7950365543365479
2014-09-18 23:00:00,0.8363456726074219
2014-09-19 00:00:00,0.9246922731399536
2014-09-19 01:00:00,1.0736052989959717
2014-09-19 02:00:00,2.514936685562134
2014-09-19 03:00:00,2.488206386566162
2014-09-19 04:00:00,2.9286727905273438
2014-09-19 05:00:00,2.882420539855957
2014-09-19 06:00:00,2.844838857650757
2014-09-19 07:00:00,2.853795289993286
2014-09-19 08:00:00,2.8019909858703613
2014-09-19 09:00:00,2.7956128120422363
2014-09-19 10:00:00,2.9418234825134277
2014-09-19 11:00:00,2.7755651473999023
2014-09-19 12:00:00,2.1065361499786377
2014-09-19 13:00:00,1.0729598999023438
2014-09-19 14:00:00,1.139657735824585
2014-09-19 15:00:00,1.1868276596069336
2014-09-19 16:00:00,1.2074286937713623
2014-09-19 17:00:00,1.057830810546875
2014-09-19 18:00:00,0.8868143558502197
2014-09-19 19:00:00,0.7847893238067627
2014-09-19 20:00:00,0.7880949974060059
2014-09-19 21:00:00,0.8862709999084473
2014-09-19 22:00:00,0.9072282314300537
2014-09-19 23:00:00,0.9995670318603516
2014-09-20 00:00:00,1.1277488470077515
2014-09-20 01:00:00,1.2853050231933594
2014-09-20 02:00:00,2.76430344581604
2014-09-20 03:00:00,2.645833969116211
2014-09-20 04:00:00,2.8323676586151123
2014-09-20 05:00:00,3.0349836349487305
2014-09-20 06:00:00,2.892645835876465
2014-09-20 07:00:00,2.6761913299560547
2014-09-20 08:00:00,2.51969051361084
2014-09-20 09:00:00,2.461289167404175
2014-09-20 10:00:00,2.6261541843414307
2014-09-20 11:00:00,2.374790668487549
2014-09-20 12:00:00,1.6742875576019287
2014-09-20 13:00:00,0.9390854835510254
2014-09-20 14:00:00,0.9531901180744171
2014-09-20 15:00:00,0.9280757158994675
2014-09-20 16:00:00,0.8297724723815918
2014-09-20 17:00:00,0.7378361150622368
2014-09-20 18:00:00,0.6906540393829346
2014-09-20 19:00:00,0.733370840549469
2014-09-20 20:00:00,0.859812319278717
2014-09-20 21:00:00,0.979257345199585
2014-09-20 22:00:00,1.094362497329712
2014-09-20 23:00:00,1.2902603149414062
2014-09-21 00:00:00,1.5466137826442719
2014-09-21 01:00:00,1.76613450050354
2014-09-21 02:00:00,3.0367507934570312
2014-09-21 03:00:00,2.8618154525756836
2014-09-21 04:00:00,3.535861015319824
2014-09-21 05:00:00,3.8987274169921875
2014-09-21 06:00:00,3.7470784187316895
2014-09-21 07:00:00,3.5853538513183594
2014-09-21 08:00:00,3.518742561340332
2014-09-21 09:00:00,3.4579577445983887
2014-09-21 10:00:00,3.506296396255493
2014-09-21 11:00:00,3.2566747665405273
2014-09-21 12:00:00,2.169527232646942
2014-09-21 13:00:00,1.3281102180480957
2014-09-21 14:00:00,1.36815345287323
2014-09-21 15:00:00,1.3198692798614502
2014-09-21 16:00:00,1.2552930116653442
2014-09-21 17:00:00,1.1908118724822998
2014-09-21 18:00:00,1.2040548473596573
2014-09-21 19:00:00,1.3798680305480957
2014-09-21 20:00:00,1.7636044025421143
2014-09-21 21:00:00,2.280094861984253
2014-09-21 22:00:00,2.1647307872772217
2014-09-21 23:00:00,2.1077210903167725
2014-09-22 00:00:00,2.048234701156616
2014-09-22 01:00:00,2.0695207118988037
2014-09-22 02:00:00,3.2802531719207764
2014-09-22 03:00:00,3.314073085784912
2014-09-22 04:00:00,4.549221038818359
2014-09-22 05:00:00,4.717828273773193
2014-09-22 06:00:00,4.5542402267456055
2014-09-22 07:00:00,4.395618915557861
2014-09-22 08:00:00,4.271442890167236
2014-09-22 09:00:00,4.18998384475708
2014-09-22 10:00:00,4.051201343536377
2014-09-22 11:00:00,3.7366671562194824
2014-09-22 12:00:00,2.5734293460845947
2014-09-22 13:00:00,1.2984392642974854
2014-09-22 14:00:00,1.263914942741394
2014-09-22 15:00:00,1.189845085144043
2014-09-22 16:00:00,1.1731053590774536
2014-09-22 17:00:00,1.1511281728744507
2014-09-22 18:00:00,1.1851692497730255
2014-09-22 19:00:00,1.3006696850061417
2014-09-22 20:00:00,1.5445854514837265
2014-09-22 21:00:00,1.8632762432098389
2014-09-22 22:00:00,1.7589192390441895
2014-09-22 23:00:00,1.8774027824401855
2014-09-23 00:00:00,2.2003555297851562
2014-09-23 01:00:00,2.222776859998703
2014-09-23 02:00:00,3.3125531673431396
2014-09-23 03:00:00,4.185226917266846
2014-09-23 04:00:00,5.57121467590332
2014-09-23 05:00:00,5.563465118408203
2014-09-23 06:00:00,5.29247522354126
2014-09-23 07:00:00,5.129415035247803
2014-09-23 08:00:00,5.026159763336182
2014-09-23 09:00:00,4.931001663208008
2014-09-23 10:00:00,4.581995964050293
2014-09-23 11:00:00,4.116902828216553
2014-09-23 12:00:00,2.629648208618164
2014-09-23 13:00:00,1.387293815612793
2014-09-23 14:00:00,1.3565244674682617
2014-09-23 15:00:00,1.3345922231674194
2014-09-23 16:00:00,1.4733704328536987
2014-09-23 17:00:00,1.6857280731201172
2014-09-23 18:00:00,2.0085715651512146
2014-09-23 19:00:00,2.4236862659454346
2014-09-23 20:00:00,2.9238696098327637
2014-09-23 21:00:00,3.2076334953308105
2014-09-23 22:00:00,2.4739041328430176
2014-09-23 23:00:00,1.9067673683166504
2014-09-24 00:00:00,1.805511474609375
2014-09-24 01:00:00,1.8045141696929932
2014-09-24 02:00:00,2.9500298500061035
2014-09-24 03:00:00,3.541682243347168
2014-09-24 04:00:00,4.672226905822754
2014-09-24 05:00:00,4.148986339569092
2014-09-24 06:00:00,3.685447931289673
2014-09-24 07:00:00,3.347733736038208
2014-09-24 08:00:00,3.166619062423706
2014-09-24 09:00:00,3.055187225341797
2014-09-24 10:00:00,2.962728977203369
2014-09-24 11:00:00,2.785645008087158
2014-09-24 12:00:00,1.7637940645217896
2014-09-24 13:00:00,1.1191861629486084
2014-09-24 14:00:00,1.152408242225647
2014-09-24 15:00:00,1.1514090299606323
2014-09-24 16:00:00,1.1959882974624634
2014-09-24 17:00:00,1.265845775604248
2014-09-24 18:00:00,1.361069679260254
2014-09-24 19:00:00,1.496093988418579
2014-09-24 20:00:00,1.705127626657486
2014-09-24 21:00:00,1.9309406280517578
2014-09-24 22:00:00,1.770620435476303
2014-09-24 23:00:00,1.7472519874572754
2014-09-25 00:00:00,1.7823309898376465
2014-09-25 01:00:00,1.8551262617111206
2014-09-25 02:00:00,3.1483607292175293
2014-09-25 03:00:00,3.0366523265838623
2014-09-25 04:00:00,4.1382670402526855
2014-09-25 05:00:00,3.997375965118408
2014-09-25 06:00:00,3.7360199093818665
2014-09-25 07:00:00,3.5230727195739746
2014-09-25 08:00:00,3.4587454795837402
2014-09-25 09:00:00,3.4515295028686523
2014-09-25 10:00:00,3.2922523021698
2014-09-25 11:00:00,3.025629997253418
2014-09-25 12:00:00,2.0693440437316895
2014-09-25 13:00:00,1.0421561002731323
2014-09-25 14:00:00,1.0279028713703156
2014-09-25 15:00:00,0.9909694194793701
2014-09-25 16:00:00,0.9625858068466187
2014-09-25 17:00:00,0.9250068962574005
2014-09-25 18:00:00,0.8849570751190186
2014-09-25 19:00:00,0.8697349727153778
2014-09-25 20:00:00,0.9293786287307739
2014-09-25 21:00:00,1.0855748653411865
2014-09-25 22:00:00,1.1595074236392975
2014-09-25 23:00:00,1.2791960090398788
2014-09-26 00:00:00,1.4247759580612183
2014-09-26 01:00:00,1.5545974969863892
2014-09-26 02:00:00,2.903916835784912
2014-09-26 03:00:00,3.7509716153144836
2014-09-26 04:00:00,3.9732404947280884
2014-09-26 05:00:00,3.6057322025299072
2014-09-26 06:00:00,3.3197662830352783
2014-09-26 07:00:00,3.264683961868286
2014-09-26 08:00:00,3.320124626159668
2014-09-26 09:00:00,3.4012985229492188
2014-09-26 10:00:00,3.37011456489563
2014-09-26 11:00:00,3.191014289855957
2014-09-26 12:00:00,2.402191638946533
2014-09-26 13:00:00,1.135823130607605
2014-09-26 14:00:00,1.1818323135375977
2014-09-26 15:00:00,1.2215675115585327
2014-09-26 16:00:00,1.3471108675003052
2014-09-26 17:00:00,1.4092150926589966
2014-09-26 18:00:00,1.3925741910934448
2014-09-26 19:00:00,1.32819664478302
2014-09-26 20:00:00,1.2917920351028442
2014-09-26 21:00:00,1.3269861936569214
2014-09-26 22:00:00,1.1851402521133423
2014-09-26 23:00:00,1.1982641220092773
2014-09-27 00:00:00,1.3009529113769531
2014-09-27 01:00:00,1.464341163635254
2014-09-27 02:00:00,2.8247642517089844
2014-09-27 03:00:00,2.8923158645629883
2014-09-27 04:00:00,4.096510887145996
2014-09-27 05:00:00,4.220963001251221
2014-09-27 06:00:00,4.169971466064453
2014-09-27 07:00:00,4.098011016845703
2014-09-27 08:00:00,4.022566795349121
2014-09-27 09:00:00,3.966939091682434
2014-09-27 10:00:00,3.9260491132736206
2014-09-27 11:00:00,3.717454433441162
2014-09-27 12:00:00,2.8633158206939697
2014-09-27 13:00:00,1.3265267610549927
2014-09-27 14:00:00,1.3497930765151978
2014-09-27 15:00:00,1.3504389524459839
2014-09-27 16:00:00,1.2968217134475708
2014-09-27 17:00:00,1.200911045074463
2014-09-27 18:00:00,1.0799178928136826
2014-09-27 19:00:00,0.9816199541091919
2014-09-27 20:00:00,0.9837648868560791
2014-09-27 21:00:00,1.0926165729761124
2014-09-27 22:00:00,1.0872210264205933
2014-09-27 23:00:00,1.142383098602295
2014-09-28 00:00:00,1.2287352085113525
2014-09-28 01:00:00,1.321295142173767
2014-09-28 02:00:00,2.6214661598205566
2014-09-28 03:00:00,2.5975613594055176
2014-09-28 04:00:00,4.159915447235107
2014-09-28 05:00:00,3.8884857296943665
2014-09-28 06:00:00,3.5362963676452637
2014-09-28 07:00:00,3.337575912475586
2014-09-28 08:00:00,3.297640562057495
2014-09-28 09:00:00,3.366100549697876
2014-09-28 10:00:00,3.4595375061035156
2014-09-28 11:00:00,3.3894457817077637
2014-09-28 12:00:00,2.4515793323516846
2014-09-28 13:00:00,1.2692927122116089
2014-09-28 14:00:00,1.2111234664916992
2014-09-28 15:00:00,1.0017881393432617
2014-09-28 16:00:00,0.7644258737564087
2014-09-28 17:00:00,0.5722610950469971
2014-09-28 18:00:00,0.5396168231964111
2014-09-28 19:00:00,0.6751875877380371
2014-09-28 20:00:00,0.8487154245376587
2014-09-28 21:00:00,0.9607317447662354
2014-09-28 22:00:00,1.085983008146286
2014-09-28 23:00:00,1.2214625030755997
2014-09-29 00:00:00,1.3107755184173584
2014-09-29 01:00:00,1.369328498840332
2014-09-29 02:00:00,2.677748680114746
2014-09-29 03:00:00,2.1892075538635254
2014-09-29 04:00:00,4.215654373168945
2014-09-29 05:00:00,3.9246745109558105
2014-09-29 06:00:00,3.623518943786621
2014-09-29 07:00:00,3.4191782474517822
2014-09-29 08:00:00,3.301807165145874
2014-09-29 09:00:00,3.291566848754883
2014-09-29 10:00:00,3.198166847229004
2014-09-29 11:00:00,3.0861687660217285
2014-09-29 12:00:00,2.2645387649536133
2014-09-29 13:00:00,1.0682331323623657
2014-09-29 14:00:00,1.0702459812164307
2014-09-29 15:00:00,1.05491304397583
2014-09-29 16:00:00,1.0694856494665146
2014-09-29 17:00:00,1.0511376559734344
2014-09-29 18:00:00,1.0547516345977783
2014-09-29 19:00:00,1.1185108423233032
2014-09-29 20:00:00,1.2485977411270142
2014-09-29 21:00:00,1.3600060939788818
2014-09-29 22:00:00,1.2366125881671906
2014-09-29 23:00:00,1.1801962703466415
2014-09-30 00:00:00,1.160086750984192
2014-09-30 01:00:00,1.1220781654119492
2014-09-30 02:00:00,2.0612244307994843
2014-09-30 03:00:00,1.4556355476379395
2014-09-30 04:00:00,2.6367015838623047
2014-09-30 05:00:00,2.4775631427764893
2014-09-30 06:00:00,2.260938882827759
2014-09-30 07:00:00,2.193230390548706
2014-09-30 08:00:00,2.2843635082244873
2014-09-30 09:00:00,2.437880754470825
2014-09-30 10:00:00,2.3719370365142822
2014-09-30 11:00:00,2.175736665725708
2014-09-30 12:00:00,1.05997896194458
2014-09-30 13:00:00,0.8837849497795105
2014-09-30 14:00:00,0.8066790103912354
2014-09-30 15:00:00,0.747913658618927
2014-09-30 16:00:00,0.8051776885986328
2014-09-30 17:00:00,0.9052808731794357
2014-09-30 18:00:00,1.0354750454425812
2014-09-30 19:00:00,1.170625001192093
2014-09-30 20:00:00,1.3133695125579834
2014-09-30 21:00:00,1.4665275812149048
2014-09-30 22:00:00,1.3629801273345947
2014-09-30 23:00:00,1.3011410236358643
2014-10-01 00:00:00,1.2609586715698242
2014-10-01 01:00:00,1.2223243713378906
2014-10-01 02:00:00,2.0983026027679443
2014-10-01 03:00:00,1.8218463361263275
2014-10-01 04:00:00,2.420502185821533
2014-10-01 05:00:00,2.2723581790924072
2014-10-01 06:00:00,2.063814401626587
2014-10-01 07:00:00,1.9960646629333496
2014-10-01 08:00:00,2.0007662773132324
2014-10-01 09:00:00,1.9811010360717773
2014-10-01 10:00:00,1.8730504512786865
2014-10-01 11:00:00,1.6525490283966064
2014-10-01 12:00:00,0.8248601704835892
2014-10-01 13:00:00,0.24849671125411987
2014-10-01 14:00:00,-0.04297509789466858
2014-10-01 15:00:00,-0.25592029094696045
2014-10-01 16:00:00,-0.29116594791412354
2014-10-01 17:00:00,-0.2544326186180115
2014-10-01 18:00:00,-0.14842689037322998
2014-10-01 19:00:00,0.01360386610031128
2014-10-01 20:00:00,0.213567316532135
2014-10-01 21:00:00,0.44419170916080475
2014-10-01 22:00:00,0.5052786469459534
2014-10-01 23:00:00,0.5936758443713188
2014-10-02 00:00:00,0.7292841672897339
2014-10-02 01:00:00,0.8772615939378738
2014-10-02 02:00:00,1.7093248516321182
2014-10-02 03:00:00,1.4731683731079102
2014-10-02 04:00:00,1.5743850767612457
2014-10-02 05:00:00,1.3957438468933105
2014-10-02 06:00:00,1.3051198720932007
2014-10-02 07:00:00,1.373009443283081
2014-10-02 08:00:00,1.6281324625015259
2014-10-02 09:00:00,1.8938018679618835
2014-10-02 10:00:00,1.8943486213684082
2014-10-02 11:00:00,1.7061810493469238
2014-10-02 12:00:00,0.7328289747238159
2014-10-02 13:00:00,0.23908650875091553
2014-10-02 14:00:00,-0.029881834983825684
2014-10-02 15:00:00,-0.2324444279074669
2014-10-02 16:00:00,-0.32771897315979004
2014-10-02 17:00:00,-0.3399314880371094
2014-10-02 18:00:00,-0.2696401346474886
2014-10-02 19:00:00,-0.10495174303650856
2014-10-02 20:00:00,0.10663484781980515
2014-10-02 21:00:00,0.34145689010620117
2014-10-02 22:00:00,0.4633305072784424
2014-10-02 23:00:00,0.5653088092803955
2014-10-03 00:00:00,0.6456547975540161
2014-10-03 01:00:00,0.733464777469635
2014-10-03 02:00:00,1.504644513130188
2014-10-03 03:00:00,1.636370301246643
2014-10-03 04:00:00,1.7475173473358154
2014-10-03 05:00:00,1.7123974561691284
2014-10-03 06:00:00,1.5331488847732544
2014-10-03 07:00:00,1.4402432441711426
2014-10-03 08:00:00,1.4801021814346313
2014-10-03 09:00:00,1.5761662721633911
2014-10-03 10:00:00,1.617403507232666
2014-10-03 11:00:00,1.4525080919265747
2014-10-03 12:00:00,0.5920256972312927
2014-10-03 13:00:00,0.4447289705276489
2014-10-03 14:00:00,0.22842222452163696
2014-10-03 15:00:00,0.21980910748243332
2014-10-03 16:00:00,0.47671209275722504
2014-10-03 17:00:00,0.7343541979789734
2014-10-03 18:00:00,0.883877158164978
2014-10-03 19:00:00,0.9312260150909424
2014-10-03 20:00:00,0.9331458806991577
2014-10-03 21:00:00,0.9152410477399826
2014-10-03 22:00:00,0.7802076935768127
2014-10-03 23:00:00,0.6702105402946472
2014-10-04 00:00:00,0.6181997060775757
2014-10-04 01:00:00,0.6149238348007202
2014-10-04 02:00:00,0.7791787385940552
2014-10-04 03:00:00,1.0207881927490234
2014-10-04 04:00:00,0.7947262525558472
2014-10-04 05:00:00,0.9752932786941528
2014-10-04 06:00:00,1.0296494662761688
2014-10-04 07:00:00,1.0467793941497803
2014-10-04 08:00:00,1.0475035905838013
2014-10-04 09:00:00,0.9980380535125732
2014-10-04 10:00:00,0.9343644380569458
2014-10-04 11:00:00,0.8137319535017014
2014-10-04 12:00:00,0.356611043214798
2014-10-04 13:00:00,-0.06443393230438232
2014-10-04 14:00:00,-0.5376091003417969
2014-10-04 15:00:00,-0.8210278749465942
2014-10-04 16:00:00,-0.8630620241165161
2014-10-04 17:00:00,-0.715006411075592
2014-10-04 18:00:00,-0.4542551636695862
2014-10-04 19:00:00,-0.18337153270840645
2014-10-04 20:00:00,0.04857011139392853
2014-10-04 21:00:00,0.2314891219139099
2014-10-04 22:00:00,0.33350133523344994
2014-10-04 23:00:00,0.376672126352787
2014-10-05 00:00:00,0.35568326711654663
2014-10-05 01:00:00,0.3170340284705162
2014-10-05 02:00:00,0.1731850504875183
2014-10-05 03:00:00,0.30332374572753906
2014-10-05 04:00:00,0.3052452802658081
2014-10-05 05:00:00,0.18650741130113602
2014-10-05 06:00:00,0.2141653299331665
2014-10-05 07:00:00,0.35957755893468857
2014-10-05 08:00:00,0.5598471164703369
2014-10-05 09:00:00,0.7489136531949043
2014-10-05 10:00:00,0.8109245300292969
2014-10-05 11:00:00,0.7823092937469482
2014-10-05 12:00:00,0.36435234546661377
2014-10-05 13:00:00,0.04943409562110901
2014-10-05 14:00:00,-0.3045656979084015
2014-10-05 15:00:00,-0.45800448954105377
2014-10-05 16:00:00,-0.44731849431991577
2014-10-05 17:00:00,-0.3366846442222595
2014-10-05 18:00:00,-0.18859833478927612
2014-10-05 19:00:00,-0.05906030535697937
2014-10-05 20:00:00,0.01717197895050049
2014-10-05 21:00:00,0.05650016665458679
2014-10-05 22:00:00,-0.09396350383758545
2014-10-05 23:00:00,-0.21120291948318481
2014-10-06 00:00:00,-0.24568510055541992
2014-10-06 01:00:00,-0.17848551273345947
2014-10-06 02:00:00,-0.04907745122909546
2014-10-06 03:00:00,0.04692041873931885
2014-10-06 04:00:00,0.34477657079696655
2014-10-06 05:00:00,0.3943207859992981
2014-10-06 06:00:00,0.28602268546819687
2014-10-06 07:00:00,0.1927623152732849
2014-10-06 08:00:00,0.16863416880369186
2014-10-06 09:00:00,0.18432676792144775
2014-10-06 10:00:00,0.3405688777565956
2014-10-06 11:00:00,0.399357832968235
2014-10-06 12:00:00,0.15364307910203934
2014-10-06 13:00:00,-0.04761868342757225
2014-10-06 14:00:00,-0.2678943872451782
2014-10-06 15:00:00,-0.4132552370429039
2014-10-06 16:00:00,-0.4116649031639099
2014-10-06 17:00:00,-0.26939159631729126
2014-10-06 18:00:00,-0.03568100929260254
2014-10-06 19:00:00,0.16134074330329895
2014-10-06 20:00:00,0.261626660823822
2014-10-06 21:00:00,0.2774105668067932
2014-10-06 22:00:00,0.30998551845550537
2014-10-06 23:00:00,0.32872462272644043
2014-10-07 00:00:00,0.2689095735549927
2014-10-07 01:00:00,0.10348820686340332
2014-10-07 02:00:00,-0.12480514124035835
2014-10-07 03:00:00,-0.6388038471341133
2014-10-07 04:00:00,-0.9197036772966385
2014-10-07 05:00:00,-0.9065133333206177
2014-10-07 06:00:00,-0.7922566533088684
2014-10-07 07:00:00,-0.6296049356460571
2014-10-07 08:00:00,-0.46467840671539307
2014-10-07 09:00:00,-0.3100242614746094
2014-10-07 10:00:00,-0.07857360690832138
2014-10-07 11:00:00,-0.0026710666716098785
2014-10-07 12:00:00,-0.03342798352241516
2014-10-07 13:00:00,-0.22670882940292358
2014-10-07 14:00:00,-0.4341272711753845
2014-10-07 15:00:00,-0.5888588428497314
2014-10-07 16:00:00,-0.647710308432579
2014-10-07 17:00:00,-0.7080946043133736
2014-10-07 18:00:00,-0.7459091544151306
2014-10-07 19:00:00,-0.7863686680793762
2014-10-07 20:00:00,-0.8114506602287292
2014-10-07 21:00:00,-0.8102153539657593
2014-10-07 22:00:00,-0.8451690673828125
2014-10-07 23:00:00,-0.8542388677597046
2014-10-08 00:00:00,-0.8503449559211731
2014-10-08 01:00:00,-0.8462834358215332
2014-10-08 02:00:00,-0.9591506719589233
2014-10-08 03:00:00,-1.6672677993774414
2014-10-08 04:00:00,-1.5403060913085938
2014-10-08 05:00:00,-1.1832034438848495
2014-10-08 06:00:00,-0.8714200258255005
2014-10-08 07:00:00,-0.549603907391429
2014-10-08 08:00:00,-0.23241843935102224
2014-10-08 09:00:00,0.07339763641357422
2014-10-08 10:00:00,0.36622822284698486
2014-10-08 11:00:00,0.5577577352523804
2014-10-08 12:00:00,0.25686609745025635
2014-10-08 13:00:00,0.16011303663253784
2014-10-08 14:00:00,0.10349684953689575
2014-10-08 15:00:00,0.08133900165557861
2014-10-08 16:00:00,0.15385571122169495
2014-10-08 17:00:00,0.2943251710385084
2014-10-08 18:00:00,0.46101826429367065
2014-10-08 19:00:00,0.5868772864341736
2014-10-08 20:00:00,0.6559545919299126
2014-10-08 21:00:00,0.6842629909515381
2014-10-08 22:00:00,0.7042900323867798
2014-10-08 23:00:00,0.721976637840271
2014-10-09 00:00:00,0.743667483329773
2014-10-09 01:00:00,0.7850300073623657
2014-10-09 02:00:00,1.7151773869991302
2014-10-09 03:00:00,1.9156716763973236
2014-10-09 04:00:00,2.4047584235668182
2014-10-09 05:00:00,2.581812858581543
2014-10-09 06:00:00,2.6070644855499268
2014-10-09 07:00:00,2.548313617706299
2014-10-09 08:00:00,2.441404104232788
2014-10-09 09:00:00,2.3171458542346954
2014-10-09 10:00:00,2.3564517498016357
2014-10-09 11:00:00,2.332616835832596
2014-10-09 12:00:00,1.2522294521331787
2014-10-09 13:00:00,1.0858228206634521
2014-10-09 14:00:00,1.2361334562301636
2014-10-09 15:00:00,1.343214526772499
2014-10-09 16:00:00,1.4187095165252686
2014-10-09 17:00:00,1.3698949664831161
2014-10-09 18:00:00,1.2147713899612427
2014-10-09 19:00:00,1.007862240076065
2014-10-09 20:00:00,0.8278394490480423
2014-10-09 21:00:00,0.6996679902076721
2014-10-09 22:00:00,0.5635294914245605
2014-10-09 23:00:00,0.5446951985359192
2014-10-10 00:00:00,0.6152181625366211
2014-10-10 01:00:00,0.739974319934845
2014-10-10 02:00:00,1.3053640127182007
2014-10-10 03:00:00,1.8326234817504883
2014-10-10 04:00:00,2.7766599655151367
2014-10-10 05:00:00,3.0498836040496826
2014-10-10 06:00:00,2.916360855102539
2014-10-10 07:00:00,2.786442279815674
2014-10-10 08:00:00,2.7326889038085938
2014-10-10 09:00:00,2.720752000808716
2014-10-10 10:00:00,2.6696949005126953
2014-10-10 11:00:00,2.514787197113037
2014-10-10 12:00:00,1.0520853698253632
2014-10-10 13:00:00,1.02949059009552
2014-10-10 14:00:00,1.0690362453460693
2014-10-10 15:00:00,1.0526129007339478
2014-10-10 16:00:00,1.0144968032836914
2014-10-10 17:00:00,0.931027889251709
2014-10-10 18:00:00,0.8499999046325684
2014-10-10 19:00:00,0.7877364754676819
2014-10-10 20:00:00,0.7482449412345886
2014-10-10 21:00:00,0.732755720615387
2014-10-10 22:00:00,0.6272871494293213
2014-10-10 23:00:00,0.5685715079307556
2014-10-11 00:00:00,0.5655375719070435
2014-10-11 01:00:00,0.6252937316894531
2014-10-11 02:00:00,0.5252776741981506
2014-10-11 03:00:00,1.2881014347076416
2014-10-11 04:00:00,1.7180445194244385
2014-10-11 05:00:00,2.2952690422534943
2014-10-11 06:00:00,2.3318991661071777
2014-10-11 07:00:00,2.3401751816272736
2014-10-11 08:00:00,2.3016467094421387
2014-10-11 09:00:00,2.2204349040985107
2014-10-11 10:00:00,2.135814219713211
2014-10-11 11:00:00,1.900655746459961
2014-10-11 12:00:00,0.7046548873186111
2014-10-11 13:00:00,0.7558760195970535
2014-10-11 14:00:00,0.8082190752029419
2014-10-11 15:00:00,0.8465097397565842
2014-10-11 16:00:00,0.8663563281297684
2014-10-11 17:00:00,0.8265447616577148
2014-10-11 18:00:00,0.7335888892412186
2014-10-11 19:00:00,0.6424533128738403
2014-10-11 20:00:00,0.5857998728752136
2014-10-11 21:00:00,0.5512580275535583
2014-10-11 22:00:00,0.4908779263496399
2014-10-11 23:00:00,0.4897864907979965
2014-10-12 00:00:00,0.5120812058448792
2014-10-12 01:00:00,0.5496813654899597
2014-10-12 02:00:00,0.4280543327331543
2014-10-12 03:00:00,0.842071533203125
2014-10-12 04:00:00,0.7074542045593262
2014-10-12 05:00:00,1.4918205589056015
2014-10-12 06:00:00,1.2250624895095825
2014-10-12 07:00:00,0.8648902922868729
2014-10-12 08:00:00,0.4710272550582886
2014-10-12 09:00:00,0.2119477242231369
2014-10-12 10:00:00,0.3896845653653145
2014-10-12 11:00:00,0.47963404655456543
2014-10-12 12:00:00,0.21867507696151733
2014-10-12 13:00:00,0.33132505416870117
2014-10-12 14:00:00,0.2877182364463806
2014-10-12 15:00:00,0.2531694173812866
2014-10-12 16:00:00,0.19409364461898804
2014-10-12 17:00:00,0.18944978713989258
2014-10-12 18:00:00,0.24284780025482178
2014-10-12 19:00:00,0.3306918144226074
2014-10-12 20:00:00,0.38687825202941895
2014-10-12 21:00:00,0.39018547534942627
2014-10-12 22:00:00,0.32666587829589844
2014-10-12 23:00:00,0.15867125988006592
2014-10-13 00:00:00,-0.11421656608581543
2014-10-13 01:00:00,-0.43425190448760986
2014-10-13 02:00:00,-0.5843902826309204
2014-10-13 03:00:00,-1.1722866296768188
2014-10-13 04:00:00,-1.1523821353912354
2014-10-13 05:00:00,-2.274658441543579
2014-10-13 06:00:00,-2.6395339965820312
2014-10-13 07:00:00,-2.7366812229156494
2014-10-13 08:00:00,-2.5616161823272705
2014-10-13 09:00:00,-2.1765722930431366
2014-10-13 10:00:00,-1.6522564888000488
2014-10-13 11:00:00,-1.2244110107421875
2014-10-13 12:00:00,-0.339458167552948
2014-10-13 13:00:00,-0.19235408306121826
2014-10-13 14:00:00,-0.038059890270233154
2014-10-13 15:00:00,-0.05085939168930054
2014-10-13 16:00:00,-0.38123176991939545
2014-10-13 17:00:00,-0.8361129760742188
2014-10-13 18:00:00,-1.0996613502502441
2014-10-13 19:00:00,-1.0567320585250854
2014-10-13 20:00:00,-0.7845126390457153
2014-10-13 21:00:00,-0.49829064309597015
2014-10-13 22:00:00,0.009339563548564911
2014-10-13 23:00:00,0.48208800703287125
2014-10-14 00:00:00,0.8799461871385574
2014-10-14 01:00:00,1.0514992475509644
2014-10-14 02:00:00,1.0046257674694061
2014-10-14 03:00:00,0.7531628161668777
2014-10-14 04:00:00,-0.05351881682872772
2014-10-14 05:00:00,-0.8068992793560028
2014-10-14 06:00:00,-1.1926705539226532
2014-10-14 07:00:00,-1.1282422542572021
2014-10-14 08:00:00,-0.7166242599487305
2014-10-14 09:00:00,-0.19742561131715775
2014-10-14 10:00:00,0.1975330114364624
2014-10-14 11:00:00,0.5870922654867172
2014-10-14 12:00:00,0.9914092943072319
2014-10-14 13:00:00,0.8651366028934717
2014-10-14 14:00:00,0.9609591662883759
2014-10-14 15:00:00,0.9733514711260796
2014-10-14 16:00:00,0.913275271654129
2014-10-14 17:00:00,1.0119698345661163
2014-10-14 18:00:00,1.0833055973052979
2014-10-14 19:00:00,1.0975388288497925
2014-10-14 20:00:00,1.014365315437317
2014-10-14 21:00:00,0.8866333961486816
2014-10-14 22:00:00,0.7444045543670654
2014-10-14 23:00:00,0.7296045422554016
2014-10-15 00:00:00,0.7622947692871094
2014-10-15 01:00:00,0.796391487121582
2014-10-15 02:00:00,0.678995206952095
2014-10-15 03:00:00,1.3143417835235596
2014-10-15 04:00:00,1.6233117580413818
2014-10-15 05:00:00,1.7988146543502808
2014-10-15 06:00:00,1.8828641772270203
2014-10-15 07:00:00,1.9295616149902344
2014-10-15 08:00:00,1.9191081523895264
2014-10-15 09:00:00,1.8549250960350037
2014-10-15 10:00:00,1.7336697578430176
2014-10-15 11:00:00,1.517944097518921
2014-10-15 12:00:00,0.49754661321640015
2014-10-15 13:00:00,0.5450432896614075
2014-10-15 14:00:00,0.5073071718215942
2014-10-15 15:00:00,0.49606722593307495
2014-10-15 16:00:00,0.5700427889823914
2014-10-15 17:00:00,0.6294717192649841
2014-10-15 18:00:00,0.6496066600084305
2014-10-15 19:00:00,0.6290585994720459
2014-10-15 20:00:00,0.5989406704902649
2014-10-15 21:00:00,0.5873592495918274
2014-10-15 22:00:00,0.5755156874656677
2014-10-15 23:00:00,0.6159608364105225
2014-10-16 00:00:00,0.6863225698471069
2014-10-16 01:00:00,0.7608630657196045
2014-10-16 02:00:00,1.3955931663513184
2014-10-16 03:00:00,1.809790849685669
2014-10-16 04:00:00,2.2003610134124756
2014-10-16 05:00:00,2.4029712677001953
2014-10-16 06:00:00,2.2459440529346466
2014-10-16 07:00:00,2.0904152393341064
2014-10-16 08:00:00,2.003546714782715
2014-10-16 09:00:00,1.9719464778900146
2014-10-16 10:00:00,1.9114129543304443
2014-10-16 11:00:00,1.7514526844024658
2014-10-16 12:00:00,0.6126444339752197
2014-10-16 13:00:00,0.6857232451438904
2014-10-16 14:00:00,0.6696233749389648
2014-10-16 15:00:00,0.666110098361969
2014-10-16 16:00:00,0.6898853033781052
2014-10-16 17:00:00,0.6923127621412277
2014-10-16 18:00:00,0.6576126739382744
2014-10-16 19:00:00,0.5885535404086113
2014-10-16 20:00:00,0.5094476938247681
2014-10-16 21:00:00,0.4499586671590805
2014-10-16 22:00:00,0.4092295169830322
2014-10-16 23:00:00,0.42433347553014755
2014-10-17 00:00:00,0.4878385066986084
2014-10-17 01:00:00,0.5848180651664734
2014-10-17 02:00:00,0.5150824189186096
2014-10-17 03:00:00,1.1738431304693222
2014-10-17 04:00:00,0.938407689332962
2014-10-17 05:00:00,1.937406450510025
2014-10-17 06:00:00,1.958132654428482
2014-10-17 07:00:00,1.875110149383545
2014-10-17 08:00:00,1.8465265333652496
2014-10-17 09:00:00,1.8429791927337646
2014-10-17 10:00:00,1.8158347606658936
2014-10-17 11:00:00,1.576956033706665
2014-10-17 12:00:00,0.5414838790893555
2014-10-17 13:00:00,0.5635407567024231
2014-10-17 14:00:00,0.46166712045669556
2014-10-17 15:00:00,0.3966919779777527
2014-10-17 16:00:00,0.35967713594436646
2014-10-17 17:00:00,0.33552366495132446
2014-10-17 18:00:00,0.3141738176345825
2014-10-17 19:00:00,0.30201122909784317
2014-10-17 20:00:00,0.34465245343744755
2014-10-17 21:00:00,0.4375043511390686
2014-10-17 22:00:00,0.4864993691444397
2014-10-17 23:00:00,0.5277232080698013
2014-10-18 00:00:00,0.5752833038568497
2014-10-18 01:00:00,0.6544185280799866
2014-10-18 02:00:00,0.7301363497972488
2014-10-18 03:00:00,1.5106594562530518
2014-10-18 04:00:00,1.5567076355218887
2014-10-18 05:00:00,2.001162528991699
2014-10-18 06:00:00,2.2458293437957764
2014-10-18 07:00:00,2.3460805416107178
2014-10-18 08:00:00,2.2901154160499573
2014-10-18 09:00:00,2.2789828777313232
2014-10-18 10:00:00,2.283719539642334
2014-10-18 11:00:00,2.060368776321411
2014-10-18 12:00:00,0.7019925713539124
2014-10-18 13:00:00,0.8322267085313797
2014-10-18 14:00:00,0.8071271181106567
2014-10-18 15:00:00,0.8077155351638794
2014-10-18 16:00:00,0.777549222111702
2014-10-18 17:00:00,0.7399531528353691
2014-10-18 18:00:00,0.6921719908714294
2014-10-18 19:00:00,0.6323756575584412
2014-10-18 20:00:00,0.5840070247650146
2014-10-18 21:00:00,0.5666626691818237
2014-10-18 22:00:00,0.5586886405944824
2014-10-18 23:00:00,0.5838624835014343
2014-10-19 00:00:00,0.6641249731183052
2014-10-19 01:00:00,0.7913538217544556
2014-10-19 02:00:00,0.7611419558525085
2014-10-19 03:00:00,1.7792112827301025
2014-10-19 04:00:00,1.522619366645813
2014-10-19 05:00:00,2.3421666622161865
2014-10-19 06:00:00,2.3378050327301025
2014-10-19 07:00:00,2.271026134490967
2014-10-19 08:00:00,2.204984188079834
2014-10-19 09:00:00,2.1222140789031982
2014-10-19 10:00:00,2.169127941131592
2014-10-19 11:00:00,2.0173373222351074
2014-10-19 12:00:00,0.7593841552734375
2014-10-19 13:00:00,0.9334679841995239
2014-10-19 14:00:00,0.9513729810714722
2014-10-19 15:00:00,0.9802703857421875
2014-10-19 16:00:00,0.9946277141571045
2014-10-19 17:00:00,0.9930495023727417
2014-10-19 18:00:00,0.9824552536010742
2014-10-19 19:00:00,0.9742809534072876
2014-10-19 20:00:00,0.9792534112930298
2014-10-19 21:00:00,1.0136775970458984
2014-10-19 22:00:00,0.9730162620544434
2014-10-19 23:00:00,1.0156424045562744
2014-10-20 00:00:00,1.0731496810913086
2014-10-20 01:00:00,1.117729902267456
2014-10-20 02:00:00,1.1038742065429688
2014-10-20 03:00:00,2.2417802810668945
2014-10-20 04:00:00,1.8575925827026367
2014-10-20 05:00:00,2.854008436203003
2014-10-20 06:00:00,2.677910566329956
2014-10-20 07:00:00,2.4949917793273926
2014-10-20 08:00:00,2.380524158477783
2014-10-20 09:00:00,2.2696345150470734
2014-10-20 10:00:00,2.247586280107498
2014-10-20 11:00:00,1.9365286827087402
2014-10-20 12:00:00,0.7479465082287788
2014-10-20 13:00:00,0.8332090824842453
2014-10-20 14:00:00,0.7894306927919388
2014-10-20 15:00:00,0.7834736853837967
2014-10-20 16:00:00,0.7978875562548637
2014-10-20 17:00:00,0.8188096284866333
2014-10-20 18:00:00,0.8618957996368408
2014-10-20 19:00:00,0.9172899723052979
2014-10-20 20:00:00,0.9799204170703888
2014-10-20 21:00:00,1.0327739417552948
2014-10-20 22:00:00,0.974338173866272
2014-10-20 23:00:00,0.9234890341758728
2014-10-21 00:00:00,0.8987560868263245
2014-10-21 01:00:00,0.9080899953842163
2014-10-21 02:00:00,0.7615947723388672
2014-10-21 03:00:00,1.4750103950500488
2014-10-21 04:00:00,1.1704413890838623
2014-10-21 05:00:00,1.8671186864376068
2014-10-21 06:00:00,1.8350496292114258
2014-10-21 07:00:00,1.768425613641739
2014-10-21 08:00:00,1.7197787761688232
2014-10-21 09:00:00,1.6537765562534332
2014-10-21 10:00:00,1.5086292326450348
2014-10-21 11:00:00,1.1618837118148804
2014-10-21 12:00:00,0.4160608518868685
2014-10-21 13:00:00,0.2533037029206753
2014-10-21 14:00:00,0.058385372161865234
2014-10-21 15:00:00,-0.06623662915080786
2014-10-21 16:00:00,0.03644217550754547
2014-10-21 17:00:00,0.15990424156188965
2014-10-21 18:00:00,0.2980690598487854
2014-10-21 19:00:00,0.44432657957077026
2014-10-21 20:00:00,0.5634114593267441
2014-10-21 21:00:00,0.709308497607708
2014-10-21 22:00:00,0.712307445704937
2014-10-21 23:00:00,0.7097204178571701
2014-10-22 00:00:00,0.7085282355546951
2014-10-22 01:00:00,0.7154447957873344
2014-10-22 02:00:00,0.5902568697929382
2014-10-22 03:00:00,1.055474877357483
2014-10-22 04:00:00,0.570873960852623
2014-10-22 05:00:00,0.8459712266921997
2014-10-22 06:00:00,0.9226702004671097
2014-10-22 07:00:00,0.9797738865017891
2014-10-22 08:00:00,1.0235840007662773
2014-10-22 09:00:00,1.0033368989825249
2014-10-22 10:00:00,1.1096969731152058
2014-10-22 11:00:00,1.008285254240036
2014-10-22 12:00:00,0.3989722691476345
2014-10-22 13:00:00,0.35966789722442627
2014-10-22 14:00:00,0.2588844336569309
2014-10-22 15:00:00,0.2230529934167862
2014-10-22 16:00:00,0.2701122537255287
2014-10-22 17:00:00,0.32817739248275757
2014-10-22 18:00:00,0.3637546896934509
2014-10-22 19:00:00,0.37170685827732086
2014-10-22 20:00:00,0.3717499375343323
2014-10-22 21:00:00,0.4272257089614868
2014-10-22 22:00:00,0.4248746484518051
2014-10-22 23:00:00,0.44470976293087006
2014-10-23 00:00:00,0.48449068889021873
2014-10-23 01:00:00,0.5072846487164497
2014-10-23 02:00:00,0.4540776014328003
2014-10-23 03:00:00,0.6220008917152882
2014-10-23 04:00:00,0.18857445381581783
2014-10-23 05:00:00,0.4627513736486435
2014-10-23 06:00:00,0.586572497151792
2014-10-23 07:00:00,0.5628261566162109
2014-10-23 08:00:00,0.440461877733469
2014-10-23 09:00:00,0.21927595138549805
2014-10-23 10:00:00,0.2715737745165825
2014-10-23 11:00:00,0.213392972946167
2014-10-23 12:00:00,-0.04848325252532959
2014-10-23 13:00:00,-0.2581501007080078
2014-10-23 14:00:00,-0.35376720130443573
2014-10-23 15:00:00,-0.3022143244743347
2014-10-23 16:00:00,-0.10918521881103516
2014-10-23 17:00:00,0.06527489423751831
2014-10-23 18:00:00,0.2005305290222168
2014-10-23 19:00:00,0.2929803133010864
2014-10-23 20:00:00,0.3435397148132324
2014-10-23 21:00:00,0.376864492893219
2014-10-23 22:00:00,0.23605483770370483
2014-10-23 23:00:00,0.14618605375289917
2014-10-24 00:00:00,0.09657454490661621
2014-10-24 01:00:00,0.07731455564498901
2014-10-24 02:00:00,0.0930289626121521
2014-10-24 03:00:00,0.14032262563705444
2014-10-24 04:00:00,0.17063391208648682
2014-10-24 05:00:00,0.05108845233917236
2014-10-24 06:00:00,0.052350401878356934
2014-10-24 07:00:00,0.23950906097888947
2014-10-24 08:00:00,0.3818032741546631
2014-10-24 09:00:00,0.38818497955799103
2014-10-24 10:00:00,0.3443916290998459
2014-10-24 11:00:00,0.14717590808868408
2014-10-24 12:00:00,-0.18265879154205322
2014-10-24 13:00:00,-0.48293232917785645
2014-10-24 14:00:00,-0.616266205906868
2014-10-24 15:00:00,-0.591862678527832
2014-10-24 16:00:00,-0.4341999292373657
2014-10-24 17:00:00,-0.25302207469940186
2014-10-24 18:00:00,-0.0434035062789917
2014-10-24 19:00:00,0.19188803434371948
2014-10-24 20:00:00,0.4069874882698059
2014-10-24 21:00:00,0.5802524164319038
2014-10-24 22:00:00,0.6110808849334717
2014-10-24 23:00:00,0.6462877914309502
2014-10-25 00:00:00,0.6569738984107971
2014-10-25 01:00:00,0.6483901739120483
2014-10-25 02:00:00,0.5352104902267456
2014-10-25 03:00:00,0.6810677442699671
2014-10-25 04:00:00,0.7534735277295113
2014-10-25 05:00:00,0.6325862407684326
2014-10-25 06:00:00,0.5323386192321777
2014-10-25 07:00:00,0.5875724703073502
2014-10-25 08:00:00,0.7108788639307022
2014-10-25 09:00:00,0.8070964738726616
2014-10-25 10:00:00,0.9718488529324532
2014-10-25 11:00:00,0.7253137826919556
2014-10-25 12:00:00,0.08834125101566315
2014-10-25 13:00:00,-0.27260682731866837
2014-10-25 14:00:00,-0.5238683223724365
2014-10-25 15:00:00,-0.6834570914506912
2014-10-25 16:00:00,-0.7897472381591797
2014-10-25 17:00:00,-0.8178605735301971
2014-10-25 18:00:00,-0.7961592227220535
2014-10-25 19:00:00,-0.7217197418212891
2014-10-25 20:00:00,-0.6135900020599365
2014-10-25 21:00:00,-0.4769939184188843
2014-10-25 22:00:00,-0.45506131649017334
2014-10-25 23:00:00,-0.43300068378448486
2014-10-26 00:00:00,-0.4281672239303589
2014-10-26 01:00:00,-0.4422460198402405
2014-10-26 02:00:00,-0.39237815141677856
2014-10-26 03:00:00,-0.7629644870758057
2014-10-26 04:00:00,-0.5723028779029846
2014-10-26 05:00:00,-0.4590085744857788
2014-10-26 06:00:00,-0.508665457367897
2014-10-26 07:00:00,-0.3966463804244995
2014-10-26 08:00:00,-0.19725757837295532
2014-10-26 09:00:00,-0.028761863708496094
2014-10-26 10:00:00,0.038314104080200195
2014-10-26 11:00:00,0.0014771223068237305
2014-10-26 12:00:00,-0.15266704559326172
2014-10-26 13:00:00,-0.42104995250701904
2014-10-26 14:00:00,-0.5697919130325317
2014-10-26 15:00:00,-0.6405014991760254
2014-10-26 16:00:00,-0.5990465879440308
2014-10-26 17:00:00,-0.4723464250564575
2014-10-26 18:00:00,-0.31823140382766724
2014-10-26 19:00:00,-0.09504908323287964
2014-10-26 20:00:00,0.1348649263381958
2014-10-26 21:00:00,0.3661841154098511
2014-10-26 22:00:00,0.4715147018432617
2014-10-26 23:00:00,0.545641303062439
2014-10-27 00:00:00,0.5909481048583984
2014-10-27 01:00:00,0.6179152727127075
2014-10-27 02:00:00,0.5444802045822144
2014-10-27 03:00:00,1.0869543552398682
2014-10-27 04:00:00,0.9807578325271606
2014-10-27 05:00:00,1.4191056489944458
2014-10-27 06:00:00,1.5909302234649658
2014-10-27 07:00:00,1.8643627166748047
2014-10-27 08:00:00,2.0973622798919678
2014-10-27 09:00:00,2.240729808807373
2014-10-27 10:00:00,2.004672944545746
2014-10-27 11:00:00,1.1926110982894897
2014-10-27 12:00:00,0.6032285094261169
2014-10-27 13:00:00,0.31603894382715225
2014-10-27 14:00:00,0.06903870031237602
2014-10-27 15:00:00,0.031000614166259766
2014-10-27 16:00:00,0.25400350242853165
2014-10-27 17:00:00,0.4978277087211609
2014-10-27 18:00:00,0.6246769279241562
2014-10-27 19:00:00,0.6485079526901245
2014-10-27 20:00:00,0.639427900314331
2014-10-27 21:00:00,0.6226317882537842
2014-10-27 22:00:00,0.4561072587966919
2014-10-27 23:00:00,0.3371305465698242
2014-10-28 00:00:00,0.35134339332580566
2014-10-28 01:00:00,0.457338348031044
2014-10-28 02:00:00,0.5040534138679504
2014-10-28 03:00:00,0.6533873006701469
2014-10-28 04:00:00,0.5002959966659546
2014-10-28 05:00:00,0.745052695274353
2014-10-28 06:00:00,1.2338703870773315
2014-10-28 07:00:00,1.2123335599899292
2014-10-28 08:00:00,1.1047390699386597
2014-10-28 09:00:00,0.949919268488884
2014-10-28 10:00:00,1.2450335025787354
2014-10-28 11:00:00,0.9848043471574783
2014-10-28 12:00:00,0.624148853123188
2014-10-28 13:00:00,0.5546373724937439
2014-10-28 14:00:00,0.39954354241490364
2014-10-28 15:00:00,0.32589632645249367
2014-10-28 16:00:00,0.24675792455673218
2014-10-28 17:00:00,0.22136437892913818
2014-10-28 18:00:00,0.22863763570785522
2014-10-28 19:00:00,0.2969050407409668
2014-10-28 20:00:00,0.3798731565475464
2014-10-28 21:00:00,0.46521008014678955
2014-10-28 22:00:00,0.48568838834762573
2014-10-28 23:00:00,0.5707634687423706
2014-10-29 00:00:00,0.6625433564186096
2014-10-29 01:00:00,0.7091524004936218
2014-10-29 02:00:00,0.655727207660675
2014-10-29 03:00:00,1.0003249645233154
2014-10-29 04:00:00,1.0466485023498535
2014-10-29 05:00:00,1.237929567694664
2014-10-29 06:00:00,1.353350892663002
2014-10-29 07:00:00,1.5278587341308594
2014-10-29 08:00:00,1.7397699356079102
2014-10-29 09:00:00,2.016105353832245
2014-10-29 10:00:00,2.1845908761024475
2014-10-29 11:00:00,1.8019604682922363
2014-10-29 12:00:00,0.5201341509819031
2014-10-29 13:00:00,0.3529687523841858
2014-10-29 14:00:00,0.10983884334564209
2014-10-29 15:00:00,-0.07073366641998291
2014-10-29 16:00:00,-0.0898897647857666
2014-10-29 17:00:00,-0.00047218799591064453
2014-10-29 18:00:00,0.15477311611175537
2014-10-29 19:00:00,0.2678067684173584
2014-10-29 20:00:00,0.31423234939575195
2014-10-29 21:00:00,0.35521960258483887
2014-10-29 22:00:00,0.35092806816101074
2014-10-29 23:00:00,0.42897772789001465
2014-10-30 00:00:00,0.5909671783447266
2014-10-30 01:00:00,0.8001506328582764
2014-10-30 02:00:00,0.8105504512786865
2014-10-30 03:00:00,1.7566015720367432
2014-10-30 04:00:00,1.5498993396759033
2014-10-30 05:00:00,2.1268796920776367
2014-10-30 06:00:00,2.168242931365967
2014-10-30 07:00:00,2.103787422180176
2014-10-30 08:00:00,1.9944822788238525
2014-10-30 09:00:00,1.8519349992275238
2014-10-30 10:00:00,1.6781587600708008
2014-10-30 11:00:00,1.3405694961547852
2014-10-30 12:00:00,0.4862135648727417
2014-10-30 13:00:00,0.46668541431427
2014-10-30 14:00:00,0.36371874809265137
2014-10-30 15:00:00,0.2790262699127197
2014-10-30 16:00:00,0.23579657077789307
2014-10-30 17:00:00,0.19535064697265625
2014-10-30 18:00:00,0.1642029881477356
2014-10-30 19:00:00,0.14278119802474976
2014-10-30 20:00:00,0.13025039434432983
2014-10-30 21:00:00,0.14366758987307549
2014-10-30 22:00:00,0.14783111214637756
2014-10-30 23:00:00,0.15626536682248116
2014-10-31 00:00:00,0.18777194432914257
2014-10-31 01:00:00,0.19021450355648994
2014-10-31 02:00:00,0.16010060906410217
2014-10-31 03:00:00,0.4044158309698105
2014-10-31 04:00:00,0.6338074654340744
2014-10-31 05:00:00,1.2224227264523506
2014-10-31 06:00:00,1.7143639028072357
2014-10-31 07:00:00,1.973221778869629
2014-10-31 08:00:00,2.2617781162261963
2014-10-31 09:00:00,2.464475154876709
2014-10-31 10:00:00,2.32883620262146
2014-10-31 11:00:00,1.2669198662042618
2014-10-31 12:00:00,1.001130849123001
2014-10-31 13:00:00,1.1820286512374878
2014-10-31 14:00:00,1.268281102180481
2014-10-31 15:00:00,1.3567370176315308
2014-10-31 16:00:00,1.3889884948730469
2014-10-31 17:00:00,1.2874023914337158
2014-10-31 18:00:00,1.2640395164489746
2014-10-31 19:00:00,1.2508009672164917
2014-10-31 20:00:00,1.131715551018715
2014-10-31 21:00:00,1.018952488899231
2014-10-31 22:00:00,0.8113233596086502
2014-10-31 23:00:00,0.8275789022445679
2014-11-01 00:00:00,0.9281712770462036
2014-11-01 01:00:00,1.0380058288574219
2014-11-01 02:00:00,1.4312628507614136
2014-11-01 03:00:00,2.6102676391601562
2014-11-01 04:00:00,2.326540946960449
2014-11-01 05:00:00,3.593566417694092
2014-11-01 06:00:00,3.7520155906677246
2014-11-01 07:00:00,3.690934181213379
2014-11-01 08:00:00,3.5403590202331543
2014-11-01 09:00:00,3.3752784729003906
2014-11-01 10:00:00,3.271442413330078
2014-11-01 11:00:00,2.8475427627563477
2014-11-01 12:00:00,1.202404260635376
2014-11-01 13:00:00,1.243030309677124
2014-11-01 14:00:00,1.3438740968704224
2014-11-01 15:00:00,1.462066650390625
2014-11-01 16:00:00,1.5293009281158447
2014-11-01 17:00:00,1.5351051092147827
2014-11-01 18:00:00,1.4880561828613281
2014-11-01 19:00:00,1.4177931547164917
2014-11-01 20:00:00,1.3619520664215088
2014-11-01 21:00:00,1.3423981666564941
2014-11-01 22:00:00,1.3106859922409058
2014-11-01 23:00:00,1.3633501529693604
2014-11-02 00:00:00,1.4533610343933105
2014-11-02 01:00:00,1.5546163320541382
2014-11-02 02:00:00,1.8261241912841797
2014-11-02 03:00:00,3.1962080001831055
2014-11-02 04:00:00,2.73245906829834
2014-11-02 05:00:00,3.8848876953125
2014-11-02 06:00:00,3.7079221606254578
2014-11-02 07:00:00,3.5487403869628906
2014-11-02 08:00:00,3.478861629962921
2014-11-02 09:00:00,3.4047592282295227
2014-11-02 10:00:00,3.217625141143799
2014-11-02 11:00:00,2.741702079772949
2014-11-02 12:00:00,1.1783689260482788
2014-11-02 13:00:00,1.2615774869918823
2014-11-02 14:00:00,1.2678602933883667
2014-11-02 15:00:00,1.163741946220398
2014-11-02 16:00:00,1.0713521242141724
2014-11-02 17:00:00,0.9961387813091278
2014-11-02 18:00:00,0.9243547916412354
2014-11-02 19:00:00,0.8511393070220947
2014-11-02 20:00:00,0.8321623057126999
2014-11-02 21:00:00,0.8953711539506912
2014-11-02 22:00:00,0.8755073547363281
2014-11-02 23:00:00,0.9133633375167847
2014-11-03 00:00:00,0.9983493834733963
2014-11-03 01:00:00,1.0912467241287231
2014-11-03 02:00:00,1.191190242767334
2014-11-03 03:00:00,2.7428793907165527
2014-11-03 04:00:00,2.496135711669922
2014-11-03 05:00:00,3.5719029307365417
2014-11-03 06:00:00,3.4892420768737793
2014-11-03 07:00:00,3.24737548828125
2014-11-03 08:00:00,3.034465789794922
2014-11-03 09:00:00,2.8814918994903564
2014-11-03 10:00:00,2.90332293510437
2014-11-03 11:00:00,2.6388742923736572
2014-11-03 12:00:00,1.0837215185165405
2014-11-03 13:00:00,1.1244208812713623
2014-11-03 14:00:00,1.1203261762857437
2014-11-03 15:00:00,1.1164586544036865
2014-11-03 16:00:00,1.1299574226140976
2014-11-03 17:00:00,1.1236240565776825
2014-11-03 18:00:00,1.100368857383728
2014-11-03 19:00:00,1.080176830291748
2014-11-03 20:00:00,1.0460776090621948
2014-11-03 21:00:00,1.0074805915355682
2014-11-03 22:00:00,0.8834102600812912
2014-11-03 23:00:00,0.7779199331998825
2014-11-04 00:00:00,0.7009358406066895
2014-11-04 01:00:00,0.6532818153500557
2014-11-04 02:00:00,0.6345386505126953
2014-11-04 03:00:00,1.484551414847374
2014-11-04 04:00:00,1.3860714584589005
2014-11-04 05:00:00,2.440512180328369
2014-11-04 06:00:00,2.657515048980713
2014-11-04 07:00:00,2.69429612159729
2014-11-04 08:00:00,2.657628059387207
2014-11-04 09:00:00,2.5817108154296875
2014-11-04 10:00:00,2.5211589336395264
2014-11-04 11:00:00,2.3114101588726044
2014-11-04 12:00:00,0.9562216997146606
2014-11-04 13:00:00,1.0302362591028214
2014-11-04 14:00:00,1.0226449966430664
2014-11-04 15:00:00,0.9748092964291573
2014-11-04 16:00:00,0.9625760391354561
2014-11-04 17:00:00,0.8853445053100586
2014-11-04 18:00:00,0.7827158421278
2014-11-04 19:00:00,0.6746675968170166
2014-11-04 20:00:00,0.5982066988945007
2014-11-04 21:00:00,0.6001710295677185
2014-11-04 22:00:00,0.5892992615699768
2014-11-04 23:00:00,0.6590020731091499
2014-11-05 00:00:00,0.7652285546064377
2014-11-05 01:00:00,0.878238245844841
2014-11-05 02:00:00,1.0006821155548096
2014-11-05 03:00:00,2.2165260314941406
2014-11-05 04:00:00,1.960280179977417
2014-11-05 05:00:00,2.8875138759613037
2014-11-05 06:00:00,3.1368751525878906
2014-11-05 07:00:00,3.185102939605713
2014-11-05 08:00:00,3.149601697921753
2014-11-05 09:00:00,3.0956287384033203
2014-11-05 10:00:00,3.1631884574890137
2014-11-05 11:00:00,3.0106141567230225
2014-11-05 12:00:00,1.3593298196792603
2014-11-05 13:00:00,1.4657398462295532
2014-11-05 14:00:00,1.591804027557373
2014-11-05 15:00:00,1.6881067752838135
2014-11-05 16:00:00,1.7564749717712402
2014-11-05 17:00:00,1.735348790884018
2014-11-05 18:00:00,1.66978919506073
2014-11-05 19:00:00,1.6347191333770752
2014-11-05 20:00:00,1.770235687494278
2014-11-05 21:00:00,1.927074909210205
2014-11-05 22:00:00,1.7657741606235504
2014-11-05 23:00:00,1.6973345279693604
2014-11-06 00:00:00,1.6433002948760986
2014-11-06 01:00:00,1.5769566297531128
2014-11-06 02:00:00,1.772172212600708
2014-11-06 03:00:00,3.0342884063720703
2014-11-06 04:00:00,2.4225728511810303
2014-11-06 05:00:00,3.3537163734436035
2014-11-06 06:00:00,3.315020799636841
2014-11-06 07:00:00,3.2825324535369873
2014-11-06 08:00:00,3.2022972106933594
2014-11-06 09:00:00,3.0024755001068115
2014-11-06 10:00:00,2.7688660621643066
2014-11-06 11:00:00,2.3502321243286133
2014-11-06 12:00:00,0.9558052569627762
2014-11-06 13:00:00,1.0830715894699097
2014-11-06 14:00:00,1.09519362449646
2014-11-06 15:00:00,1.0971328020095825
2014-11-06 16:00:00,1.1266620010137558
2014-11-06 17:00:00,1.138167142868042
2014-11-06 18:00:00,1.1369781494140625
2014-11-06 19:00:00,1.1140927076339722
2014-11-06 20:00:00,1.0835998058319092
2014-11-06 21:00:00,1.061841607093811
2014-11-06 22:00:00,1.0011672675609589
2014-11-06 23:00:00,0.9807934463024139
2014-11-07 00:00:00,0.9999554455280304
2014-11-07 01:00:00,1.0391031503677368
2014-11-07 02:00:00,0.9818711280822754
2014-11-07 03:00:00,2.1391265392303467
2014-11-07 04:00:00,1.9343619346618652
2014-11-07 05:00:00,2.490235358476639
2014-11-07 06:00:00,2.5168314278125763
2014-11-07 07:00:00,2.3702249228954315
2014-11-07 08:00:00,2.1756748855113983
2014-11-07 09:00:00,2.0070478916168213
2014-11-07 10:00:00,2.0017394423484802
2014-11-07 11:00:00,1.542472004890442
2014-11-07 12:00:00,0.771714448928833
2014-11-07 13:00:00,0.5433497428894043
2014-11-07 14:00:00,0.1865677833557129
2014-11-07 15:00:00,-0.026785075664520264
2014-11-07 16:00:00,0.015035927295684814
2014-11-07 17:00:00,0.1379215121269226
2014-11-07 18:00:00,0.35402220487594604
2014-11-07 19:00:00,0.6173174381256104
2014-11-07 20:00:00,0.8399059176445007
2014-11-07 21:00:00,1.0243510007858276
2014-11-07 22:00:00,1.076108694076538
2014-11-07 23:00:00,1.1027448028326035
2014-11-08 00:00:00,1.052817925810814
2014-11-08 01:00:00,0.8799274042248726
2014-11-08 02:00:00,0.5486138314008713
2014-11-08 03:00:00,0.5505719184875488
2014-11-08 04:00:00,0.15940582007169724
2014-11-08 05:00:00,0.8666472509503365
2014-11-08 06:00:00,1.0360605716705322
2014-11-08 07:00:00,1.0237237215042114
2014-11-08 08:00:00,1.1118344068527222
2014-11-08 09:00:00,1.2639405876398087
2014-11-08 10:00:00,1.440795660018921
2014-11-08 11:00:00,1.3822412490844727
2014-11-08 12:00:00,0.6267001032829285
2014-11-08 13:00:00,0.7436952143907547
2014-11-08 14:00:00,0.7682731077075005
2014-11-08 15:00:00,0.7980814054608345
2014-11-08 16:00:00,0.8367680311203003
2014-11-08 17:00:00,0.8983092308044434
2014-11-08 18:00:00,0.9553916454315186
2014-11-08 19:00:00,0.967242956161499
2014-11-08 20:00:00,0.9167763441801071
2014-11-08 21:00:00,0.8396342992782593
2014-11-08 22:00:00,0.7321403622627258
2014-11-08 23:00:00,0.649501383304596
2014-11-09 00:00:00,0.6426221132278442
2014-11-09 01:00:00,0.7038600444793701
2014-11-09 02:00:00,0.8285341262817383
2014-11-09 03:00:00,1.9706206321716309
2014-11-09 04:00:00,1.8775687217712402
2014-11-09 05:00:00,2.2204570174217224
2014-11-09 06:00:00,2.5608932971954346
2014-11-09 07:00:00,2.6716055870056152
2014-11-09 08:00:00,2.684577465057373
2014-11-09 09:00:00,2.6278913021087646
2014-11-09 10:00:00,2.56476092338562
2014-11-09 11:00:00,2.3050284385681152
2014-11-09 12:00:00,1.0440208911895752
2014-11-09 13:00:00,1.1784305572509766
2014-11-09 14:00:00,1.3005521297454834
2014-11-09 15:00:00,1.3571656942367554
2014-11-09 16:00:00,1.3390681743621826
2014-11-09 17:00:00,1.3066948652267456
2014-11-09 18:00:00,1.2468056678771973
2014-11-09 19:00:00,1.1381739377975464
2014-11-09 20:00:00,1.0189896821975708
2014-11-09 21:00:00,0.9286558628082275
2014-11-09 22:00:00,0.8251205235719681
2014-11-09 23:00:00,0.7888938933610916
2014-11-10 00:00:00,0.8006774932146072
2014-11-10 01:00:00,0.8458021134138107
2014-11-10 02:00:00,0.9152696579694748
2014-11-10 03:00:00,2.0965978503227234
2014-11-10 04:00:00,1.793327808380127
2014-11-10 05:00:00,2.0690128207206726
2014-11-10 06:00:00,3.0259971618652344
2014-11-10 07:00:00,2.983011484146118
2014-11-10 08:00:00,2.8770103454589844
2014-11-10 09:00:00,2.756342649459839
2014-11-10 10:00:00,2.7888364791870117
2014-11-10 11:00:00,2.158447027206421
2014-11-10 12:00:00,1.0920770317316055
2014-11-10 13:00:00,1.1833238750696182
2014-11-10 14:00:00,1.2157107591629028
2014-11-10 15:00:00,1.2487096786499023
2014-11-10 16:00:00,1.2757806777954102
2014-11-10 17:00:00,1.2634358406066895
2014-11-10 18:00:00,1.2246863842010498
2014-11-10 19:00:00,1.160794973373413
2014-11-10 20:00:00,1.0793787240982056
2014-11-10 21:00:00,1.016362190246582
2014-11-10 22:00:00,0.9295744299888611
2014-11-10 23:00:00,0.9047024846076965
2014-11-11 00:00:00,0.9349602460861206
2014-11-11 01:00:00,0.9935723543167114
2014-11-11 02:00:00,0.9857257902622223
2014-11-11 03:00:00,2.043177366256714
2014-11-11 04:00:00,1.9360482692718506
2014-11-11 05:00:00,1.9428350925445557
2014-11-11 06:00:00,3.1531126499176025
2014-11-11 07:00:00,3.2401669025421143
2014-11-11 08:00:00,3.1766245365142822
2014-11-11 09:00:00,3.052025318145752
2014-11-11 10:00:00,2.961589813232422
2014-11-11 11:00:00,2.117473840713501
2014-11-11 12:00:00,1.129732370376587
2014-11-11 13:00:00,1.2365937232971191
2014-11-11 14:00:00,1.282279372215271
2014-11-11 15:00:00,1.2942932844161987
2014-11-11 16:00:00,1.2846183776855469
2014-11-11 17:00:00,1.234334111213684
2014-11-11 18:00:00,1.1630686521530151
2014-11-11 19:00:00,1.0704145431518555
2014-11-11 20:00:00,0.9952335059642792
2014-11-11 21:00:00,0.9793307483196259
2014-11-11 22:00:00,0.938953161239624
2014-11-11 23:00:00,0.9095404148101807
2014-11-12 00:00:00,0.9210290312767029
2014-11-12 01:00:00,0.922130823135376
2014-11-12 02:00:00,0.8782832026481628
2014-11-12 03:00:00,1.730006456375122
2014-11-12 04:00:00,1.648775339126587
2014-11-12 05:00:00,1.8171606063842773
2014-11-12 06:00:00,2.2922777831554413
2014-11-12 07:00:00,2.4121813774108887
2014-11-12 08:00:00,2.6131556034088135
2014-11-12 09:00:00,2.807527542114258
2014-11-12 10:00:00,3.048778533935547
2014-11-12 11:00:00,2.1906588077545166
2014-11-12 12:00:00,1.3833487033843994
2014-11-12 13:00:00,1.5190129280090332
2014-11-12 14:00:00,1.592768669128418
2014-11-12 15:00:00,1.6061818599700928
2014-11-12 16:00:00,1.5085712671279907
2014-11-12 17:00:00,1.351996660232544
2014-11-12 18:00:00,1.3138576745986938
2014-11-12 19:00:00,1.3578978776931763
2014-11-12 20:00:00,1.41970694065094
2014-11-12 21:00:00,1.5441511869430542
2014-11-12 22:00:00,1.4178110361099243
2014-11-12 23:00:00,1.3572208881378174
2014-11-13 00:00:00,1.3095674514770508
2014-11-13 01:00:00,1.2764558792114258
2014-11-13 02:00:00,1.223992109298706
2014-11-13 03:00:00,2.603496551513672
2014-11-13 04:00:00,2.1431908905506134
2014-11-13 05:00:00,2.5453131198883057
2014-11-13 06:00:00,3.131486415863037
2014-11-13 07:00:00,3.1885647773742676
2014-11-13 08:00:00,3.2573940753936768
2014-11-13 09:00:00,3.1626884937286377
2014-11-13 10:00:00,3.0061752796173096
2014-11-13 11:00:00,1.546958088874817
2014-11-13 12:00:00,1.1936531066894531
2014-11-13 13:00:00,1.3330564498901367
2014-11-13 14:00:00,1.3930214643478394
2014-11-13 15:00:00,1.3874337673187256
2014-11-13 16:00:00,1.3670010566711426
2014-11-13 17:00:00,1.3036586046218872
2014-11-13 18:00:00,1.2541868686676025
2014-11-13 19:00:00,1.211573600769043
2014-11-13 20:00:00,1.2374743223190308
2014-11-13 21:00:00,1.2697254419326782
2014-11-13 22:00:00,1.140950083732605
2014-11-13 23:00:00,1.047339916229248
2014-11-14 00:00:00,1.043777957558632
2014-11-14 01:00:00,1.021370768547058
2014-11-14 02:00:00,0.9802393913269043
2014-11-14 03:00:00,2.190483123064041
2014-11-14 04:00:00,2.106784403324127
2014-11-14 05:00:00,2.5961318016052246
2014-11-14 06:00:00,3.58834171295166
2014-11-14 07:00:00,3.545933723449707
2014-11-14 08:00:00,3.6984543800354004
2014-11-14 09:00:00,3.8036231994628906
2014-11-14 10:00:00,3.601060390472412
2014-11-14 11:00:00,3.0247421264648438
2014-11-14 12:00:00,1.4523417949676514
2014-11-14 13:00:00,1.593364953994751
2014-11-14 14:00:00,1.6826090812683105
2014-11-14 15:00:00,1.7625045776367188
2014-11-14 16:00:00,1.8659472465515137
2014-11-14 17:00:00,1.7855713367462158
2014-11-14 18:00:00,1.6397435665130615
2014-11-14 19:00:00,1.520561933517456
2014-11-14 20:00:00,1.5338243246078491
2014-11-14 21:00:00,1.6870341300964355
2014-11-14 22:00:00,1.5733344554901123
2014-11-14 23:00:00,1.5483145713806152
2014-11-15 00:00:00,1.56960928440094
2014-11-15 01:00:00,1.56240975856781
2014-11-15 02:00:00,1.6542673110961914
2014-11-15 03:00:00,3.2819957733154297
2014-11-15 04:00:00,2.7621257305145264
2014-11-15 05:00:00,3.126598834991455
2014-11-15 06:00:00,3.407738208770752
2014-11-15 07:00:00,3.3993561267852783
2014-11-15 08:00:00,3.491541624069214
2014-11-15 09:00:00,3.5378530025482178
2014-11-15 10:00:00,3.433955669403076
2014-11-15 11:00:00,2.3441503047943115
2014-11-15 12:00:00,1.3833425045013428
2014-11-15 13:00:00,1.5564022064208984
2014-11-15 14:00:00,1.6426737308502197
2014-11-15 15:00:00,1.6779680252075195
2014-11-15 16:00:00,1.6884218454360962
2014-11-15 17:00:00,1.6609861850738525
2014-11-15 18:00:00,1.5823725461959839
2014-11-15 19:00:00,1.4802507162094116
2014-11-15 20:00:00,1.428558349609375
2014-11-15 21:00:00,1.4206722974777222
2014-11-15 22:00:00,1.333304524421692
2014-11-15 23:00:00,1.3096848726272583
2014-11-16 00:00:00,1.291587471961975
2014-11-16 01:00:00,1.278233289718628
2014-11-16 02:00:00,1.26263427734375
2014-11-16 03:00:00,2.7642436027526855
2014-11-16 04:00:00,2.3163771629333496
2014-11-16 05:00:00,2.7986979484558105
2014-11-16 06:00:00,2.846717119216919
2014-11-16 07:00:00,2.8079545497894287
2014-11-16 08:00:00,2.861966848373413
2014-11-16 09:00:00,2.9453237056732178
2014-11-16 10:00:00,3.0780160427093506
2014-11-16 11:00:00,2.13481068611145
2014-11-16 12:00:00,1.3165509700775146
2014-11-16 13:00:00,1.434195637702942
2014-11-16 14:00:00,1.4988754987716675
2014-11-16 15:00:00,1.5497150421142578
2014-11-16 16:00:00,1.590153694152832
2014-11-16 17:00:00,1.5541218519210815
2014-11-16 18:00:00,1.4669814109802246
2014-11-16 19:00:00,1.3681567907333374
2014-11-16 20:00:00,1.3419021368026733
2014-11-16 21:00:00,1.3683969974517822
2014-11-16 22:00:00,1.282548189163208
2014-11-16 23:00:00,1.286444902420044
2014-11-17 00:00:00,1.3174324035644531
2014-11-17 01:00:00,1.351799488067627
2014-11-17 02:00:00,1.368572473526001
2014-11-17 03:00:00,2.9784908294677734
2014-11-17 04:00:00,2.545653820037842
2014-11-17 05:00:00,2.724341630935669
2014-11-17 06:00:00,3.629840850830078
2014-11-17 07:00:00,3.387460470199585
2014-11-17 08:00:00,3.10782527923584
2014-11-17 09:00:00,2.9015603065490723
2014-11-17 10:00:00,2.937039375305176
2014-11-17 11:00:00,1.8299007415771484
2014-11-17 12:00:00,1.2874882221221924
2014-11-17 13:00:00,1.4711170196533203
2014-11-17 14:00:00,1.582319736480713
2014-11-17 15:00:00,1.6387666463851929
2014-11-17 16:00:00,1.696988821029663
2014-11-17 17:00:00,1.6728466749191284
2014-11-17 18:00:00,1.549567699432373
2014-11-17 19:00:00,1.4247422218322754
2014-11-17 20:00:00,1.3518799543380737
2014-11-17 21:00:00,1.3120825290679932
2014-11-17 22:00:00,1.1943268775939941
2014-11-17 23:00:00,1.137678623199463
2014-11-18 00:00:00,1.1266582012176514
2014-11-18 01:00:00,1.17537260055542
2014-11-18 02:00:00,1.1499881744384766
2014-11-18 03:00:00,2.297207832336426
2014-11-18 04:00:00,1.817326307296753
2014-11-18 05:00:00,1.6788654327392578
2014-11-18 06:00:00,2.5478973388671875
2014-11-18 07:00:00,2.3057117462158203
2014-11-18 08:00:00,2.1563639640808105
2014-11-18 09:00:00,2.227872610092163
2014-11-18 10:00:00,2.260486125946045
2014-11-18 11:00:00,1.2007536888122559
2014-11-18 12:00:00,1.1539993286132812
2014-11-18 13:00:00,1.2402974367141724
2014-11-18 14:00:00,1.2209115028381348
2014-11-18 15:00:00,1.1725505590438843
2014-11-18 16:00:00,1.1042914241552353
2014-11-18 17:00:00,0.9895113706588745
2014-11-18 18:00:00,0.8551459312438965
2014-11-18 19:00:00,0.732393205165863
2014-11-18 20:00:00,0.6696139574050903
2014-11-18 21:00:00,0.7160265445709229
2014-11-18 22:00:00,0.7461117506027222
2014-11-18 23:00:00,0.8613710403442383
2014-11-19 00:00:00,1.0150527656078339
2014-11-19 01:00:00,1.1519620418548584
2014-11-19 02:00:00,1.1799671649932861
2014-11-19 03:00:00,1.2177324295043945
2014-11-19 04:00:00,1.920995831489563
2014-11-19 05:00:00,1.5691492557525635
2014-11-19 06:00:00,2.145819902420044
2014-11-19 07:00:00,1.8965427875518799
2014-11-19 08:00:00,1.707476943731308
2014-11-19 09:00:00,1.720237821340561
2014-11-19 10:00:00,1.884937196969986
2014-11-19 11:00:00,0.7546127438545227
2014-11-19 12:00:00,1.0900302082300186
2014-11-19 13:00:00,1.1828815788030624
2014-11-19 14:00:00,1.1839014291763306
2014-11-19 15:00:00,1.1230201870203018
2014-11-19 16:00:00,1.0369668006896973
2014-11-19 17:00:00,0.903744176030159
2014-11-19 18:00:00,0.770850658416748
2014-11-19 19:00:00,0.7174007296562195
2014-11-19 20:00:00,0.7566288113594055
2014-11-19 21:00:00,0.8798985034227371
2014-11-19 22:00:00,0.9992786645889282
2014-11-19 23:00:00,1.1446526050567627
2014-11-20 00:00:00,1.2465298175811768
2014-11-20 01:00:00,1.2638225555419922
2014-11-20 02:00:00,1.2476729154586792
2014-11-20 03:00:00,1.722815752029419
2014-11-20 04:00:00,2.3908767700195312
2014-11-20 05:00:00,1.988582193851471
2014-11-20 06:00:00,2.872326612472534
2014-11-20 07:00:00,2.8138859272003174
2014-11-20 08:00:00,2.660625696182251
2014-11-20 09:00:00,2.5171053409576416
2014-11-20 10:00:00,2.3777797520160675
2014-11-20 11:00:00,0.8522082567214966
2014-11-20 12:00:00,1.0662728697061539
2014-11-20 13:00:00,1.1084480434656143
2014-11-20 14:00:00,1.0702224969863892
2014-11-20 15:00:00,1.0659999698400497
2014-11-20 16:00:00,1.0941965579986572
2014-11-20 17:00:00,1.0657973289489746
2014-11-20 18:00:00,0.973563551902771
2014-11-20 19:00:00,0.8547505736351013
2014-11-20 20:00:00,0.7560625672340393
2014-11-20 21:00:00,0.6834927201271057
2014-11-20 22:00:00,0.6128122210502625
2014-11-20 23:00:00,0.64478600025177
2014-11-21 00:00:00,0.8450246304273605
2014-11-21 01:00:00,1.0846045017242432
2014-11-21 02:00:00,1.1604844331741333
2014-11-21 03:00:00,1.7054522186517715
2014-11-21 04:00:00,2.0231099128723145
2014-11-21 05:00:00,1.6452189683914185
2014-11-21 06:00:00,2.5618324279785156
2014-11-21 07:00:00,2.430788516998291
2014-11-21 08:00:00,2.217919111251831
2014-11-21 09:00:00,1.9785170555114746
2014-11-21 10:00:00,1.822629451751709
2014-11-21 11:00:00,0.6475428938865662
2014-11-21 12:00:00,0.9632015377283096
2014-11-21 13:00:00,0.9969139099121094
2014-11-21 14:00:00,0.9803776890039444
2014-11-21 15:00:00,0.9905389547348022
2014-11-21 16:00:00,1.0108141750097275
2014-11-21 17:00:00,0.9991507530212402
2014-11-21 18:00:00,0.9503495991230011
2014-11-21 19:00:00,0.8840640783309937
2014-11-21 20:00:00,0.8202978372573853
2014-11-21 21:00:00,0.8093253374099731
2014-11-21 22:00:00,0.8137366771697998
2014-11-21 23:00:00,0.8395505547523499
2014-11-22 00:00:00,0.9330286979675293
2014-11-22 01:00:00,1.0616586357355118
2014-11-22 02:00:00,1.109931468963623
2014-11-22 03:00:00,1.3108850717544556
2014-11-22 04:00:00,1.8170592784881592
2014-11-22 05:00:00,1.505399227142334
2014-11-22 06:00:00,2.53466796875
2014-11-22 07:00:00,2.5297999382019043
2014-11-22 08:00:00,2.4542758464813232
2014-11-22 09:00:00,2.3591199219226837
2014-11-22 10:00:00,2.2476628124713898
2014-11-22 11:00:00,0.8777706623077393
2014-11-22 12:00:00,1.0192269086837769
2014-11-22 13:00:00,1.0315327942371368
2014-11-22 14:00:00,1.0108749568462372
2014-11-22 15:00:00,0.9549607038497925
2014-11-22 16:00:00,0.8220137357711792
2014-11-22 17:00:00,0.6540120840072632
2014-11-22 18:00:00,0.46701333671808243
2014-11-22 19:00:00,0.28570663928985596
2014-11-22 20:00:00,0.15398216247558594
2014-11-22 21:00:00,0.10937076807022095
2014-11-22 22:00:00,0.12948757410049438
2014-11-22 23:00:00,0.2141406536102295
2014-11-23 00:00:00,0.3590657711029053
2014-11-23 01:00:00,0.5228328704833984
2014-11-23 02:00:00,0.6648160219192505
2014-11-23 03:00:00,0.535476565361023
2014-11-23 04:00:00,1.2041128873825073
2014-11-23 05:00:00,1.1152335405349731
2014-11-23 06:00:00,1.9666199684143066
2014-11-23 07:00:00,2.041051149368286
2014-11-23 08:00:00,2.044512689113617
2014-11-23 09:00:00,2.04380202293396
2014-11-23 10:00:00,2.2489144802093506
2014-11-23 11:00:00,1.3043687343597412
2014-11-23 12:00:00,1.1403464078903198
2014-11-23 13:00:00,1.308464303612709
2014-11-23 14:00:00,1.4243336915969849
2014-11-23 15:00:00,1.4615815877914429
2014-11-23 16:00:00,1.4003760814666748
2014-11-23 17:00:00,1.274640679359436
2014-11-23 18:00:00,1.1495252847671509
2014-11-23 19:00:00,1.1021721363067627
2014-11-23 20:00:00,1.091124564409256
2014-11-23 21:00:00,1.1560381650924683
2014-11-23 22:00:00,1.1403155326843262
2014-11-23 23:00:00,1.1920721530914307
2014-11-24 00:00:00,1.2450324296951294
2014-11-24 01:00:00,1.2859612703323364
2014-11-24 02:00:00,1.2705509662628174
2014-11-24 03:00:00,2.559589385986328
2014-11-24 04:00:00,1.8969061374664307
2014-11-24 05:00:00,1.6544623374938965
2014-11-24 06:00:00,2.3797473907470703
2014-11-24 07:00:00,2.2985305786132812
2014-11-24 08:00:00,2.440263271331787
2014-11-24 09:00:00,2.585733652114868
2014-11-24 10:00:00,2.6600639820098877
2014-11-24 11:00:00,1.13455069065094
2014-11-24 12:00:00,1.2032427787780762
2014-11-24 13:00:00,1.288952350616455
2014-11-24 14:00:00,1.3197194337844849
2014-11-24 15:00:00,1.357956886291504
2014-11-24 16:00:00,1.399540662765503
2014-11-24 17:00:00,1.4281643629074097
2014-11-24 18:00:00,1.4366741180419922
2014-11-24 19:00:00,1.414149284362793
2014-11-24 20:00:00,1.3514721393585205
2014-11-24 21:00:00,1.3125596046447754
2014-11-24 22:00:00,1.2263174057006836
2014-11-24 23:00:00,1.2195160388946533
2014-11-25 00:00:00,1.2458277940750122
2014-11-25 01:00:00,1.2781219482421875
2014-11-25 02:00:00,1.2962442636489868
2014-11-25 03:00:00,2.5136055946350098
2014-11-25 04:00:00,2.679612636566162
2014-11-25 05:00:00,2.453002452850342
2014-11-25 06:00:00,3.350877046585083
2014-11-25 07:00:00,3.282337188720703
2014-11-25 08:00:00,3.2490224838256836
2014-11-25 09:00:00,3.261131525039673
2014-11-25 10:00:00,3.1814966201782227
2014-11-25 11:00:00,1.642531394958496
2014-11-25 12:00:00,1.4018604755401611
2014-11-25 13:00:00,1.5800127983093262
2014-11-25 14:00:00,1.6951887607574463
2014-11-25 15:00:00,1.7369329929351807
2014-11-25 16:00:00,1.7601916790008545
2014-11-25 17:00:00,1.7088067531585693
2014-11-25 18:00:00,1.6494489908218384
2014-11-25 19:00:00,1.6274030208587646
2014-11-25 20:00:00,1.7009878158569336
2014-11-25 21:00:00,1.909349501132965
2014-11-25 22:00:00,1.882740557193756
2014-11-25 23:00:00,1.9535807967185974
2014-11-26 00:00:00,2.011439800262451
2014-11-26 01:00:00,2.0323519706726074
2014-11-26 02:00:00,2.0799078345298767
2014-11-26 03:00:00,3.5657882690429688
2014-11-26 04:00:00,3.181373119354248
2014-11-26 05:00:00,3.5469858050346375
2014-11-26 06:00:00,4.393985271453857
2014-11-26 07:00:00,4.335598945617676
2014-11-26 08:00:00,4.285013675689697
2014-11-26 09:00:00,4.20599752664566
2014-11-26 10:00:00,3.966996192932129
2014-11-26 11:00:00,1.9219682216644287
2014-11-26 12:00:00,1.5320029258728027
2014-11-26 13:00:00,1.6014423370361328
2014-11-26 14:00:00,1.6012425422668457
2014-11-26 15:00:00,1.588388442993164
2014-11-26 16:00:00,1.580869197845459
2014-11-26 17:00:00,1.5451170206069946
2014-11-26 18:00:00,1.4915190935134888
2014-11-26 19:00:00,1.429210901260376
2014-11-26 20:00:00,1.3615866899490356
2014-11-26 21:00:00,1.3045878410339355
2014-11-26 22:00:00,1.2011494636535645
2014-11-26 23:00:00,1.1797508001327515
2014-11-27 00:00:00,1.1946940422058105
2014-11-27 01:00:00,1.2087756395339966
2014-11-27 02:00:00,1.149449348449707
2014-11-27 03:00:00,1.4604825973510742
2014-11-27 04:00:00,1.5586559772491455
2014-11-27 05:00:00,1.1087465286254883
2014-11-27 06:00:00,1.5930501222610474
2014-11-27 07:00:00,1.5165328979492188
2014-11-27 08:00:00,1.5022516250610352
2014-11-27 09:00:00,1.4510228633880615
2014-11-27 10:00:00,1.1468843221664429
2014-11-27 11:00:00,0.30889979004859924
2014-11-27 12:00:00,-0.23812603950500488
2014-11-27 13:00:00,-0.7100991755723953
2014-11-27 14:00:00,-0.9576153829693794
2014-11-27 15:00:00,-0.9913853406906128
2014-11-27 16:00:00,-0.8136272504925728
2014-11-27 17:00:00,-0.5746659636497498
2014-11-27 18:00:00,-0.37016524374485016
2014-11-27 19:00:00,-0.22373151779174805
2014-11-27 20:00:00,-0.1308305561542511
2014-11-27 21:00:00,-0.056073546409606934
2014-11-27 22:00:00,0.002930197399109602
2014-11-27 23:00:00,0.06323868036270142
2014-11-28 00:00:00,0.15243244171142578
2014-11-28 01:00:00,0.2571995109319687
2014-11-28 02:00:00,0.3915293402969837
2014-11-28 03:00:00,0.886814147233963
2014-11-28 04:00:00,0.5564285516738892
2014-11-28 05:00:00,0.612223669886589
2014-11-28 06:00:00,1.4618632793426514
2014-11-28 07:00:00,1.7197136878967285
2014-11-28 08:00:00,1.5912997722625732
2014-11-28 09:00:00,1.416145920753479
2014-11-28 10:00:00,1.2829543352127075
2014-11-28 11:00:00,0.5162596702575684
2014-11-28 12:00:00,0.3780461549758911
2014-11-28 13:00:00,0.21683812141418457
2014-11-28 14:00:00,0.1201762929558754
2014-11-28 15:00:00,0.10154988616704941
2014-11-28 16:00:00,0.09905125200748444
2014-11-28 17:00:00,0.13124725967645645
2014-11-28 18:00:00,0.15403777360916138
2014-11-28 19:00:00,0.09981197118759155
2014-11-28 20:00:00,0.03432255983352661
2014-11-28 21:00:00,0.0011400580406188965
2014-11-28 22:00:00,0.0003324747085571289
2014-11-28 23:00:00,0.12057596445083618
2014-11-29 00:00:00,0.32273679971694946
2014-11-29 01:00:00,0.544221818447113
2014-11-29 02:00:00,0.7682165503501892
2014-11-29 03:00:00,0.5957385301589966
2014-11-29 04:00:00,1.3024263381958008
2014-11-29 05:00:00,1.5291317701339722
2014-11-29 06:00:00,2.1043877005577087
2014-11-29 07:00:00,2.0739349722862244
2014-11-29 08:00:00,2.0612947940826416
2014-11-29 09:00:00,2.0574378967285156
2014-11-29 10:00:00,2.2217845916748047
2014-11-29 11:00:00,1.66609787940979
2014-11-29 12:00:00,1.0037097781896591
2014-11-29 13:00:00,1.0871832370758057
2014-11-29 14:00:00,1.122444987297058
2014-11-29 15:00:00,1.1423897743225098
2014-11-29 16:00:00,1.1294376999139786
2014-11-29 17:00:00,1.1013948917388916
2014-11-29 18:00:00,1.066013216972351
2014-11-29 19:00:00,1.000750571489334
2014-11-29 20:00:00,0.8984982967376709
2014-11-29 21:00:00,0.8182961940765381
2014-11-29 22:00:00,0.6697047352790833
2014-11-29 23:00:00,0.5004682689905167
2014-11-30 00:00:00,0.36894235759973526
2014-11-30 01:00:00,0.2785636782646179
2014-11-30 02:00:00,0.2012684941291809
2014-11-30 03:00:00,0.2797431945800781
2014-11-30 04:00:00,0.30685824155807495
2014-11-30 05:00:00,0.6136668175458908
2014-11-30 06:00:00,1.9376940727233887
2014-11-30 07:00:00,2.4231417179107666
2014-11-30 08:00:00,2.6129748821258545
2014-11-30 09:00:00,2.6807966232299805
2014-11-30 10:00:00,2.8408398628234863
2014-11-30 11:00:00,2.463230609893799
2014-11-30 12:00:00,1.3196914196014404
2014-11-30 13:00:00,1.5164923667907715
2014-11-30 14:00:00,1.6616268157958984
2014-11-30 15:00:00,1.7685978412628174
2014-11-30 16:00:00,1.7743747234344482
2014-11-30 17:00:00,1.7242405414581299
2014-11-30 18:00:00,1.6154791116714478
2014-11-30 19:00:00,1.4009729623794556
2014-11-30 20:00:00,1.150596410036087
2014-11-30 21:00:00,0.9284713566303253
2014-11-30 22:00:00,0.7061169221997261
2014-11-30 23:00:00,0.679442286491394
2014-12-01 00:00:00,0.7584111243486404
2014-12-01 01:00:00,0.8844783306121826
2014-12-01 02:00:00,1.0537895858287811
2014-12-01 03:00:00,2.470332145690918
2014-12-01 04:00:00,2.5971312522888184
2014-12-01 05:00:00,3.1951540112495422
2014-12-01 06:00:00,3.9067893028259277
2014-12-01 07:00:00,4.165391027927399
2014-12-01 08:00:00,4.307608604431152
2014-12-01 09:00:00,4.381340503692627
2014-12-01 10:00:00,4.395169258117676
2014-12-01 11:00:00,3.7600278854370117
2014-12-01 12:00:00,1.9885982871055603
2014-12-01 13:00:00,2.149921953678131
2014-12-01 14:00:00,2.2513022422790527
2014-12-01 15:00:00,2.2647485733032227
2014-12-01 16:00:00,2.2140145301818848
2014-12-01 17:00:00,2.143173933029175
2014-12-01 18:00:00,2.0341753363609314
2014-12-01 19:00:00,2.077348470687866
2014-12-01 20:00:00,2.1585586071014404
2014-12-01 21:00:00,2.238259792327881
2014-12-01 22:00:00,2.1228652596473694
2014-12-01 23:00:00,2.193912297487259
2014-12-02 00:00:00,2.317884683609009
2014-12-02 01:00:00,2.4200172424316406
2014-12-02 02:00:00,2.6127800941467285
2014-12-02 03:00:00,3.945572853088379
2014-12-02 04:00:00,3.3673970699310303
2014-12-02 05:00:00,3.8477916717529297
2014-12-02 06:00:00,4.657184600830078
2014-12-02 07:00:00,4.4505133628845215
2014-12-02 08:00:00,4.2361555099487305
2014-12-02 09:00:00,4.032550811767578
2014-12-02 10:00:00,4.023892402648926
2014-12-02 11:00:00,3.426718235015869
2014-12-02 12:00:00,1.6770029067993164
2014-12-02 13:00:00,1.8358311653137207
2014-12-02 14:00:00,1.9641368389129639
2014-12-02 15:00:00,2.064138889312744
2014-12-02 16:00:00,2.16593599319458
2014-12-02 17:00:00,2.2163708209991455
2014-12-02 18:00:00,2.1844295859336853
2014-12-02 19:00:00,2.085905134677887
2014-12-02 20:00:00,2.0416683554649353
2014-12-02 21:00:00,2.0854153633117676
2014-12-02 22:00:00,1.9767286777496338
2014-12-02 23:00:00,2.014606475830078
2014-12-03 00:00:00,2.1097855865955353
2014-12-03 01:00:00,2.2055516242980957
2014-12-03 02:00:00,2.438502311706543
2014-12-03 03:00:00,3.883049488067627
2014-12-03 04:00:00,3.6016321182250977
2014-12-03 05:00:00,4.518077373504639
2014-12-03 06:00:00,5.328025817871094
2014-12-03 07:00:00,5.135194301605225
2014-12-03 08:00:00,4.961358070373535
2014-12-03 09:00:00,4.80474853515625
2014-12-03 10:00:00,4.67616605758667
2014-12-03 11:00:00,3.8747286796569824
2014-12-03 12:00:00,2.064788579940796
2014-12-03 13:00:00,2.224622279405594
2014-12-03 14:00:00,2.3620200157165527
2014-12-03 15:00:00,2.42439603805542
2014-12-03 16:00:00,2.4438693523406982
2014-12-03 17:00:00,2.349834442138672
2014-12-03 18:00:00,2.189696103334427
2014-12-03 19:00:00,2.037945508956909
2014-12-03 20:00:00,2.0075762271881104
2014-12-03 21:00:00,2.05903697013855
2014-12-03 22:00:00,1.9662582874298096
2014-12-03 23:00:00,1.9044088423252106
2014-12-04 00:00:00,1.8526744842529297
2014-12-04 01:00:00,1.7657880783081055
2014-12-04 02:00:00,1.7116482257843018
2014-12-04 03:00:00,3.204446792602539
2014-12-04 04:00:00,2.5323421955108643
2014-12-04 05:00:00,2.3212757110595703
2014-12-04 06:00:00,3.445350408554077
2014-12-04 07:00:00,3.383171319961548
2014-12-04 08:00:00,3.366877317428589
2014-12-04 09:00:00,3.262406587600708
2014-12-04 10:00:00,3.1669070720672607
2014-12-04 11:00:00,2.2130000591278076
2014-12-04 12:00:00,1.1932997703552246
2014-12-04 13:00:00,1.2282060384750366
2014-12-04 14:00:00,1.2385647296905518
2014-12-04 15:00:00,1.2600855827331543
2014-12-04 16:00:00,1.2864174842834473
2014-12-04 17:00:00,1.2989730834960938
2014-12-04 18:00:00,1.2586637735366821
2014-12-04 19:00:00,1.1432499885559082
2014-12-04 20:00:00,0.9993214905261993
2014-12-04 21:00:00,0.918946385383606
2014-12-04 22:00:00,0.9315534830093384
2014-12-04 23:00:00,1.01749849319458
2014-12-05 00:00:00,1.1047035455703735
2014-12-05 01:00:00,1.1449955701828003
2014-12-05 02:00:00,1.1216391324996948
2014-12-05 03:00:00,1.935058355331421
2014-12-05 04:00:00,1.8865300118923187
2014-12-05 05:00:00,2.0949997901916504
2014-12-05 06:00:00,2.2405736446380615
2014-12-05 07:00:00,2.080918788909912
2014-12-05 08:00:00,2.0289201736450195
2014-12-05 09:00:00,2.0402448177337646
2014-12-05 10:00:00,2.142142802476883
2014-12-05 11:00:00,0.9706536531448364
2014-12-05 12:00:00,1.153049349784851
2014-12-05 13:00:00,1.2572027444839478
2014-12-05 14:00:00,1.2910585403442383
2014-12-05 15:00:00,1.2933826446533203
2014-12-05 16:00:00,1.2472572326660156
2014-12-05 17:00:00,1.166918769478798
2014-12-05 18:00:00,1.0901748985052109
2014-12-05 19:00:00,1.0536224842071533
2014-12-05 20:00:00,1.0803354978561401
2014-12-05 21:00:00,1.1515350341796875
2014-12-05 22:00:00,1.1771153211593628
2014-12-05 23:00:00,1.2383123636245728
2014-12-06 00:00:00,1.3078508377075195
2014-12-06 01:00:00,1.3730199038982391
2014-12-06 02:00:00,1.4287439584732056
2014-12-06 03:00:00,2.6918845176696777
2014-12-06 04:00:00,2.767159938812256
2014-12-06 05:00:00,2.650024652481079
2014-12-06 06:00:00,3.493715524673462
2014-12-06 07:00:00,3.5105573534965515
2014-12-06 08:00:00,3.513911247253418
2014-12-06 09:00:00,3.491103172302246
2014-12-06 10:00:00,3.463168144226074
2014-12-06 11:00:00,2.5179989337921143
2014-12-06 12:00:00,1.5951224565505981
2014-12-06 13:00:00,1.8330055177211761
2014-12-06 14:00:00,1.9651875495910645
2014-12-06 15:00:00,1.9845449924468994
2014-12-06 16:00:00,1.7813031673431396
2014-12-06 17:00:00,1.734999418258667
2014-12-06 18:00:00,1.77418053150177
2014-12-06 19:00:00,1.8191741108894348
2014-12-06 20:00:00,1.8501455187797546
2014-12-06 21:00:00,1.7960491180419922
2014-12-06 22:00:00,1.8094203472137451
2014-12-06 23:00:00,1.76502925157547
2014-12-07 00:00:00,1.7050856351852417
2014-12-07 01:00:00,1.6122467517852783
2014-12-07 02:00:00,1.5588560104370117
2014-12-07 03:00:00,2.9765355587005615
2014-12-07 04:00:00,2.670881748199463
2014-12-07 05:00:00,2.4572136402130127
2014-12-07 06:00:00,3.5380334854125977
2014-12-07 07:00:00,3.41502445936203
2014-12-07 08:00:00,3.4711732864379883
2014-12-07 09:00:00,3.454014480113983
2014-12-07 10:00:00,3.5263702273368835
2014-12-07 11:00:00,2.680312395095825
2014-12-07 12:00:00,1.576020359992981
2014-12-07 13:00:00,1.6960417032241821
2014-12-07 14:00:00,1.788320779800415
2014-12-07 15:00:00,1.7681784629821777
2014-12-07 16:00:00,1.6912460327148438
2014-12-07 17:00:00,1.6187485456466675
2014-12-07 18:00:00,1.554877519607544
2014-12-07 19:00:00,1.5176767110824585
2014-12-07 20:00:00,1.4807789325714111
2014-12-07 21:00:00,1.4855213165283203
2014-12-07 22:00:00,1.4642874002456665
2014-12-07 23:00:00,1.485273838043213
2014-12-08 00:00:00,1.504676342010498
2014-12-08 01:00:00,1.5194158554077148
2014-12-08 02:00:00,1.5352002382278442
2014-12-08 03:00:00,3.026674747467041
2014-12-08 04:00:00,2.523517608642578
2014-12-08 05:00:00,2.3092784881591797
2014-12-08 06:00:00,2.8320460319519043
2014-12-08 07:00:00,2.6393425464630127
2014-12-08 08:00:00,2.5875773429870605
2014-12-08 09:00:00,2.6177008152008057
2014-12-08 10:00:00,2.6198668479919434
2014-12-08 11:00:00,1.1202894449234009
2014-12-08 12:00:00,1.3013485670089722
2014-12-08 13:00:00,1.3930187225341797
2014-12-08 14:00:00,1.4239501953125
2014-12-08 15:00:00,1.4379301071166992
2014-12-08 16:00:00,1.4184272289276123
2014-12-08 17:00:00,1.3438708782196045
2014-12-08 18:00:00,1.2236145734786987
2014-12-08 19:00:00,1.086052656173706
2014-12-08 20:00:00,0.9521360397338867
2014-12-08 21:00:00,0.8575030565261841
2014-12-08 22:00:00,0.7518260478973389
2014-12-08 23:00:00,0.6657112836837769
2014-12-09 00:00:00,0.6638392210006714
2014-12-09 01:00:00,0.7460572719573975
2014-12-09 02:00:00,0.8267795443534851
2014-12-09 03:00:00,0.5407222583889961
2014-12-09 04:00:00,1.5208334922790527
2014-12-09 05:00:00,1.318040132522583
2014-12-09 06:00:00,1.1235390827059746
2014-12-09 07:00:00,1.1561459377408028
2014-12-09 08:00:00,1.3518263101577759
2014-12-09 09:00:00,1.5797338485717773
2014-12-09 10:00:00,1.668891429901123
2014-12-09 11:00:00,0.6684922054409981
2014-12-09 12:00:00,1.1125280857086182
2014-12-09 13:00:00,1.1705956608057022
2014-12-09 14:00:00,1.1524250507354736
2014-12-09 15:00:00,1.1053931415081024
2014-12-09 16:00:00,1.02305269241333
2014-12-09 17:00:00,0.8966037034988403
2014-12-09 18:00:00,0.7760058641433716
2014-12-09 19:00:00,0.6742590665817261
2014-12-09 20:00:00,0.6075208187103271
2014-12-09 21:00:00,0.6174712181091309
2014-12-09 22:00:00,0.6212308406829834
2014-12-09 23:00:00,0.7187743186950684
2014-12-10 00:00:00,0.8715558052062988
2014-12-10 01:00:00,1.0028921365737915
2014-12-10 02:00:00,1.077933430671692
2014-12-10 03:00:00,1.8791675567626953
2014-12-10 04:00:00,2.0136566162109375
2014-12-10 05:00:00,1.7198374271392822
2014-12-10 06:00:00,2.355476886034012
2014-12-10 07:00:00,2.342818260192871
2014-12-10 08:00:00,2.4769749343395233
2014-12-10 09:00:00,2.6174561977386475
2014-12-10 10:00:00,2.756122350692749
2014-12-10 11:00:00,1.5925428867340088
2014-12-10 12:00:00,1.2787420749664307
2014-12-10 13:00:00,1.3836628198623657
2014-12-10 14:00:00,1.4336509704589844
2014-12-10 15:00:00,1.4695916175842285
2014-12-10 16:00:00,1.5140289068222046
2014-12-10 17:00:00,1.535095453262329
2014-12-10 18:00:00,1.5139367580413818
2014-12-10 19:00:00,1.4609841108322144
2014-12-10 20:00:00,1.3986952304840088
2014-12-10 21:00:00,1.3443586826324463
2014-12-10 22:00:00,1.326183557510376
2014-12-10 23:00:00,1.304141879081726
2014-12-11 00:00:00,1.2716684341430664
2014-12-11 01:00:00,1.2310014963150024
2014-12-11 02:00:00,1.1978540420532227
2014-12-11 03:00:00,2.3938493728637695
2014-12-11 04:00:00,2.292895555496216
2014-12-11 05:00:00,2.066496878862381
2014-12-11 06:00:00,2.7974042892456055
2014-12-11 07:00:00,2.8406333923339844
2014-12-11 08:00:00,2.987325668334961
2014-12-11 09:00:00,3.1539347171783447
2014-12-11 10:00:00,2.9703874588012695
2014-12-11 11:00:00,1.2545453310012817
2014-12-11 12:00:00,1.2645121812820435
2014-12-11 13:00:00,1.3017854690551758
2014-12-11 14:00:00,1.2745757102966309
2014-12-11 15:00:00,1.230900526046753
2014-12-11 16:00:00,1.0910567045211792
2014-12-11 17:00:00,0.8697679042816162
2014-12-11 18:00:00,0.5872484445571899
2014-12-11 19:00:00,0.26079273223876953
2014-12-11 20:00:00,-0.04357779026031494
2014-12-11 21:00:00,-0.29834556579589844
2014-12-11 22:00:00,-0.3411076068878174
2014-12-11 23:00:00,-0.26941823959350586
2014-12-12 00:00:00,-0.08957451581954956
2014-12-12 01:00:00,0.12094902992248535
2014-12-12 02:00:00,0.2367091178894043
2014-12-12 03:00:00,0.17105638980865479
2014-12-12 04:00:00,0.1804634928703308
2014-12-12 05:00:00,-0.03417766094207764
2014-12-12 06:00:00,0.0032594799995422363
2014-12-12 07:00:00,0.18383026123046875
2014-12-12 08:00:00,0.29391908645629883
2014-12-12 09:00:00,0.40138407051563263
2014-12-12 10:00:00,0.5851855278015137
2014-12-12 11:00:00,0.3373943567276001
2014-12-12 12:00:00,0.6684341877698898
2014-12-12 13:00:00,0.7329471036791801
2014-12-12 14:00:00,0.7261344939470291
2014-12-12 15:00:00,0.6544375866651535
2014-12-12 16:00:00,0.5886001586914062
2014-12-12 17:00:00,0.49840885400772095
2014-12-12 18:00:00,0.36650407314300537
2014-12-12 19:00:00,0.1200556755065918
2014-12-12 20:00:00,-0.327445924282074
2014-12-12 21:00:00,-0.7416345477104187
2014-12-12 22:00:00,-0.9076058864593506
2014-12-12 23:00:00,-1.1409175395965576
2014-12-13 00:00:00,-1.3506568670272827
2014-12-13 01:00:00,-1.5878876447677612
2014-12-13 02:00:00,-1.778186321258545
2014-12-13 03:00:00,-1.662809133529663
2014-12-13 04:00:00,-2.1294971108436584
2014-12-13 05:00:00,-2.555938243865967
2014-12-13 06:00:00,-3.305838108062744
2014-12-13 07:00:00,-3.8306984901428223
2014-12-13 08:00:00,-3.935225009918213
2014-12-13 09:00:00,-4.025156021118164
2014-12-13 10:00:00,-3.9442028999328613
2014-12-13 11:00:00,-3.576618194580078
2014-12-13 12:00:00,-2.7768726348876953
2014-12-13 13:00:00,-2.7735519409179688
2014-12-13 14:00:00,-2.6406259536743164
2014-12-13 15:00:00,-2.4865431785583496
2014-12-13 16:00:00,-2.398050308227539
2014-12-13 17:00:00,-2.2960546016693115
2014-12-13 18:00:00,-2.0489413738250732
2014-12-13 19:00:00,-1.7817459106445312
2014-12-13 20:00:00,-1.6920781135559082
2014-12-13 21:00:00,-1.8000284135341644
2014-12-13 22:00:00,-1.8894145488739014
2014-12-13 23:00:00,-1.630539894104004
2014-12-14 00:00:00,-1.1682617515325546
2014-12-14 01:00:00,-0.8511552810668945
2014-12-14 02:00:00,-0.7089287042617798
2014-12-14 03:00:00,-1.4623301029205322
2014-12-14 04:00:00,-1.5513936281204224
2014-12-14 05:00:00,-1.648299127817154
2014-12-14 06:00:00,-1.4890193939208984
2014-12-14 07:00:00,-1.1886500120162964
2014-12-14 08:00:00,-0.7692611217498779
2014-12-14 09:00:00,-0.3675997257232666
2014-12-14 10:00:00,0.023457050323486328
2014-12-14 11:00:00,0.22187423706054688
2014-12-14 12:00:00,0.22563672065734863
2014-12-14 13:00:00,0.19530177116394043
2014-12-14 14:00:00,0.17578840255737305
2014-12-14 15:00:00,0.15224742889404297
2014-12-14 16:00:00,0.008883237838745117
2014-12-14 17:00:00,-0.1834864616394043
2014-12-14 18:00:00,-0.36896800994873047
2014-12-14 19:00:00,-0.491788387298584
2014-12-14 20:00:00,-0.5728857517242432
2014-12-14 21:00:00,-0.6288547515869141
2014-12-14 22:00:00,-0.6428965330123901
2014-12-14 23:00:00,-0.6117908954620361
2014-12-15 00:00:00,-0.49761033058166504
2014-12-15 01:00:00,-0.2829267978668213
2014-12-15 02:00:00,0.09808224439620972
2014-12-15 03:00:00,0.575211763381958
2014-12-15 04:00:00,1.0531654208898544
2014-12-15 05:00:00,1.0283722579479218
2014-12-15 06:00:00,1.0112923383712769
2014-12-15 07:00:00,1.1527056992053986
2014-12-15 08:00:00,1.5234217643737793
2014-12-15 09:00:00,2.0093629360198975
2014-12-15 10:00:00,2.2983832359313965
2014-12-15 11:00:00,2.181277275085449
2014-12-15 12:00:00,0.9374020546674728
2014-12-15 13:00:00,0.9815574884414673
2014-12-15 14:00:00,1.0326255559921265
2014-12-15 15:00:00,1.0899509191513062
2014-12-15 16:00:00,1.156351089477539
2014-12-15 17:00:00,1.1974806785583496
2014-12-15 18:00:00,1.2240132093429565
2014-12-15 19:00:00,1.2734606266021729
2014-12-15 20:00:00,1.3572185039520264
2014-12-15 21:00:00,1.5149893760681152
2014-12-15 22:00:00,1.6416326761245728
2014-12-15 23:00:00,1.8239384889602661
2014-12-16 00:00:00,1.9380228519439697
2014-12-16 01:00:00,1.954134225845337
2014-12-16 02:00:00,2.001828193664551
2014-12-16 03:00:00,3.248016834259033
2014-12-16 04:00:00,2.741697072982788
2014-12-16 05:00:00,3.3688292503356934
2014-12-16 06:00:00,2.9492626190185547
2014-12-16 07:00:00,2.7842018604278564
2014-12-16 08:00:00,2.833545207977295
2014-12-16 09:00:00,2.9236228466033936
2014-12-16 10:00:00,2.8697969913482666
2014-12-16 11:00:00,1.6790134906768799
2014-12-16 12:00:00,1.1646021604537964
2014-12-16 13:00:00,1.2809187173843384
2014-12-16 14:00:00,1.3806986808776855
2014-12-16 15:00:00,1.4662303924560547
2014-12-16 16:00:00,1.5795950889587402
2014-12-16 17:00:00,1.6577532291412354
2014-12-16 18:00:00,1.6996476650238037
2014-12-16 19:00:00,1.684701919555664
2014-12-16 20:00:00,1.6013116836547852
2014-12-16 21:00:00,1.5193465948104858
2014-12-16 22:00:00,1.4177981615066528
2014-12-16 23:00:00,1.4693909883499146
2014-12-17 00:00:00,1.5949640274047852
2014-12-17 01:00:00,1.7165488004684448
2014-12-17 02:00:00,1.8042168617248535
2014-12-17 03:00:00,3.173393964767456
2014-12-17 04:00:00,2.8233587741851807
2014-12-17 05:00:00,2.754213333129883
2014-12-17 06:00:00,3.4212777614593506
2014-12-17 07:00:00,3.3134632110595703
2014-12-17 08:00:00,3.3177602291107178
2014-12-17 09:00:00,3.3106682300567627
2014-12-17 10:00:00,3.1866989135742188
2014-12-17 11:00:00,1.4685914516448975
2014-12-17 12:00:00,1.3917384147644043
2014-12-17 13:00:00,1.4698395729064941
2014-12-17 14:00:00,1.4945529699325562
2014-12-17 15:00:00,1.4830918312072754
2014-12-17 16:00:00,1.425785779953003
2014-12-17 17:00:00,1.3504111766815186
2014-12-17 18:00:00,1.3299823999404907
2014-12-17 19:00:00,1.282158374786377
2014-12-17 20:00:00,1.254969596862793
2014-12-17 21:00:00,1.373307466506958
2014-12-17 22:00:00,1.308635950088501
2014-12-17 23:00:00,1.2929203510284424
2014-12-18 00:00:00,1.2670855522155762
2014-12-18 01:00:00,1.239008903503418
2014-12-18 02:00:00,1.1739060878753662
2014-12-18 03:00:00,1.510375440120697
2014-12-18 04:00:00,1.6878656148910522
2014-12-18 05:00:00,1.301671028137207
2014-12-18 06:00:00,1.7307889461517334
2014-12-18 07:00:00,1.703742116689682
2014-12-18 08:00:00,1.68483105301857
2014-12-18 09:00:00,1.692976489663124
2014-12-18 10:00:00,1.5780204832553864
2014-12-18 11:00:00,0.6811338067054749
2014-12-18 12:00:00,1.0289268493652344
2014-12-18 13:00:00,0.9606126546859741
2014-12-18 14:00:00,0.7724355459213257
2014-12-18 15:00:00,0.6010921448469162
2014-12-18 16:00:00,0.6119330376386642
2014-12-18 17:00:00,0.6313285827636719
2014-12-18 18:00:00,0.5856119394302368
2014-12-18 19:00:00,0.4861367344856262
2014-12-18 20:00:00,0.4866364002227783
2014-12-18 21:00:00,0.7389650344848633
2014-12-18 22:00:00,0.9531189203262329
2014-12-18 23:00:00,1.078697919845581
2014-12-19 00:00:00,1.2235617637634277
2014-12-19 01:00:00,1.1149988174438477
2014-12-19 02:00:00,1.0923196077346802
2014-12-19 03:00:00,1.1373807191848755
2014-12-19 04:00:00,1.4646397829055786
2014-12-19 05:00:00,0.7782130241394043
2014-12-19 06:00:00,0.655685544013977
2014-12-19 07:00:00,1.1493510007858276
2014-12-19 08:00:00,1.2816060781478882
2014-12-19 09:00:00,1.2761173248291016
2014-12-19 10:00:00,1.2845788151025772
2014-12-19 11:00:00,0.6567554473876953
2014-12-19 12:00:00,0.8930225372314453
2014-12-19 13:00:00,0.8884600400924683
2014-12-19 14:00:00,0.7834612131118774
2014-12-19 15:00:00,0.5939250588417053
2014-12-19 16:00:00,0.46056026220321655
2014-12-19 17:00:00,0.42083537578582764
2014-12-19 18:00:00,0.510929524898529
2014-12-19 19:00:00,0.6469993516802788
2014-12-19 20:00:00,0.8057744950056076
2014-12-19 21:00:00,1.0440132915973663
2014-12-19 22:00:00,1.1455172300338745
2014-12-19 23:00:00,1.2538314014673233
2014-12-20 00:00:00,1.3411595821380615
2014-12-20 01:00:00,1.4282314777374268
2014-12-20 02:00:00,1.5015701055526733
2014-12-20 03:00:00,2.566798210144043
2014-12-20 04:00:00,2.5978634357452393
2014-12-20 05:00:00,2.1787941455841064
2014-12-20 06:00:00,2.419520854949951
2014-12-20 07:00:00,2.3408422768115997
2014-12-20 08:00:00,2.2643406689167023
2014-12-20 09:00:00,2.2191572189331055
2014-12-20 10:00:00,2.6758346557617188
2014-12-20 11:00:00,1.620913177728653
2014-12-20 12:00:00,1.3221393823623657
2014-12-20 13:00:00,1.1463618129491806
2014-12-20 14:00:00,1.363471508026123
2014-12-20 15:00:00,1.5435847043991089
2014-12-20 16:00:00,1.7078289091587067
2014-12-20 17:00:00,1.889723539352417
2014-12-20 18:00:00,1.8771304190158844
2014-12-20 19:00:00,1.7656357288360596
2014-12-20 20:00:00,1.7023985385894775
2014-12-20 21:00:00,1.6404143571853638
2014-12-20 22:00:00,1.413231372833252
2014-12-20 23:00:00,1.3588310480117798
2014-12-21 00:00:00,1.2907233238220215
2014-12-21 01:00:00,1.219012975692749
2014-12-21 02:00:00,1.171341061592102
2014-12-21 03:00:00,1.5714848935604095
2014-12-21 04:00:00,1.9757955074310303
2014-12-21 05:00:00,1.359227180480957
2014-12-21 06:00:00,1.5228419303894043
2014-12-21 07:00:00,1.3264269083738327
2014-12-21 08:00:00,1.0996486321091652
2014-12-21 09:00:00,0.8783566951751709
2014-12-21 10:00:00,0.9347180426120758
2014-12-21 11:00:00,0.4070991277694702
2014-12-21 12:00:00,0.5736299008131027
2014-12-21 13:00:00,0.6100682765245438
2014-12-21 14:00:00,0.6576114892959595
2014-12-21 15:00:00,0.7041783407330513
2014-12-21 16:00:00,0.775313114747405
2014-12-21 17:00:00,0.8952087387442589
2014-12-21 18:00:00,0.8924143314361572
2014-12-21 19:00:00,0.8170633018016815
2014-12-21 20:00:00,0.6944690942764282
2014-12-21 21:00:00,0.5707549508661032
2014-12-21 22:00:00,0.4202014207839966
2014-12-21 23:00:00,0.39768218621611595
2014-12-22 00:00:00,0.4891279973089695
2014-12-22 01:00:00,0.587340947240591
2014-12-22 02:00:00,0.6556607522070408
2014-12-22 03:00:00,0.4338236004114151
2014-12-22 04:00:00,1.027529127895832
2014-12-22 05:00:00,0.5928200483322144
2014-12-22 06:00:00,0.03295481204986572
2014-12-22 07:00:00,-0.42248445749282837
2014-12-22 08:00:00,-0.7176415920257568
2014-12-22 09:00:00,-0.9077658653259277
2014-12-22 10:00:00,-1.0159883201122284
2014-12-22 11:00:00,-0.45345979928970337
2014-12-22 12:00:00,-0.5913925170898438
2014-12-22 13:00:00,-0.5628273487091064
2014-12-22 14:00:00,-0.54558265209198
2014-12-22 15:00:00,-0.5387095808982849
2014-12-22 16:00:00,-0.4989623427391052
2014-12-22 17:00:00,-0.5832928419113159
2014-12-22 18:00:00,-0.782401792705059
2014-12-22 19:00:00,-0.9918732792139053
2014-12-22 20:00:00,-1.133592128753662
2014-12-22 21:00:00,-1.1516947746276855
2014-12-22 22:00:00,-1.161502718925476
2014-12-22 23:00:00,-1.0928809493780136
2014-12-23 00:00:00,-0.9463567286729813
2014-12-23 01:00:00,-0.7231087684631348
2014-12-23 02:00:00,-0.46823835372924805
2014-12-23 03:00:00,-0.3161206766963005
2014-12-23 04:00:00,-0.2671787142753601
2014-12-23 05:00:00,-0.38457776606082916
2014-12-23 06:00:00,-0.7717628479003906
2014-12-23 07:00:00,-0.8534879386425018
2014-12-23 08:00:00,-0.8209564685821533
2014-12-23 09:00:00,-0.6356459856033325
2014-12-23 10:00:00,-0.32034528255462646
2014-12-23 11:00:00,-0.005162358283996582
2014-12-23 12:00:00,0.07623636722564697
2014-12-23 13:00:00,0.03182506561279297
2014-12-23 14:00:00,-0.01663351058959961
2014-12-23 15:00:00,-0.026312947273254395
2014-12-23 16:00:00,0.09094023704528809
2014-12-23 17:00:00,0.2245997190475464
2014-12-23 18:00:00,0.34828436374664307
2014-12-23 19:00:00,0.3915148973464966
2014-12-23 20:00:00,0.4302549362182617
2014-12-23 21:00:00,0.5461459159851074
2014-12-23 22:00:00,0.6863505840301514
2014-12-23 23:00:00,0.8809518814086914
2014-12-24 00:00:00,1.0524393320083618
2014-12-24 01:00:00,1.1458683609962463
2014-12-24 02:00:00,1.1552082300186157
2014-12-24 03:00:00,1.0085513591766357
2014-12-24 04:00:00,1.9498741626739502
2014-12-24 05:00:00,1.4408904314041138
2014-12-24 06:00:00,1.0587571859359741
2014-12-24 07:00:00,1.0321760177612305
2014-12-24 08:00:00,1.1530823707580566
2014-12-24 09:00:00,1.276721477508545
2014-12-24 10:00:00,1.3153046369552612
2014-12-24 11:00:00,0.5741256475448608
2014-12-24 12:00:00,0.9016629457473755
2014-12-24 13:00:00,0.944161057472229
2014-12-24 14:00:00,0.9895919561386108
2014-12-24 15:00:00,1.0575097799301147
2014-12-24 16:00:00,1.1263210624456406
2014-12-24 17:00:00,1.148062825202942
2014-12-24 18:00:00,1.1242860555648804
2014-12-24 19:00:00,1.0971028804779053
2014-12-24 20:00:00,1.0986848175525665
2014-12-24 21:00:00,1.1472413390874863
2014-12-24 22:00:00,1.2041964530944824
2014-12-24 23:00:00,1.3019764423370361
2014-12-25 00:00:00,1.3860561847686768
2014-12-25 01:00:00,1.4663166999816895
2014-12-25 02:00:00,1.5554040670394897
2014-12-25 03:00:00,2.629352331161499
2014-12-25 04:00:00,2.847846746444702
2014-12-25 05:00:00,2.3710105419158936
2014-12-25 06:00:00,3.026905059814453
2014-12-25 07:00:00,2.727447271347046
2014-12-25 08:00:00,2.5579593181610107
2014-12-25 09:00:00,2.4569358825683594
2014-12-25 10:00:00,2.375068187713623
2014-12-25 11:00:00,0.9571783095598221
2014-12-25 12:00:00,1.1378755569458008
2014-12-25 13:00:00,1.1951610893011093
2014-12-25 14:00:00,1.2166043519973755
2014-12-25 15:00:00,1.2486313581466675
2014-12-25 16:00:00,1.3570419549942017
2014-12-25 17:00:00,1.4990999698638916
2014-12-25 18:00:00,1.6633374691009521
2014-12-25 19:00:00,1.8602747917175293
2014-12-25 20:00:00,2.120110511779785
2014-12-25 21:00:00,2.3677730560302734
2014-12-25 22:00:00,2.0740737915039062
2014-12-25 23:00:00,2.0241503715515137
2014-12-26 00:00:00,2.0010809898376465
2014-12-26 01:00:00,1.9470443725585938
2014-12-26 02:00:00,1.9230909943580627
2014-12-26 03:00:00,3.034799575805664
2014-12-26 04:00:00,3.0093793869018555
2014-12-26 05:00:00,2.7843222618103027
2014-12-26 06:00:00,3.63848477602005
2014-12-26 07:00:00,3.8062885403633118
2014-12-26 08:00:00,3.7936954498291016
2014-12-26 09:00:00,3.659052550792694
2014-12-26 10:00:00,3.3387351036071777
2014-12-26 11:00:00,1.6205717623233795
2014-12-26 12:00:00,1.57977294921875
2014-12-26 13:00:00,1.8104185163974762
2014-12-26 14:00:00,2.013000249862671
2014-12-26 15:00:00,2.1706390380859375
2014-12-26 16:00:00,2.4084930419921875
2014-12-26 17:00:00,2.4751574993133545
2014-12-26 18:00:00,2.4657063484191895
2014-12-26 19:00:00,2.476072311401367
2014-12-26 20:00:00,2.539393424987793
2014-12-26 21:00:00,2.7558014392852783
2014-12-26 22:00:00,2.2647461891174316
2014-12-26 23:00:00,2.0703897178173065
2014-12-27 00:00:00,1.9040732383728027
2014-12-27 01:00:00,1.7007687091827393
2014-12-27 02:00:00,1.4553722143173218
2014-12-27 03:00:00,1.8988652229309082
2014-12-27 04:00:00,2.1822702884674072
2014-12-27 05:00:00,1.6214630603790283
2014-12-27 06:00:00,2.307732582092285
2014-12-27 07:00:00,2.6241941452026367
2014-12-27 08:00:00,2.6278066635131836
2014-12-27 09:00:00,2.5532598197460175
2014-12-27 10:00:00,2.206454247236252
2014-12-27 11:00:00,0.9921493530273438
2014-12-27 12:00:00,1.230647087097168
2014-12-27 13:00:00,1.1816418170928955
2014-12-27 14:00:00,1.0848506689071655
2014-12-27 15:00:00,1.0066202878952026
2014-12-27 16:00:00,0.9521011114120483
2014-12-27 17:00:00,0.954287052154541
2014-12-27 18:00:00,1.04157555103302
2014-12-27 19:00:00,1.1497267484664917
2014-12-27 20:00:00,1.252240538597107
2014-12-27 21:00:00,1.317449927330017
2014-12-27 22:00:00,1.316929578781128
2014-12-27 23:00:00,1.3072624206542969
2014-12-28 00:00:00,1.285111665725708
2014-12-28 01:00:00,1.2708203792572021
2014-12-28 02:00:00,1.265232801437378
2014-12-28 03:00:00,0.993910551071167
2014-12-28 04:00:00,2.0761528611183167
2014-12-28 05:00:00,1.703538417816162
2014-12-28 06:00:00,2.3292884826660156
2014-12-28 07:00:00,2.2020106315612793
2014-12-28 08:00:00,2.0725479125976562
2014-12-28 09:00:00,1.982433557510376
2014-12-28 10:00:00,1.7895841598510742
2014-12-28 11:00:00,0.6778277158737183
2014-12-28 12:00:00,0.9561446979641914
2014-12-28 13:00:00,0.9418253600597382
2014-12-28 14:00:00,0.913345605134964
2014-12-28 15:00:00,0.8857381343841553
2014-12-28 16:00:00,0.8515362441539764
2014-12-28 17:00:00,0.8530400060117245
2014-12-28 18:00:00,0.8644934967160225
2014-12-28 19:00:00,0.830811507999897
2014-12-28 20:00:00,0.7933385372161865
2014-12-28 21:00:00,0.7728583365678787
2014-12-28 22:00:00,0.7959895730018616
2014-12-28 23:00:00,0.8642013520002365
2014-12-29 00:00:00,1.0244052112102509
2014-12-29 01:00:00,1.1927745342254639
2014-12-29 02:00:00,1.2708063125610352
2014-12-29 03:00:00,0.9760791957378387
2014-12-29 04:00:00,2.0993462204933167
2014-12-29 05:00:00,1.6622282266616821
2014-12-29 06:00:00,1.9402958750724792
2014-12-29 07:00:00,1.7358715534210205
2014-12-29 08:00:00,1.6545336246490479
2014-12-29 09:00:00,1.5822941362857819
2014-12-29 10:00:00,1.3672657012939453
2014-12-29 11:00:00,0.473634485155344
2014-12-29 12:00:00,0.691147917881608
2014-12-29 13:00:00,0.6078128404915333
2014-12-29 14:00:00,0.5201282948255539
2014-12-29 15:00:00,0.4442744255065918
2014-12-29 16:00:00,0.43550924956798553
2014-12-29 17:00:00,0.42514312267303467
2014-12-29 18:00:00,0.46597570180892944
2014-12-29 19:00:00,0.5439040809869766
2014-12-29 20:00:00,0.6994602084159851
2014-12-29 21:00:00,0.9043748378753662
2014-12-29 22:00:00,1.0048972368240356
2014-12-29 23:00:00,1.1055200099945068
2014-12-30 00:00:00,1.1406816244125366
2014-12-30 01:00:00,1.175401210784912
2014-12-30 02:00:00,1.1902506351470947
2014-12-30 03:00:00,0.8064696192741394
2014-12-30 04:00:00,1.56145441532135
2014-12-30 05:00:00,1.1120402812957764
2014-12-30 06:00:00,0.6382701992988586
2014-12-30 07:00:00,0.008240371942520142
2014-12-30 08:00:00,-0.48318713903427124
2014-12-30 09:00:00,-0.6934404373168945
2014-12-30 10:00:00,-0.7571868896484375
2014-12-30 11:00:00,-0.2251741886138916
2014-12-30 12:00:00,0.04950916767120361
2014-12-30 13:00:00,0.3102881908416748
2014-12-30 14:00:00,0.5556854009628296
2014-12-30 15:00:00,0.7226340770721436
2014-12-30 16:00:00,0.7788742780685425
2014-12-30 17:00:00,0.6315505504608154
2014-12-30 18:00:00,0.3652104139328003
2014-12-30 19:00:00,0.0401383638381958
2014-12-30 20:00:00,-0.30134546756744385
2014-12-30 21:00:00,-0.5545641183853149
2014-12-30 22:00:00,-0.7838481664657593
2014-12-30 23:00:00,-0.9221100807189941
2014-12-31 00:00:00,-0.9089834690093994
2014-12-31 01:00:00,-0.8398641347885132
2014-12-31 02:00:00,-0.7234313488006592
2014-12-31 03:00:00,-0.4397096633911133
2014-12-31 04:00:00,-0.6707860231399536
2014-12-31 05:00:00,-0.5673359036445618
2014-12-31 06:00:00,-1.613561987876892
2014-12-31 07:00:00,-1.6665207147598267
2014-12-31 08:00:00,-1.407914400100708
2014-12-31 09:00:00,-1.1084929704666138
2014-12-31 10:00:00,-0.965585470199585
2014-12-31 11:00:00,-0.23435062915086746
2014-12-31 12:00:00,-0.1604241132736206
2014-12-31 13:00:00,-0.00978388637304306
2014-12-31 14:00:00,0.05890917405486107
2014-12-31 15:00:00,-0.025078654289245605
2014-12-31 16:00:00,0.014927983283996582
2014-12-31 17:00:00,0.05977758765220642
2014-12-31 18:00:00,0.10148477554321289
2014-12-31 19:00:00,0.17704111337661743
2014-12-31 20:00:00,0.2702091336250305
2014-12-31 21:00:00,0.3644915819168091
2014-12-31 22:00:00,0.3544078469276428
2014-12-31 23:00:00,0.3503662943840027
2015-01-01 00:00:00,0.34910690784454346
2015-01-01 01:00:00,0.37782881408929825
2015-01-01 02:00:00,0.4229448474943638
2015-01-01 03:00:00,0.3654928244650364
2015-01-01 04:00:00,0.7622804716229439
2015-01-01 05:00:00,0.627670407295227
2015-01-01 06:00:00,0.3544795513153076
2015-01-01 07:00:00,-0.11642742156982422
2015-01-01 08:00:00,-0.41238677501678467
2015-01-01 09:00:00,-0.6418353319168091
2015-01-01 10:00:00,-0.43212342262268066
2015-01-01 11:00:00,-0.20434939861297607
2015-01-01 12:00:00,0.09519708156585693
2015-01-01 13:00:00,0.36373960971832275
2015-01-01 14:00:00,0.5555267333984375
2015-01-01 15:00:00,0.7315648794174194
2015-01-01 16:00:00,0.8151787519454956
2015-01-01 17:00:00,0.6850259304046631
2015-01-01 18:00:00,0.4778667688369751
2015-01-01 19:00:00,0.33872103691101074
2015-01-01 20:00:00,0.2657918930053711
2015-01-01 21:00:00,0.33053839206695557
2015-01-01 22:00:00,0.399844765663147
2015-01-01 23:00:00,0.4445192813873291
2015-01-02 00:00:00,0.4832598567008972
2015-01-02 01:00:00,0.4171440005302429
2015-01-02 02:00:00,0.14166271686553955
2015-01-02 03:00:00,-0.2479380965232849
2015-01-02 04:00:00,-0.7535271644592285
2015-01-02 05:00:00,-1.005897879600525
2015-01-02 06:00:00,-1.1890678405761719
2015-01-02 07:00:00,-1.0859997272491455
2015-01-02 08:00:00,-1.0204492807388306
2015-01-02 09:00:00,-1.0407589375972748
2015-01-02 10:00:00,-1.1260592937469482
2015-01-02 11:00:00,-0.6381932348012924
2015-01-02 12:00:00,-0.35606469213962555
2015-01-02 13:00:00,-0.052375659346580505
2015-01-02 14:00:00,0.11067867651581764
2015-01-02 15:00:00,0.17155935615301132
2015-01-02 16:00:00,0.2714913487434387
2015-01-02 17:00:00,0.3635334372520447
2015-01-02 18:00:00,0.5539426803588867
2015-01-02 19:00:00,0.7199751138687134
2015-01-02 20:00:00,0.7377179265022278
2015-01-02 21:00:00,0.7147214412689209
2015-01-02 22:00:00,0.6152635812759399
2015-01-02 23:00:00,0.50315260887146
2015-01-03 00:00:00,0.41533154249191284
2015-01-03 01:00:00,0.3401590585708618
2015-01-03 02:00:00,0.3001402020454407
2015-01-03 03:00:00,0.6223352551460266
2015-01-03 04:00:00,0.6463108062744141
2015-01-03 05:00:00,0.18500149250030518
2015-01-03 06:00:00,0.2691118121147156
2015-01-03 07:00:00,0.45303845405578613
2015-01-03 08:00:00,0.7162997722625732
2015-01-03 09:00:00,0.9115540683269501
2015-01-03 10:00:00,1.0267958641052246
2015-01-03 11:00:00,0.8959860801696777
2015-01-03 12:00:00,0.4788297414779663
2015-01-03 13:00:00,0.40827643871307373
2015-01-03 14:00:00,0.3217273950576782
2015-01-03 15:00:00,0.35026562213897705
2015-01-03 16:00:00,0.4838399887084961
2015-01-03 17:00:00,0.6179535388946533
2015-01-03 18:00:00,0.7182528972625732
2015-01-03 19:00:00,0.8090283870697021
2015-01-03 20:00:00,0.9270838499069214
2015-01-03 21:00:00,1.018092393875122
2015-01-03 22:00:00,1.0452629327774048
2015-01-03 23:00:00,1.0726758241653442
2015-01-04 00:00:00,1.0991209745407104
2015-01-04 01:00:00,1.1349761486053467
2015-01-04 02:00:00,1.16548752784729
2015-01-04 03:00:00,2.479924440383911
2015-01-04 04:00:00,2.2952303886413574
2015-01-04 05:00:00,2.495823383331299
2015-01-04 06:00:00,2.53713795542717
2015-01-04 07:00:00,2.55137038230896
2015-01-04 08:00:00,2.6127474308013916
2015-01-04 09:00:00,2.641416072845459
2015-01-04 10:00:00,2.787975788116455
2015-01-04 11:00:00,2.065554201602936
2015-01-04 12:00:00,1.3274180889129639
2015-01-04 13:00:00,1.5357921123504639
2015-01-04 14:00:00,1.6348871290683746
2015-01-04 15:00:00,1.6840429306030273
2015-01-04 16:00:00,1.6888611316680908
2015-01-04 17:00:00,1.7885873317718506
2015-01-04 18:00:00,2.0112266540527344
2015-01-04 19:00:00,2.327840805053711
2015-01-04 20:00:00,2.700669288635254
2015-01-04 21:00:00,3.0823869705200195
2015-01-04 22:00:00,3.0793492794036865
2015-01-04 23:00:00,3.2042269706726074
2015-01-05 00:00:00,3.332448720932007
2015-01-05 01:00:00,3.4600669741630554
2015-01-05 02:00:00,3.631673812866211
2015-01-05 03:00:00,4.234291195869446
2015-01-05 04:00:00,3.945828914642334
2015-01-05 05:00:00,4.172799706459045
2015-01-05 06:00:00,4.775177478790283
2015-01-05 07:00:00,4.777094841003418
2015-01-05 08:00:00,4.754594802856445
2015-01-05 09:00:00,4.569871962070465
2015-01-05 10:00:00,4.437280714511871
2015-01-05 11:00:00,3.116874933242798
2015-01-05 12:00:00,1.9234136641025543
2015-01-05 13:00:00,2.279453992843628
2015-01-05 14:00:00,2.546915054321289
2015-01-05 15:00:00,2.571319103240967
2015-01-05 16:00:00,2.543252468109131
2015-01-05 17:00:00,2.475437641143799
2015-01-05 18:00:00,2.4107182025909424
2015-01-05 19:00:00,2.3729536533355713
2015-01-05 20:00:00,2.4003553688526154
2015-01-05 21:00:00,2.4477527141571045
2015-01-05 22:00:00,2.172425776720047
2015-01-05 23:00:00,2.179828643798828
2015-01-06 00:00:00,2.252282589673996
2015-01-06 01:00:00,2.288585662841797
2015-01-06 02:00:00,2.3120501041412354
2015-01-06 03:00:00,3.4324862957000732
2015-01-06 04:00:00,2.9675395488739014
2015-01-06 05:00:00,2.685732841491699
2015-01-06 06:00:00,3.6111297607421875
2015-01-06 07:00:00,3.376744031906128
2015-01-06 08:00:00,3.119056224822998
2015-01-06 09:00:00,2.8969149589538574
2015-01-06 10:00:00,2.690657615661621
2015-01-06 11:00:00,1.0637009143829346
2015-01-06 12:00:00,1.209968090057373
2015-01-06 13:00:00,1.265265703201294
2015-01-06 14:00:00,1.2548719644546509
2015-01-06 15:00:00,1.246659278869629
2015-01-06 16:00:00,1.2501176595687866
2015-01-06 17:00:00,1.218430995941162
2015-01-06 18:00:00,1.158473253250122
2015-01-06 19:00:00,1.0977576971054077
2015-01-06 20:00:00,1.063279613852501
2015-01-06 21:00:00,1.074834331870079
2015-01-06 22:00:00,1.019650936126709
2015-01-06 23:00:00,1.044261485338211
2015-01-07 00:00:00,1.0904226303100586
2015-01-07 01:00:00,1.1332881450653076
2015-01-07 02:00:00,1.1664799451828003
2015-01-07 03:00:00,2.149618625640869
2015-01-07 04:00:00,2.4771921634674072
2015-01-07 05:00:00,2.5804927349090576
2015-01-07 06:00:00,2.948579788208008
2015-01-07 07:00:00,2.903470993041992
2015-01-07 08:00:00,2.915909767150879
2015-01-07 09:00:00,2.9392001628875732
2015-01-07 10:00:00,2.4269495010375977
2015-01-07 11:00:00,0.8583712577819824
2015-01-07 12:00:00,1.151275172829628
2015-01-07 13:00:00,1.255249261856079
2015-01-07 14:00:00,1.2943285703659058
2015-01-07 15:00:00,1.3372119665145874
2015-01-07 16:00:00,1.4384230375289917
2015-01-07 17:00:00,1.5130208730697632
2015-01-07 18:00:00,1.5606091022491455
2015-01-07 19:00:00,1.533346176147461
2015-01-07 20:00:00,1.5070124864578247
2015-01-07 21:00:00,1.5958665609359741
2015-01-07 22:00:00,1.5254772901535034
2015-01-07 23:00:00,1.51387357711792
2015-01-08 00:00:00,1.5143349170684814
2015-01-08 01:00:00,1.5275683403015137
2015-01-08 02:00:00,1.5691155195236206
2015-01-08 03:00:00,2.8546812534332275
2015-01-08 04:00:00,2.6693522930145264
2015-01-08 05:00:00,2.657553195953369
2015-01-08 06:00:00,3.223729372024536
2015-01-08 07:00:00,3.1799137592315674
2015-01-08 08:00:00,3.162252902984619
2015-01-08 09:00:00,3.1032874584198
2015-01-08 10:00:00,2.7066893577575684
2015-01-08 11:00:00,0.9487754106521606
2015-01-08 12:00:00,1.1953299045562744
2015-01-08 13:00:00,1.2164121866226196
2015-01-08 14:00:00,1.2028024345636368
2015-01-08 15:00:00,1.1161004304885864
2015-01-08 16:00:00,1.1122854948043823
2015-01-08 17:00:00,1.061915174126625
2015-01-08 18:00:00,1.0297986268997192
2015-01-08 19:00:00,1.0315035581588745
2015-01-08 20:00:00,1.0565748363733292
2015-01-08 21:00:00,1.1403833627700806
2015-01-08 22:00:00,1.1647638082504272
2015-01-08 23:00:00,1.1847418546676636
2015-01-09 00:00:00,1.204062581062317
2015-01-09 01:00:00,1.2312568426132202
2015-01-09 02:00:00,1.236350178718567
2015-01-09 03:00:00,1.6868544220924377
2015-01-09 04:00:00,1.8386277258396149
2015-01-09 05:00:00,1.9396371245384216
2015-01-09 06:00:00,2.430746078491211
2015-01-09 07:00:00,2.4402027130126953
2015-01-09 08:00:00,2.335978537797928
2015-01-09 09:00:00,2.2152356803417206
2015-01-09 10:00:00,2.1558895111083984
2015-01-09 11:00:00,0.7299565076828003
2015-01-09 12:00:00,1.0178701877593994
2015-01-09 13:00:00,0.9511858224868774
2015-01-09 14:00:00,0.8591978549957275
2015-01-09 15:00:00,0.8065230399370193
2015-01-09 16:00:00,0.8361310511827469
2015-01-09 17:00:00,0.871289849281311
2015-01-09 18:00:00,0.9563347101211548
2015-01-09 19:00:00,1.0429593324661255
2015-01-09 20:00:00,1.081408977508545
2015-01-09 21:00:00,1.1760602593421936
2015-01-09 22:00:00,1.2309633493423462
2015-01-09 23:00:00,1.3264793157577515
2015-01-10 00:00:00,1.4083521366119385
2015-01-10 01:00:00,1.4624112844467163
2015-01-10 02:00:00,1.4706002473831177
2015-01-10 03:00:00,2.4475236237049103
2015-01-10 04:00:00,2.626088857650757
2015-01-10 05:00:00,2.486382246017456
2015-01-10 06:00:00,3.5665411949157715
2015-01-10 07:00:00,3.4146814346313477
2015-01-10 08:00:00,3.338074207305908
2015-01-10 09:00:00,3.3133740425109863
2015-01-10 10:00:00,3.2955806851387024
2015-01-10 11:00:00,1.462953805923462
2015-01-10 12:00:00,1.383690357208252
2015-01-10 13:00:00,1.4621089696884155
2015-01-10 14:00:00,1.4852972030639648
2015-01-10 15:00:00,1.4923417568206787
2015-01-10 16:00:00,1.4855313301086426
2015-01-10 17:00:00,1.4663920402526855
2015-01-10 18:00:00,1.4840294122695923
2015-01-10 19:00:00,1.5264062881469727
2015-01-10 20:00:00,1.4762904644012451
2015-01-10 21:00:00,1.4332387447357178
2015-01-10 22:00:00,1.3802789449691772
2015-01-10 23:00:00,1.3944990634918213
2015-01-11 00:00:00,1.3929312229156494
2015-01-11 01:00:00,1.3810601234436035
2015-01-11 02:00:00,1.3750971555709839
2015-01-11 03:00:00,2.5076258182525635
2015-01-11 04:00:00,2.492198944091797
2015-01-11 05:00:00,2.1811208724975586
2015-01-11 06:00:00,3.1598939895629883
2015-01-11 07:00:00,3.2066965103149414
2015-01-11 08:00:00,3.275517702102661
2015-01-11 09:00:00,3.3440170288085938
2015-01-11 10:00:00,3.2642974853515625
2015-01-11 11:00:00,1.4223703145980835
2015-01-11 12:00:00,1.3443098068237305
2015-01-11 13:00:00,1.4409908056259155
2015-01-11 14:00:00,1.454754114151001
2015-01-11 15:00:00,1.4376611709594727
2015-01-11 16:00:00,1.4293869733810425
2015-01-11 17:00:00,1.4205394983291626
2015-01-11 18:00:00,1.374021053314209
2015-01-11 19:00:00,1.2975194454193115
2015-01-11 20:00:00,1.2380297183990479
2015-01-11 21:00:00,1.2202335596084595
2015-01-11 22:00:00,1.1868280172348022
2015-01-11 23:00:00,1.2574936151504517
2015-01-12 00:00:00,1.3316813707351685
2015-01-12 01:00:00,1.3346889019012451
2015-01-12 02:00:00,1.2909629344940186
2015-01-12 03:00:00,1.8744253516197205
2015-01-12 04:00:00,2.099496841430664
2015-01-12 05:00:00,1.3970913887023926
2015-01-12 06:00:00,1.7900167405605316
2015-01-12 07:00:00,1.3478879034519196
2015-01-12 08:00:00,0.834331750869751
2015-01-12 09:00:00,0.3648029565811157
2015-01-12 10:00:00,0.27456045150756836
2015-01-12 11:00:00,0.0780876874923706
2015-01-12 12:00:00,-0.013382792472839355
2015-01-12 13:00:00,-0.08113265037536621
2015-01-12 14:00:00,-0.0966421365737915
2015-01-12 15:00:00,-0.08132082223892212
2015-01-12 16:00:00,0.04062497615814209
2015-01-12 17:00:00,0.1872859001159668
2015-01-12 18:00:00,0.34397339820861816
2015-01-12 19:00:00,0.4934200048446655
2015-01-12 20:00:00,0.609769344329834
2015-01-12 21:00:00,0.7220795154571533
2015-01-12 22:00:00,0.6345982104539871
2015-01-12 23:00:00,0.48856353759765625
2015-01-13 00:00:00,0.4415638595819473
2015-01-13 01:00:00,0.42785193026065826
2015-01-13 02:00:00,0.398353710770607
2015-01-13 03:00:00,0.29532602429389954
2015-01-13 04:00:00,0.10365912318229675
2015-01-13 05:00:00,-0.5866422653198242
2015-01-13 06:00:00,-0.42066746950149536
2015-01-13 07:00:00,-0.9826489686965942
2015-01-13 08:00:00,-1.41121506690979
2015-01-13 09:00:00,-1.788936972618103
2015-01-13 10:00:00,-1.7417378425598145
2015-01-13 11:00:00,-0.9976639449596405
2015-01-13 12:00:00,-1.0191899240016937
2015-01-13 13:00:00,-1.1886682510375977
2015-01-13 14:00:00,-1.3115408271551132
2015-01-13 15:00:00,-1.4422596842050552
2015-01-13 16:00:00,-1.5525708198547363
2015-01-13 17:00:00,-1.6748387813568115
2015-01-13 18:00:00,-1.731677234172821
2015-01-13 19:00:00,-1.5838465690612793
2015-01-13 20:00:00,-1.3164350986480713
2015-01-13 21:00:00,-1.0079084634780884
2015-01-13 22:00:00,-0.8596938848495483
2015-01-13 23:00:00,-0.7895093560218811
2015-01-14 00:00:00,-0.7302754521369934
2015-01-14 01:00:00,-0.6522749066352844
2015-01-14 02:00:00,-0.5120763182640076
2015-01-14 03:00:00,-0.7350408434867859
2015-01-14 04:00:00,-0.8487985581159592
2015-01-14 05:00:00,-0.9491404742002487
2015-01-14 06:00:00,-1.1577816158533096
2015-01-14 07:00:00,-1.586385726928711
2015-01-14 08:00:00,-2.0460364818573
2015-01-14 09:00:00,-2.3271567821502686
2015-01-14 10:00:00,-2.2753596007823944
2015-01-14 11:00:00,-1.0709357261657715
2015-01-14 12:00:00,-1.0135130733251572
2015-01-14 13:00:00,-1.2643533945083618
2015-01-14 14:00:00,-1.506310224533081
2015-01-14 15:00:00,-1.5766966342926025
2015-01-14 16:00:00,-1.5748615264892578
2015-01-14 17:00:00,-1.390350341796875
2015-01-14 18:00:00,-1.1068099737167358
2015-01-14 19:00:00,-0.9200723767280579
2015-01-14 20:00:00,-0.7013638615608215
2015-01-14 21:00:00,-0.17197346687316895
2015-01-14 22:00:00,0.3528479337692261
2015-01-14 23:00:00,0.594461977481842
2015-01-15 00:00:00,0.6200729608535767
2015-01-15 01:00:00,0.5864288806915283
2015-01-15 02:00:00,0.5673385858535767
2015-01-15 03:00:00,1.1861649751663208
2015-01-15 04:00:00,1.2477149963378906
2015-01-15 05:00:00,1.2372325658798218
2015-01-15 06:00:00,1.3889495134353638
2015-01-15 07:00:00,1.8162282705307007
2015-01-15 08:00:00,2.1580481827259064
2015-01-15 09:00:00,2.321312427520752
2015-01-15 10:00:00,2.1923756301403046
2015-01-15 11:00:00,1.5291431844234467
2015-01-15 12:00:00,1.045547604560852
2015-01-15 13:00:00,1.1695556491613388
2015-01-15 14:00:00,1.2261347770690918
2015-01-15 15:00:00,1.249621644616127
2015-01-15 16:00:00,1.2238081693649292
2015-01-15 17:00:00,1.1187937259674072
2015-01-15 18:00:00,1.0038084983825684
2015-01-15 19:00:00,0.9411576986312866
2015-01-15 20:00:00,0.9386807680130005
2015-01-15 21:00:00,1.0057508945465088
2015-01-15 22:00:00,1.0568783283233643
2015-01-15 23:00:00,1.136757254600525
2015-01-16 00:00:00,1.2120730876922607
2015-01-16 01:00:00,1.2502797842025757
2015-01-16 02:00:00,1.2500346899032593
2015-01-16 03:00:00,2.506848096847534
2015-01-16 04:00:00,2.013880491256714
2015-01-16 05:00:00,2.3589115142822266
2015-01-16 06:00:00,1.8777635097503662
2015-01-16 07:00:00,1.29743492603302
2015-01-16 08:00:00,0.8965044021606445
2015-01-16 09:00:00,0.8598671406507492
2015-01-16 10:00:00,1.0410054922103882
2015-01-16 11:00:00,0.7729312628507614
2015-01-16 12:00:00,0.9927406162023544
2015-01-16 13:00:00,1.1359507888555527
2015-01-16 14:00:00,1.21650792658329
2015-01-16 15:00:00,1.2373038530349731
2015-01-16 16:00:00,1.235327124595642
2015-01-16 17:00:00,1.2184343338012695
2015-01-16 18:00:00,1.2513623237609863
2015-01-16 19:00:00,1.4538664817810059
2015-01-16 20:00:00,1.7673011720180511
2015-01-16 21:00:00,2.0002710819244385
2015-01-16 22:00:00,1.7910405099391937
2015-01-16 23:00:00,1.6381027698516846
2015-01-17 00:00:00,1.4617021083831787
2015-01-17 01:00:00,1.3191986083984375
2015-01-17 02:00:00,1.3163455724716187
2015-01-17 03:00:00,2.7480251789093018
2015-01-17 04:00:00,2.3933849334716797
2015-01-17 05:00:00,2.7567358016967773
2015-01-17 06:00:00,2.9073774814605713
2015-01-17 07:00:00,2.857809543609619
2015-01-17 08:00:00,2.8508379459381104
2015-01-17 09:00:00,2.807114601135254
2015-01-17 10:00:00,2.6889142990112305
2015-01-17 11:00:00,1.6031293869018555
2015-01-17 12:00:00,1.0828266143798828
2015-01-17 13:00:00,1.1719094663858414
2015-01-17 14:00:00,1.205930233001709
2015-01-17 15:00:00,1.2416069507598877
2015-01-17 16:00:00,1.269378423690796
2015-01-17 17:00:00,1.288393259048462
2015-01-17 18:00:00,1.2700752019882202
2015-01-17 19:00:00,1.2707264423370361
2015-01-17 20:00:00,1.2913869619369507
2015-01-17 21:00:00,1.3252854347229004
2015-01-17 22:00:00,1.280258059501648
2015-01-17 23:00:00,1.2480024099349976
2015-01-18 00:00:00,1.227819800376892
2015-01-18 01:00:00,1.2065476179122925
2015-01-18 02:00:00,1.1849550008773804
2015-01-18 03:00:00,2.644991397857666
2015-01-18 04:00:00,2.455686569213867
2015-01-18 05:00:00,3.040598154067993
2015-01-18 06:00:00,3.290757179260254
2015-01-18 07:00:00,3.2184433937072754
2015-01-18 08:00:00,3.117283344268799
2015-01-18 09:00:00,2.982147216796875
2015-01-18 10:00:00,2.8462607860565186
2015-01-18 11:00:00,1.4065680503845215
2015-01-18 12:00:00,1.2018024921417236
2015-01-18 13:00:00,1.3003100156784058
2015-01-18 14:00:00,1.2910528182983398
2015-01-18 15:00:00,1.2532023191452026
2015-01-18 16:00:00,1.1842782497406006
2015-01-18 17:00:00,1.1329677104949951
2015-01-18 18:00:00,1.1147122234106064
2015-01-18 19:00:00,1.090222954750061
2015-01-18 20:00:00,1.086926817893982
2015-01-18 21:00:00,1.1201395988464355
2015-01-18 22:00:00,1.135902762413025
2015-01-18 23:00:00,1.1315752267837524
2015-01-19 00:00:00,1.1356854438781738
2015-01-19 01:00:00,1.1777253150939941
2015-01-19 02:00:00,1.1485637426376343
2015-01-19 03:00:00,1.9543545246124268
2015-01-19 04:00:00,2.0238468647003174
2015-01-19 05:00:00,2.340251475572586
2015-01-19 06:00:00,2.2843117415905
2015-01-19 07:00:00,2.1910014152526855
2015-01-19 08:00:00,2.0781357288360596
2015-01-19 09:00:00,1.9196152687072754
2015-01-19 10:00:00,1.6694967597723007
2015-01-19 11:00:00,0.5578868314623833
2015-01-19 12:00:00,0.7362414672970772
2015-01-19 13:00:00,0.6731170490384102
2015-01-19 14:00:00,0.4934108182787895
2015-01-19 15:00:00,0.40501879155635834
2015-01-19 16:00:00,0.2523919939994812
2015-01-19 17:00:00,0.1680803894996643
2015-01-19 18:00:00,0.219353549182415
2015-01-19 19:00:00,0.28339482098817825
2015-01-19 20:00:00,0.3685560077428818
2015-01-19 21:00:00,0.47399669885635376
2015-01-19 22:00:00,0.5312786102294922
2015-01-19 23:00:00,0.5402101278305054
2015-01-20 00:00:00,0.5267849564552307
2015-01-20 01:00:00,0.5338627696037292
2015-01-20 02:00:00,0.5424907207489014
2015-01-20 03:00:00,0.6984873265028
2015-01-20 04:00:00,0.7828340530395508
2015-01-20 05:00:00,0.47392737865448
2015-01-20 06:00:00,0.08836984634399414
2015-01-20 07:00:00,-0.07624459266662598
2015-01-20 08:00:00,-0.23927676677703857
2015-01-20 09:00:00,-0.25982940196990967
2015-01-20 10:00:00,-0.6111859083175659
2015-01-20 11:00:00,-0.3740115165710449
2015-01-20 12:00:00,-0.5153688192367554
2015-01-20 13:00:00,-0.5668739080429077
2015-01-20 14:00:00,-0.5566644668579102
2015-01-20 15:00:00,-0.6138575077056885
2015-01-20 16:00:00,-0.668450117111206
2015-01-20 17:00:00,-0.8221079111099243
2015-01-20 18:00:00,-1.044292688369751
2015-01-20 19:00:00,-1.222274661064148
2015-01-20 20:00:00,-1.317038893699646
2015-01-20 21:00:00,-1.3944932222366333
2015-01-20 22:00:00,-1.371336817741394
2015-01-20 23:00:00,-1.2489182949066162
2015-01-21 00:00:00,-1.1301867961883545
2015-01-21 01:00:00,-1.0234962701797485
2015-01-21 02:00:00,-0.7734748125076294
2015-01-21 03:00:00,-0.8688145875930786
2015-01-21 04:00:00,-0.8877249956130981
2015-01-21 05:00:00,-1.2048389613628387
2015-01-21 06:00:00,-1.5621817111968994
2015-01-21 07:00:00,-1.8431098461151123
2015-01-21 08:00:00,-1.9836331903934479
2015-01-21 09:00:00,-2.001723289489746
2015-01-21 10:00:00,-1.7894089221954346
2015-01-21 11:00:00,-0.6742031574249268
2015-01-21 12:00:00,-0.7674371004104614
2015-01-21 13:00:00,-0.8411521911621094
2015-01-21 14:00:00,-0.9069716930389404
2015-01-21 15:00:00,-1.0051010847091675
2015-01-21 16:00:00,-1.0512748956680298
2015-01-21 17:00:00,-1.035031795501709
2015-01-21 18:00:00,-1.1769681870937347
2015-01-21 19:00:00,-1.511202722787857
2015-01-21 20:00:00,-1.7853214740753174
2015-01-21 21:00:00,-1.8868803977966309
2015-01-21 22:00:00,-1.1473655700683594
2015-01-21 23:00:00,-0.3766653537750244
2015-01-22 00:00:00,-0.6698598861694336
2015-01-22 01:00:00,-0.9546287059783936
2015-01-22 02:00:00,-1.0189145803451538
2015-01-22 03:00:00,-1.5736922025680542
2015-01-22 04:00:00,-1.934159755706787
2015-01-22 05:00:00,-2.038950204849243
2015-01-22 06:00:00,-1.5606540441513062
2015-01-22 07:00:00,-1.0383689403533936
2015-01-22 08:00:00,-0.7155623435974121
2015-01-22 09:00:00,-0.6385196447372437
2015-01-22 10:00:00,-0.49604731798171997
2015-01-22 11:00:00,-0.44282108545303345
2015-01-22 12:00:00,-0.3851642608642578
2015-01-22 13:00:00,-0.6351994350552559
2015-01-22 14:00:00,-0.7936061024665833
2015-01-22 15:00:00,-0.8507464379072189
2015-01-22 16:00:00,-0.8754356354475021
2015-01-22 17:00:00,-0.8658309429883957
2015-01-22 18:00:00,-0.8209303617477417
2015-01-22 19:00:00,-0.7927843332290649
2015-01-22 20:00:00,-0.7716522812843323
2015-01-22 21:00:00,-0.7475534677505493
2015-01-22 22:00:00,-0.7294325828552246
2015-01-22 23:00:00,-0.6881651878356934
2015-01-23 00:00:00,-0.6474894285202026
2015-01-23 01:00:00,-0.5210310220718384
2015-01-23 02:00:00,-0.29499077796936035
2015-01-23 03:00:00,0.007234811782836914
2015-01-23 04:00:00,0.24174714088439941
2015-01-23 05:00:00,0.45970749855041504
2015-01-23 06:00:00,0.686913251876831
2015-01-23 07:00:00,0.9249063730239868
2015-01-23 08:00:00,1.186782956123352
2015-01-23 09:00:00,1.4257628917694092
2015-01-23 10:00:00,1.7095022201538086
2015-01-23 11:00:00,1.7935704290866852
2015-01-23 12:00:00,1.0303575992584229
2015-01-23 13:00:00,1.2751085758209229
2015-01-23 14:00:00,1.4158254861831665
2015-01-23 15:00:00,1.4777241945266724
2015-01-23 16:00:00,1.4603590965270996
2015-01-23 17:00:00,1.3872965574264526
2015-01-23 18:00:00,1.3366578817367554
2015-01-23 19:00:00,1.3077837228775024
2015-01-23 20:00:00,1.286447525024414
2015-01-23 21:00:00,1.3125333786010742
2015-01-23 22:00:00,1.2972242832183838
2015-01-23 23:00:00,1.2753466367721558
2015-01-24 00:00:00,1.2469638586044312
2015-01-24 01:00:00,1.246169924736023
2015-01-24 02:00:00,1.2819736003875732
2015-01-24 03:00:00,2.3973708152770996
2015-01-24 04:00:00,2.25059175491333
2015-01-24 05:00:00,2.3149585723876953
2015-01-24 06:00:00,1.9540276527404785
2015-01-24 07:00:00,1.799095243215561
2015-01-24 08:00:00,1.8037749230861664
2015-01-24 09:00:00,1.9800735116004944
2015-01-24 10:00:00,2.1100063920021057
2015-01-24 11:00:00,2.1607210636138916
2015-01-24 12:00:00,1.0448763221502304
2015-01-24 13:00:00,1.1651382446289062
2015-01-24 14:00:00,1.1864396333694458
2015-01-24 15:00:00,1.208461046218872
2015-01-24 16:00:00,1.2136155366897583
2015-01-24 17:00:00,1.1535433530807495
2015-01-24 18:00:00,1.1073858737945557
2015-01-24 19:00:00,1.056575059890747
2015-01-24 20:00:00,0.9653142690658569
2015-01-24 21:00:00,0.9210788756608963
2015-01-24 22:00:00,0.9018330127000809
2015-01-24 23:00:00,0.7683828473091125
2015-01-25 00:00:00,0.6492763757705688
2015-01-25 01:00:00,0.5660908222198486
2015-01-25 02:00:00,0.5016577839851379
2015-01-25 03:00:00,0.9139678031206131
2015-01-25 04:00:00,1.0265843570232391
2015-01-25 05:00:00,1.7784130573272705
2015-01-25 06:00:00,2.051751136779785
2015-01-25 07:00:00,2.3229846954345703
2015-01-25 08:00:00,2.5250608921051025
2015-01-25 09:00:00,2.577035427093506
2015-01-25 10:00:00,2.4061789214611053
2015-01-25 11:00:00,1.8557655811309814
2015-01-25 12:00:00,0.8038945198059082
2015-01-25 13:00:00,0.8197993040084839
2015-01-25 14:00:00,0.7335465736687183
2015-01-25 15:00:00,0.7264671325683594
2015-01-25 16:00:00,0.6946816891431808
2015-01-25 17:00:00,0.5639257356524467
2015-01-25 18:00:00,0.3683290481567383
2015-01-25 19:00:00,0.1491926684975624
2015-01-25 20:00:00,-0.07401865348219872
2015-01-25 21:00:00,-0.2827075123786926
2015-01-25 22:00:00,-0.46238797903060913
2015-01-25 23:00:00,-0.5329823642969131
2015-01-26 00:00:00,-0.5739044025540352
2015-01-26 01:00:00,-0.6112573146820068
2015-01-26 02:00:00,-0.5526218563318253
2015-01-26 03:00:00,-0.6497180461883545
2015-01-26 04:00:00,-0.22188639640808105
2015-01-26 05:00:00,-0.6751270294189453
2015-01-26 06:00:00,-1.0709476172924042
2015-01-26 07:00:00,-1.1046943813562393
2015-01-26 08:00:00,-0.9946279525756836
2015-01-26 09:00:00,-0.7864766120910645
2015-01-26 10:00:00,-0.6241295337677002
2015-01-26 11:00:00,-0.2841455936431885
2015-01-26 12:00:00,0.17121627926826477
2015-01-26 13:00:00,0.4497159719467163
2015-01-26 14:00:00,0.5931604504585266
2015-01-26 15:00:00,0.6905124187469482
2015-01-26 16:00:00,0.81011962890625
2015-01-26 17:00:00,0.9095830917358398
2015-01-26 18:00:00,0.9634243249893188
2015-01-26 19:00:00,0.9633228778839111
2015-01-26 20:00:00,0.904430627822876
2015-01-26 21:00:00,0.8392329216003418
2015-01-26 22:00:00,0.7856937646865845
2015-01-26 23:00:00,0.7576673030853271
2015-01-27 00:00:00,0.7935645580291748
2015-01-27 01:00:00,0.8800971508026123
2015-01-27 02:00:00,1.0611457824707031
2015-01-27 03:00:00,2.3528542518615723
2015-01-27 04:00:00,2.224560260772705
2015-01-27 05:00:00,2.118016242980957
2015-01-27 06:00:00,2.029663622379303
2015-01-27 07:00:00,2.1946301460266113
2015-01-27 08:00:00,2.463416814804077
2015-01-27 09:00:00,2.6504430770874023
2015-01-27 10:00:00,2.687455654144287
2015-01-27 11:00:00,2.457331895828247
2015-01-27 12:00:00,1.1480840295553207
2015-01-27 13:00:00,1.3546290397644043
2015-01-27 14:00:00,1.5542378425598145
2015-01-27 15:00:00,1.66829451918602
2015-01-27 16:00:00,1.6213581562042236
2015-01-27 17:00:00,1.4713963568210602
2015-01-27 18:00:00,1.3404929637908936
2015-01-27 19:00:00,1.301079511642456
2015-01-27 20:00:00,1.3601757287979126
2015-01-27 21:00:00,1.4645490646362305
2015-01-27 22:00:00,1.480350375175476
2015-01-27 23:00:00,1.4718101024627686
2015-01-28 00:00:00,1.3803993463516235
2015-01-28 01:00:00,1.2987500429153442
2015-01-28 02:00:00,1.4843547344207764
2015-01-28 03:00:00,2.648900270462036
2015-01-28 04:00:00,2.469092845916748
2015-01-28 05:00:00,2.664787769317627
2015-01-28 06:00:00,2.134836435317993
2015-01-28 07:00:00,1.9802555441856384
2015-01-28 08:00:00,2.178807020187378
2015-01-28 09:00:00,2.548954486846924
2015-01-28 10:00:00,2.5332417488098145
2015-01-28 11:00:00,2.116262435913086
2015-01-28 12:00:00,0.9760890007019043
2015-01-28 13:00:00,1.1475577354431152
2015-01-28 14:00:00,1.214343547821045
2015-01-28 15:00:00,1.3002830743789673
2015-01-28 16:00:00,1.4515784978866577
2015-01-28 17:00:00,1.553459644317627
2015-01-28 18:00:00,1.5162309408187866
2015-01-28 19:00:00,1.3919024467468262
2015-01-28 20:00:00,1.2358715534210205
2015-01-28 21:00:00,1.1265639066696167
2015-01-28 22:00:00,1.0178043842315674
2015-01-28 23:00:00,0.9901039153337479
2015-01-29 00:00:00,0.9999431669712067
2015-01-29 01:00:00,1.0259838104248047
2015-01-29 02:00:00,1.0117857605218887
2015-01-29 03:00:00,2.18658447265625
2015-01-29 04:00:00,1.952211856842041
2015-01-29 05:00:00,2.4736387729644775
2015-01-29 06:00:00,2.4959945678710938
2015-01-29 07:00:00,2.9236831665039062
2015-01-29 08:00:00,3.3902058601379395
2015-01-29 09:00:00,3.6761858463287354
2015-01-29 10:00:00,3.6297974586486816
2015-01-29 11:00:00,3.0229556560516357
2015-01-29 12:00:00,1.2684392929077148
2015-01-29 13:00:00,1.2687415927648544
2015-01-29 14:00:00,1.308518424630165
2015-01-29 15:00:00,1.3550386279821396
2015-01-29 16:00:00,1.374981164932251
2015-01-29 17:00:00,1.3962490558624268
2015-01-29 18:00:00,1.4396597146987915
2015-01-29 19:00:00,1.5263922214508057
2015-01-29 20:00:00,1.6272120475769043
2015-01-29 21:00:00,1.6819441318511963
2015-01-29 22:00:00,1.5045008659362793
2015-01-29 23:00:00,1.442529320716858
2015-01-30 00:00:00,1.3708404302597046
2015-01-30 01:00:00,1.3659700155258179
2015-01-30 02:00:00,1.5245046615600586
2015-01-30 03:00:00,3.039996385574341
2015-01-30 04:00:00,2.719428539276123
2015-01-30 05:00:00,3.645709991455078
2015-01-30 06:00:00,3.5200641751289368
2015-01-30 07:00:00,3.5579115748405457
2015-01-30 08:00:00,3.852486312389374
2015-01-30 09:00:00,3.8460445404052734
2015-01-30 10:00:00,3.696424961090088
2015-01-30 11:00:00,3.2133750915527344
2015-01-30 12:00:00,1.5138649940490723
2015-01-30 13:00:00,1.6863996982574463
2015-01-30 14:00:00,1.8476662635803223
2015-01-30 15:00:00,2.012316942214966
2015-01-30 16:00:00,2.1059021651744843
2015-01-30 17:00:00,2.079559564590454
2015-01-30 18:00:00,2.046334981918335
2015-01-30 19:00:00,1.9617125988006592
2015-01-30 20:00:00,1.9146173000335693
2015-01-30 21:00:00,1.9480339884757996
2015-01-30 22:00:00,1.8359949588775635
2015-01-30 23:00:00,1.8330395221710205
2015-01-31 00:00:00,1.8410556316375732
2015-01-31 01:00:00,1.7734237909317017
2015-01-31 02:00:00,2.0244744420051575
2015-01-31 03:00:00,3.1401631832122803
2015-01-31 04:00:00,2.779529571533203
2015-01-31 05:00:00,3.40018892288208
2015-01-31 06:00:00,3.7346577644348145
2015-01-31 07:00:00,3.6082372665405273
2015-01-31 08:00:00,3.60872220993042
2015-01-31 09:00:00,3.4939821362495422
2015-01-31 10:00:00,3.295870780944824
2015-01-31 11:00:00,2.270704984664917
2015-01-31 12:00:00,1.2324258089065552
2015-01-31 13:00:00,1.3306937217712402
2015-01-31 14:00:00,1.3040276765823364
2015-01-31 15:00:00,1.2551333904266357
2015-01-31 16:00:00,1.1712148189544678
2015-01-31 17:00:00,1.0748315006494522
2015-01-31 18:00:00,0.9412629678845406
2015-01-31 19:00:00,0.6935529634356499
2015-01-31 20:00:00,0.3252483606338501
2015-01-31 21:00:00,-0.06466895341873169
2015-01-31 22:00:00,-0.3346971273422241
2015-01-31 23:00:00,-0.45965994894504547
2015-02-01 00:00:00,-0.4484514147043228
2015-02-01 01:00:00,-0.29907459020614624
2015-02-01 02:00:00,-0.12795448303222656
2015-02-01 03:00:00,-0.040562212467193604
2015-02-01 04:00:00,-0.05542027950286865
2015-02-01 05:00:00,-0.22907805442810059
2015-02-01 06:00:00,-0.5304493308067322
2015-02-01 07:00:00,-0.6456753760576248
2015-02-01 08:00:00,-0.609995648264885
2015-02-01 09:00:00,-0.5693850070238113
2015-02-01 10:00:00,-0.24464666843414307
2015-02-01 11:00:00,-0.050011731684207916
2015-02-01 12:00:00,-0.014165312051773071
2015-02-01 13:00:00,-0.04634147882461548
2015-02-01 14:00:00,-0.15617025643587112
2015-02-01 15:00:00,-0.319064162671566
2015-02-01 16:00:00,-0.6363339461386204
2015-02-01 17:00:00,-1.0155107900500298
2015-02-01 18:00:00,-1.2503628879785538
2015-02-01 19:00:00,-1.3423237800598145
2015-02-01 20:00:00,-1.2835863828659058
2015-02-01 21:00:00,-1.2865519523620605
2015-02-01 22:00:00,-1.2652286291122437
2015-02-01 23:00:00,-1.263951301574707
2015-02-02 00:00:00,-1.271001935005188
2015-02-02 01:00:00,-1.2547047138214111
2015-02-02 02:00:00,-1.1444021463394165
2015-02-02 03:00:00,-1.9556670188903809
2015-02-02 04:00:00,-1.5879344046115875
2015-02-02 05:00:00,-2.1062514185905457
2015-02-02 06:00:00,-2.339583396911621
2015-02-02 07:00:00,-2.617332696914673
2015-02-02 08:00:00,-2.7356696128845215
2015-02-02 09:00:00,-2.276315927505493
2015-02-02 10:00:00,-1.6164944171905518
2015-02-02 11:00:00,-0.8186773657798767
2015-02-02 12:00:00,-0.8792637586593628
2015-02-02 13:00:00,-1.0726802349090576
2015-02-02 14:00:00,-1.3088479042053223
2015-02-02 15:00:00,-1.6411042213439941
2015-02-02 16:00:00,-1.8473520278930664
2015-02-02 17:00:00,-2.0556581020355225
2015-02-02 18:00:00,-2.2130439281463623
2015-02-02 19:00:00,-2.3518976867198944
2015-02-02 20:00:00,-2.5269277095794678
2015-02-02 21:00:00,-2.69728684425354
2015-02-02 22:00:00,-2.772116184234619
2015-02-02 23:00:00,-2.7140031158924103
2015-02-03 00:00:00,-2.409670799970627
2015-02-03 01:00:00,-2.230086386203766
2015-02-03 02:00:00,-2.2652021050453186
2015-02-03 03:00:00,-2.050546407699585
2015-02-03 04:00:00,-1.9201244711875916
2015-02-03 05:00:00,-1.8625097274780273
2015-02-03 06:00:00,-1.5389504432678223
2015-02-03 07:00:00,-0.5358075648546219
2015-02-03 08:00:00,0.4468810111284256
2015-02-03 09:00:00,1.2114566564559937
2015-02-03 10:00:00,1.8958320617675781
2015-02-03 11:00:00,2.0309106707572937
2015-02-03 12:00:00,1.034348949790001
2015-02-03 13:00:00,1.181607723236084
2015-02-03 14:00:00,1.2799046039581299
2015-02-03 15:00:00,1.3761577606201172
2015-02-03 16:00:00,1.4077153205871582
2015-02-03 17:00:00,1.3936500549316406
2015-02-03 18:00:00,1.376562237739563
2015-02-03 19:00:00,1.3322802782058716
2015-02-03 20:00:00,1.235261082649231
2015-02-03 21:00:00,1.1512764692306519
2015-02-03 22:00:00,1.0725128650665283
2015-02-03 23:00:00,1.08853018283844
2015-02-04 00:00:00,1.1633126735687256
2015-02-04 01:00:00,1.2400701195001602
2015-02-04 02:00:00,1.590167760848999
2015-02-04 03:00:00,2.5111374855041504
2015-02-04 04:00:00,2.3657121658325195
2015-02-04 05:00:00,2.595055103302002
2015-02-04 06:00:00,2.3905603885650635
2015-02-04 07:00:00,2.3784594535827637
2015-02-04 08:00:00,2.455923557281494
2015-02-04 09:00:00,2.5472419261932373
2015-02-04 10:00:00,2.594794988632202
2015-02-04 11:00:00,2.462397575378418
2015-02-04 12:00:00,1.2286288738250732
2015-02-04 13:00:00,1.466322898864746
2015-02-04 14:00:00,1.6052569448947906
2015-02-04 15:00:00,1.6544180810451508
2015-02-04 16:00:00,1.6459739208221436
2015-02-04 17:00:00,1.6241264343261719
2015-02-04 18:00:00,1.6020601987838745
2015-02-04 19:00:00,1.5819281339645386
2015-02-04 20:00:00,1.5770827531814575
2015-02-04 21:00:00,1.6152513027191162
2015-02-04 22:00:00,1.5481483936309814
2015-02-04 23:00:00,1.5602784156799316
2015-02-05 00:00:00,1.5773472785949707
2015-02-05 01:00:00,1.5833637714385986
2015-02-05 02:00:00,1.9631550312042236
2015-02-05 03:00:00,2.871309995651245
2015-02-05 04:00:00,2.4398868083953857
2015-02-05 05:00:00,2.81614351272583
2015-02-05 06:00:00,2.4046135246753693
2015-02-05 07:00:00,2.3259530067443848
2015-02-05 08:00:00,2.363226443529129
2015-02-05 09:00:00,2.3125848472118378
2015-02-05 10:00:00,2.2494740784168243
2015-02-05 11:00:00,2.0347610116004944
2015-02-05 12:00:00,1.1153484582901
2015-02-05 13:00:00,1.3187109231948853
2015-02-05 14:00:00,1.3183931112289429
2015-02-05 15:00:00,1.288748860359192
2015-02-05 16:00:00,1.2543118000030518
2015-02-05 17:00:00,1.2254652976989746
2015-02-05 18:00:00,1.1499390751123428
2015-02-05 19:00:00,1.0537744760513306
2015-02-05 20:00:00,0.9761277437210083
2015-02-05 21:00:00,0.9083151817321777
2015-02-05 22:00:00,0.7836272791028023
2015-02-05 23:00:00,0.6248480081558228
2015-02-06 00:00:00,0.5990808084607124
2015-02-06 01:00:00,0.7599819898605347
2015-02-06 02:00:00,0.8434094190597534
2015-02-06 03:00:00,1.5294312238693237
2015-02-06 04:00:00,1.247092843055725
2015-02-06 05:00:00,1.139164224267006
2015-02-06 06:00:00,0.9269885718822479
2015-02-06 07:00:00,0.9440029859542847
2015-02-06 08:00:00,0.9811563789844513
2015-02-06 09:00:00,0.9337162971496582
2015-02-06 10:00:00,1.050498127937317
2015-02-06 11:00:00,1.001692771911621
2015-02-06 12:00:00,0.5694417655467987
2015-02-06 13:00:00,0.5291990786790848
2015-02-06 14:00:00,0.29347653687000275
2015-02-06 15:00:00,-0.07582716643810272
2015-02-06 16:00:00,-0.3786802738904953
2015-02-06 17:00:00,-0.5475222617387772
2015-02-06 18:00:00,-0.6259368658065796
2015-02-06 19:00:00,-0.6928138732910156
2015-02-06 20:00:00,-0.7646133899688721
2015-02-06 21:00:00,-0.8013647049665451
2015-02-06 22:00:00,-0.8427241295576096
2015-02-06 23:00:00,-0.8619594573974609
2015-02-07 00:00:00,-0.8923093974590302
2015-02-07 01:00:00,-0.9445512294769287
2015-02-07 02:00:00,-0.8865176439285278
2015-02-07 03:00:00,-1.246714472770691
2015-02-07 04:00:00,-0.49540579319000244
2015-02-07 05:00:00,-0.0471959114074707
2015-02-07 06:00:00,0.4629237651824951
2015-02-07 07:00:00,0.7535468339920044
2015-02-07 08:00:00,0.9667359590530396
2015-02-07 09:00:00,1.101259469985962
2015-02-07 10:00:00,1.044310212135315
2015-02-07 11:00:00,0.9161916971206665
2015-02-07 12:00:00,0.4397578239440918
2015-02-07 13:00:00,0.2552272081375122
2015-02-07 14:00:00,-0.017284631729125977
2015-02-07 15:00:00,-0.2390284538269043
2015-02-07 16:00:00,-0.38219356536865234
2015-02-07 17:00:00,-0.5075283050537109
2015-02-07 18:00:00,-0.6269661784172058
2015-02-07 19:00:00,-0.6953083276748657
2015-02-07 20:00:00,-0.681309700012207
2015-02-07 21:00:00,-0.643464982509613
2015-02-07 22:00:00,-0.5508316159248352
2015-02-07 23:00:00,-0.4055277705192566
2015-02-08 00:00:00,-0.20758187770843506
2015-02-08 01:00:00,0.02907407283782959
2015-02-08 02:00:00,0.2723008170723915
2015-02-08 03:00:00,1.035621628165245
2015-02-08 04:00:00,1.271344780921936
2015-02-08 05:00:00,1.887636885046959
2015-02-08 06:00:00,1.9418039321899414
2015-02-08 07:00:00,1.905751645565033
2015-02-08 08:00:00,1.9463341236114502
2015-02-08 09:00:00,1.9952359199523926
2015-02-08 10:00:00,2.0213207602500916
2015-02-08 11:00:00,1.902614027261734
2015-02-08 12:00:00,0.8463736027479172
2015-02-08 13:00:00,0.9757965803146362
2015-02-08 14:00:00,1.0300209820270538
2015-02-08 15:00:00,1.0589271783828735
2015-02-08 16:00:00,1.050817847251892
2015-02-08 17:00:00,1.0287728011608124
2015-02-08 18:00:00,1.0087182521820068
2015-02-08 19:00:00,0.9769528210163116
2015-02-08 20:00:00,0.9321753978729248
2015-02-08 21:00:00,0.8757903575897217
2015-02-08 22:00:00,0.7018571496009827
2015-02-08 23:00:00,0.6269490718841553
2015-02-09 00:00:00,0.6208367943763733
2015-02-09 01:00:00,0.6825581789016724
2015-02-09 02:00:00,0.7461165189743042
2015-02-09 03:00:00,1.7629034519195557
2015-02-09 04:00:00,1.665343165397644
2015-02-09 05:00:00,1.8589155673980713
2015-02-09 06:00:00,2.0115480422973633
2015-02-09 07:00:00,2.20239520072937
2015-02-09 08:00:00,2.346332550048828
2015-02-09 09:00:00,2.41633602976799
2015-02-09 10:00:00,2.484443426132202
2015-02-09 11:00:00,2.398139238357544
2015-02-09 12:00:00,1.0548386722803116
2015-02-09 13:00:00,1.2047710418701172
2015-02-09 14:00:00,1.2202117592096329
2015-02-09 15:00:00,1.202453374862671
2015-02-09 16:00:00,1.1708439588546753
2015-02-09 17:00:00,1.139228567481041
2015-02-09 18:00:00,1.1214773803949356
2015-02-09 19:00:00,1.108465924859047
2015-02-09 20:00:00,1.0996365547180176
2015-02-09 21:00:00,1.098603367805481
2015-02-09 22:00:00,1.0104871988296509
2015-02-09 23:00:00,0.94585120677948
2015-02-10 00:00:00,0.9213035553693771
2015-02-10 01:00:00,0.9528186768293381
2015-02-10 02:00:00,0.9394495487213135
2015-02-10 03:00:00,2.0136003494262695
2015-02-10 04:00:00,1.8189215660095215
2015-02-10 05:00:00,2.818575143814087
2015-02-10 06:00:00,2.998753070831299
2015-02-10 07:00:00,3.0884768962860107
2015-02-10 08:00:00,3.1455366611480713
2015-02-10 09:00:00,3.1347310543060303
2015-02-10 10:00:00,3.0631906986236572
2015-02-10 11:00:00,2.7683873176574707
2015-02-10 12:00:00,1.1123334020376205
2015-02-10 13:00:00,1.1573142856359482
2015-02-10 14:00:00,1.1031438112258911
2015-02-10 15:00:00,1.0438481867313385
2015-02-10 16:00:00,1.0093543529510498
2015-02-10 17:00:00,1.0143468379974365
2015-02-10 18:00:00,1.043794870376587
2015-02-10 19:00:00,1.0629807710647583
2015-02-10 20:00:00,1.0509002208709717
2015-02-10 21:00:00,1.0343618392944336
2015-02-10 22:00:00,0.9844152927398682
2015-02-10 23:00:00,1.0119473487138748
2015-02-11 00:00:00,1.0736656188964844
2015-02-11 01:00:00,1.1246505975723267
2015-02-11 02:00:00,0.9902404546737671
2015-02-11 03:00:00,2.0804927349090576
2015-02-11 04:00:00,1.6161751747131348
2015-02-11 05:00:00,2.2988600730895996
2015-02-11 06:00:00,2.08595272898674
2015-02-11 07:00:00,1.9811604022979736
2015-02-11 08:00:00,1.9509273171424866
2015-02-11 09:00:00,1.903416931629181
2015-02-11 10:00:00,1.8340654373168945
2015-02-11 11:00:00,1.6395186185836792
2015-02-11 12:00:00,0.7948728799819946
2015-02-11 13:00:00,1.0145092010498047
2015-02-11 14:00:00,1.0196232795715332
2015-02-11 15:00:00,1.0301837623119354
2015-02-11 16:00:00,1.079563856124878
2015-02-11 17:00:00,1.1216184943914413
2015-02-11 18:00:00,1.132340908050537
2015-02-11 19:00:00,1.1164895296096802
2015-02-11 20:00:00,1.1089975833892822
2015-02-11 21:00:00,1.1423132419586182
2015-02-11 22:00:00,1.1254044771194458
2015-02-11 23:00:00,1.120446801185608
2015-02-12 00:00:00,1.10514235496521
2015-02-12 01:00:00,1.0872589349746704
2015-02-12 02:00:00,1.0518531799316406
2015-02-12 03:00:00,2.39829421043396
2015-02-12 04:00:00,2.2049808502197266
2015-02-12 05:00:00,2.6825919151306152
2015-02-12 06:00:00,2.372798204421997
2015-02-12 07:00:00,2.023836076259613
2015-02-12 08:00:00,1.7812809944152832
2015-02-12 09:00:00,1.7034034729003906
2015-02-12 10:00:00,1.878453016281128
2015-02-12 11:00:00,1.8268818855285645
2015-02-12 12:00:00,1.0621154010295868
2015-02-12 13:00:00,1.341043472290039
2015-02-12 14:00:00,1.3970746994018555
2015-02-12 15:00:00,1.4310551881790161
2015-02-12 16:00:00,1.48539137840271
2015-02-12 17:00:00,1.502267599105835
2015-02-12 18:00:00,1.544126033782959
2015-02-12 19:00:00,1.5912469625473022
2015-02-12 20:00:00,1.7373859882354736
2015-02-12 21:00:00,1.9434924125671387
2015-02-12 22:00:00,1.9572891294956207
2015-02-12 23:00:00,1.8749989569187164
2015-02-13 00:00:00,1.7139226198196411
2015-02-13 01:00:00,1.601456642150879
2015-02-13 02:00:00,1.6776819229125977
2015-02-13 03:00:00,2.9917538166046143
2015-02-13 04:00:00,2.4061689376831055
2015-02-13 05:00:00,3.6089553833007812
2015-02-13 06:00:00,3.71755313873291
2015-02-13 07:00:00,3.6906046867370605
2015-02-13 08:00:00,3.547293186187744
2015-02-13 09:00:00,3.2728800773620605
2015-02-13 10:00:00,3.079113483428955
2015-02-13 11:00:00,2.5385422706604004
2015-02-13 12:00:00,0.9882925748825073
2015-02-13 13:00:00,1.1615569591522217
2015-02-13 14:00:00,1.1933627128601074
2015-02-13 15:00:00,1.2128260135650635
2015-02-13 16:00:00,1.2117221355438232
2015-02-13 17:00:00,1.1438308954238892
2015-02-13 18:00:00,1.0343655347824097
2015-02-13 19:00:00,0.9353897571563721
2015-02-13 20:00:00,0.9779436588287354
2015-02-13 21:00:00,1.1276867389678955
2015-02-13 22:00:00,1.0943728685379028
2015-02-13 23:00:00,1.0668755769729614
2015-02-14 00:00:00,1.06119704246521
2015-02-14 01:00:00,1.0883792638778687
2015-02-14 02:00:00,0.9671911001205444
2015-02-14 03:00:00,1.7915426194667816
2015-02-14 04:00:00,1.063207745552063
2015-02-14 05:00:00,0.9121373891830444
2015-02-14 06:00:00,0.7427306175231934
2015-02-14 07:00:00,0.9116426706314087
2015-02-14 08:00:00,1.2735481560230255
2015-02-14 09:00:00,1.684899091720581
2015-02-14 10:00:00,2.291633367538452
2015-02-14 11:00:00,1.8235478401184082
2015-02-14 12:00:00,1.117410659790039
2015-02-14 13:00:00,1.2880117893218994
2015-02-14 14:00:00,1.2561745643615723
2015-02-14 15:00:00,1.2410595417022705
2015-02-14 16:00:00,1.2290010452270508
2015-02-14 17:00:00,1.2110674381256104
2015-02-14 18:00:00,1.1932283639907837
2015-02-14 19:00:00,1.1400268077850342
2015-02-14 20:00:00,1.0607898384332657
2015-02-14 21:00:00,1.002884864807129
2015-02-14 22:00:00,0.9266524314880371
2015-02-14 23:00:00,0.794806957244873
2015-02-15 00:00:00,0.66471266746521
2015-02-15 01:00:00,0.5179910026490688
2015-02-15 02:00:00,0.19011718034744263
2015-02-15 03:00:00,-0.2693150117993355
2015-02-15 04:00:00,-0.006219252943992615
2015-02-15 05:00:00,1.1807360649108887
2015-02-15 06:00:00,1.6717896461486816
2015-02-15 07:00:00,1.7612411975860596
2015-02-15 08:00:00,1.9952668249607086
2015-02-15 09:00:00,1.9701022505760193
2015-02-15 10:00:00,1.6861664354801178
2015-02-15 11:00:00,1.0256081819534302
2015-02-15 12:00:00,0.8587667942047119
2015-02-15 13:00:00,0.8175184354186058
2015-02-15 14:00:00,0.5072153806686401
2015-02-15 15:00:00,0.0399862639605999
2015-02-15 16:00:00,-0.2781437039375305
2015-02-15 17:00:00,-0.47301703691482544
2015-02-15 18:00:00,-0.5379815101623535
2015-02-15 19:00:00,-0.4427362456917763
2015-02-15 20:00:00,-0.18454264476895332
2015-02-15 21:00:00,-0.06020429730415344
2015-02-15 22:00:00,-0.11609669774770737
2015-02-15 23:00:00,-0.199884919449687
2015-02-16 00:00:00,-0.2659645080566406
2015-02-16 01:00:00,-0.3945675790309906
2015-02-16 02:00:00,-0.5236265808343887
2015-02-16 03:00:00,-1.295089602470398
2015-02-16 04:00:00,-1.4855120182037354
2015-02-16 05:00:00,-1.8514623641967773
2015-02-16 06:00:00,-1.972109317779541
2015-02-16 07:00:00,-1.9063340425491333
2015-02-16 08:00:00,-1.7461307048797607
2015-02-16 09:00:00,-1.6482815742492676
2015-02-16 10:00:00,-1.3470885753631592
2015-02-16 11:00:00,-0.9018143340945244
2015-02-16 12:00:00,-0.7084444761276245
2015-02-16 13:00:00,-1.0878319442272186
2015-02-16 14:00:00,-1.3209450244903564
2015-02-16 15:00:00,-1.49453866481781
2015-02-16 16:00:00,-1.6254695653915405
2015-02-16 17:00:00,-1.5829540491104126
2015-02-16 18:00:00,-1.586881399154663
2015-02-16 19:00:00,-1.6259971857070923
2015-02-16 20:00:00,-1.5996429920196533
2015-02-16 21:00:00,-1.5325241088867188
2015-02-16 22:00:00,-1.3818596601486206
2015-02-16 23:00:00,-1.2369931936264038
2015-02-17 00:00:00,-1.0587067604064941
2015-02-17 01:00:00,-0.915091872215271
2015-02-17 02:00:00,-0.7060934901237488
2015-02-17 03:00:00,-1.179929256439209
2015-02-17 04:00:00,-0.7503724098205566
2015-02-17 05:00:00,-0.8208989650011063
2015-02-17 06:00:00,-0.9136023968458176
2015-02-17 07:00:00,-0.8864080458879471
2015-02-17 08:00:00,-0.7483191043138504
2015-02-17 09:00:00,-0.5187795758247375
2015-02-17 10:00:00,-0.27374520152807236
2015-02-17 11:00:00,-0.05649900436401367
2015-02-17 12:00:00,0.0789448618888855
2015-02-17 13:00:00,0.11194705963134766
2015-02-17 14:00:00,0.056449174880981445
2015-02-17 15:00:00,0.10270054638385773
2015-02-17 16:00:00,0.3720250129699707
2015-02-17 17:00:00,0.554876446723938
2015-02-17 18:00:00,0.7107071429491043
2015-02-17 19:00:00,0.7183038592338562
2015-02-17 20:00:00,0.6112177968025208
2015-02-17 21:00:00,0.47194308042526245
2015-02-17 22:00:00,0.2621952295303345
2015-02-17 23:00:00,0.0786864161491394
2015-02-18 00:00:00,-0.03869655728340149
2015-02-18 01:00:00,-0.06211543083190918
2015-02-18 02:00:00,-0.011778462678194046
2015-02-18 03:00:00,0.12933200597763062
2015-02-18 04:00:00,0.1949162483215332
2015-02-18 05:00:00,-0.0653323233127594
2015-02-18 06:00:00,-0.10012942552566528
2015-02-18 07:00:00,0.09867781400680542
2015-02-18 08:00:00,0.525668129324913
2015-02-18 09:00:00,0.9797365665435791
2015-02-18 10:00:00,1.2896683067083359
2015-02-18 11:00:00,1.1132307052612305
2015-02-18 12:00:00,0.30814970284700394
2015-02-18 13:00:00,-0.11545687541365623
2015-02-18 14:00:00,-0.10578084737062454
2015-02-18 15:00:00,0.180519700050354
2015-02-18 16:00:00,0.25078094005584717
2015-02-18 17:00:00,0.07470911741256714
2015-02-18 18:00:00,-0.1546381711959839
2015-02-18 19:00:00,-0.20757939666509628
2015-02-18 20:00:00,-0.2660963535308838
2015-02-18 21:00:00,-0.37363773584365845
2015-02-18 22:00:00,-0.48328644037246704
2015-02-18 23:00:00,-0.6500962376594543
2015-02-19 00:00:00,-0.6879577040672302
2015-02-19 01:00:00,-0.697273313999176
2015-02-19 02:00:00,-0.5333300828933716
2015-02-19 03:00:00,-0.9023492336273193
2015-02-19 04:00:00,-0.7984271496534348
2015-02-19 05:00:00,-0.8645366430282593
2015-02-19 06:00:00,-0.922993540763855
2015-02-19 07:00:00,-0.9773534536361694
2015-02-19 08:00:00,-0.8912200927734375
2015-02-19 09:00:00,-0.7315389066934586
2015-02-19 10:00:00,-0.5446062404662371
2015-02-19 11:00:00,-0.44164907466620207
2015-02-19 12:00:00,-0.4707158776000142
2015-02-19 13:00:00,-0.8002354204654694
2015-02-19 14:00:00,-1.0098304748535156
2015-02-19 15:00:00,-1.121077537536621
2015-02-19 16:00:00,-1.1492236852645874
2015-02-19 17:00:00,-1.1539970636367798
2015-02-19 18:00:00,-1.120664343237877
2015-02-19 19:00:00,-1.0582493543624878
2015-02-19 20:00:00,-0.9988280534744263
2015-02-19 21:00:00,-0.9086260199546814
2015-02-19 22:00:00,-0.8535706996917725
2015-02-19 23:00:00,-0.7788194417953491
2015-02-20 00:00:00,-0.7396187782287598
2015-02-20 01:00:00,-0.752814769744873
2015-02-20 02:00:00,-0.8386466950178146
2015-02-20 03:00:00,-1.698563575744629
2015-02-20 04:00:00,-1.3169174194335938
2015-02-20 05:00:00,-1.2061594724655151
2015-02-20 06:00:00,-0.49670904874801636
2015-02-20 07:00:00,0.05219331383705139
2015-02-20 08:00:00,0.395811066031456
2015-02-20 09:00:00,0.5298923179507256
2015-02-20 10:00:00,0.23985692858695984
2015-02-20 11:00:00,-0.10870525054633617
2015-02-20 12:00:00,-0.5514611378312111
2015-02-20 13:00:00,-1.0107355564832687
2015-02-20 14:00:00,-1.1833289861679077
2015-02-20 15:00:00,-1.24429452419281
2015-02-20 16:00:00,-1.1891416311264038
2015-02-20 17:00:00,-1.1337028741836548
2015-02-20 18:00:00,-1.0891021490097046
2015-02-20 19:00:00,-1.037728637456894
2015-02-20 20:00:00,-0.9584165513515472
2015-02-20 21:00:00,-0.783277228474617
2015-02-20 22:00:00,-0.6004303693771362
2015-02-20 23:00:00,-0.2970782518386841
2015-02-21 00:00:00,0.10710787773132324
2015-02-21 01:00:00,0.4025399684906006
2015-02-21 02:00:00,0.5115967988967896
2015-02-21 03:00:00,1.3651124238967896
2015-02-21 04:00:00,1.5875544548034668
2015-02-21 05:00:00,1.9140223860740662
2015-02-21 06:00:00,1.8148202002048492
2015-02-21 07:00:00,2.3561575412750244
2015-02-21 08:00:00,2.90303635597229
2015-02-21 09:00:00,3.321622669696808
2015-02-21 10:00:00,3.627861499786377
2015-02-21 11:00:00,3.547921657562256
2015-02-21 12:00:00,1.9812231063842773
2015-02-21 13:00:00,1.6280734539031982
2015-02-21 14:00:00,1.894773006439209
2015-02-21 15:00:00,2.268996477127075
2015-02-21 16:00:00,2.4752542972564697
2015-02-21 17:00:00,2.3931448459625244
2015-02-21 18:00:00,2.342944860458374
2015-02-21 19:00:00,2.4052062034606934
2015-02-21 20:00:00,2.5283501148223877
2015-02-21 21:00:00,2.736574411392212
2015-02-21 22:00:00,2.631727695465088
2015-02-21 23:00:00,2.513235569000244
2015-02-22 00:00:00,2.300969123840332
2015-02-22 01:00:00,2.063737630844116
2015-02-22 02:00:00,2.8085007667541504
2015-02-22 03:00:00,2.843000650405884
2015-02-22 04:00:00,3.5252139568328857
2015-02-22 05:00:00,4.209176540374756
2015-02-22 06:00:00,4.26983505487442
2015-02-22 07:00:00,4.169487953186035
2015-02-22 08:00:00,3.983552932739258
2015-02-22 09:00:00,3.7543091773986816
2015-02-22 10:00:00,3.784238815307617
2015-02-22 11:00:00,3.5450549125671387
2015-02-22 12:00:00,1.5222300291061401
2015-02-22 13:00:00,1.5536481142044067
2015-02-22 14:00:00,1.7160824537277222
2015-02-22 15:00:00,1.6093226671218872
2015-02-22 16:00:00,1.4981615543365479
2015-02-22 17:00:00,1.4696664810180664
2015-02-22 18:00:00,1.4544405937194824
2015-02-22 19:00:00,1.3087806701660156
2015-02-22 20:00:00,1.1669921725988388
2015-02-22 21:00:00,1.0533039569854736
2015-02-22 22:00:00,0.897790789604187
2015-02-22 23:00:00,0.7727057337760925
2015-02-23 00:00:00,0.745644748210907
2015-02-23 01:00:00,0.8314797878265381
2015-02-23 02:00:00,0.7093452215194702
2015-02-23 03:00:00,1.384888768196106
2015-02-23 04:00:00,0.994243860244751
2015-02-23 05:00:00,1.6849215030670166
2015-02-23 06:00:00,1.76493239402771
2015-02-23 07:00:00,1.662203073501587
2015-02-23 08:00:00,1.6799058020114899
2015-02-23 09:00:00,1.4543938636779785
2015-02-23 10:00:00,1.3561865091323853
2015-02-23 11:00:00,0.7203631401062012
2015-02-23 12:00:00,0.47813766822218895
2015-02-23 13:00:00,0.42267774045467377
2015-02-23 14:00:00,0.3491618186235428
2015-02-23 15:00:00,0.2983769178390503
2015-02-23 16:00:00,0.3123109042644501
2015-02-23 17:00:00,0.3710179626941681
2015-02-23 18:00:00,0.33634960651397705
2015-02-23 19:00:00,0.3293607085943222
2015-02-23 20:00:00,0.2709040641784668
2015-02-23 21:00:00,0.1976381540298462
2015-02-23 22:00:00,0.05169457197189331
2015-02-23 23:00:00,-0.15858298540115356
2015-02-24 00:00:00,-0.27930331230163574
2015-02-24 01:00:00,-0.21576327085494995
2015-02-24 02:00:00,-0.11488080024719238
2015-02-24 03:00:00,-0.12434190511703491
2015-02-24 04:00:00,-0.10795086622238159
2015-02-24 05:00:00,-0.2166016697883606
2015-02-24 06:00:00,-0.04956412315368652
2015-02-24 07:00:00,-0.025301218032836914
2015-02-24 08:00:00,0.00395280122756958
2015-02-24 09:00:00,0.15166795253753662
2015-02-24 10:00:00,0.5369216203689575
2015-02-24 11:00:00,0.15989726781845093
2015-02-24 12:00:00,-0.0060353875160217285
2015-02-24 13:00:00,-0.5457987189292908
2015-02-24 14:00:00,-0.717785120010376
2015-02-24 15:00:00,-0.6179623603820801
2015-02-24 16:00:00,-0.769568920135498
2015-02-24 17:00:00,-0.9173423051834106
2015-02-24 18:00:00,-1.0413676500320435
2015-02-24 19:00:00,-1.119316577911377
2015-02-24 20:00:00,-1.2152798175811768
2015-02-24 21:00:00,-1.2138341665267944
2015-02-24 22:00:00,-1.266444444656372
2015-02-24 23:00:00,-1.2594599723815918
2015-02-25 00:00:00,-1.2114713191986084
2015-02-25 01:00:00,-1.0827198177576065
2015-02-25 02:00:00,-0.8699458837509155
2015-02-25 03:00:00,-0.8329734206199646
2015-02-25 04:00:00,-0.5527123808860779
2015-02-25 05:00:00,-0.5439225286245346
2015-02-25 06:00:00,-1.1982805728912354
2015-02-25 07:00:00,-1.4222005903720856
2015-02-25 08:00:00,-1.33208467066288
2015-02-25 09:00:00,-0.7723087333142757
2015-02-25 10:00:00,0.30431966483592987
2015-02-25 11:00:00,1.2232986390590668
2015-02-25 12:00:00,1.1615767516195774
2015-02-25 13:00:00,1.737189993262291
2015-02-25 14:00:00,2.5606694519519806
2015-02-25 15:00:00,3.298698902130127
2015-02-25 16:00:00,2.7604737281799316
2015-02-25 17:00:00,2.024570882320404
2015-02-25 18:00:00,1.5649455785751343
2015-02-25 19:00:00,1.412931203842163
2015-02-25 20:00:00,1.3348288536071777
2015-02-25 21:00:00,1.2968881130218506
2015-02-25 22:00:00,1.1830296516418457
2015-02-25 23:00:00,1.0914151668548584
2015-02-26 00:00:00,1.02461838722229
2015-02-26 01:00:00,0.9914819002151489
2015-02-26 02:00:00,0.965147852897644
2015-02-26 03:00:00,1.8196505308151245
2015-02-26 04:00:00,1.3417619466781616
2015-02-26 05:00:00,1.0902442932128906
2015-02-26 06:00:00,1.060887336730957
2015-02-26 07:00:00,1.3967777490615845
2015-02-26 08:00:00,1.8234691619873047
2015-02-26 09:00:00,2.235849618911743
2015-02-26 10:00:00,2.5260872840881348
2015-02-26 11:00:00,2.480501413345337
2015-02-26 12:00:00,0.9471116065979004
2015-02-26 13:00:00,1.2240519523620605
2015-02-26 14:00:00,1.1344275623559952
2015-02-26 15:00:00,1.029119998216629
2015-02-26 16:00:00,0.9336621761322021
2015-02-26 17:00:00,0.8151240944862366
2015-02-26 18:00:00,0.6704744100570679
2015-02-26 19:00:00,0.539562463760376
2015-02-26 20:00:00,0.41167575120925903
2015-02-26 21:00:00,0.30437880754470825
2015-02-26 22:00:00,0.30851852893829346
2015-02-26 23:00:00,0.33864641189575195
2015-02-27 00:00:00,0.40702593326568604
2015-02-27 01:00:00,0.4867197126150131
2015-02-27 02:00:00,0.45317745208740234
2015-02-27 03:00:00,0.9756006002426147
2015-02-27 04:00:00,0.729321762919426
2015-02-27 05:00:00,0.9025966823101044
2015-02-27 06:00:00,0.9325267970561981
2015-02-27 07:00:00,1.1234480142593384
2015-02-27 08:00:00,1.2582699060440063
2015-02-27 09:00:00,1.365354284644127
2015-02-27 10:00:00,1.4344709813594818
2015-02-27 11:00:00,1.4186743795871735
2015-02-27 12:00:00,0.6163979768753052
2015-02-27 13:00:00,0.7197537831962109
2015-02-27 14:00:00,0.6273171473294497
2015-02-27 15:00:00,0.47934019193053246
2015-02-27 16:00:00,0.3478353023529053
2015-02-27 17:00:00,0.20616644620895386
2015-02-27 18:00:00,0.0800139307975769
2015-02-27 19:00:00,-0.023971855640411377
2015-02-27 20:00:00,-0.10953652858734131
2015-02-27 21:00:00,-0.15589749813079834
2015-02-27 22:00:00,-0.12784594297409058
2015-02-27 23:00:00,-0.12029868364334106
2015-02-28 00:00:00,-0.10725849866867065
2015-02-28 01:00:00,-0.02952885627746582
2015-02-28 02:00:00,0.13613760471343994
2015-02-28 03:00:00,0.6363285779953003
2015-02-28 04:00:00,0.3121063709259033
2015-02-28 05:00:00,-0.17523717880249023
2015-02-28 06:00:00,-0.7311228513717651
2015-02-28 07:00:00,-1.0766143500804901
2015-02-28 08:00:00,-1.2333245277404785
2015-02-28 09:00:00,-1.278480514883995
2015-02-28 10:00:00,-1.1303482353687286
2015-02-28 11:00:00,-0.9716019183397293
2015-02-28 12:00:00,-0.0741729736328125
2015-02-28 13:00:00,0.2927883267402649
2015-02-28 14:00:00,0.29593653976917267
2015-02-28 15:00:00,0.11748409271240234
2015-02-28 16:00:00,0.33827364444732666
2015-02-28 17:00:00,0.8757578879594803
2015-02-28 18:00:00,0.6828627586364746
2015-02-28 19:00:00,0.037437260150909424
2015-02-28 20:00:00,-0.7521677315235138
2015-02-28 21:00:00,-1.6371731758117676
2015-02-28 22:00:00,-1.740555763244629
2015-02-28 23:00:00,-1.957174301147461
2015-03-01 00:00:00,-2.1477761268615723
2015-03-01 01:00:00,-2.412144899368286
2015-03-01 02:00:00,-3.1528985500335693
2015-03-01 03:00:00,-3.1843416690826416
2015-03-01 04:00:00,-4.462278366088867
2015-03-01 05:00:00,-4.850316047668457
2015-03-01 06:00:00,-4.633537769317627
2015-03-01 07:00:00,-4.488958358764648
2015-03-01 08:00:00,-4.307369232177734
2015-03-01 09:00:00,-4.062087059020996
2015-03-01 10:00:00,-3.646409034729004
2015-03-01 11:00:00,-3.4759106636047363
2015-03-01 12:00:00,-3.2789900302886963
2015-03-01 13:00:00,-3.6638121604919434
2015-03-01 14:00:00,-4.04798698425293
2015-03-01 15:00:00,-4.091928482055664
2015-03-01 16:00:00,-3.988964080810547
2015-03-01 17:00:00,-3.880014419555664
2015-03-01 18:00:00,-3.8976449966430664
2015-03-01 19:00:00,-3.635921001434326
2015-03-01 20:00:00,-3.6340627670288086
2015-03-01 21:00:00,-3.2965898513793945
2015-03-01 22:00:00,-2.8479862213134766
2015-03-01 23:00:00,-2.305661201477051
2015-03-02 00:00:00,-1.7460362911224365
2015-03-02 01:00:00,-1.2062773406505585
2015-03-02 02:00:00,-1.4017603397369385
2015-03-02 03:00:00,-1.3630406856536865
2015-03-02 04:00:00,-1.3420487642288208
2015-03-02 05:00:00,-1.6554975509643555
2015-03-02 06:00:00,-1.7246059477329254
2015-03-02 07:00:00,-1.3752427101135254
2015-03-02 08:00:00,-0.855776309967041
2015-03-02 09:00:00,-0.4434712305665016
2015-03-02 10:00:00,-0.1569528877735138
2015-03-02 11:00:00,0.2671506404876709
2015-03-02 12:00:00,0.4355139136314392
2015-03-02 13:00:00,0.7206002473831177
2015-03-02 14:00:00,0.8667220622301102
2015-03-02 15:00:00,1.1149161159992218
2015-03-02 16:00:00,1.0915604829788208
2015-03-02 17:00:00,0.7524940967559814
2015-03-02 18:00:00,0.33451515436172485
2015-03-02 19:00:00,-0.08979284763336182
2015-03-02 20:00:00,-0.31570953130722046
2015-03-02 21:00:00,-0.37238429486751556
2015-03-02 22:00:00,-0.3394933268427849
2015-03-02 23:00:00,-0.23202942125499249
2015-03-03 00:00:00,-0.06484651565551758
2015-03-03 01:00:00,0.18161970376968384
2015-03-03 02:00:00,0.3006586804986
2015-03-03 03:00:00,0.9972648620605469
2015-03-03 04:00:00,1.3996655941009521
2015-03-03 05:00:00,1.725888729095459
2015-03-03 06:00:00,1.7114994525909424
2015-03-03 07:00:00,1.6876795291900635
2015-03-03 08:00:00,1.6268821954727173
2015-03-03 09:00:00,1.5443472862243652
2015-03-03 10:00:00,1.8693856596946716
2015-03-03 11:00:00,1.9879624843597412
2015-03-03 12:00:00,1.051446557044983
2015-03-03 13:00:00,1.0384210348129272
2015-03-03 14:00:00,1.1108027696609497
2015-03-03 15:00:00,1.1719992011785507
2015-03-03 16:00:00,1.2250912189483643
2015-03-03 17:00:00,1.2492988109588623
2015-03-03 18:00:00,1.2477957010269165
2015-03-03 19:00:00,1.206544280052185
2015-03-03 20:00:00,1.1546281576156616
2015-03-03 21:00:00,1.114046335220337
2015-03-03 22:00:00,0.9957033395767212
2015-03-03 23:00:00,0.9872413873672485
2015-03-04 00:00:00,1.0331273078918457
2015-03-04 01:00:00,1.0922033786773682
2015-03-04 02:00:00,1.322669506072998
2015-03-04 03:00:00,2.2139298915863037
2015-03-04 04:00:00,2.7284107208251953
2015-03-04 05:00:00,2.832559585571289
2015-03-04 06:00:00,2.856797933578491
2015-03-04 07:00:00,2.8624720573425293
2015-03-04 08:00:00,2.9799468517303467
2015-03-04 09:00:00,3.056215286254883
2015-03-04 10:00:00,2.9066689014434814
2015-03-04 11:00:00,2.6572751998901367
2015-03-04 12:00:00,1.0931872129440308
2015-03-04 13:00:00,1.0956441164016724
2015-03-04 14:00:00,1.122880220413208
2015-03-04 15:00:00,1.1277823448181152
2015-03-04 16:00:00,1.137507438659668
2015-03-04 17:00:00,1.131188154220581
2015-03-04 18:00:00,1.1082682609558105
2015-03-04 19:00:00,1.0792864561080933
2015-03-04 20:00:00,1.0312148332595825
2015-03-04 21:00:00,0.9733420610427856
2015-03-04 22:00:00,0.9168930053710938
2015-03-04 23:00:00,0.8194572925567627
2015-03-05 00:00:00,0.7220025062561035
2015-03-05 01:00:00,0.668472170829773
2015-03-05 02:00:00,0.5178090333938599
2015-03-05 03:00:00,0.8933254480361938
2015-03-05 04:00:00,0.8128796815872192
2015-03-05 05:00:00,0.9062165021896362
2015-03-05 06:00:00,1.2342521846294403
2015-03-05 07:00:00,1.730694055557251
2015-03-05 08:00:00,2.081545114517212
2015-03-05 09:00:00,2.2935700714588165
2015-03-05 10:00:00,2.2902736365795135
2015-03-05 11:00:00,2.001520097255707
2015-03-05 12:00:00,0.7274344563484192
2015-03-05 13:00:00,0.9336030185222626
2015-03-05 14:00:00,0.781516782939434
2015-03-05 15:00:00,0.6170921623706818
2015-03-05 16:00:00,0.42576445639133453
2015-03-05 17:00:00,0.25717002153396606
2015-03-05 18:00:00,0.11050200462341309
2015-03-05 19:00:00,-0.01671391725540161
2015-03-05 20:00:00,-0.07985126972198486
2015-03-05 21:00:00,-0.10977330058813095
2015-03-05 22:00:00,-0.13446497917175293
2015-03-05 23:00:00,-0.09986907243728638
2015-03-06 00:00:00,0.01457911729812622
2015-03-06 01:00:00,0.2221531867980957
2015-03-06 02:00:00,0.34246110916137695
2015-03-06 03:00:00,1.2771332263946533
2015-03-06 04:00:00,1.318380355834961
2015-03-06 05:00:00,1.9495267868041992
2015-03-06 06:00:00,2.0338850021362305
2015-03-06 07:00:00,2.0818962454795837
2015-03-06 08:00:00,2.1843228340148926
2015-03-06 09:00:00,2.314093589782715
2015-03-06 10:00:00,2.646288186311722
2015-03-06 11:00:00,2.640963554382324
2015-03-06 12:00:00,1.1825202703475952
2015-03-06 13:00:00,0.8859609365463257
2015-03-06 14:00:00,0.7537257224321365
2015-03-06 15:00:00,0.6594804488122463
2015-03-06 16:00:00,0.5856064632534981
2015-03-06 17:00:00,0.5174113661050797
2015-03-06 18:00:00,0.45754529535770416
2015-03-06 19:00:00,0.42073212563991547
2015-03-06 20:00:00,0.41166017949581146
2015-03-06 21:00:00,0.4035966396331787
2015-03-06 22:00:00,0.38780317455530167
2015-03-06 23:00:00,0.41174785047769547
2015-03-07 00:00:00,0.4598381984978914
2015-03-07 01:00:00,0.5110032521188259
2015-03-07 02:00:00,0.3309440240263939
2015-03-07 03:00:00,0.7024220153689384
2015-03-07 04:00:00,0.4711666852235794
2015-03-07 05:00:00,0.7974131107330322
2015-03-07 06:00:00,0.8354997634887695
2015-03-07 07:00:00,0.8345257341861725
2015-03-07 08:00:00,1.0876059532165527
2015-03-07 09:00:00,0.9163281619548798
2015-03-07 10:00:00,1.0042607486248016
2015-03-07 11:00:00,0.6952658295631409
2015-03-07 12:00:00,0.4209187254309654
2015-03-07 13:00:00,0.48537296056747437
2015-03-07 14:00:00,0.10681360960006714
2015-03-07 15:00:00,-0.2681373357772827
2015-03-07 16:00:00,-0.6694868803024292
2015-03-07 17:00:00,-0.802756667137146
2015-03-07 18:00:00,-0.8689980506896973
2015-03-07 19:00:00,-0.8932549357414246
2015-03-07 20:00:00,-0.9227485656738281
2015-03-07 21:00:00,-0.9145573377609253
2015-03-07 22:00:00,-0.8695652931928635
2015-03-07 23:00:00,-0.7678031325340271
2015-03-08 00:00:00,-0.6465504094958305
2015-03-08 01:00:00,-0.50450050085783
2015-03-08 02:00:00,-0.26011940836906433
2015-03-08 03:00:00,-0.4154226928949356
2015-03-08 04:00:00,-0.8817169964313507
2015-03-08 05:00:00,-1.1324539184570312
2015-03-08 06:00:00,-1.4497907161712646
2015-03-08 07:00:00,-1.5912611484527588
2015-03-08 08:00:00,-1.5988459587097168
2015-03-08 09:00:00,-1.6409988403320312
2015-03-08 10:00:00,-1.5657316446304321
2015-03-08 11:00:00,-1.2534615844488144
2015-03-08 12:00:00,-0.37198948860168457
2015-03-08 13:00:00,-0.3120114803314209
2015-03-08 14:00:00,-0.5285863280296326
2015-03-08 15:00:00,-0.6307553648948669
2015-03-08 16:00:00,-0.5355152487754822
2015-03-08 17:00:00,0.0454283207654953
2015-03-08 18:00:00,0.45560601353645325
2015-03-08 19:00:00,1.5665221214294434
2015-03-08 20:00:00,2.059126317501068
2015-03-08 21:00:00,2.4025042057037354
2015-03-08 22:00:00,2.2457165122032166
2015-03-08 23:00:00,1.8375036716461182
2015-03-09 00:00:00,1.5602946281433105
2015-03-09 01:00:00,1.3754595518112183
2015-03-09 02:00:00,1.890557050704956
2015-03-09 03:00:00,1.8142176866531372
2015-03-09 04:00:00,1.9251155257225037
2015-03-09 05:00:00,2.111809730529785
2015-03-09 06:00:00,2.2300872802734375
2015-03-09 07:00:00,2.4315643310546875
2015-03-09 08:00:00,2.6327154636383057
2015-03-09 09:00:00,2.7245736122131348
2015-03-09 10:00:00,2.6802148818969727
2015-03-09 11:00:00,2.465503215789795
2015-03-09 12:00:00,1.391011357307434
2015-03-09 13:00:00,1.001311182975769
2015-03-09 14:00:00,1.0486960411071777
2015-03-09 15:00:00,1.0425876379013062
2015-03-09 16:00:00,1.060739517211914
2015-03-09 17:00:00,1.0760092735290527
2015-03-09 18:00:00,1.079064130783081
2015-03-09 19:00:00,1.1101245880126953
2015-03-09 20:00:00,1.198295846581459
2015-03-09 21:00:00,1.3730790615081787
2015-03-09 22:00:00,1.4708499908447266
2015-03-09 23:00:00,1.6115663051605225
2015-03-10 00:00:00,1.6322412490844727
2015-03-10 01:00:00,1.4812763929367065
2015-03-10 02:00:00,2.3984196186065674
2015-03-10 03:00:00,2.235466718673706
2015-03-10 04:00:00,2.633765697479248
2015-03-10 05:00:00,2.666921615600586
2015-03-10 06:00:00,2.5812628269195557
2015-03-10 07:00:00,2.751537561416626
2015-03-10 08:00:00,2.77659273147583
2015-03-10 09:00:00,2.7142603397369385
2015-03-10 10:00:00,2.51701283454895
2015-03-10 11:00:00,2.208977699279785
2015-03-10 12:00:00,0.8436275124549866
2015-03-10 13:00:00,1.214011549949646
2015-03-10 14:00:00,1.343479871749878
2015-03-10 15:00:00,1.4703037738800049
2015-03-10 16:00:00,1.5078165531158447
2015-03-10 17:00:00,1.4336614608764648
2015-03-10 18:00:00,1.3378496170043945
2015-03-10 19:00:00,1.2591196298599243
2015-03-10 20:00:00,1.1748396158218384
2015-03-10 21:00:00,1.1910444498062134
2015-03-10 22:00:00,1.2736122608184814
2015-03-10 23:00:00,1.3309509754180908
2015-03-11 00:00:00,1.3299387693405151
2015-03-11 01:00:00,1.2837295532226562
2015-03-11 02:00:00,1.4924285411834717
2015-03-11 03:00:00,2.6437857151031494
2015-03-11 04:00:00,2.1224629878997803
2015-03-11 05:00:00,2.4691061973571777
2015-03-11 06:00:00,2.248826503753662
2015-03-11 07:00:00,2.161749839782715
2015-03-11 08:00:00,2.06563663482666
2015-03-11 09:00:00,2.1156845092773438
2015-03-11 10:00:00,2.2520041465759277
2015-03-11 11:00:00,2.0171647667884827
2015-03-11 12:00:00,0.716562807559967
2015-03-11 13:00:00,1.011002779006958
2015-03-11 14:00:00,0.9114729166030884
2015-03-11 15:00:00,0.8210165090858936
2015-03-11 16:00:00,0.7512894794344902
2015-03-11 17:00:00,0.6792938709259033
2015-03-11 18:00:00,0.5940833017230034
2015-03-11 19:00:00,0.5005369139835238
2015-03-11 20:00:00,0.4019478354603052
2015-03-11 21:00:00,0.32296571880578995
2015-03-11 22:00:00,0.2965918779373169
2015-03-11 23:00:00,0.34297192096710205
2015-03-12 00:00:00,0.5011350512504578
2015-03-12 01:00:00,0.8094735145568848
2015-03-12 02:00:00,0.872922420501709
2015-03-12 03:00:00,2.391088515520096
2015-03-12 04:00:00,2.254690170288086
2015-03-12 05:00:00,3.1542036533355713
2015-03-12 06:00:00,3.260085344314575
2015-03-12 07:00:00,3.1726794242858887
2015-03-12 08:00:00,2.8922371864318848
2015-03-12 09:00:00,2.5499170124530792
2015-03-12 10:00:00,2.185519725084305
2015-03-12 11:00:00,1.5715343952178955
2015-03-12 12:00:00,0.5301241278648376
2015-03-12 13:00:00,0.5876455903053284
2015-03-12 14:00:00,0.4388473629951477
2015-03-12 15:00:00,0.256533145904541
2015-03-12 16:00:00,0.1253281831741333
2015-03-12 17:00:00,-0.016190767288208008
2015-03-12 18:00:00,-0.10824835300445557
2015-03-12 19:00:00,-0.15799444913864136
2015-03-12 20:00:00,0.08755290508270264
2015-03-12 21:00:00,0.19499685615301132
2015-03-12 22:00:00,0.2477535679936409
2015-03-12 23:00:00,0.6495050191879272
2015-03-13 00:00:00,0.8458478897809982
2015-03-13 01:00:00,0.8448726385831833
2015-03-13 02:00:00,0.6750944927334785
2015-03-13 03:00:00,0.9389955699443817
2015-03-13 04:00:00,1.1458709388971329
2015-03-13 05:00:00,1.2886496782302856
2015-03-13 06:00:00,1.1688611507415771
2015-03-13 07:00:00,0.887518897652626
2015-03-13 08:00:00,0.40961408615112305
2015-03-13 09:00:00,0.01035381481051445
2015-03-13 10:00:00,-0.14614138007164001
2015-03-13 11:00:00,-0.2947608232498169
2015-03-13 12:00:00,-0.1838813405483961
2015-03-13 13:00:00,-0.23354676365852356
2015-03-13 14:00:00,-0.19386610388755798
2015-03-13 15:00:00,-0.17453274875879288
2015-03-13 16:00:00,-0.1630590632557869
2015-03-13 17:00:00,-0.11839079856872559
2015-03-13 18:00:00,-0.045084357261657715
2015-03-13 19:00:00,-0.025417089462280273
2015-03-13 20:00:00,-0.08028796315193176
2015-03-13 21:00:00,-0.1663883924484253
2015-03-13 22:00:00,-0.3525847792625427
2015-03-13 23:00:00,-0.6398584842681885
2015-03-14 00:00:00,-0.8501327633857727
2015-03-14 01:00:00,-0.9114518612623215
2015-03-14 02:00:00,-0.8795995265245438
2015-03-14 03:00:00,-1.6995908319950104
2015-03-14 04:00:00,-1.4396167993545532
2015-03-14 05:00:00,-1.5368169248104095
2015-03-14 06:00:00,-1.3054076433181763
2015-03-14 07:00:00,-0.9046836197376251
2015-03-14 08:00:00,-0.5606211423873901
2015-03-14 09:00:00,-0.29204488545656204
2015-03-14 10:00:00,0.197702469304204
2015-03-14 11:00:00,0.298825740814209
2015-03-14 12:00:00,0.175615131855011
2015-03-14 13:00:00,-0.11699337139725685
2015-03-14 14:00:00,-0.3944695144891739
2015-03-14 15:00:00,-0.5450037755072117
2015-03-14 16:00:00,-0.7251028940081596
2015-03-14 17:00:00,-0.8900904655456543
2015-03-14 18:00:00,-0.8432673215866089
2015-03-14 19:00:00,-0.7649918794631958
2015-03-14 20:00:00,-0.5230243802070618
2015-03-14 21:00:00,-0.43355703726410866
2015-03-14 22:00:00,-0.3715825655963272
2015-03-14 23:00:00,-0.32795777916908264
2015-03-15 00:00:00,-0.34555935487151146
2015-03-15 01:00:00,-0.4229351282119751
2015-03-15 02:00:00,-0.7253549546003342
2015-03-15 03:00:00,-0.6808320134878159
2015-03-15 04:00:00,-1.2643747255206108
2015-03-15 05:00:00,-2.09953835606575
2015-03-15 06:00:00,-2.669133186340332
2015-03-15 07:00:00,-3.1673309803009033
2015-03-15 08:00:00,-3.451608896255493
2015-03-15 09:00:00,-3.55145525932312
2015-03-15 10:00:00,-3.274960517883301
2015-03-15 11:00:00,-2.921015739440918
2015-03-15 12:00:00,-2.5492215156555176
2015-03-15 13:00:00,-2.8429386615753174
2015-03-15 14:00:00,-3.6477224826812744
2015-03-15 15:00:00,-3.1257071495056152
2015-03-15 16:00:00,-2.8250629901885986
2015-03-15 17:00:00,-2.8114476203918457
2015-03-15 18:00:00,-2.5304508209228516
2015-03-15 19:00:00,-2.3365097045898438
2015-03-15 20:00:00,-2.0802972316741943
2015-03-15 21:00:00,-1.9159915447235107
2015-03-15 22:00:00,-1.8655059337615967
2015-03-15 23:00:00,-1.6471867561340332
2015-03-16 00:00:00,-1.3627467155456543
2015-03-16 01:00:00,-1.3441555500030518
2015-03-16 02:00:00,-2.164078712463379
2015-03-16 03:00:00,-2.466653347015381
2015-03-16 04:00:00,-2.522777795791626
2015-03-16 05:00:00,-2.422422170639038
2015-03-16 06:00:00,-2.11994931101799
2015-03-16 07:00:00,-1.7347724437713623
2015-03-16 08:00:00,-1.3245446681976318
2015-03-16 09:00:00,-0.8765408992767334
2015-03-16 10:00:00,-0.5594975873827934
2015-03-16 11:00:00,-0.18441763520240784
2015-03-16 12:00:00,0.03848139941692352
2015-03-16 13:00:00,0.0870894230902195
2015-03-16 14:00:00,0.08506644144654274
2015-03-16 15:00:00,0.044204726815223694
2015-03-16 16:00:00,0.008858516812324524
2015-03-16 17:00:00,-0.007821507751941681
2015-03-16 18:00:00,0.0035635381937026978
2015-03-16 19:00:00,0.0459020733833313
2015-03-16 20:00:00,0.11724817752838135
2015-03-16 21:00:00,0.19338807463645935
2015-03-16 22:00:00,0.22854763269424438
2015-03-16 23:00:00,0.29912788048386574
2015-03-17 00:00:00,0.3926836848258972
2015-03-17 01:00:00,0.5455255582928658
2015-03-17 02:00:00,1.5761760473251343
2015-03-17 03:00:00,1.8162013590335846
2015-03-17 04:00:00,2.627842903137207
2015-03-17 05:00:00,2.9844844341278076
2015-03-17 06:00:00,3.247992515563965
2015-03-17 07:00:00,3.4667582511901855
2015-03-17 08:00:00,3.658698320388794
2015-03-17 09:00:00,3.9290060997009277
2015-03-17 10:00:00,3.954683303833008
2015-03-17 11:00:00,3.768364667892456
2015-03-17 12:00:00,3.1464788913726807
2015-03-17 13:00:00,1.5861800909042358
2015-03-17 14:00:00,1.8987886905670166
2015-03-17 15:00:00,2.239301174879074
2015-03-17 16:00:00,2.2993783950805664
2015-03-17 17:00:00,2.3293848037719727
2015-03-17 18:00:00,2.258823871612549
2015-03-17 19:00:00,2.1815948486328125
2015-03-17 20:00:00,2.058141201734543
2015-03-17 21:00:00,1.9600117206573486
2015-03-17 22:00:00,1.9071462154388428
2015-03-17 23:00:00,2.0199735164642334
2015-03-18 00:00:00,2.1222539246082306
2015-03-18 01:00:00,2.1727724075317383
2015-03-18 02:00:00,3.0741286277770996
2015-03-18 03:00:00,2.8126959800720215
2015-03-18 04:00:00,4.106407642364502
2015-03-18 05:00:00,4.216310501098633
2015-03-18 06:00:00,4.2257919907569885
2015-03-18 07:00:00,4.211528778076172
2015-03-18 08:00:00,4.267025947570801
2015-03-18 09:00:00,4.292963027954102
2015-03-18 10:00:00,4.1120076179504395
2015-03-18 11:00:00,3.9238775968551636
2015-03-18 12:00:00,2.816333532333374
2015-03-18 13:00:00,1.6745944023132324
2015-03-18 14:00:00,1.8774807453155518
2015-03-18 15:00:00,2.0177276730537415
2015-03-18 16:00:00,1.9133729934692383
2015-03-18 17:00:00,1.6349378526210785
2015-03-18 18:00:00,1.5740095376968384
2015-03-18 19:00:00,1.500347375869751
2015-03-18 20:00:00,1.4614875316619873
2015-03-18 21:00:00,1.377147912979126
2015-03-18 22:00:00,1.3162635564804077
2015-03-18 23:00:00,1.249887466430664
2015-03-19 00:00:00,1.2053368091583252
2015-03-19 01:00:00,1.2289772033691406
2015-03-19 02:00:00,2.2161428928375244
2015-03-19 03:00:00,2.3739140033721924
2015-03-19 04:00:00,2.9957425594329834
2015-03-19 05:00:00,2.8845560550689697
2015-03-19 06:00:00,2.618783712387085
2015-03-19 07:00:00,2.6016809940338135
2015-03-19 08:00:00,2.4576778411865234
2015-03-19 09:00:00,2.3737542629241943
2015-03-19 10:00:00,2.2000691890716553
2015-03-19 11:00:00,1.9823402762413025
2015-03-19 12:00:00,0.941565990447998
2015-03-19 13:00:00,1.0262327045202255
2015-03-19 14:00:00,1.1238502264022827
2015-03-19 15:00:00,1.1685272604227066
2015-03-19 16:00:00,1.2100427001714706
2015-03-19 17:00:00,1.2168088108301163
2015-03-19 18:00:00,1.1733672469854355
2015-03-19 19:00:00,1.0845019817352295
2015-03-19 20:00:00,1.0282396078109741
2015-03-19 21:00:00,1.0184553861618042
2015-03-19 22:00:00,1.0340466499328613
2015-03-19 23:00:00,1.016753911972046
2015-03-20 00:00:00,1.0652250051498413
2015-03-20 01:00:00,1.163724660873413
2015-03-20 02:00:00,1.1543368101119995
2015-03-20 03:00:00,2.189580410718918
2015-03-20 04:00:00,2.5739495754241943
2015-03-20 05:00:00,2.5128886699676514
2015-03-20 06:00:00,2.415313720703125
2015-03-20 07:00:00,2.385889768600464
2015-03-20 08:00:00,2.4019117653369904
2015-03-20 09:00:00,2.444844752550125
2015-03-20 10:00:00,2.5597033500671387
2015-03-20 11:00:00,2.432893246412277
2015-03-20 12:00:00,1.1217567920684814
2015-03-20 13:00:00,1.037390112876892
2015-03-20 14:00:00,1.0564843267202377
2015-03-20 15:00:00,1.0463164001703262
2015-03-20 16:00:00,1.0216901302337646
2015-03-20 17:00:00,1.0192296504974365
2015-03-20 18:00:00,0.9916522204875946
2015-03-20 19:00:00,0.9341430366039276
2015-03-20 20:00:00,0.841252863407135
2015-03-20 21:00:00,0.7816502451896667
2015-03-20 22:00:00,0.7610260248184204
2015-03-20 23:00:00,0.8007190227508545
2015-03-21 00:00:00,0.8605301380157471
2015-03-21 01:00:00,0.9214203804731369
2015-03-21 02:00:00,0.899192214012146
2015-03-21 03:00:00,1.61375093460083
2015-03-21 04:00:00,1.6873904168605804
2015-03-21 05:00:00,2.065822124481201
2015-03-21 06:00:00,2.1649675369262695
2015-03-21 07:00:00,2.3260538578033447
2015-03-21 08:00:00,2.5227832794189453
2015-03-21 09:00:00,2.65938401222229
2015-03-21 10:00:00,2.8839237689971924
2015-03-21 11:00:00,2.8190762996673584
2015-03-21 12:00:00,1.7522517144680023
2015-03-21 13:00:00,1.1111743450164795
2015-03-21 14:00:00,1.1375216245651245
2015-03-21 15:00:00,1.1358331441879272
2015-03-21 16:00:00,1.1297274827957153
2015-03-21 17:00:00,1.1366170644760132
2015-03-21 18:00:00,1.1454808712005615
2015-03-21 19:00:00,1.0923106670379639
2015-03-21 20:00:00,1.1081095933914185
2015-03-21 21:00:00,1.140999436378479
2015-03-21 22:00:00,1.062711238861084
2015-03-21 23:00:00,1.1074150800704956
2015-03-22 00:00:00,1.214479923248291
2015-03-22 01:00:00,1.3005154132843018
2015-03-22 02:00:00,2.651181221008301
2015-03-22 03:00:00,2.7688348293304443
2015-03-22 04:00:00,3.478743851184845
2015-03-22 05:00:00,3.4976816177368164
2015-03-22 06:00:00,3.3979716300964355
2015-03-22 07:00:00,3.4683661460876465
2015-03-22 08:00:00,3.6154239773750305
2015-03-22 09:00:00,3.531327724456787
2015-03-22 10:00:00,3.7185166478157043
2015-03-22 11:00:00,3.8169703483581543
2015-03-22 12:00:00,2.534241199493408
2015-03-22 13:00:00,1.5072295665740967
2015-03-22 14:00:00,1.6365660429000854
2015-03-22 15:00:00,1.7358011305332184
2015-03-22 16:00:00,1.7753703594207764
2015-03-22 17:00:00,1.7885507643222809
2015-03-22 18:00:00,1.783202886581421
2015-03-22 19:00:00,1.7722454071044922
2015-03-22 20:00:00,1.7378079891204834
2015-03-22 21:00:00,1.8065127432346344
2015-03-22 22:00:00,1.6623494625091553
2015-03-22 23:00:00,1.5877058506011963
2015-03-23 00:00:00,1.4349420070648193
2015-03-23 01:00:00,1.3427364826202393
2015-03-23 02:00:00,2.6299643516540527
2015-03-23 03:00:00,2.3092761039733887
2015-03-23 04:00:00,3.384223699569702
2015-03-23 05:00:00,3.307218074798584
2015-03-23 06:00:00,3.097862720489502
2015-03-23 07:00:00,3.056570529937744
2015-03-23 08:00:00,3.047957420349121
2015-03-23 09:00:00,3.0181431770324707
2015-03-23 10:00:00,3.0627543926239014
2015-03-23 11:00:00,3.021718978881836
2015-03-23 12:00:00,1.8725976943969727
2015-03-23 13:00:00,1.1862128973007202
2015-03-23 14:00:00,1.223358392715454
2015-03-23 15:00:00,1.2800157070159912
2015-03-23 16:00:00,1.3860896825790405
2015-03-23 17:00:00,1.4598450660705566
2015-03-23 18:00:00,1.4714992046356201
2015-03-23 19:00:00,1.4592883586883545
2015-03-23 20:00:00,1.4483180046081543
2015-03-23 21:00:00,1.4309709072113037
2015-03-23 22:00:00,1.3492058515548706
2015-03-23 23:00:00,1.26237154006958
2015-03-24 00:00:00,1.192659616470337
2015-03-24 01:00:00,1.1615428924560547
2015-03-24 02:00:00,1.1152698993682861
2015-03-24 03:00:00,1.6646658182144165
2015-03-24 04:00:00,1.3851909637451172
2015-03-24 05:00:00,1.8991920948028564
2015-03-24 06:00:00,1.8102912902832031
2015-03-24 07:00:00,1.6359682083129883
2015-03-24 08:00:00,1.435112476348877
2015-03-24 09:00:00,1.3366929292678833
2015-03-24 10:00:00,1.3536940813064575
2015-03-24 11:00:00,1.2639479637145996
2015-03-24 12:00:00,0.679349958896637
2015-03-24 13:00:00,0.6335582286119461
2015-03-24 14:00:00,0.4668673276901245
2015-03-24 15:00:00,0.3047526329755783
2015-03-24 16:00:00,0.12158381938934326
2015-03-24 17:00:00,-0.058010682463645935
2015-03-24 18:00:00,-0.20250599086284637
2015-03-24 19:00:00,-0.3519503325223923
2015-03-24 20:00:00,-0.4825388938188553
2015-03-24 21:00:00,-0.571341335773468
2015-03-24 22:00:00,-0.6549510359764099
2015-03-24 23:00:00,-0.6894649863243103
2015-03-25 00:00:00,-0.695723831653595
2015-03-25 01:00:00,-0.614772379398346
2015-03-25 02:00:00,-0.26025915145874023
2015-03-25 03:00:00,0.012881159782409668
2015-03-25 04:00:00,0.19061362743377686
2015-03-25 05:00:00,-0.3089255094528198
2015-03-25 06:00:00,-0.23548102378845215
2015-03-25 07:00:00,0.09666502475738525
2015-03-25 08:00:00,0.44022512435913086
2015-03-25 09:00:00,0.608995795249939
2015-03-25 10:00:00,0.816045880317688
2015-03-25 11:00:00,0.972314715385437
2015-03-25 12:00:00,0.5645917654037476
2015-03-25 13:00:00,0.9069938659667969
2015-03-25 14:00:00,0.9990475177764893
2015-03-25 15:00:00,0.9991590976715088
2015-03-25 16:00:00,0.9891996383666992
2015-03-25 17:00:00,0.9190883636474609
2015-03-25 18:00:00,0.7948610782623291
2015-03-25 19:00:00,0.6305269598960876
2015-03-25 20:00:00,0.44600218534469604
2015-03-25 21:00:00,0.2893846035003662
2015-03-25 22:00:00,0.19078707695007324
2015-03-25 23:00:00,0.19078361988067627
2015-03-26 00:00:00,0.3472803235054016
2015-03-26 01:00:00,0.5509200692176819
2015-03-26 02:00:00,0.854044958949089
2015-03-26 03:00:00,1.1840753704309464
2015-03-26 04:00:00,1.001210242509842
2015-03-26 05:00:00,1.3670029789209366
2015-03-26 06:00:00,1.4618327617645264
2015-03-26 07:00:00,1.5391314029693604
2015-03-26 08:00:00,1.6458477973937988
2015-03-26 09:00:00,1.8082795143127441
2015-03-26 10:00:00,1.9532735347747803
2015-03-26 11:00:00,1.9006381034851074
2015-03-26 12:00:00,0.9666696041822433
2015-03-26 13:00:00,1.0685088336467743
2015-03-26 14:00:00,1.0169376134872437
2015-03-26 15:00:00,0.90115687251091
2015-03-26 16:00:00,0.7849603891372681
2015-03-26 17:00:00,0.6335413902997971
2015-03-26 18:00:00,0.46544986590743065
2015-03-26 19:00:00,0.368462149053812
2015-03-26 20:00:00,0.4344506487250328
2015-03-26 21:00:00,0.5592740178108215
2015-03-26 22:00:00,0.5547446608543396
2015-03-26 23:00:00,0.5694597363471985
2015-03-27 00:00:00,0.6018561869859695
2015-03-27 01:00:00,0.6797881573438644
2015-03-27 02:00:00,1.1057283878326416
2015-03-27 03:00:00,1.4381315559148788
2015-03-27 04:00:00,1.888714224100113
2015-03-27 05:00:00,2.4675817489624023
2015-03-27 06:00:00,2.703498601913452
2015-03-27 07:00:00,2.904315948486328
2015-03-27 08:00:00,3.1088781356811523
2015-03-27 09:00:00,3.228724241256714
2015-03-27 10:00:00,3.1997435092926025
2015-03-27 11:00:00,2.9994184970855713
2015-03-27 12:00:00,1.7716115415096283
2015-03-27 13:00:00,1.2063104957342148
2015-03-27 14:00:00,1.285524606704712
2015-03-27 15:00:00,1.3054877519607544
2015-03-27 16:00:00,1.3344533443450928
2015-03-27 17:00:00,1.333270788192749
2015-03-27 18:00:00,1.271268606185913
2015-03-27 19:00:00,1.1634342521429062
2015-03-27 20:00:00,1.058005690574646
2015-03-27 21:00:00,0.9819886386394501
2015-03-27 22:00:00,0.8828490376472473
2015-03-27 23:00:00,0.8048751950263977
2015-03-28 00:00:00,0.7853348851203918
2015-03-28 01:00:00,0.8293799161911011
2015-03-28 02:00:00,0.8823446035385132
2015-03-28 03:00:00,1.377707839012146
2015-03-28 04:00:00,1.575076937675476
2015-03-28 05:00:00,2.8195152282714844
2015-03-28 06:00:00,3.2718496322631836
2015-03-28 07:00:00,3.4711992144584656
2015-03-28 08:00:00,3.4151177406311035
2015-03-28 09:00:00,3.154940605163574
2015-03-28 10:00:00,2.7340898513793945
2015-03-28 11:00:00,2.2703409492969513
2015-03-28 12:00:00,0.8279788941144943
2015-03-28 13:00:00,0.9317706823348999
2015-03-28 14:00:00,0.8467159271240234
2015-03-28 15:00:00,0.6237121820449829
2015-03-28 16:00:00,0.3114663362503052
2015-03-28 17:00:00,-0.030305445194244385
2015-03-28 18:00:00,-0.28070056438446045
2015-03-28 19:00:00,-0.4107814431190491
2015-03-28 20:00:00,-0.5533400177955627
2015-03-28 21:00:00,-0.6657785773277283
2015-03-28 22:00:00,-0.8267607688903809
2015-03-28 23:00:00,-1.0271375179290771
2015-03-29 00:00:00,-1.1326802968978882
2015-03-29 01:00:00,-1.1851567029953003
2015-03-29 02:00:00,-2.0692784190177917
2015-03-29 03:00:00,-2.405518054962158
2015-03-29 04:00:00,-1.849334955215454
2015-03-29 05:00:00,-1.8545656204223633
2015-03-29 06:00:00,-1.5576109886169434
2015-03-29 07:00:00,-1.1053935289382935
2015-03-29 08:00:00,-0.3709465265274048
2015-03-29 09:00:00,0.44017964228987694
2015-03-29 10:00:00,0.3813502863049507
2015-03-29 11:00:00,-0.6752936765551567
2015-03-29 12:00:00,-1.43284622579813
2015-03-29 13:00:00,-1.698060765862465
2015-03-29 14:00:00,-1.7691214084625244
2015-03-29 15:00:00,-2.4783525466918945
2015-03-29 16:00:00,-3.7089643478393555
2015-03-29 17:00:00,-3.8506603240966797
2015-03-29 18:00:00,-3.4839212894439697
2015-03-29 19:00:00,-3.232095718383789
2015-03-29 20:00:00,-3.043426752090454
2015-03-29 21:00:00,-2.8274593353271484
2015-03-29 22:00:00,-2.7264647483825684
2015-03-29 23:00:00,-2.902071714401245
2015-03-30 00:00:00,-3.4610595703125
2015-03-30 01:00:00,-3.362743377685547
2015-03-30 02:00:00,-3.561985969543457
2015-03-30 03:00:00,-4.472959041595459
2015-03-30 04:00:00,-5.186842918395996
2015-03-30 05:00:00,-5.254624366760254
2015-03-30 06:00:00,-5.060858249664307
2015-03-30 07:00:00,-4.761754989624023
2015-03-30 08:00:00,-4.3465728759765625
2015-03-30 09:00:00,-3.7520813941955566
2015-03-30 10:00:00,-3.084609270095825
2015-03-30 11:00:00,-2.515026330947876
2015-03-30 12:00:00,-1.6386613696813583
2015-03-30 13:00:00,-1.0780056715011597
2015-03-30 14:00:00,-1.223000168800354
2015-03-30 15:00:00,-1.3385536670684814
2015-03-30 16:00:00,-1.4196124076843262
2015-03-30 17:00:00,-1.5432854890823364
2015-03-30 18:00:00,-1.7765367031097412
2015-03-30 19:00:00,-2.0083069801330566
2015-03-30 20:00:00,-2.1463256180286407
2015-03-30 21:00:00,-2.2765789330005646
2015-03-30 22:00:00,-1.9964535236358643
2015-03-30 23:00:00,-1.9003469944000244
2015-03-31 00:00:00,-1.859968900680542
2015-03-31 01:00:00,-2.0091642439365387
2015-03-31 02:00:00,-2.594028949737549
2015-03-31 03:00:00,-2.452335834503174
2015-03-31 04:00:00,-2.1403744220733643
2015-03-31 05:00:00,-1.7797020971775055
2015-03-31 06:00:00,-1.6014888286590576
2015-03-31 07:00:00,-1.424705147743225
2015-03-31 08:00:00,-1.1588791608810425
2015-03-31 09:00:00,-0.5952686667442322
2015-03-31 10:00:00,-0.13726627826690674
2015-03-31 11:00:00,0.4871450513601303
2015-03-31 12:00:00,0.9265245199203491
2015-03-31 13:00:00,0.40453583002090454
2015-03-31 14:00:00,0.3258277177810669
2015-03-31 15:00:00,0.2738588824868202
2015-03-31 16:00:00,0.33677035570144653
2015-03-31 17:00:00,0.40697871148586273
2015-03-31 18:00:00,0.5749247660860419
2015-03-31 19:00:00,0.6545793935656548
2015-03-31 20:00:00,0.3073636069893837
2015-03-31 21:00:00,0.22946657985448837
2015-03-31 22:00:00,0.15413767099380493
2015-03-31 23:00:00,0.003854990005493164
2015-04-01 00:00:00,-0.02938854694366455
2015-04-01 01:00:00,-0.2828425168991089
2015-04-01 02:00:00,-0.36897411197423935
2015-04-01 03:00:00,-0.36121873557567596
2015-04-01 04:00:00,0.2948411926627159
2015-04-01 05:00:00,0.6425925493240356
2015-04-01 06:00:00,1.0076271295547485
2015-04-01 07:00:00,1.333988070487976
2015-04-01 08:00:00,1.5269944667816162
2015-04-01 09:00:00,1.7245983183383942
2015-04-01 10:00:00,1.6674158573150635
2015-04-01 11:00:00,1.4489107131958008
2015-04-01 12:00:00,0.6703489124774933
2015-04-01 13:00:00,0.03137868642807007
2015-04-01 14:00:00,-0.5308041572570801
2015-04-01 15:00:00,-0.9522891342639923
2015-04-01 16:00:00,-0.9606978595256805
2015-04-01 17:00:00,-0.941391184926033
2015-04-01 18:00:00,-0.959903672337532
2015-04-01 19:00:00,-0.9898790121078491
2015-04-01 20:00:00,-0.9098078012466431
2015-04-01 21:00:00,-0.8472836017608643
2015-04-01 22:00:00,-0.784561038017273
2015-04-01 23:00:00,-0.7403109073638916
2015-04-02 00:00:00,-0.7396941184997559
2015-04-02 01:00:00,-0.7755775451660156
2015-04-02 02:00:00,-1.3737379312515259
2015-04-02 03:00:00,-1.2630709409713745
2015-04-02 04:00:00,-1.0444236993789673
2015-04-02 05:00:00,-0.21652889251708984
2015-04-02 06:00:00,0.9299829006195068
2015-04-02 07:00:00,1.5753544569015503
2015-04-02 08:00:00,1.9163231253623962
2015-04-02 09:00:00,2.0827436447143555
2015-04-02 10:00:00,2.0405805110931396
2015-04-02 11:00:00,1.8353824019432068
2015-04-02 12:00:00,0.3709676265716553
2015-04-02 13:00:00,-0.24349570274353027
2015-04-02 14:00:00,-0.7115285396575928
2015-04-02 15:00:00,-0.9770283550024033
2015-04-02 16:00:00,-1.1067216396331787
2015-04-02 17:00:00,-1.148520827293396
2015-04-02 18:00:00,-1.2317862510681152
2015-04-02 19:00:00,-1.2014224529266357
2015-04-02 20:00:00,-0.9427948296070099
2015-04-02 21:00:00,-0.7838170528411865
2015-04-02 22:00:00,-0.5016044974327087
2015-04-02 23:00:00,-0.03258407115936279
2015-04-03 00:00:00,0.09730963408946991
2015-04-03 01:00:00,0.3928951025009155
2015-04-03 02:00:00,1.132722645998001
2015-04-03 03:00:00,1.6348384991288185
2015-04-03 04:00:00,1.8432161901146173
2015-04-03 05:00:00,2.6966123580932617
2015-04-03 06:00:00,3.467064619064331
2015-04-03 07:00:00,3.5560953617095947
2015-04-03 08:00:00,3.342020273208618
2015-04-03 09:00:00,2.9434778690338135
2015-04-03 10:00:00,2.8596746921539307
2015-04-03 11:00:00,2.5362648963928223
2015-04-03 12:00:00,1.8445589542388916
2015-04-03 13:00:00,0.6567357778549194
2015-04-03 14:00:00,0.6323139667510986
2015-04-03 15:00:00,0.5679071545600891
2015-04-03 16:00:00,0.49292904138565063
2015-04-03 17:00:00,0.47336459159851074
2015-04-03 18:00:00,0.47985005378723145
2015-04-03 19:00:00,0.4708602577447891
2015-04-03 20:00:00,0.497101292014122
2015-04-03 21:00:00,0.6162525415420532
2015-04-03 22:00:00,0.655155599117279
2015-04-03 23:00:00,0.9098050147294998
2015-04-04 00:00:00,1.0682192891836166
2015-04-04 01:00:00,0.8871738910675049
2015-04-04 02:00:00,1.3047596365213394
2015-04-04 03:00:00,1.38352632522583
2015-04-04 04:00:00,1.207322597503662
2015-04-04 05:00:00,1.0265735387802124
2015-04-04 06:00:00,0.7795099914073944
2015-04-04 07:00:00,0.5882498770952225
2015-04-04 08:00:00,0.6459880992770195
2015-04-04 09:00:00,0.8336153104901314
2015-04-04 10:00:00,1.1813244968652725
2015-04-04 11:00:00,1.227544941008091
2015-04-04 12:00:00,1.0198778957128525
2015-04-04 13:00:00,0.3942722678184509
2015-04-04 14:00:00,0.1643339991569519
2015-04-04 15:00:00,0.08709114789962769
2015-04-04 16:00:00,0.04487696290016174
2015-04-04 17:00:00,0.06265914440155029
2015-04-04 18:00:00,0.07907919958233833
2015-04-04 19:00:00,0.06997211277484894
2015-04-04 20:00:00,0.04576098918914795
2015-04-04 21:00:00,0.08683019876480103
2015-04-04 22:00:00,-0.04308333992958069
2015-04-04 23:00:00,-0.02818337082862854
2015-04-05 00:00:00,0.11227334663271904
2015-04-05 01:00:00,0.2545834556221962
2015-04-05 02:00:00,0.6148438602685928
2015-04-05 03:00:00,0.270172119140625
2015-04-05 04:00:00,0.5441981572657824
2015-04-05 05:00:00,0.6628534384071827
2015-04-05 06:00:00,0.6394991874694824
2015-04-05 07:00:00,0.5877709239721298
2015-04-05 08:00:00,0.6017646342515945
2015-04-05 09:00:00,0.7485918998718262
2015-04-05 10:00:00,1.3092520087957382
2015-04-05 11:00:00,1.6969473361968994
2015-04-05 12:00:00,1.75539231300354
2015-04-05 13:00:00,0.9148600101470947
2015-04-05 14:00:00,1.080729365348816
2015-04-05 15:00:00,1.1533517688512802
2015-04-05 16:00:00,1.1666474342346191
2015-04-05 17:00:00,1.1777882426977158
2015-04-05 18:00:00,1.1878502517938614
2015-04-05 19:00:00,1.1854848861694336
2015-04-05 20:00:00,1.1810606718063354
2015-04-05 21:00:00,1.1807266473770142
2015-04-05 22:00:00,1.1580424308776855
2015-04-05 23:00:00,1.1521165370941162
2015-04-06 00:00:00,1.1579397916793823
2015-04-06 01:00:00,1.1514391899108887
2015-04-06 02:00:00,2.2000851929187775
2015-04-06 03:00:00,2.102302312850952
2015-04-06 04:00:00,1.951714038848877
2015-04-06 05:00:00,1.7343075275421143
2015-04-06 06:00:00,1.7588965892791748
2015-04-06 07:00:00,1.8557710647583008
2015-04-06 08:00:00,2.032301425933838
2015-04-06 09:00:00,2.215290069580078
2015-04-06 10:00:00,2.279940605163574
2015-04-06 11:00:00,2.2628333568573
2015-04-06 12:00:00,1.83530855178833
2015-04-06 13:00:00,0.938245490193367
2015-04-06 14:00:00,1.053649678826332
2015-04-06 15:00:00,1.0311708599328995
2015-04-06 16:00:00,0.964474156498909
2015-04-06 17:00:00,0.8611098602414131
2015-04-06 18:00:00,0.7519794702529907
2015-04-06 19:00:00,0.6334779262542725
2015-04-06 20:00:00,0.525458574295044
2015-04-06 21:00:00,0.42776358127593994
2015-04-06 22:00:00,0.35624492168426514
2015-04-06 23:00:00,0.2099611759185791
2015-04-07 00:00:00,0.07725644111633301
2015-04-07 01:00:00,0.03246691823005676
2015-04-07 02:00:00,0.12630534172058105
2015-04-07 03:00:00,0.4138888120651245
2015-04-07 04:00:00,-0.13457101583480835
2015-04-07 05:00:00,-0.0603640079498291
2015-04-07 06:00:00,0.22691013664007187
2015-04-07 07:00:00,0.5460992604494095
2015-04-07 08:00:00,0.8630679398775101
2015-04-07 09:00:00,1.1215713024139404
2015-04-07 10:00:00,1.2243170887231827
2015-04-07 11:00:00,1.313875898718834
2015-04-07 12:00:00,1.1036512851715088
2015-04-07 13:00:00,0.39960528910160065
2015-04-07 14:00:00,0.06792342662811279
2015-04-07 15:00:00,-0.3292703554034233
2015-04-07 16:00:00,-0.5614886358380318
2015-04-07 17:00:00,-0.799049612134695
2015-04-07 18:00:00,-0.9463143199682236
2015-04-07 19:00:00,-1.0403954982757568
2015-04-07 20:00:00,-1.0287854671478271
2015-04-07 21:00:00,-0.9852539300918579
2015-04-07 22:00:00,-0.8801170587539673
2015-04-07 23:00:00,-0.7563145160675049
2015-04-08 00:00:00,-0.5584648847579956
2015-04-08 01:00:00,-0.2409454584121704
2015-04-08 02:00:00,0.2615429162979126
2015-04-08 03:00:00,0.8570678234100342
2015-04-08 04:00:00,1.0984896421432495
2015-04-08 05:00:00,1.4619379043579102
2015-04-08 06:00:00,1.6919373571872711
2015-04-08 07:00:00,1.9242362976074219
2015-04-08 08:00:00,2.220948666334152
2015-04-08 09:00:00,2.5585274696350098
2015-04-08 10:00:00,2.7317774295806885
2015-04-08 11:00:00,2.790398120880127
2015-04-08 12:00:00,2.4672493934631348
2015-04-08 13:00:00,0.9902924299240112
2015-04-08 14:00:00,1.0401957035064697
2015-04-08 15:00:00,1.0587214231491089
2015-04-08 16:00:00,1.1399805545806885
2015-04-08 17:00:00,1.2374224662780762
2015-04-08 18:00:00,1.3274635076522827
2015-04-08 19:00:00,1.386120319366455
2015-04-08 20:00:00,1.3874633312225342
2015-04-08 21:00:00,1.3199807405471802
2015-04-08 22:00:00,1.1975233405828476
2015-04-08 23:00:00,1.1191220581531525
2015-04-09 00:00:00,1.097886323928833
2015-04-09 01:00:00,1.1837270557880402
2015-04-09 02:00:00,2.585566282272339
2015-04-09 03:00:00,2.4410548210144043
2015-04-09 04:00:00,3.042092800140381
2015-04-09 05:00:00,3.074307441711426
2015-04-09 06:00:00,3.168599843978882
2015-04-09 07:00:00,3.272085189819336
2015-04-09 08:00:00,3.376629114151001
2015-04-09 09:00:00,3.460212230682373
2015-04-09 10:00:00,3.5214478969573975
2015-04-09 11:00:00,3.4253830909729004
2015-04-09 12:00:00,2.779670238494873
2015-04-09 13:00:00,1.229230523109436
2015-04-09 14:00:00,1.2968737035989761
2015-04-09 15:00:00,1.3469381481409073
2015-04-09 16:00:00,1.410417914390564
2015-04-09 17:00:00,1.4769814014434814
2015-04-09 18:00:00,1.5096969604492188
2015-04-09 19:00:00,1.5138838291168213
2015-04-09 20:00:00,1.4971981048583984
2015-04-09 21:00:00,1.4801993370056152
2015-04-09 22:00:00,1.3724615573883057
2015-04-09 23:00:00,1.3010221719741821
2015-04-10 00:00:00,1.255967140197754
2015-04-10 01:00:00,1.2884984016418457
2015-04-10 02:00:00,2.7058775424957275
2015-04-10 03:00:00,2.3944573402404785
2015-04-10 04:00:00,2.9757919311523438
2015-04-10 05:00:00,2.9372751712799072
2015-04-10 06:00:00,3.0067391395568848
2015-04-10 07:00:00,3.1284546852111816
2015-04-10 08:00:00,3.2379143238067627
2015-04-10 09:00:00,3.279114246368408
2015-04-10 10:00:00,3.336704730987549
2015-04-10 11:00:00,3.2494301795959473
2015-04-10 12:00:00,2.550723075866699
2015-04-10 13:00:00,1.1900526285171509
2015-04-10 14:00:00,1.2453937530517578
2015-04-10 15:00:00,1.2241681814193726
2015-04-10 16:00:00,1.1709702163934708
2015-04-10 17:00:00,1.1043097972869873
2015-04-10 18:00:00,1.0273445844650269
2015-04-10 19:00:00,0.9332433044910431
2015-04-10 20:00:00,0.8045171499252319
2015-04-10 21:00:00,0.6550689339637756
2015-04-10 22:00:00,0.45961517095565796
2015-04-10 23:00:00,0.3268125280737877
2015-04-11 00:00:00,0.2846679911017418
2015-04-11 01:00:00,0.3352259173989296
2015-04-11 02:00:00,0.5996126011013985
2015-04-11 03:00:00,0.6406524144113064
2015-04-11 04:00:00,0.28143415600061417
2015-04-11 05:00:00,0.08080601692199707
2015-04-11 06:00:00,0.10050072893500328
2015-04-11 07:00:00,0.2046312317252159
2015-04-11 08:00:00,0.3106648772954941
2015-04-11 09:00:00,0.44270002841949463
2015-04-11 10:00:00,0.7877159118652344
2015-04-11 11:00:00,0.9486806094646454
2015-04-11 12:00:00,0.7341604232788086
2015-04-11 13:00:00,0.39302897453308105
2015-04-11 14:00:00,0.19260209798812866
2015-04-11 15:00:00,0.29838764667510986
2015-04-11 16:00:00,0.5167950391769409
2015-04-11 17:00:00,0.6286463737487793
2015-04-11 18:00:00,0.6716358065605164
2015-04-11 19:00:00,0.7366429567337036
2015-04-11 20:00:00,0.9123002290725708
2015-04-11 21:00:00,1.0914242416620255
2015-04-11 22:00:00,1.0870808362960815
2015-04-11 23:00:00,1.0941399335861206
2015-04-12 00:00:00,1.0306191444396973
2015-04-12 01:00:00,0.8007534146308899
2015-04-12 02:00:00,0.9768420457839966
2015-04-12 03:00:00,0.24057089537382126
2015-04-12 04:00:00,-0.6558046415448189
2015-04-12 05:00:00,-0.9796100407838821
2015-04-12 06:00:00,-0.9527916461229324
2015-04-12 07:00:00,-0.7719204872846603
2015-04-12 08:00:00,-0.6276770830154419
2015-04-12 09:00:00,-0.5547771900892258
2015-04-12 10:00:00,-0.552240327000618
2015-04-12 11:00:00,-0.4862890690565109
2015-04-12 12:00:00,-0.20925509929656982
2015-04-12 13:00:00,0.20768409967422485
2015-04-12 14:00:00,0.510696530342102
2015-04-12 15:00:00,0.7390142679214478
2015-04-12 16:00:00,0.8991501331329346
2015-04-12 17:00:00,0.872443437576294
2015-04-12 18:00:00,0.7777063846588135
2015-04-12 19:00:00,0.6577284336090088
2015-04-12 20:00:00,0.5450283288955688
2015-04-12 21:00:00,0.430889368057251
2015-04-12 22:00:00,0.27791738510131836
2015-04-12 23:00:00,0.15183329582214355
2015-04-13 00:00:00,0.17647135257720947
2015-04-13 01:00:00,0.18785345554351807
2015-04-13 02:00:00,0.264056921005249
2015-04-13 03:00:00,-0.3834782838821411
2015-04-13 04:00:00,-0.9204801619052887
2015-04-13 05:00:00,-1.1611856520175934
2015-04-13 06:00:00,-1.5458446443080902
2015-04-13 07:00:00,-2.0420756936073303
2015-04-13 08:00:00,-2.171835169196129
2015-04-13 09:00:00,-2.2147231101989746
2015-04-13 10:00:00,-2.351526200771332
2015-04-13 11:00:00,-2.4386162757873535
2015-04-13 12:00:00,-2.3003129959106445
2015-04-13 13:00:00,-1.3224237859249115
2015-04-13 14:00:00,-1.0473910346627235
2015-04-13 15:00:00,-0.79102623462677
2015-04-13 16:00:00,-0.5410512536764145
2015-04-13 17:00:00,-0.30766206607222557
2015-04-13 18:00:00,-0.1277475655078888
2015-04-13 19:00:00,0.021977633237838745
2015-04-13 20:00:00,0.16208398342132568
2015-04-13 21:00:00,0.2432878538966179
2015-04-13 22:00:00,0.24698692560195923
2015-04-13 23:00:00,0.04695233702659607
2015-04-14 00:00:00,-0.15295693278312683
2015-04-14 01:00:00,-0.3508250415325165
2015-04-14 02:00:00,-1.1712682396173477
2015-04-14 03:00:00,-2.160889148712158
2015-04-14 04:00:00,-2.246112585067749
2015-04-14 05:00:00,-2.167769193649292
2015-04-14 06:00:00,-1.987602710723877
2015-04-14 07:00:00,-1.7083325386047363
2015-04-14 08:00:00,-1.3795659691095352
2015-04-14 09:00:00,-1.0942347049713135
2015-04-14 10:00:00,-1.1464314609766006
2015-04-14 11:00:00,-1.1620068401098251
2015-04-14 12:00:00,-1.1048085987567902
2015-04-14 13:00:00,-0.3418724313378334
2015-04-14 14:00:00,-0.20851872116327286
2015-04-14 15:00:00,-0.035097211599349976
2015-04-14 16:00:00,0.12248075008392334
2015-04-14 17:00:00,0.22873324155807495
2015-04-14 18:00:00,0.28842031955718994
2015-04-14 19:00:00,0.3348866105079651
2015-04-14 20:00:00,0.3847135528922081
2015-04-14 21:00:00,0.45095381885766983
2015-04-14 22:00:00,0.5474166870117188
2015-04-14 23:00:00,0.6272991299629211
2015-04-15 00:00:00,0.5961341857910156
2015-04-15 01:00:00,0.42876720428466797
2015-04-15 02:00:00,0.24332749843597412
2015-04-15 03:00:00,-0.4075416326522827
2015-04-15 04:00:00,-1.0009586811065674
2015-04-15 05:00:00,-1.1873794794082642
2015-04-15 06:00:00,-1.3567231893539429
2015-04-15 07:00:00,-1.503695398569107
2015-04-15 08:00:00,-1.5323379039764404
2015-04-15 09:00:00,-1.4307998716831207
2015-04-15 10:00:00,-1.3595646619796753
2015-04-15 11:00:00,-1.320318341255188
2015-04-15 12:00:00,-1.2669401168823242
2015-04-15 13:00:00,-0.5393648147583008
2015-04-15 14:00:00,-0.567634105682373
2015-04-15 15:00:00,-0.42208659648895264
2015-04-15 16:00:00,-0.11860430240631104
2015-04-15 17:00:00,0.22528386116027832
2015-04-15 18:00:00,0.5063320398330688
2015-04-15 19:00:00,0.6052676439285278
2015-04-15 20:00:00,0.5874460935592651
2015-04-15 21:00:00,0.5529559850692749
2015-04-15 22:00:00,0.49851423501968384
2015-04-15 23:00:00,0.4656551480293274
2015-04-16 00:00:00,0.4220028519630432
2015-04-16 01:00:00,0.25191164016723633
2015-04-16 02:00:00,0.07596734166145325
2015-04-16 03:00:00,-0.4722931385040283
2015-04-16 04:00:00,-0.02915629744529724
2015-04-16 05:00:00,0.649694561958313
2015-04-16 06:00:00,1.2954330742359161
2015-04-16 07:00:00,1.8728406429290771
2015-04-16 08:00:00,2.4130897521972656
2015-04-16 09:00:00,2.8401379585266113
2015-04-16 10:00:00,2.889488697052002
2015-04-16 11:00:00,2.855926036834717
2015-04-16 12:00:00,2.691295862197876
2015-04-16 13:00:00,1.2017542123794556
2015-04-16 14:00:00,1.0639824867248535
2015-04-16 15:00:00,1.115796446800232
2015-04-16 16:00:00,1.1982580423355103
2015-04-16 17:00:00,1.2483843564987183
2015-04-16 18:00:00,1.331234097480774
2015-04-16 19:00:00,1.4263317584991455
2015-04-16 20:00:00,1.4754694700241089
2015-04-16 21:00:00,1.4671474695205688
2015-04-16 22:00:00,1.3821903467178345
2015-04-16 23:00:00,1.3389780521392822
2015-04-17 00:00:00,1.3585386276245117
2015-04-17 01:00:00,1.5721644461154938
2015-04-17 02:00:00,3.066410541534424
2015-04-17 03:00:00,3.0211105346679688
2015-04-17 04:00:00,3.9214305877685547
2015-04-17 05:00:00,4.2418293952941895
2015-04-17 06:00:00,4.513699054718018
2015-04-17 07:00:00,4.803866386413574
2015-04-17 08:00:00,5.09586763381958
2015-04-17 09:00:00,5.160314559936523
2015-04-17 10:00:00,4.999948501586914
2015-04-17 11:00:00,4.725613117218018
2015-04-17 12:00:00,3.885180354118347
2015-04-17 13:00:00,1.9876835346221924
2015-04-17 14:00:00,1.669213205575943
2015-04-17 15:00:00,1.4184198379516602
2015-04-17 16:00:00,1.3709167540073395
2015-04-17 17:00:00,1.390559583902359
2015-04-17 18:00:00,1.3468309342861176
2015-04-17 19:00:00,1.2810325771570206
2015-04-17 20:00:00,1.2787589877843857
2015-04-17 21:00:00,1.405768871307373
2015-04-17 22:00:00,1.384864330291748
2015-04-17 23:00:00,1.412926197052002
2015-04-18 00:00:00,1.4167132377624512
2015-04-18 01:00:00,1.4807026386260986
2015-04-18 02:00:00,2.871706247329712
2015-04-18 03:00:00,2.477385997772217
2015-04-18 04:00:00,3.5945646166801453
2015-04-18 05:00:00,3.9875659942626953
2015-04-18 06:00:00,4.137359142303467
2015-04-18 07:00:00,4.127408146858215
2015-04-18 08:00:00,4.200172424316406
2015-04-18 09:00:00,4.273983895778656
2015-04-18 10:00:00,4.102368354797363
2015-04-18 11:00:00,3.836898148059845
2015-04-18 12:00:00,2.794623851776123
2015-04-18 13:00:00,1.179135337471962
2015-04-18 14:00:00,1.05580186098814
2015-04-18 15:00:00,1.033089630305767
2015-04-18 16:00:00,1.117884874343872
2015-04-18 17:00:00,1.1486593633890152
2015-04-18 18:00:00,1.1209632009267807
2015-04-18 19:00:00,1.075368046760559
2015-04-18 20:00:00,1.0771045982837677
2015-04-18 21:00:00,1.0532500743865967
2015-04-18 22:00:00,0.719240128993988
2015-04-18 23:00:00,0.5679125636816025
2015-04-19 00:00:00,0.6062094569206238
2015-04-19 01:00:00,0.6535199880599976
2015-04-19 02:00:00,1.1673680543899536
2015-04-19 03:00:00,0.9381289482116699
2015-04-19 04:00:00,1.329540178179741
2015-04-19 05:00:00,1.9180665612220764
2015-04-19 06:00:00,2.1189294159412384
2015-04-19 07:00:00,2.258376359939575
2015-04-19 08:00:00,2.3207540214061737
2015-04-19 09:00:00,2.2955994606018066
2015-04-19 10:00:00,2.3687660694122314
2015-04-19 11:00:00,2.2967266738414764
2015-04-19 12:00:00,1.601781204342842
2015-04-19 13:00:00,0.6921857632696629
2015-04-19 14:00:00,0.4088348150253296
2015-04-19 15:00:00,0.006723463535308838
2015-04-19 16:00:00,-0.28090035915374756
2015-04-19 17:00:00,-0.436863724142313
2015-04-19 18:00:00,-0.5086668692529202
2015-04-19 19:00:00,-0.5045951008796692
2015-04-19 20:00:00,-0.435738742351532
2015-04-19 21:00:00,-0.3086881637573242
2015-04-19 22:00:00,-0.23692020773887634
2015-04-19 23:00:00,-0.19770270586013794
2015-04-20 00:00:00,-0.21007415652275085
2015-04-20 01:00:00,-0.25420016050338745
2015-04-20 02:00:00,-0.8506142646074295
2015-04-20 03:00:00,-1.1975295692682266
2015-04-20 04:00:00,-1.5736474990844727
2015-04-20 05:00:00,-1.519635796546936
2015-04-20 06:00:00,-1.673959493637085
2015-04-20 07:00:00,-1.7919461727142334
2015-04-20 08:00:00,-1.8423466682434082
2015-04-20 09:00:00,-1.8021026849746704
2015-04-20 10:00:00,-1.3858157396316528
2015-04-20 11:00:00,-0.7911410331726074
2015-04-20 12:00:00,-0.34595609456300735
2015-04-20 13:00:00,-0.266382560133934
2015-04-20 14:00:00,-0.47132283449172974
2015-04-20 15:00:00,-0.6553522348403931
2015-04-20 16:00:00,-0.6637676358222961
2015-04-20 17:00:00,-0.5732746124267578
2015-04-20 18:00:00,-0.39485543966293335
2015-04-20 19:00:00,-0.10751575231552124
2015-04-20 20:00:00,0.26514315605163574
2015-04-20 21:00:00,0.6686346977949142
2015-04-20 22:00:00,0.9770288020372391
2015-04-20 23:00:00,1.143399938941002
2015-04-21 00:00:00,1.1742416620254517
2015-04-21 01:00:00,1.1063635051250458
2015-04-21 02:00:00,2.022644519805908
2015-04-21 03:00:00,1.7164016216993332
2015-04-21 04:00:00,2.0948179066181183
2015-04-21 05:00:00,2.6450273990631104
2015-04-21 06:00:00,3.023237943649292
2015-04-21 07:00:00,3.467364549636841
2015-04-21 08:00:00,3.893101394176483
2015-04-21 09:00:00,4.2521586418151855
2015-04-21 10:00:00,4.478726863861084
2015-04-21 11:00:00,4.50717306137085
2015-04-21 12:00:00,4.159669458866119
2015-04-21 13:00:00,2.186948776245117
2015-04-21 14:00:00,2.027264177799225
2015-04-21 15:00:00,1.9188519418239594
2015-04-21 16:00:00,1.7641615867614746
2015-04-21 17:00:00,1.6168808937072754
2015-04-21 18:00:00,1.5100419521331787
2015-04-21 19:00:00,1.4308034181594849
2015-04-21 20:00:00,1.3475151062011719
2015-04-21 21:00:00,1.2712233066558838
2015-04-21 22:00:00,1.1901171207427979
2015-04-21 23:00:00,1.1597774028778076
2015-04-22 00:00:00,1.195924162864685
2015-04-22 01:00:00,1.3034762144088745
2015-04-22 02:00:00,2.975310802459717
2015-04-22 03:00:00,2.878739356994629
2015-04-22 04:00:00,3.6750826835632324
2015-04-22 05:00:00,4.211531162261963
2015-04-22 06:00:00,4.429835796356201
2015-04-22 07:00:00,4.501099586486816
2015-04-22 08:00:00,4.489001750946045
2015-04-22 09:00:00,4.431257247924805
2015-04-22 10:00:00,4.296992361545563
2015-04-22 11:00:00,4.083222985267639
2015-04-22 12:00:00,3.4118449687957764
2015-04-22 13:00:00,1.3931306600570679
2015-04-22 14:00:00,1.3124830722808838
2015-04-22 15:00:00,1.1930521726608276
2015-04-22 16:00:00,1.1357711553573608
2015-04-22 17:00:00,1.1113486289978027
2015-04-22 18:00:00,1.0998705625534058
2015-04-22 19:00:00,1.0985851287841797
2015-04-22 20:00:00,1.0787078142166138
2015-04-22 21:00:00,1.0242165327072144
2015-04-22 22:00:00,0.8405849933624268
2015-04-22 23:00:00,0.6378512382507324
2015-04-23 00:00:00,0.41192662715911865
2015-04-23 01:00:00,0.18223559856414795
2015-04-23 02:00:00,0.030506372451782227
2015-04-23 03:00:00,-0.03309297561645508
2015-04-23 04:00:00,0.33528923988342285
2015-04-23 05:00:00,0.9605752229690552
2015-04-23 06:00:00,1.5748099386692047
2015-04-23 07:00:00,2.087275981903076
2015-04-23 08:00:00,2.5407683849334717
2015-04-23 09:00:00,2.8462119102478027
2015-04-23 10:00:00,2.574829339981079
2015-04-23 11:00:00,2.254243403673172
2015-04-23 12:00:00,1.644575372338295
2015-04-23 13:00:00,0.479459285736084
2015-04-23 14:00:00,0.29186999797821045
2015-04-23 15:00:00,-0.004798531532287598
2015-04-23 16:00:00,-0.021019399166107178
2015-04-23 17:00:00,-0.016160249710083008
2015-04-23 18:00:00,-0.0284089595079422
2015-04-23 19:00:00,-0.062145113945007324
2015-04-23 20:00:00,-0.0669829398393631
2015-04-23 21:00:00,-0.020034432411193848
2015-04-23 22:00:00,0.016809821128845215
2015-04-23 23:00:00,0.11270890384912491
2015-04-24 00:00:00,0.24471745640039444
2015-04-24 01:00:00,0.34332555532455444
2015-04-24 02:00:00,0.5593019127845764
2015-04-24 03:00:00,0.7581281587481499
2015-04-24 04:00:00,0.2011122927069664
2015-04-24 05:00:00,0.09641104936599731
2015-04-24 06:00:00,0.17010140419006348
2015-04-24 07:00:00,0.18405988067388535
2015-04-24 08:00:00,0.16697368025779724
2015-04-24 09:00:00,0.19574415683746338
2015-04-24 10:00:00,0.6024037003517151
2015-04-24 11:00:00,0.9176006317138672
2015-04-24 12:00:00,0.928203821182251
2015-04-24 13:00:00,0.4832162857055664
2015-04-24 14:00:00,0.40214353799819946
2015-04-24 15:00:00,0.29574155807495117
2015-04-24 16:00:00,0.21886064112186432
2015-04-24 17:00:00,0.22225087881088257
2015-04-24 18:00:00,0.2437923178076744
2015-04-24 19:00:00,0.19496935606002808
2015-04-24 20:00:00,0.0731152892112732
2015-04-24 21:00:00,-0.1028886518906802
2015-04-24 22:00:00,-0.2727310098707676
2015-04-24 23:00:00,-0.5562768578529358
2015-04-25 00:00:00,-0.8176485300064087
2015-04-25 01:00:00,-0.990899920463562
2015-04-25 02:00:00,-1.5942424833774567
2015-04-25 03:00:00,-2.041609466075897
2015-04-25 04:00:00,-2.229979991912842
2015-04-25 05:00:00,-1.884136140346527
2015-04-25 06:00:00,-1.6114460229873657
2015-04-25 07:00:00,-1.167405128479004
2015-04-25 08:00:00,-0.643577091395855
2015-04-25 09:00:00,-0.154012318700552
2015-04-25 10:00:00,0.1267387205734849
2015-04-25 11:00:00,0.09083354845643044
2015-04-25 12:00:00,-0.33494653552770615
2015-04-25 13:00:00,-0.6767259836196899
2015-04-25 14:00:00,-1.2022217512130737
2015-04-25 15:00:00,-1.357709527015686
2015-04-25 16:00:00,-1.537631869316101
2015-04-25 17:00:00,-1.7485973834991455
2015-04-25 18:00:00,-2.158352851867676
2015-04-25 19:00:00,-3.0678107738494873
2015-04-25 20:00:00,-3.964066505432129
2015-04-25 21:00:00,-3.8598275184631348
2015-04-25 22:00:00,-3.1212873458862305
2015-04-25 23:00:00,-2.6029112339019775
2015-04-26 00:00:00,-2.470029354095459
2015-04-26 01:00:00,-3.3223624229431152
2015-04-26 02:00:00,-4.270328998565674
2015-04-26 03:00:00,-4.124732494354248
2015-04-26 04:00:00,-3.9269003868103027
2015-04-26 05:00:00,-3.5431885719299316
2015-04-26 06:00:00,-2.965916395187378
2015-04-26 07:00:00,-2.4410717487335205
2015-04-26 08:00:00,-2.005974292755127
2015-04-26 09:00:00,-1.565364122390747
2015-04-26 10:00:00,-1.266570806503296
2015-04-26 11:00:00,-1.0082977265119553
2015-04-26 12:00:00,-0.9970431625843048
2015-04-26 13:00:00,-0.6156432628631592
2015-04-26 14:00:00,-1.0599159896373749
2015-04-26 15:00:00,-1.2508678436279297
2015-04-26 16:00:00,-1.4257320165634155
2015-04-26 17:00:00,-1.613191843032837
2015-04-26 18:00:00,-1.8206422328948975
2015-04-26 19:00:00,-1.9946942329406738
2015-04-26 20:00:00,-2.0743160247802734
2015-04-26 21:00:00,-2.0672428607940674
2015-04-26 22:00:00,-2.0871381759643555
2015-04-26 23:00:00,-2.28056001663208
2015-04-27 00:00:00,-2.3544929027557373
2015-04-27 01:00:00,-2.915053606033325
2015-04-27 02:00:00,-2.9123475551605225
2015-04-27 03:00:00,-3.424372673034668
2015-04-27 04:00:00,-3.1216280460357666
2015-04-27 05:00:00,-2.7208821773529053
2015-04-27 06:00:00,-2.295572519302368
2015-04-27 07:00:00,-1.76881742477417
2015-04-27 08:00:00,-1.1869606971740723
2015-04-27 09:00:00,-0.6218176037073135
2015-04-27 10:00:00,-0.31643300503492355
2015-04-27 11:00:00,-0.3080611824989319
2015-04-27 12:00:00,-0.6687897443771362
2015-04-27 13:00:00,-0.8266262859106064
2015-04-27 14:00:00,-1.3280974626541138
2015-04-27 15:00:00,-1.5365092754364014
2015-04-27 16:00:00,-1.6240382194519043
2015-04-27 17:00:00,-1.6583263874053955
2015-04-27 18:00:00,-1.674923062324524
2015-04-27 19:00:00,-1.7029502391815186
2015-04-27 20:00:00,-1.751481533050537
2015-04-27 21:00:00,-1.8112866878509521
2015-04-27 22:00:00,-1.7803149223327637
2015-04-27 23:00:00,-1.6681870222091675
2015-04-28 00:00:00,-1.4592132568359375
2015-04-28 01:00:00,-1.6151977479457855
2015-04-28 02:00:00,-1.9779860973358154
2015-04-28 03:00:00,-1.4221653789281845
2015-04-28 04:00:00,-1.9723153114318848
2015-04-28 05:00:00,-1.5785029828548431
2015-04-28 06:00:00,-0.9750477969646454
2015-04-28 07:00:00,-0.2542271167039871
2015-04-28 08:00:00,0.5186975449323654
2015-04-28 09:00:00,1.2582359462976456
2015-04-28 10:00:00,1.5712575912475586
2015-04-28 11:00:00,1.7310135215520859
2015-04-28 12:00:00,1.701249361038208
2015-04-28 13:00:00,0.5842748880386353
2015-04-28 14:00:00,0.6153181791305542
2015-04-28 15:00:00,0.5814684629440308
2015-04-28 16:00:00,0.6793897151947021
2015-04-28 17:00:00,0.7986627817153931
2015-04-28 18:00:00,0.878064900636673
2015-04-28 19:00:00,0.9003457725048065
2015-04-28 20:00:00,0.911781907081604
2015-04-28 21:00:00,0.927114725112915
2015-04-28 22:00:00,0.835735559463501
2015-04-28 23:00:00,0.7336838245391846
2015-04-29 00:00:00,0.6624071598052979
2015-04-29 01:00:00,0.46268707513809204
2015-04-29 02:00:00,0.707095742225647
2015-04-29 03:00:00,0.5718222856521606
2015-04-29 04:00:00,0.9711580276489258
2015-04-29 05:00:00,0.989501029253006
2015-04-29 06:00:00,1.0181159973144531
2015-04-29 07:00:00,1.0452225469052792
2015-04-29 08:00:00,1.0846695862710476
2015-04-29 09:00:00,1.1402923949062824
2015-04-29 10:00:00,1.0868655554950237
2015-04-29 11:00:00,1.0843815878033638
2015-04-29 12:00:00,0.9950507953763008
2015-04-29 13:00:00,0.21896511316299438
2015-04-29 14:00:00,-0.20453228801488876
2015-04-29 15:00:00,-0.5932133793830872
2015-04-29 16:00:00,-0.5985968112945557
2015-04-29 17:00:00,-0.5153092220425606
2015-04-29 18:00:00,-0.41784566454589367
2015-04-29 19:00:00,-0.32755653001368046
2015-04-29 20:00:00,-0.24550530314445496
2015-04-29 21:00:00,-0.21297687292099
2015-04-29 22:00:00,-0.2906377539038658
2015-04-29 23:00:00,-0.41391073167324066
2015-04-30 00:00:00,-0.5546067357063293
2015-04-30 01:00:00,-0.7166515588760376
2015-04-30 02:00:00,-2.0438329577445984
2015-04-30 03:00:00,-2.3329341411590576
2015-04-30 04:00:00,-2.6652615070343018
2015-04-30 05:00:00,-2.6164932250976562
2015-04-30 06:00:00,-2.2906761467456818
2015-04-30 07:00:00,-1.7681158483028412
2015-04-30 08:00:00,-1.217837929725647
2015-04-30 09:00:00,-0.681143656373024
2015-04-30 10:00:00,-0.2205631174147129
2015-04-30 11:00:00,-0.019235432147979736
2015-04-30 12:00:00,-0.06555050611495972
2015-04-30 13:00:00,-0.2871302366256714
2015-04-30 14:00:00,-0.760916069149971
2015-04-30 15:00:00,-0.93213751912117
2015-04-30 16:00:00,-1.1104267835617065
2015-04-30 17:00:00,-1.1340126991271973
2015-04-30 18:00:00,-1.1083827018737793
2015-04-30 19:00:00,-1.004651665687561
2015-04-30 20:00:00,-0.7165677547454834
2015-04-30 21:00:00,-0.2598925232887268
2015-04-30 22:00:00,-0.022677361965179443
2015-04-30 23:00:00,0.05438399314880371
2015-05-01 00:00:00,-0.1040683388710022
2015-05-01 01:00:00,-0.3683144450187683
2015-05-01 02:00:00,-1.1618647426366806
2015-05-01 03:00:00,-1.6344554424285889
2015-05-01 04:00:00,-2.21797251701355
2015-05-01 05:00:00,-2.1449713110923767
2015-05-01 06:00:00,-1.8364059925079346
2015-05-01 07:00:00,-1.37276029586792
2015-05-01 08:00:00,-0.8080175369977951
2015-05-01 09:00:00,-0.15396952629089355
2015-05-01 10:00:00,0.27211201190948486
2015-05-01 11:00:00,0.7764652967453003
2015-05-01 12:00:00,1.122725009918213
2015-05-01 13:00:00,0.4750133752822876
2015-05-01 14:00:00,0.5902490615844727
2015-05-01 15:00:00,0.5086320638656616
2015-05-01 16:00:00,0.44471991062164307
2015-05-01 17:00:00,0.40135204792022705
2015-05-01 18:00:00,0.3802483081817627
2015-05-01 19:00:00,0.3817873001098633
2015-05-01 20:00:00,0.427298903465271
2015-05-01 21:00:00,0.5084805488586426
2015-05-01 22:00:00,0.5042186975479126
2015-05-01 23:00:00,0.5457289814949036
2015-05-02 00:00:00,0.620567262172699
2015-05-02 01:00:00,0.5991769433021545
2015-05-02 02:00:00,1.3267409950494766
2015-05-02 03:00:00,1.262541651725769
2015-05-02 04:00:00,1.2573094218969345
2015-05-02 05:00:00,1.525312900543213
2015-05-02 06:00:00,1.9219440519809723
2015-05-02 07:00:00,2.297109365463257
2015-05-02 08:00:00,2.5944972038269043
2015-05-02 09:00:00,2.7964913845062256
2015-05-02 10:00:00,2.7970192432403564
2015-05-02 11:00:00,2.6622540950775146
2015-05-02 12:00:00,2.35807728767395
2015-05-02 13:00:00,0.7613095790147781
2015-05-02 14:00:00,0.734178900718689
2015-05-02 15:00:00,0.6918868944048882
2015-05-02 16:00:00,0.7818815261125565
2015-05-02 17:00:00,0.9236283302307129
2015-05-02 18:00:00,1.067914754152298
2015-05-02 19:00:00,1.157116174697876
2015-05-02 20:00:00,1.182483196258545
2015-05-02 21:00:00,1.1265403032302856
2015-05-02 22:00:00,0.9893448352813721
2015-05-02 23:00:00,0.8375602066516876
2015-05-03 00:00:00,0.6507087200880051
2015-05-03 01:00:00,0.44236980378627777
2015-05-03 02:00:00,0.4550304263830185
2015-05-03 03:00:00,0.19921540468931198
2015-05-03 04:00:00,0.7706290408968925
2015-05-03 05:00:00,0.973980188369751
2015-05-03 06:00:00,1.177317127585411
2015-05-03 07:00:00,1.4182960987091064
2015-05-03 08:00:00,1.664684772491455
2015-05-03 09:00:00,1.8785536289215088
2015-05-03 10:00:00,1.9785432815551758
2015-05-03 11:00:00,1.935290277004242
2015-05-03 12:00:00,1.6558995246887207
2015-05-03 13:00:00,0.4500941038131714
2015-05-03 14:00:00,0.3357522487640381
2015-05-03 15:00:00,0.18529188632965088
2015-05-03 16:00:00,0.13765394687652588
2015-05-03 17:00:00,0.16860604286193848
2015-05-03 18:00:00,0.2646603584289551
2015-05-03 19:00:00,0.41227710247039795
2015-05-03 20:00:00,0.5276483297348022
2015-05-03 21:00:00,0.6614983081817627
2015-05-03 22:00:00,0.6858916357159615
2015-05-03 23:00:00,0.7354704886674881
2015-05-04 00:00:00,0.7703803032636642
2015-05-04 01:00:00,0.680605236440897
2015-05-04 02:00:00,1.079740732908249
2015-05-04 03:00:00,0.9406380727887154
2015-05-04 04:00:00,1.111693263053894
2015-05-04 05:00:00,1.0935876369476318
2015-05-04 06:00:00,1.2102033197879791
2015-05-04 07:00:00,1.430349439382553
2015-05-04 08:00:00,1.6515319496393204
2015-05-04 09:00:00,1.8057780265808105
2015-05-04 10:00:00,2.0256237983703613
2015-05-04 11:00:00,2.086296021938324
2015-05-04 12:00:00,1.856553077697754
2015-05-04 13:00:00,0.6325428485870361
2015-05-04 14:00:00,0.7318391799926758
2015-05-04 15:00:00,0.7802425622940063
2015-05-04 16:00:00,0.8757652044296265
2015-05-04 17:00:00,1.042471170425415
2015-05-04 18:00:00,1.218071699142456
2015-05-04 19:00:00,1.3300273418426514
2015-05-04 20:00:00,1.4128592014312744
2015-05-04 21:00:00,1.4613168239593506
2015-05-04 22:00:00,1.4351587295532227
2015-05-04 23:00:00,1.3726005554199219
2015-05-05 00:00:00,1.317047357559204
2015-05-05 01:00:00,1.122542381286621
2015-05-05 02:00:00,2.1077266335487366
2015-05-05 03:00:00,1.6591711044311523
2015-05-05 04:00:00,2.189704656600952
2015-05-05 05:00:00,2.4542174339294434
2015-05-05 06:00:00,2.633666515350342
2015-05-05 07:00:00,2.8483340740203857
2015-05-05 08:00:00,3.008042335510254
2015-05-05 09:00:00,3.121971368789673
2015-05-05 10:00:00,3.1329972743988037
2015-05-05 11:00:00,3.187419891357422
2015-05-05 12:00:00,2.826477527618408
2015-05-05 13:00:00,1.0927797555923462
2015-05-05 14:00:00,1.1280920505523682
2015-05-05 15:00:00,1.141005501151085
2015-05-05 16:00:00,1.2759182453155518
2015-05-05 17:00:00,1.414912223815918
2015-05-05 18:00:00,1.5534275770187378
2015-05-05 19:00:00,1.698858380317688
2015-05-05 20:00:00,1.8485372066497803
2015-05-05 21:00:00,1.9599786698818207
2015-05-05 22:00:00,1.7800483703613281
2015-05-05 23:00:00,1.6097216606140137
2015-05-06 00:00:00,1.4879307746887207
2015-05-06 01:00:00,1.4354361295700073
2015-05-06 02:00:00,2.7982897758483887
2015-05-06 03:00:00,2.0677604377269745
2015-05-06 04:00:00,2.826975107192993
2015-05-06 05:00:00,3.48878812789917
2015-05-06 06:00:00,3.9829787015914917
2015-05-06 07:00:00,4.635241985321045
2015-05-06 08:00:00,5.421018123626709
2015-05-06 09:00:00,6.194613456726074
2015-05-06 10:00:00,6.460702896118164
2015-05-06 11:00:00,6.495896816253662
2015-05-06 12:00:00,5.719968318939209
2015-05-06 13:00:00,3.2614006996154785
2015-05-06 14:00:00,2.6437957286834717
2015-05-06 15:00:00,2.9520821571350098
2015-05-06 16:00:00,3.6727697253227234
2015-05-06 17:00:00,4.1491230726242065
2015-05-06 18:00:00,4.1853203773498535
2015-05-06 19:00:00,3.848752021789551
2015-05-06 20:00:00,3.676028549671173
2015-05-06 21:00:00,3.1896777153015137
2015-05-06 22:00:00,2.3846023082733154
2015-05-06 23:00:00,2.046989917755127
2015-05-07 00:00:00,1.8420979976654053
2015-05-07 01:00:00,1.9771900177001953
2015-05-07 02:00:00,2.87021541595459
2015-05-07 03:00:00,2.0796661376953125
2015-05-07 04:00:00,4.164150714874268
2015-05-07 05:00:00,4.497225284576416
2015-05-07 06:00:00,4.476107537746429
2015-05-07 07:00:00,4.609850347042084
2015-05-07 08:00:00,4.818470001220703
2015-05-07 09:00:00,4.999138832092285
2015-05-07 10:00:00,4.893665313720703
2015-05-07 11:00:00,4.781948089599609
2015-05-07 12:00:00,4.326792776584625
2015-05-07 13:00:00,2.0691614151000977
2015-05-07 14:00:00,1.9422616958618164
2015-05-07 15:00:00,2.162421703338623
2015-05-07 16:00:00,2.659693717956543
2015-05-07 17:00:00,3.022017478942871
2015-05-07 18:00:00,3.0861310958862305
2015-05-07 19:00:00,2.9536476135253906
2015-05-07 20:00:00,2.863978147506714
2015-05-07 21:00:00,2.8833374977111816
2015-05-07 22:00:00,2.531872034072876
2015-05-07 23:00:00,2.3737637996673584
2015-05-08 00:00:00,2.196713924407959
2015-05-08 01:00:00,2.572887897491455
2015-05-08 02:00:00,3.589003086090088
2015-05-08 03:00:00,3.375049591064453
2015-05-08 04:00:00,3.827758312225342
2015-05-08 05:00:00,4.379644393920898
2015-05-08 06:00:00,4.44984245300293
2015-05-08 07:00:00,4.391584396362305
2015-05-08 08:00:00,4.319391250610352
2015-05-08 09:00:00,4.299937725067139
2015-05-08 10:00:00,4.2623472809791565
2015-05-08 11:00:00,4.150834083557129
2015-05-08 12:00:00,3.7994754910469055
2015-05-08 13:00:00,1.5934759378433228
2015-05-08 14:00:00,1.661966323852539
2015-05-08 15:00:00,1.9224822521209717
2015-05-08 16:00:00,2.2850444316864014
2015-05-08 17:00:00,2.4602770805358887
2015-05-08 18:00:00,2.2702858448028564
2015-05-08 19:00:00,2.0814924240112305
2015-05-08 20:00:00,1.950657844543457
2015-05-08 21:00:00,1.8336107730865479
2015-05-08 22:00:00,1.6594980955123901
2015-05-08 23:00:00,1.5672893524169922
2015-05-09 00:00:00,1.4821242094039917
2015-05-09 01:00:00,1.6803512573242188
2015-05-09 02:00:00,2.3528099060058594
2015-05-09 03:00:00,2.6599797904491425
2015-05-09 04:00:00,2.5573084354400635
2015-05-09 05:00:00,2.1733188331127167
2015-05-09 06:00:00,1.9985128045082092
2015-05-09 07:00:00,1.9685568809509277
2015-05-09 08:00:00,2.0655429363250732
2015-05-09 09:00:00,2.19573974609375
2015-05-09 10:00:00,2.354395866394043
2015-05-09 11:00:00,2.376837283372879
2015-05-09 12:00:00,2.237424373626709
2015-05-09 13:00:00,0.8351997882127762
2015-05-09 14:00:00,0.7683012560009956
2015-05-09 15:00:00,0.7832381725311279
2015-05-09 16:00:00,0.9366672039031982
2015-05-09 17:00:00,1.1937594711780548
2015-05-09 18:00:00,1.4244069904088974
2015-05-09 19:00:00,1.5094445943832397
2015-05-09 20:00:00,1.6065993309020996
2015-05-09 21:00:00,1.7138285636901855
2015-05-09 22:00:00,1.6181128025054932
2015-05-09 23:00:00,1.4431357383728027
2015-05-10 00:00:00,1.1629533767700195
2015-05-10 01:00:00,0.9544395208358765
2015-05-10 02:00:00,1.0285472944378853
2015-05-10 03:00:00,0.8342008888721466
2015-05-10 04:00:00,1.2913095951080322
2015-05-10 05:00:00,1.4603245258331299
2015-05-10 06:00:00,1.7901086807250977
2015-05-10 07:00:00,2.242337226867676
2015-05-10 08:00:00,2.588406562805176
2015-05-10 09:00:00,2.788213014602661
2015-05-10 10:00:00,2.967925786972046
2015-05-10 11:00:00,2.988098621368408
2015-05-10 12:00:00,2.9209229946136475
2015-05-10 13:00:00,1.257468581199646
2015-05-10 14:00:00,1.3631054162979126
2015-05-10 15:00:00,1.6378772258758545
2015-05-10 16:00:00,1.9147093296051025
2015-05-10 17:00:00,2.124648630619049
2015-05-10 18:00:00,2.2694512009620667
2015-05-10 19:00:00,2.4101829528808594
2015-05-10 20:00:00,2.5049290657043457
2015-05-10 21:00:00,2.575261116027832
2015-05-10 22:00:00,2.053769826889038
2015-05-10 23:00:00,1.5410044193267822
2015-05-11 00:00:00,1.1216354370117188
2015-05-11 01:00:00,0.7803123593330383
2015-05-11 02:00:00,1.0155820846557617
2015-05-11 03:00:00,-0.04691660404205322
2015-05-11 04:00:00,-0.4117497391998768
2015-05-11 05:00:00,-0.3780929446220398
2015-05-11 06:00:00,-0.0644388198852539
2015-05-11 07:00:00,0.4753013253211975
2015-05-11 08:00:00,1.076181411743164
2015-05-11 09:00:00,1.6834497451782227
2015-05-11 10:00:00,1.933321475982666
2015-05-11 11:00:00,2.0105812549591064
2015-05-11 12:00:00,1.919471263885498
2015-05-11 13:00:00,0.7787068486213684
2015-05-11 14:00:00,0.7302951812744141
2015-05-11 15:00:00,0.6729021072387695
2015-05-11 16:00:00,0.6764041185379028
2015-05-11 17:00:00,0.6832479238510132
2015-05-11 18:00:00,0.7580401301383972
2015-05-11 19:00:00,0.7996054887771606
2015-05-11 20:00:00,0.7546826004981995
2015-05-11 21:00:00,0.7028462886810303
2015-05-11 22:00:00,0.5918305516242981
2015-05-11 23:00:00,0.4734812378883362
2015-05-12 00:00:00,0.35830754041671753
2015-05-12 01:00:00,0.2283165454864502
2015-05-12 02:00:00,0.39902491867542267
2015-05-12 03:00:00,0.05410522222518921
2015-05-12 04:00:00,0.08440059423446655
2015-05-12 05:00:00,0.16664385795593262
2015-05-12 06:00:00,0.2503907084465027
2015-05-12 07:00:00,0.38203829526901245
2015-05-12 08:00:00,0.5543100833892822
2015-05-12 09:00:00,0.7419297248125076
2015-05-12 10:00:00,1.029387727379799
2015-05-12 11:00:00,1.3307037502527237
2015-05-12 12:00:00,1.5675721168518066
2015-05-12 13:00:00,1.5711190700531006
2015-05-12 14:00:00,0.7552603483200073
2015-05-12 15:00:00,0.792830228805542
2015-05-12 16:00:00,0.8606073260307312
2015-05-12 17:00:00,0.917249009013176
2015-05-12 18:00:00,0.9754018783569336
2015-05-12 19:00:00,1.029637336730957
2015-05-12 20:00:00,1.0656726360321045
2015-05-12 21:00:00,1.090899020433426
2015-05-12 22:00:00,1.027549386024475
2015-05-12 23:00:00,1.0079256296157837
2015-05-13 00:00:00,0.9920488595962524
2015-05-13 01:00:00,1.6792544424533844
2015-05-13 02:00:00,1.783461093902588
2015-05-13 03:00:00,0.7791267707943916
2015-05-13 04:00:00,1.1975049823522568
2015-05-13 05:00:00,1.4933342039585114
2015-05-13 06:00:00,1.7681953758001328
2015-05-13 07:00:00,2.100462406873703
2015-05-13 08:00:00,2.3898446559906006
2015-05-13 09:00:00,2.513676881790161
2015-05-13 10:00:00,2.0606563091278076
2015-05-13 11:00:00,1.6456525325775146
2015-05-13 12:00:00,1.3052805662155151
2015-05-13 13:00:00,0.8952783346176147
2015-05-13 14:00:00,0.37360167503356934
2015-05-13 15:00:00,0.2939072847366333
2015-05-13 16:00:00,0.38860756158828735
2015-05-13 17:00:00,0.5638201832771301
2015-05-13 18:00:00,0.7633501887321472
2015-05-13 19:00:00,0.8916765451431274
2015-05-13 20:00:00,0.9783027172088623
2015-05-13 21:00:00,1.038608431816101
2015-05-13 22:00:00,1.0450192391872406
2015-05-13 23:00:00,1.017173409461975
2015-05-14 00:00:00,0.9728327095508575
2015-05-14 01:00:00,1.0992772728204727
2015-05-14 02:00:00,1.8221628665924072
2015-05-14 03:00:00,1.794071912765503
2015-05-14 04:00:00,1.3518738746643066
2015-05-14 05:00:00,0.9840603321790695
2015-05-14 06:00:00,0.7920598983764648
2015-05-14 07:00:00,0.8016080856323242
2015-05-14 08:00:00,1.001921370625496
2015-05-14 09:00:00,1.3167295455932617
2015-05-14 10:00:00,1.7303012609481812
2015-05-14 11:00:00,2.1722676753997803
2015-05-14 12:00:00,2.4873054027557373
2015-05-14 13:00:00,2.4312100410461426
2015-05-14 14:00:00,1.0613162368535995
2015-05-14 15:00:00,1.1141003370285034
2015-05-14 16:00:00,1.2479504346847534
2015-05-14 17:00:00,1.3248121738433838
2015-05-14 18:00:00,1.36474609375
2015-05-14 19:00:00,1.3926557302474976
2015-05-14 20:00:00,1.3940894603729248
2015-05-14 21:00:00,1.3702759742736816
2015-05-14 22:00:00,1.2971563339233398
2015-05-14 23:00:00,1.2699179649353027
2015-05-15 00:00:00,1.263849139213562
2015-05-15 01:00:00,2.1754178404808044
2015-05-15 02:00:00,2.6657044887542725
2015-05-15 03:00:00,2.9623959064483643
2015-05-15 04:00:00,2.839090347290039
2015-05-15 05:00:00,2.8798751831054688
2015-05-15 06:00:00,3.028808832168579
2015-05-15 07:00:00,3.2617011070251465
2015-05-15 08:00:00,3.5284860134124756
2015-05-15 09:00:00,3.8243117332458496
2015-05-15 10:00:00,3.8601555824279785
2015-05-15 11:00:00,3.674677610397339
2015-05-15 12:00:00,3.2883198261260986
2015-05-15 13:00:00,2.5044074058532715
2015-05-15 14:00:00,0.8603013753890991
2015-05-15 15:00:00,0.657089114189148
2015-05-15 16:00:00,0.48661911487579346
2015-05-15 17:00:00,0.31807535886764526
2015-05-15 18:00:00,0.24267607554793358
2015-05-15 19:00:00,0.2271181154064834
2015-05-15 20:00:00,0.2932847887277603
2015-05-15 21:00:00,0.38617265224456787
2015-05-15 22:00:00,0.3973437398672104
2015-05-15 23:00:00,0.39692825078964233
2015-05-16 00:00:00,0.32038766145706177
2015-05-16 01:00:00,0.1030072569847107
2015-05-16 02:00:00,-0.10602998733520508
2015-05-16 03:00:00,-0.6483113318681717
2015-05-16 04:00:00,-0.5452208518981934
2015-05-16 05:00:00,0.0686526894569397
2015-05-16 06:00:00,0.8087040930986404
2015-05-16 07:00:00,1.3458731174468994
2015-05-16 08:00:00,1.7810044288635254
2015-05-16 09:00:00,2.1359877586364746
2015-05-16 10:00:00,2.213515281677246
2015-05-16 11:00:00,2.0591835975646973
2015-05-16 12:00:00,1.8336996138095856
2015-05-16 13:00:00,0.9983346462249756
2015-05-16 14:00:00,0.5514675378799438
2015-05-16 15:00:00,0.45876967906951904
2015-05-16 16:00:00,0.3441518545150757
2015-05-16 17:00:00,0.22323977947235107
2015-05-16 18:00:00,0.16967153549194336
2015-05-16 19:00:00,0.13893699645996094
2015-05-16 20:00:00,0.0857231616973877
2015-05-16 21:00:00,-0.04177367687225342
2015-05-16 22:00:00,-0.13562679290771484
2015-05-16 23:00:00,-0.20487618446350098
2015-05-17 00:00:00,-0.2492343783378601
2015-05-17 01:00:00,-0.22475802898406982
2015-05-17 02:00:00,-0.4475826621055603
2015-05-17 03:00:00,-0.6322226449847221
2015-05-17 04:00:00,-0.33699536323547363
2015-05-17 05:00:00,0.0023359060287475586
2015-05-17 06:00:00,0.5103180408477783
2015-05-17 07:00:00,1.2100982666015625
2015-05-17 08:00:00,2.0341508388519287
2015-05-17 09:00:00,2.4914045333862305
2015-05-17 10:00:00,2.4672672748565674
2015-05-17 11:00:00,2.3314249515533447
2015-05-17 12:00:00,2.1575465202331543
2015-05-17 13:00:00,0.9021997451782227
2015-05-17 14:00:00,0.4217419847846031
2015-05-17 15:00:00,0.054897308349609375
2015-05-17 16:00:00,-0.2548358738422394
2015-05-17 17:00:00,-0.5084297060966492
2015-05-17 18:00:00,-0.7231509685516357
2015-05-17 19:00:00,-0.8321878463029861
2015-05-17 20:00:00,-0.8188128471374512
2015-05-17 21:00:00,-0.6917446255683899
2015-05-17 22:00:00,-0.636560320854187
2015-05-17 23:00:00,-0.5584027767181396
2015-05-18 00:00:00,-0.47504234313964844
2015-05-18 01:00:00,-0.3802940845489502
2015-05-18 02:00:00,-0.606985867023468
2015-05-18 03:00:00,-0.4816303700208664
2015-05-18 04:00:00,-0.01711273193359375
2015-05-18 05:00:00,0.3789573311805725
2015-05-18 06:00:00,0.6863820552825928
2015-05-18 07:00:00,0.9104825258255005
2015-05-18 08:00:00,1.0423274040222168
2015-05-18 09:00:00,1.107898235321045
2015-05-18 10:00:00,1.3869194984436035
2015-05-18 11:00:00,1.585134506225586
2015-05-18 12:00:00,1.6368024349212646
2015-05-18 13:00:00,0.49244606494903564
2015-05-18 14:00:00,0.6006274074316025
2015-05-18 15:00:00,0.42701469361782074
2015-05-18 16:00:00,0.4192340523004532
2015-05-18 17:00:00,0.5035963654518127
2015-05-18 18:00:00,0.6494815349578857
2015-05-18 19:00:00,0.8050147294998169
2015-05-18 20:00:00,0.9097013473510742
2015-05-18 21:00:00,0.9757400751113892
2015-05-18 22:00:00,0.9953007847070694
2015-05-18 23:00:00,0.9962404072284698
2015-05-19 00:00:00,0.9910955429077148
2015-05-19 01:00:00,0.8194302916526794
2015-05-19 02:00:00,1.6638051569461823
2015-05-19 03:00:00,1.6984005868434906
2015-05-19 04:00:00,2.087068557739258
2015-05-19 05:00:00,2.2208106219768524
2015-05-19 06:00:00,2.402585506439209
2015-05-19 07:00:00,2.6040921211242676
2015-05-19 08:00:00,2.88138747215271
2015-05-19 09:00:00,3.224045991897583
2015-05-19 10:00:00,3.7040772438049316
2015-05-19 11:00:00,4.1313982009887695
2015-05-19 12:00:00,4.331207275390625
2015-05-19 13:00:00,3.487316608428955
2015-05-19 14:00:00,2.614467144012451
2015-05-19 15:00:00,3.125277280807495
2015-05-19 16:00:00,3.2803750038146973
2015-05-19 17:00:00,3.236013889312744
2015-05-19 18:00:00,3.1754865646362305
2015-05-19 19:00:00,3.0376391410827637
2015-05-19 20:00:00,2.7601163387298584
2015-05-19 21:00:00,2.540393590927124
2015-05-19 22:00:00,1.974334955215454
2015-05-19 23:00:00,1.8029307126998901
2015-05-20 00:00:00,1.8199658393859863
2015-05-20 01:00:00,2.9177958965301514
2015-05-20 02:00:00,3.616875648498535
2015-05-20 03:00:00,4.511125087738037
2015-05-20 04:00:00,4.6293816566467285
2015-05-20 05:00:00,4.544579029083252
2015-05-20 06:00:00,4.560983180999756
2015-05-20 07:00:00,4.706373691558838
2015-05-20 08:00:00,4.983950614929199
2015-05-20 09:00:00,5.349455833435059
2015-05-20 10:00:00,5.715019226074219
2015-05-20 11:00:00,5.871880054473877
2015-05-20 12:00:00,5.719155311584473
2015-05-20 13:00:00,4.300955712795258
2015-05-20 14:00:00,2.6732301712036133
2015-05-20 15:00:00,3.054293155670166
2015-05-20 16:00:00,3.6325809955596924
2015-05-20 17:00:00,4.028441905975342
2015-05-20 18:00:00,4.184567928314209
2015-05-20 19:00:00,4.20869243144989
2015-05-20 20:00:00,4.153890013694763
2015-05-20 21:00:00,4.066568493843079
2015-05-20 22:00:00,3.4198484420776367
2015-05-20 23:00:00,3.0159411430358887
2015-05-21 00:00:00,2.7135472297668457
2015-05-21 01:00:00,3.6758244037628174
2015-05-21 02:00:00,3.9398163557052612
2015-05-21 03:00:00,3.8091373443603516
2015-05-21 04:00:00,4.613935947418213
2015-05-21 05:00:00,4.431304931640625
2015-05-21 06:00:00,4.375821590423584
2015-05-21 07:00:00,4.4956464767456055
2015-05-21 08:00:00,4.71028470993042
2015-05-21 09:00:00,4.914897918701172
2015-05-21 10:00:00,5.246832847595215
2015-05-21 11:00:00,5.367885112762451
2015-05-21 12:00:00,5.2483086585998535
2015-05-21 13:00:00,3.882732391357422
2015-05-21 14:00:00,2.3254714012145996
2015-05-21 15:00:00,2.4971330165863037
2015-05-21 16:00:00,2.720381498336792
2015-05-21 17:00:00,2.9154553413391113
2015-05-21 18:00:00,3.0622804164886475
2015-05-21 19:00:00,3.1471214294433594
2015-05-21 20:00:00,3.1920766830444336
2015-05-21 21:00:00,3.2152247428894043
2015-05-21 22:00:00,2.662525177001953
2015-05-21 23:00:00,2.327108383178711
2015-05-22 00:00:00,2.1178650856018066
2015-05-22 01:00:00,2.761350631713867
2015-05-22 02:00:00,3.7233798503875732
2015-05-22 03:00:00,3.973957896232605
2015-05-22 04:00:00,4.7497639656066895
2015-05-22 05:00:00,4.7872314453125
2015-05-22 06:00:00,4.8481292724609375
2015-05-22 07:00:00,4.96138334274292
2015-05-22 08:00:00,5.086557865142822
2015-05-22 09:00:00,5.221226215362549
2015-05-22 10:00:00,5.407658100128174
2015-05-22 11:00:00,5.429905891418457
2015-05-22 12:00:00,5.234665870666504
2015-05-22 13:00:00,3.7962584495544434
2015-05-22 14:00:00,2.2245936393737793
2015-05-22 15:00:00,2.329237699508667
2015-05-22 16:00:00,2.411115884780884
2015-05-22 17:00:00,2.474897861480713
2015-05-22 18:00:00,2.5633432865142822
2015-05-22 19:00:00,2.7079713344573975
2015-05-22 20:00:00,2.9061176776885986
2015-05-22 21:00:00,3.0654406547546387
2015-05-22 22:00:00,2.7290549278259277
2015-05-22 23:00:00,2.582037925720215
2015-05-23 00:00:00,2.599614143371582
2015-05-23 01:00:00,3.8874764442443848
2015-05-23 02:00:00,4.359700620174408
2015-05-23 03:00:00,4.2511168122291565
2015-05-23 04:00:00,5.677621841430664
2015-05-23 05:00:00,5.788447380065918
2015-05-23 06:00:00,5.8511762619018555
2015-05-23 07:00:00,5.94736909866333
2015-05-23 08:00:00,6.114737033843994
2015-05-23 09:00:00,6.3230509757995605
2015-05-23 10:00:00,6.3834547996521
2015-05-23 11:00:00,6.277436256408691
2015-05-23 12:00:00,5.974774360656738
2015-05-23 13:00:00,4.2877020835876465
2015-05-23 14:00:00,2.5272979736328125
2015-05-23 15:00:00,2.6836636066436768
2015-05-23 16:00:00,2.7720494270324707
2015-05-23 17:00:00,2.8117434978485107
2015-05-23 18:00:00,2.827291965484619
2015-05-23 19:00:00,2.855266571044922
2015-05-23 20:00:00,2.7736661434173584
2015-05-23 21:00:00,2.5861988067626953
2015-05-23 22:00:00,1.8713033199310303
2015-05-23 23:00:00,1.4146143198013306
2015-05-24 00:00:00,1.1363372802734375
2015-05-24 01:00:00,0.687039315700531
2015-05-24 02:00:00,0.32671497762203217
2015-05-24 03:00:00,-0.9689788818359375
2015-05-24 04:00:00,-0.22695499658584595
2015-05-24 05:00:00,0.6071636080741882
2015-05-24 06:00:00,1.068223237991333
2015-05-24 07:00:00,1.615740180015564
2015-05-24 08:00:00,2.2221643924713135
2015-05-24 09:00:00,2.850834369659424
2015-05-24 10:00:00,3.6021718978881836
2015-05-24 11:00:00,4.285533905029297
2015-05-24 12:00:00,4.8661985993385315
2015-05-24 13:00:00,4.185983180999756
2015-05-24 14:00:00,3.3722527027130127
2015-05-24 15:00:00,3.7716026306152344
2015-05-24 16:00:00,3.3837491869926453
2015-05-24 17:00:00,2.9224390983581543
2015-05-24 18:00:00,2.5548465251922607
2015-05-24 19:00:00,2.3072400093078613
2015-05-24 20:00:00,2.184638500213623
2015-05-24 21:00:00,2.1196954250335693
2015-05-24 22:00:00,1.9180054664611816
2015-05-24 23:00:00,1.7785065174102783
2015-05-25 00:00:00,1.6020934581756592
2015-05-25 01:00:00,1.9014620780944824
2015-05-25 02:00:00,2.4190585613250732
2015-05-25 03:00:00,1.8534951210021973
2015-05-25 04:00:00,1.811114877462387
2015-05-25 05:00:00,1.751971811056137
2015-05-25 06:00:00,2.377629041671753
2015-05-25 07:00:00,3.1801648139953613
2015-05-25 08:00:00,3.989958882331848
2015-05-25 09:00:00,4.680660665035248
2015-05-25 10:00:00,5.080835342407227
2015-05-25 11:00:00,5.263731002807617
2015-05-25 12:00:00,5.138070583343506
2015-05-25 13:00:00,3.4623072147369385
2015-05-25 14:00:00,1.9187940657138824
2015-05-25 15:00:00,1.7492425441741943
2015-05-25 16:00:00,1.6859086751937866
2015-05-25 17:00:00,1.8303883075714111
2015-05-25 18:00:00,2.1853277683258057
2015-05-25 19:00:00,2.523559331893921
2015-05-25 20:00:00,2.6774368286132812
2015-05-25 21:00:00,2.680291175842285
2015-05-25 22:00:00,2.2926428020000458
2015-05-25 23:00:00,2.0151367783546448
2015-05-26 00:00:00,1.7384542524814606
2015-05-26 01:00:00,2.3062939643859863
2015-05-26 02:00:00,2.121824011206627
2015-05-26 03:00:00,1.9033026583492756
2015-05-26 04:00:00,3.6092115938663483
2015-05-26 05:00:00,4.043682217597961
2015-05-26 06:00:00,4.207368850708008
2015-05-26 07:00:00,4.460793435573578
2015-05-26 08:00:00,4.987931728363037
2015-05-26 09:00:00,5.9850172996521
2015-05-26 10:00:00,7.0711692571640015
2015-05-26 11:00:00,7.609021186828613
2015-05-26 12:00:00,7.35971212387085
2015-05-26 13:00:00,5.530081748962402
2015-05-26 14:00:00,2.920663833618164
2015-05-26 15:00:00,2.7834699153900146
2015-05-26 16:00:00,3.0295958518981934
2015-05-26 17:00:00,3.4237401485443115
2015-05-26 18:00:00,3.2885847091674805
2015-05-26 19:00:00,2.6743762493133545
2015-05-26 20:00:00,2.0071160793304443
2015-05-26 21:00:00,1.6705823838710785
2015-05-26 22:00:00,1.4154192209243774
2015-05-26 23:00:00,1.2852652072906494
2015-05-27 00:00:00,1.2261098623275757
2015-05-27 01:00:00,1.3705418109893799
2015-05-27 02:00:00,2.3671300411224365
2015-05-27 03:00:00,2.1439740657806396
2015-05-27 04:00:00,3.270277500152588
2015-05-27 05:00:00,3.393637180328369
2015-05-27 06:00:00,3.595083236694336
2015-05-27 07:00:00,3.9716105461120605
2015-05-27 08:00:00,4.3669023513793945
2015-05-27 09:00:00,4.68095064163208
2015-05-27 10:00:00,4.8241143226623535
2015-05-27 11:00:00,4.902133941650391
2015-05-27 12:00:00,4.771500587463379
2015-05-27 13:00:00,2.9816393852233887
2015-05-27 14:00:00,1.9321836233139038
2015-05-27 15:00:00,1.9825360774993896
2015-05-27 16:00:00,2.1405951976776123
2015-05-27 17:00:00,2.2568764686584473
2015-05-27 18:00:00,2.316647529602051
2015-05-27 19:00:00,2.325200080871582
2015-05-27 20:00:00,2.3142385482788086
2015-05-27 21:00:00,2.178189754486084
2015-05-27 22:00:00,1.7583619356155396
2015-05-27 23:00:00,1.5925071239471436
2015-05-28 00:00:00,1.423795223236084
2015-05-28 01:00:00,1.5701006650924683
2015-05-28 02:00:00,2.994656801223755
2015-05-28 03:00:00,2.9032206535339355
2015-05-28 04:00:00,3.404749870300293
2015-05-28 05:00:00,2.9927611351013184
2015-05-28 06:00:00,2.6495347023010254
2015-05-28 07:00:00,2.4672107696533203
2015-05-28 08:00:00,2.4794931411743164
2015-05-28 09:00:00,2.5790493488311768
2015-05-28 10:00:00,3.2832651138305664
2015-05-28 11:00:00,3.67610764503479
2015-05-28 12:00:00,3.794588804244995
2015-05-28 13:00:00,2.3829307556152344
2015-05-28 14:00:00,1.780813604593277
2015-05-28 15:00:00,2.18841290473938
2015-05-28 16:00:00,2.5964841842651367
2015-05-28 17:00:00,2.9432711601257324
2015-05-28 18:00:00,3.1281967163085938
2015-05-28 19:00:00,3.145700216293335
2015-05-28 20:00:00,2.9381895065307617
2015-05-28 21:00:00,2.705471992492676
2015-05-28 22:00:00,2.0337233543395996
2015-05-28 23:00:00,1.6724574565887451
2015-05-29 00:00:00,1.4638030529022217
2015-05-29 01:00:00,2.7262368202209473
2015-05-29 02:00:00,2.6827290058135986
2015-05-29 03:00:00,2.6743252277374268
2015-05-29 04:00:00,2.5431694984436035
2015-05-29 05:00:00,2.4268784523010254
2015-05-29 06:00:00,2.509403944015503
2015-05-29 07:00:00,2.7648162841796875
2015-05-29 08:00:00,3.1231040954589844
2015-05-29 09:00:00,3.545621871948242
2015-05-29 10:00:00,3.815048038959503
2015-05-29 11:00:00,4.0374356508255005
2015-05-29 12:00:00,4.125860691070557
2015-05-29 13:00:00,3.686305522918701
2015-05-29 14:00:00,1.9832821488380432
2015-05-29 15:00:00,2.381598472595215
2015-05-29 16:00:00,3.0079774856567383
2015-05-29 17:00:00,3.386870861053467
2015-05-29 18:00:00,3.4962873458862305
2015-05-29 19:00:00,3.4003677368164062
2015-05-29 20:00:00,3.2477526664733887
2015-05-29 21:00:00,3.135807752609253
2015-05-29 22:00:00,2.2886335849761963
2015-05-29 23:00:00,1.8168690204620361
2015-05-30 00:00:00,1.667580246925354
2015-05-30 01:00:00,3.0757946968078613
2015-05-30 02:00:00,2.835408926010132
2015-05-30 03:00:00,2.5363996028900146
2015-05-30 04:00:00,2.4125494956970215
2015-05-30 05:00:00,2.527627468109131
2015-05-30 06:00:00,2.6967592239379883
2015-05-30 07:00:00,2.9692115783691406
2015-05-30 08:00:00,3.327162742614746
2015-05-30 09:00:00,3.688930034637451
2015-05-30 10:00:00,4.062552452087402
2015-05-30 11:00:00,4.303422927856445
2015-05-30 12:00:00,4.362667083740234
2015-05-30 13:00:00,3.9708253145217896
2015-05-30 14:00:00,1.8661348819732666
2015-05-30 15:00:00,2.0213098526000977
2015-05-30 16:00:00,2.2917165756225586
2015-05-30 17:00:00,2.515082597732544
2015-05-30 18:00:00,2.6580705642700195
2015-05-30 19:00:00,2.6803903579711914
2015-05-30 20:00:00,2.5679690837860107
2015-05-30 21:00:00,2.393941879272461
2015-05-30 22:00:00,1.8940695822238922
2015-05-30 23:00:00,1.6054803133010864
2015-05-31 00:00:00,1.411651372909546
2015-05-31 01:00:00,2.554286003112793
2015-05-31 02:00:00,2.61244535446167
2015-05-31 03:00:00,2.638704299926758
2015-05-31 04:00:00,2.7871360778808594
2015-05-31 05:00:00,2.966524600982666
2015-05-31 06:00:00,3.0793561935424805
2015-05-31 07:00:00,3.2241086959838867
2015-05-31 08:00:00,3.505856692790985
2015-05-31 09:00:00,3.8949337005615234
2015-05-31 10:00:00,3.9211487770080566
2015-05-31 11:00:00,3.8546981811523438
2015-05-31 12:00:00,3.6888065338134766
2015-05-31 13:00:00,3.156437397003174
2015-05-31 14:00:00,1.266461968421936
2015-05-31 15:00:00,1.1883518695831299
2015-05-31 16:00:00,1.1717981100082397
2015-05-31 17:00:00,1.1247529983520508
2015-05-31 18:00:00,1.069211944937706
2015-05-31 19:00:00,1.0032273530960083
2015-05-31 20:00:00,0.933820441365242
2015-05-31 21:00:00,0.8675370812416077
2015-05-31 22:00:00,0.7501760721206665
2015-05-31 23:00:00,0.5855464413762093
2015-06-01 00:00:00,0.37885382771492004
2015-06-01 01:00:00,0.1271556317806244
2015-06-01 02:00:00,-0.10634853690862656
2015-06-01 03:00:00,-0.9152033030986786
2015-06-01 04:00:00,-0.2601994276046753
2015-06-01 05:00:00,0.7209439724683762
2015-06-01 06:00:00,1.5767765045166016
2015-06-01 07:00:00,2.2784440517425537
2015-06-01 08:00:00,2.840514659881592
2015-06-01 09:00:00,3.2353358268737793
2015-06-01 10:00:00,2.660287618637085
2015-06-01 11:00:00,1.9409685134887695
2015-06-01 12:00:00,1.0571984350681305
2015-06-01 13:00:00,-0.1787090301513672
2015-06-01 14:00:00,-0.8185274600982666
2015-06-01 15:00:00,-1.176150918006897
2015-06-01 16:00:00,-0.36767542362213135
2015-06-01 17:00:00,1.7561573386192322
2015-06-01 18:00:00,1.6141443103551865
2015-06-01 19:00:00,-0.11269046366214752
2015-06-01 20:00:00,-0.5514364242553711
2015-06-01 21:00:00,-0.34002235531806946
2015-06-01 22:00:00,-0.9462541341781616
2015-06-01 23:00:00,-1.0011627674102783
2015-06-02 00:00:00,-0.6695765182375908
2015-06-02 01:00:00,-1.7515227794647217
2015-06-02 02:00:00,-1.7626898288726807
2015-06-02 03:00:00,-1.3589943647384644
2015-06-02 04:00:00,-0.2255725860595703
2015-06-02 05:00:00,0.4764608144760132
2015-06-02 06:00:00,0.817106369882822
2015-06-02 07:00:00,1.1077877283096313
2015-06-02 08:00:00,1.3533223867416382
2015-06-02 09:00:00,1.4909248352050781
2015-06-02 10:00:00,1.4123566150665283
2015-06-02 11:00:00,1.4220300912857056
2015-06-02 12:00:00,1.3748855590820312
2015-06-02 13:00:00,1.1329939365386963
2015-06-02 14:00:00,0.386952742934227
2015-06-02 15:00:00,0.12760233879089355
2015-06-02 16:00:00,0.20892071723937988
2015-06-02 17:00:00,0.34984397888183594
2015-06-02 18:00:00,0.5420929938554764
2015-06-02 19:00:00,0.8439861536026001
2015-06-02 20:00:00,1.0548362731933594
2015-06-02 21:00:00,1.0103243589401245
2015-06-02 22:00:00,0.7771450281143188
2015-06-02 23:00:00,0.5973925590515137
2015-06-03 00:00:00,0.4803839921951294
2015-06-03 01:00:00,0.8228460550308228
2015-06-03 02:00:00,0.7146971225738525
2015-06-03 03:00:00,0.2822622060775757
2015-06-03 04:00:00,-0.5412397384643555
2015-06-03 05:00:00,-0.852599024772644
2015-06-03 06:00:00,-0.8785948753356934
2015-06-03 07:00:00,-0.8003067970275879
2015-06-03 08:00:00,-0.667512059211731
2015-06-03 09:00:00,-0.4973595142364502
2015-06-03 10:00:00,-0.4518575668334961
2015-06-03 11:00:00,-0.1869502067565918
2015-06-03 12:00:00,0.2251516580581665
2015-06-03 13:00:00,0.7033636569976807
2015-06-03 14:00:00,0.577782392501831
2015-06-03 15:00:00,0.6356786489486694
2015-06-03 16:00:00,0.7416143417358398
2015-06-03 17:00:00,0.810876727104187
2015-06-03 18:00:00,0.8539900779724121
2015-06-03 19:00:00,0.8683294057846069
2015-06-03 20:00:00,0.9059610366821289
2015-06-03 21:00:00,1.0639925003051758
2015-06-03 22:00:00,1.1159346103668213
2015-06-03 23:00:00,1.2357484102249146
2015-06-04 00:00:00,1.3743829727172852
2015-06-04 01:00:00,2.2262043952941895
2015-06-04 02:00:00,2.1964011192321777
2015-06-04 03:00:00,1.985952377319336
2015-06-04 04:00:00,1.2942606210708618
2015-06-04 05:00:00,0.5690034031867981
2015-06-04 06:00:00,0.044421255588531494
2015-06-04 07:00:00,-0.19957023859024048
2015-06-04 08:00:00,-0.1647009253501892
2015-06-04 09:00:00,0.008684694766998291
2015-06-04 10:00:00,0.15407216548919678
2015-06-04 11:00:00,0.455139696598053
2015-06-04 12:00:00,0.7702195048332214
2015-06-04 13:00:00,1.0676991790533066
2015-06-04 14:00:00,0.7729575634002686
2015-06-04 15:00:00,1.062594160437584
2015-06-04 16:00:00,1.28407883644104
2015-06-04 17:00:00,1.4138438701629639
2015-06-04 18:00:00,1.495389848947525
2015-06-04 19:00:00,1.539644256234169
2015-06-04 20:00:00,1.5607721656560898
2015-06-04 21:00:00,1.5347521305084229
2015-06-04 22:00:00,1.2212524563074112
2015-06-04 23:00:00,0.9758308231830597
2015-06-05 00:00:00,0.7775751352310181
2015-06-05 01:00:00,1.470646619796753
2015-06-05 02:00:00,1.369638442993164
2015-06-05 03:00:00,1.0751758813858032
2015-06-05 04:00:00,1.287198781967163
2015-06-05 05:00:00,1.667916178703308
2015-06-05 06:00:00,2.047353684902191
2015-06-05 07:00:00,2.4008076190948486
2015-06-05 08:00:00,2.740103244781494
2015-06-05 09:00:00,3.038686752319336
2015-06-05 10:00:00,3.1884403228759766
2015-06-05 11:00:00,3.265665054321289
2015-06-05 12:00:00,3.2148685455322266
2015-06-05 13:00:00,2.890204668045044
2015-06-05 14:00:00,1.1955784559249878
2015-06-05 15:00:00,1.3371148109436035
2015-06-05 16:00:00,1.611647367477417
2015-06-05 17:00:00,1.9031546115875244
2015-06-05 18:00:00,2.191767632961273
2015-06-05 19:00:00,2.441164940595627
2015-06-05 20:00:00,2.4686779975891113
2015-06-05 21:00:00,2.292478561401367
2015-06-05 22:00:00,1.8405562341213226
2015-06-05 23:00:00,1.5647929906845093
2015-06-06 00:00:00,1.4050366878509521
2015-06-06 01:00:00,2.861274003982544
2015-06-06 02:00:00,2.727200508117676
2015-06-06 03:00:00,1.8283119201660156
2015-06-06 04:00:00,1.7537344992160797
2015-06-06 05:00:00,1.9123930931091309
2015-06-06 06:00:00,2.215235263109207
2015-06-06 07:00:00,2.548807144165039
2015-06-06 08:00:00,2.8759608268737793
2015-06-06 09:00:00,3.1990609169006348
2015-06-06 10:00:00,3.1816558837890625
2015-06-06 11:00:00,3.199122905731201
2015-06-06 12:00:00,3.1671648025512695
2015-06-06 13:00:00,2.897487163543701
2015-06-06 14:00:00,1.2763333320617676
2015-06-06 15:00:00,1.3077229261398315
2015-06-06 16:00:00,1.356139063835144
2015-06-06 17:00:00,1.3623645305633545
2015-06-06 18:00:00,1.3516165018081665
2015-06-06 19:00:00,1.3360295295715332
2015-06-06 20:00:00,1.3277151584625244
2015-06-06 21:00:00,1.319421410560608
2015-06-06 22:00:00,1.2481715679168701
2015-06-06 23:00:00,1.20534348487854
2015-06-07 00:00:00,1.195090889930725
2015-06-07 01:00:00,1.8978989124298096
2015-06-07 02:00:00,2.4019126892089844
2015-06-07 03:00:00,2.0830721855163574
2015-06-07 04:00:00,2.376920461654663
2015-06-07 05:00:00,2.8130130767822266
2015-06-07 06:00:00,3.2542316913604736
2015-06-07 07:00:00,3.663877010345459
2015-06-07 08:00:00,4.073885083198547
2015-06-07 09:00:00,4.445516586303711
2015-06-07 10:00:00,4.358394145965576
2015-06-07 11:00:00,4.234797477722168
2015-06-07 12:00:00,4.019089221954346
2015-06-07 13:00:00,3.39731764793396
2015-06-07 14:00:00,1.3223055601119995
2015-06-07 15:00:00,1.2574326992034912
2015-06-07 16:00:00,1.2799038887023926
2015-06-07 17:00:00,1.2764816284179688
2015-06-07 18:00:00,1.2601672410964966
2015-06-07 19:00:00,1.233620285987854
2015-06-07 20:00:00,1.2155824899673462
2015-06-07 21:00:00,1.2132606506347656
2015-06-07 22:00:00,1.0879226922988892
2015-06-07 23:00:00,0.9945058822631836
2015-06-08 00:00:00,0.9258103370666504
2015-06-08 01:00:00,0.776244044303894
2015-06-08 02:00:00,1.594747543334961
2015-06-08 03:00:00,1.24653959274292
2015-06-08 04:00:00,1.9732518196105957
2015-06-08 05:00:00,2.8280770778656006
2015-06-08 06:00:00,3.520925283432007
2015-06-08 07:00:00,4.068694114685059
2015-06-08 08:00:00,4.515608310699463
2015-06-08 09:00:00,4.86025333404541
2015-06-08 10:00:00,4.691277980804443
2015-06-08 11:00:00,4.570118427276611
2015-06-08 12:00:00,4.402858734130859
2015-06-08 13:00:00,3.4750852584838867
2015-06-08 14:00:00,1.747207522392273
2015-06-08 15:00:00,1.910984754562378
2015-06-08 16:00:00,2.1036667823791504
2015-06-08 17:00:00,2.3258748054504395
2015-06-08 18:00:00,2.523683786392212
2015-06-08 19:00:00,2.6851301193237305
2015-06-08 20:00:00,2.7708075046539307
2015-06-08 21:00:00,2.8751916885375977
2015-06-08 22:00:00,2.673027753829956
2015-06-08 23:00:00,2.3325753211975098
2015-06-09 00:00:00,2.032939374446869
2015-06-09 01:00:00,3.15032958984375
2015-06-09 02:00:00,3.093996047973633
2015-06-09 03:00:00,3.4583730697631836
2015-06-09 04:00:00,3.5391815304756165
2015-06-09 05:00:00,3.859086513519287
2015-06-09 06:00:00,4.303025722503662
2015-06-09 07:00:00,4.7965922355651855
2015-06-09 08:00:00,5.277382850646973
2015-06-09 09:00:00,5.706729888916016
2015-06-09 10:00:00,6.064382553100586
2015-06-09 11:00:00,6.3320722579956055
2015-06-09 12:00:00,6.3796257972717285
2015-06-09 13:00:00,5.968403339385986
2015-06-09 14:00:00,4.483650207519531
2015-06-09 15:00:00,4.741152286529541
2015-06-09 16:00:00,4.888434886932373
2015-06-09 17:00:00,4.864388465881348
2015-06-09 18:00:00,5.368081569671631
2015-06-09 19:00:00,5.723931789398193
2015-06-09 20:00:00,5.956120491027832
2015-06-09 21:00:00,5.772982120513916
2015-06-09 22:00:00,5.303716659545898
2015-06-09 23:00:00,4.886833190917969
2015-06-10 00:00:00,4.511856555938721
2015-06-10 01:00:00,4.86100435256958
2015-06-10 02:00:00,6.434235572814941
2015-06-10 03:00:00,6.26226806640625
2015-06-10 04:00:00,6.02966833114624
2015-06-10 05:00:00,5.841641902923584
2015-06-10 06:00:00,5.773253917694092
2015-06-10 07:00:00,5.856921195983887
2015-06-10 08:00:00,6.068505764007568
2015-06-10 09:00:00,6.397496223449707
2015-06-10 10:00:00,6.631482124328613
2015-06-10 11:00:00,6.6500749588012695
2015-06-10 12:00:00,6.445184230804443
2015-06-10 13:00:00,5.87794828414917
2015-06-10 14:00:00,4.437009334564209
2015-06-10 15:00:00,3.5458810329437256
2015-06-10 16:00:00,3.726520299911499
2015-06-10 17:00:00,4.043869972229004
2015-06-10 18:00:00,4.230629920959473
2015-06-10 19:00:00,4.244754791259766
2015-06-10 20:00:00,4.099571704864502
2015-06-10 21:00:00,4.0880446434021
2015-06-10 22:00:00,3.535670757293701
2015-06-10 23:00:00,3.280287265777588
2015-06-11 00:00:00,2.867465019226074
2015-06-11 01:00:00,3.4221768379211426
2015-06-11 02:00:00,3.6312899589538574
2015-06-11 03:00:00,3.1378579139709473
2015-06-11 04:00:00,3.525477886199951
2015-06-11 05:00:00,4.07056337594986
2015-06-11 06:00:00,4.688692092895508
2015-06-11 07:00:00,5.220624923706055
2015-06-11 08:00:00,5.650356292724609
2015-06-11 09:00:00,6.011582851409912
2015-06-11 10:00:00,6.103323936462402
2015-06-11 11:00:00,6.162446022033691
2015-06-11 12:00:00,6.133639335632324
2015-06-11 13:00:00,5.847728252410889
2015-06-11 14:00:00,4.621744632720947
2015-06-11 15:00:00,4.211231231689453
2015-06-11 16:00:00,4.107383728027344
2015-06-11 17:00:00,4.087593078613281
2015-06-11 18:00:00,4.087577700614929
2015-06-11 19:00:00,3.869982957839966
2015-06-11 20:00:00,3.912832260131836
2015-06-11 21:00:00,4.023274302482605
2015-06-11 22:00:00,3.7836742401123047
2015-06-11 23:00:00,3.793905735015869
2015-06-12 00:00:00,3.8039982318878174
2015-06-12 01:00:00,4.746828556060791
2015-06-12 02:00:00,5.531472682952881
2015-06-12 03:00:00,4.853806972503662
2015-06-12 04:00:00,4.235969126224518
2015-06-12 05:00:00,3.851692497730255
2015-06-12 06:00:00,3.7336332201957703
2015-06-12 07:00:00,3.8429406881332397
2015-06-12 08:00:00,4.0900799036026
2015-06-12 09:00:00,4.4178314208984375
2015-06-12 10:00:00,4.602141380310059
2015-06-12 11:00:00,4.756645202636719
2015-06-12 12:00:00,4.750146389007568
2015-06-12 13:00:00,4.409942626953125
2015-06-12 14:00:00,2.341627836227417
2015-06-12 15:00:00,2.533787250518799
2015-06-12 16:00:00,2.8633289337158203
2015-06-12 17:00:00,2.978201150894165
2015-06-12 18:00:00,3.0764169692993164
2015-06-12 19:00:00,3.2510194778442383
2015-06-12 20:00:00,3.4160196781158447
2015-06-12 21:00:00,3.580293893814087
2015-06-12 22:00:00,3.0859687328338623
2015-06-12 23:00:00,2.8814146518707275
2015-06-13 00:00:00,2.6770310401916504
2015-06-13 01:00:00,3.628709316253662
2015-06-13 02:00:00,3.643167018890381
2015-06-13 03:00:00,3.7614768743515015
2015-06-13 04:00:00,2.957691192626953
2015-06-13 05:00:00,2.3282236754894257
2015-06-13 06:00:00,1.6942689418792725
2015-06-13 07:00:00,1.141440600156784
2015-06-13 08:00:00,0.7345907688140869
2015-06-13 09:00:00,0.47818823158741
2015-06-13 10:00:00,1.0559536293148994
2015-06-13 11:00:00,1.6568685472011566
2015-06-13 12:00:00,2.0730729699134827
2015-06-13 13:00:00,1.3366436660289764
2015-06-13 14:00:00,1.062707781791687
2015-06-13 15:00:00,1.1205923557281494
2015-06-13 16:00:00,1.0890278816223145
2015-06-13 17:00:00,1.0095863491296768
2015-06-13 18:00:00,0.9598703384399414
2015-06-13 19:00:00,0.9375177621841431
2015-06-13 20:00:00,0.9451254606246948
2015-06-13 21:00:00,1.0727968215942383
2015-06-13 22:00:00,0.9345041513442993
2015-06-13 23:00:00,0.7643420845270157
2015-06-14 00:00:00,0.6265864372253418
2015-06-14 01:00:00,0.9929641485214233
2015-06-14 02:00:00,1.27547287940979
2015-06-14 03:00:00,1.8065551221370697
2015-06-14 04:00:00,1.797607421875
2015-06-14 05:00:00,1.8093414306640625
2015-06-14 06:00:00,1.8650357127189636
2015-06-14 07:00:00,1.975670337677002
2015-06-14 08:00:00,2.146434783935547
2015-06-14 09:00:00,2.3644790649414062
2015-06-14 10:00:00,2.7283968925476074
2015-06-14 11:00:00,3.0505895614624023
2015-06-14 12:00:00,3.1802613735198975
2015-06-14 13:00:00,2.8509232997894287
2015-06-14 14:00:00,1.2430336475372314
2015-06-14 15:00:00,1.1674197912216187
2015-06-14 16:00:00,1.15262009203434
2015-06-14 17:00:00,1.094099760055542
2015-06-14 18:00:00,1.0058753490447998
2015-06-14 19:00:00,0.8646037578582764
2015-06-14 20:00:00,0.6803515404462814
2015-06-14 21:00:00,0.5020100325345993
2015-06-14 22:00:00,0.006811328232288361
2015-06-14 23:00:00,-0.4703097492456436
2015-06-15 00:00:00,-0.7726588249206543
2015-06-15 01:00:00,-2.070978432893753
2015-06-15 02:00:00,-1.5691821575164795
2015-06-15 03:00:00,-0.36702676117420197
2015-06-15 04:00:00,0.20171962678432465
2015-06-15 05:00:00,0.2886835113167763
2015-06-15 06:00:00,0.1877719759941101
2015-06-15 07:00:00,0.11685154587030411
2015-06-15 08:00:00,0.16189491748809814
2015-06-15 09:00:00,0.3339027762413025
2015-06-15 10:00:00,0.9473244845867157
2015-06-15 11:00:00,1.5282833576202393
2015-06-15 12:00:00,1.8951798975467682
2015-06-15 13:00:00,1.9759652614593506
2015-06-15 14:00:00,0.93211829662323
2015-06-15 15:00:00,1.0358383804559708
2015-06-15 16:00:00,1.0975255966186523
2015-06-15 17:00:00,1.1050231456756592
2015-06-15 18:00:00,1.0966622680425644
2015-06-15 19:00:00,1.086674451828003
2015-06-15 20:00:00,1.0832664966583252
2015-06-15 21:00:00,1.0837533622980118
2015-06-15 22:00:00,0.920250415802002
2015-06-15 23:00:00,0.765457808971405
2015-06-16 00:00:00,0.6344493627548218
2015-06-16 01:00:00,0.8004521131515503
2015-06-16 02:00:00,-0.0768730640411377
2015-06-16 03:00:00,-1.1216522455215454
2015-06-16 04:00:00,-1.231145977973938
2015-06-16 05:00:00,-1.033094882965088
2015-06-16 06:00:00,-0.5983749032020569
2015-06-16 07:00:00,0.020127952098846436
2015-06-16 08:00:00,0.7351864576339722
2015-06-16 09:00:00,1.462240219116211
2015-06-16 10:00:00,1.9182641506195068
2015-06-16 11:00:00,2.2599170207977295
2015-06-16 12:00:00,2.4638731479644775
2015-06-16 13:00:00,2.4181711673736572
2015-06-16 14:00:00,1.2091033458709717
2015-06-16 15:00:00,1.4535152912139893
2015-06-16 16:00:00,1.5764102041721344
2015-06-16 17:00:00,1.579800859093666
2015-06-16 18:00:00,1.5523960590362549
2015-06-16 19:00:00,1.47892427444458
2015-06-16 20:00:00,1.380979061126709
2015-06-16 21:00:00,1.2702250629663467
2015-06-16 22:00:00,1.0012421905994415
2015-06-16 23:00:00,0.8074238896369934
2015-06-17 00:00:00,0.6235383749008179
2015-06-17 01:00:00,0.8284202814102173
2015-06-17 02:00:00,0.45853471755981445
2015-06-17 03:00:00,0.23635876178741455
2015-06-17 04:00:00,0.554338812828064
2015-06-17 05:00:00,1.028342217206955
2015-06-17 06:00:00,1.612675428390503
2015-06-17 07:00:00,2.240318775177002
2015-06-17 08:00:00,2.86283540725708
2015-06-17 09:00:00,3.392090320587158
2015-06-17 10:00:00,3.4012327194213867
2015-06-17 11:00:00,3.3386995792388916
2015-06-17 12:00:00,3.182701349258423
2015-06-17 13:00:00,2.552780866622925
2015-06-17 14:00:00,1.218859314918518
2015-06-17 15:00:00,1.2412684112787247
2015-06-17 16:00:00,1.2338158935308456
2015-06-17 17:00:00,1.1525001674890518
2015-06-17 18:00:00,1.0656516402959824
2015-06-17 19:00:00,0.9865307807922363
2015-06-17 20:00:00,0.8993842899799347
2015-06-17 21:00:00,0.8164411783218384
2015-06-17 22:00:00,0.575481116771698
2015-06-17 23:00:00,0.18097281455993652
2015-06-18 00:00:00,-0.24511005729436874
2015-06-18 01:00:00,-0.7315306663513184
2015-06-18 02:00:00,-1.0790226757526398
2015-06-18 03:00:00,-0.5617112517356873
2015-06-18 04:00:00,-0.15970034152269363
2015-06-18 05:00:00,0.19942588359117508
2015-06-18 06:00:00,0.4960176795721054
2015-06-18 07:00:00,0.724813923239708
2015-06-18 08:00:00,0.91836366802454
2015-06-18 09:00:00,1.0586888790130615
2015-06-18 10:00:00,1.4208163022994995
2015-06-18 11:00:00,1.6720545291900635
2015-06-18 12:00:00,1.7788875102996826
2015-06-18 13:00:00,1.1105985939502716
2015-06-18 14:00:00,0.7527989149093628
2015-06-18 15:00:00,0.6912122219800949
2015-06-18 16:00:00,0.5936959981918335
2015-06-18 17:00:00,0.5062856674194336
2015-06-18 18:00:00,0.43235504627227783
2015-06-18 19:00:00,0.35845351219177246
2015-06-18 20:00:00,0.2689836025238037
2015-06-18 21:00:00,0.14777147769927979
2015-06-18 22:00:00,-0.13104546070098877
2015-06-18 23:00:00,-0.4286879301071167
2015-06-19 00:00:00,-0.6255442500114441
2015-06-19 01:00:00,-0.7341907024383545
2015-06-19 02:00:00,-1.6094229221343994
2015-06-19 03:00:00,-1.3266863524913788
2015-06-19 04:00:00,-1.1083688735961914
2015-06-19 05:00:00,-1.014498494565487
2015-06-19 06:00:00,-1.0460844114422798
2015-06-19 07:00:00,-1.1684665530920029
2015-06-19 08:00:00,-1.3306834846735
2015-06-19 09:00:00,-1.5188896656036377
2015-06-19 10:00:00,-1.2728666067123413
2015-06-19 11:00:00,-1.095472812652588
2015-06-19 12:00:00,-0.9774251282215118
2015-06-19 13:00:00,-0.5580138713121414
2015-06-19 14:00:00,-0.5336700677871704
2015-06-19 15:00:00,-0.6148732900619507
2015-06-19 16:00:00,-0.7106402367353439
2015-06-19 17:00:00,-0.7977428883314133
2015-06-19 18:00:00,-0.889654666185379
2015-06-19 19:00:00,-1.0265376567840576
2015-06-19 20:00:00,-1.2338675260543823
2015-06-19 21:00:00,-1.512918472290039
2015-06-19 22:00:00,-1.757047176361084
2015-06-19 23:00:00,-2.0252890586853027
2015-06-20 00:00:00,-2.1809608936309814
2015-06-20 01:00:00,-3.227588415145874
2015-06-20 02:00:00,-3.3996808528900146
2015-06-20 03:00:00,-3.2466866970062256
2015-06-20 04:00:00,-2.7443487644195557
2015-06-20 05:00:00,-2.4365196228027344
2015-06-20 06:00:00,-2.2799220085144043
2015-06-20 07:00:00,-2.1374277472496033
2015-06-20 08:00:00,-1.987183153629303
2015-06-20 09:00:00,-1.920985758304596
2015-06-20 10:00:00,-1.710843950510025
2015-06-20 11:00:00,-1.509108304977417
2015-06-20 12:00:00,-1.3807249963283539
2015-06-20 13:00:00,-1.3374040126800537
2015-06-20 14:00:00,-0.6406458616256714
2015-06-20 15:00:00,-0.808441162109375
2015-06-20 16:00:00,-0.9258917570114136
2015-06-20 17:00:00,-0.996004581451416
2015-06-20 18:00:00,-1.0460820198059082
2015-06-20 19:00:00,-1.0954383611679077
2015-06-20 20:00:00,-1.1332341432571411
2015-06-20 21:00:00,-1.1435045003890991
2015-06-20 22:00:00,-1.1852937936782837
2015-06-20 23:00:00,-1.182477593421936
2015-06-21 00:00:00,-1.1306254863739014
2015-06-21 01:00:00,-1.9365658164024353
2015-06-21 02:00:00,-2.125016450881958
2015-06-21 03:00:00,-1.637176752090454
2015-06-21 04:00:00,-1.0038621425628662
2015-06-21 05:00:00,-0.7165793925523758
2015-06-21 06:00:00,-0.6712723225355148
2015-06-21 07:00:00,-0.6769640371203423
2015-06-21 08:00:00,-0.649630032479763
2015-06-21 09:00:00,-0.6110076829791069
2015-06-21 10:00:00,-0.6919630691409111
2015-06-21 11:00:00,-0.7427014857530594
2015-06-21 12:00:00,-0.8354065716266632
2015-06-21 13:00:00,-0.8223810493946075
2015-06-21 14:00:00,-0.5488858222961426
2015-06-21 15:00:00,-0.6565889120101929
2015-06-21 16:00:00,-0.5551899671554565
2015-06-21 17:00:00,-0.4258235692977905
2015-06-21 18:00:00,-0.31135809421539307
2015-06-21 19:00:00,-0.18472075462341309
2015-06-21 20:00:00,-0.07400965690612793
2015-06-21 21:00:00,0.04827165603637695
2015-06-21 22:00:00,0.11989188194274902
2015-06-21 23:00:00,0.16507941484451294
2015-06-22 00:00:00,0.17026525735855103
2015-06-22 01:00:00,0.016048789024353027
2015-06-22 02:00:00,-0.26693612337112427
2015-06-22 03:00:00,-0.5580797344446182
2015-06-22 04:00:00,-0.5152307748794556
2015-06-22 05:00:00,-0.5022774785757065
2015-06-22 06:00:00,-0.6454695612192154
2015-06-22 07:00:00,-0.8937054872512817
2015-06-22 08:00:00,-1.163227066397667
2015-06-22 09:00:00,-1.3965349197387695
2015-06-22 10:00:00,-1.3802993297576904
2015-06-22 11:00:00,-1.2069965600967407
2015-06-22 12:00:00,-0.9961024522781372
2015-06-22 13:00:00,-0.7504475116729736
2015-06-22 14:00:00,-0.19858014583587646
2015-06-22 15:00:00,-0.1272849440574646
2015-06-22 16:00:00,-0.07440078258514404
2015-06-22 17:00:00,-0.010164380073547363
2015-06-22 18:00:00,0.0887412428855896
2015-06-22 19:00:00,0.20068788528442383
2015-06-22 20:00:00,0.29485034942626953
2015-06-22 21:00:00,0.3539299964904785
2015-06-22 22:00:00,0.3343191146850586
2015-06-22 23:00:00,0.24201474338769913
2015-06-23 00:00:00,0.08331718295812607
2015-06-23 01:00:00,-0.1330813765525818
2015-06-23 02:00:00,-0.41439129412174225
2015-06-23 03:00:00,-0.3791092038154602
2015-06-23 04:00:00,0.0331386923789978
2015-06-23 05:00:00,0.381717324256897
2015-06-23 06:00:00,0.6792810410261154
2015-06-23 07:00:00,1.0245046615600586
2015-06-23 08:00:00,1.3956183195114136
2015-06-23 09:00:00,1.7180485725402832
2015-06-23 10:00:00,1.773710012435913
2015-06-23 11:00:00,1.7807207107543945
2015-06-23 12:00:00,1.6907786428928375
2015-06-23 13:00:00,1.0537450313568115
2015-06-23 14:00:00,0.6145219802856445
2015-06-23 15:00:00,0.5159035921096802
2015-06-23 16:00:00,0.5038446187973022
2015-06-23 17:00:00,0.46200668811798096
2015-06-23 18:00:00,0.4155604839324951
2015-06-23 19:00:00,0.38433825969696045
2015-06-23 20:00:00,0.37267494201660156
2015-06-23 21:00:00,0.43171048164367676
2015-06-23 22:00:00,0.37862980365753174
2015-06-23 23:00:00,0.4226353168487549
2015-06-24 00:00:00,0.530205249786377
2015-06-24 01:00:00,0.7710165977478027
2015-06-24 02:00:00,0.5291171073913574
2015-06-24 03:00:00,-0.3266395330429077
2015-06-24 04:00:00,-0.7749007940292358
2015-06-24 05:00:00,-1.09355628490448
2015-06-24 06:00:00,-1.166157841682434
2015-06-24 07:00:00,-0.8003134727478027
2015-06-24 08:00:00,0.05733972787857056
2015-06-24 09:00:00,1.1062755733728409
2015-06-24 10:00:00,2.1014208793640137
2015-06-24 11:00:00,2.784242630004883
2015-06-24 12:00:00,2.995295524597168
2015-06-24 13:00:00,2.9407660961151123
2015-06-24 14:00:00,2.6989128589630127
2015-06-24 15:00:00,2.3411903381347656
2015-06-24 16:00:00,1.942558765411377
2015-06-24 17:00:00,1.5059004724025726
2015-06-24 18:00:00,1.1291759014129639
2015-06-24 19:00:00,0.8245364706963301
2015-06-24 20:00:00,0.39708629553206265
2015-06-24 21:00:00,-0.00415290892124176
2015-06-24 22:00:00,-0.45664580911397934
2015-06-24 23:00:00,-0.6675619296729565
2015-06-25 00:00:00,-0.7821124792098999
2015-06-25 01:00:00,-0.8881809562444687
2015-06-25 02:00:00,-1.106883555650711
2015-06-25 03:00:00,-1.3137321174144745
2015-06-25 04:00:00,-0.9108404964208603
2015-06-25 05:00:00,-0.46638745069503784
2015-06-25 06:00:00,-0.13718384504318237
2015-06-25 07:00:00,0.00022989511489868164
2015-06-25 08:00:00,0.07432317733764648
2015-06-25 09:00:00,0.18158519640564919
2015-06-25 10:00:00,0.1806870736181736
2015-06-25 11:00:00,0.04904836416244507
2015-06-25 12:00:00,-0.049744898453354836
2015-06-25 13:00:00,-0.1511123850941658
2015-06-25 14:00:00,-0.15137457847595215
2015-06-25 15:00:00,-0.06806334853172302
2015-06-25 16:00:00,0.12604723125696182
2015-06-25 17:00:00,0.44493018090724945
2015-06-25 18:00:00,0.717229962348938
2015-06-25 19:00:00,0.9357528686523438
2015-06-25 20:00:00,1.1633055061101913
2015-06-25 21:00:00,1.2923704385757446
2015-06-25 22:00:00,1.2742815017700195
2015-06-25 23:00:00,1.3453099727630615
2015-06-26 00:00:00,1.5811553001403809
2015-06-26 01:00:00,3.102306604385376
2015-06-26 02:00:00,3.6164283752441406
2015-06-26 03:00:00,4.916582107543945
2015-06-26 04:00:00,4.866621971130371
2015-06-26 05:00:00,4.621687889099121
2015-06-26 06:00:00,4.39030122756958
2015-06-26 07:00:00,4.225814342498779
2015-06-26 08:00:00,4.120138168334961
2015-06-26 09:00:00,3.998410224914551
2015-06-26 10:00:00,4.099384784698486
2015-06-26 11:00:00,4.138789176940918
2015-06-26 12:00:00,4.070050358772278
2015-06-26 13:00:00,3.1764302253723145
2015-06-26 14:00:00,2.0611517429351807
2015-06-26 15:00:00,2.448171377182007
2015-06-26 16:00:00,2.8126893043518066
2015-06-26 17:00:00,3.3191046714782715
2015-06-26 18:00:00,3.7826099395751953
2015-06-26 19:00:00,3.8692989349365234
2015-06-26 20:00:00,3.824354648590088
2015-06-26 21:00:00,3.5689032077789307
2015-06-26 22:00:00,3.1561834812164307
2015-06-26 23:00:00,2.968409776687622
2015-06-27 00:00:00,2.984731912612915
2015-06-27 01:00:00,3.2992496490478516
2015-06-27 02:00:00,4.367824554443359
2015-06-27 03:00:00,4.118122577667236
2015-06-27 04:00:00,4.03970730304718
2015-06-27 05:00:00,4.0311760902404785
2015-06-27 06:00:00,4.089333653450012
2015-06-27 07:00:00,4.203802049160004
2015-06-27 08:00:00,4.362896919250488
2015-06-27 09:00:00,4.4817728996276855
2015-06-27 10:00:00,4.436829566955566
2015-06-27 11:00:00,4.31475830078125
2015-06-27 12:00:00,4.110601902008057
2015-06-27 13:00:00,3.224285840988159
2015-06-27 14:00:00,1.8430269658565521
2015-06-27 15:00:00,2.055955410003662
2015-06-27 16:00:00,2.240948438644409
2015-06-27 17:00:00,2.429175853729248
2015-06-27 18:00:00,2.8009610176086426
2015-06-27 19:00:00,3.079331874847412
2015-06-27 20:00:00,3.1431875228881836
2015-06-27 21:00:00,3.048719644546509
2015-06-27 22:00:00,2.5397353172302246
2015-06-27 23:00:00,2.085776627063751
2015-06-28 00:00:00,1.7005186080932617
2015-06-28 01:00:00,2.6479694843292236
2015-06-28 02:00:00,3.1426773071289062
2015-06-28 03:00:00,3.5679070949554443
2015-06-28 04:00:00,3.748225510120392
2015-06-28 05:00:00,3.782526731491089
2015-06-28 06:00:00,3.9072608947753906
2015-06-28 07:00:00,3.979808807373047
2015-06-28 08:00:00,4.094115257263184
2015-06-28 09:00:00,4.187952995300293
2015-06-28 10:00:00,4.155105113983154
2015-06-28 11:00:00,3.9581780433654785
2015-06-28 12:00:00,3.5323657989501953
2015-06-28 13:00:00,1.8948957026004791
2015-06-28 14:00:00,1.0221813917160034
2015-06-28 15:00:00,0.935397744178772
2015-06-28 16:00:00,0.926674485206604
2015-06-28 17:00:00,0.9258315116167068
2015-06-28 18:00:00,0.9225457459688187
2015-06-28 19:00:00,0.9272676706314087
2015-06-28 20:00:00,0.9391335248947144
2015-06-28 21:00:00,0.9485889673233032
2015-06-28 22:00:00,0.621918797492981
2015-06-28 23:00:00,0.14581084251403809
2015-06-29 00:00:00,-0.5464321374893188
2015-06-29 01:00:00,-2.024301528930664
2015-06-29 02:00:00,-3.001451015472412
2015-06-29 03:00:00,-3.1281299591064453
2015-06-29 04:00:00,-2.0657559037208557
2015-06-29 05:00:00,-0.9488589763641357
2015-06-29 06:00:00,-0.16596579551696777
2015-06-29 07:00:00,0.37081992626190186
2015-06-29 08:00:00,0.7234351634979248
2015-06-29 09:00:00,0.9230427742004395
2015-06-29 10:00:00,1.0124059915542603
2015-06-29 11:00:00,0.9256093502044678
2015-06-29 12:00:00,0.6584881544113159
2015-06-29 13:00:00,0.11579644680023193
2015-06-29 14:00:00,-0.21472346782684326
2015-06-29 15:00:00,-0.5767874717712402
2015-06-29 16:00:00,-0.7704572677612305
2015-06-29 17:00:00,-0.7898778915405273
2015-06-29 18:00:00,-0.7379809617996216
2015-06-29 19:00:00,-0.531682014465332
2015-06-29 20:00:00,-0.13045084476470947
2015-06-29 21:00:00,0.22892284393310547
2015-06-29 22:00:00,0.40017902851104736
2015-06-29 23:00:00,0.4758291244506836
2015-06-30 00:00:00,0.4210200309753418
2015-06-30 01:00:00,0.5904712677001953
2015-06-30 02:00:00,0.34243786334991455
2015-06-30 03:00:00,0.32547831535339355
2015-06-30 04:00:00,0.14542418718338013
2015-06-30 05:00:00,0.022645533084869385
2015-06-30 06:00:00,-0.009765386581420898
2015-06-30 07:00:00,0.033127009868621826
2015-06-30 08:00:00,0.033916473388671875
2015-06-30 09:00:00,0.021688103675842285
2015-06-30 10:00:00,0.15794044733047485
2015-06-30 11:00:00,0.24848192930221558
2015-06-30 12:00:00,0.3335484266281128
2015-06-30 13:00:00,0.41868436336517334
2015-06-30 14:00:00,0.34196579456329346
2015-06-30 15:00:00,0.45216333866119385
2015-06-30 16:00:00,0.6869046688079834
2015-06-30 17:00:00,0.9293845891952515
2015-06-30 18:00:00,1.1469131708145142
2015-06-30 19:00:00,1.32088041305542
2015-06-30 20:00:00,1.4203720092773438
2015-06-30 21:00:00,1.4745309352874756
2015-06-30 22:00:00,1.220532774925232
2015-06-30 23:00:00,1.0473397970199585
2015-07-01 00:00:00,0.9068431258201599
2015-07-01 01:00:00,1.473845362663269
2015-07-01 02:00:00,1.4946399927139282
2015-07-01 03:00:00,1.0213291645050049
2015-07-01 04:00:00,0.7314296215772629
2015-07-01 05:00:00,0.5549187064170837
2015-07-01 06:00:00,0.5668054819107056
2015-07-01 07:00:00,0.7439234256744385
2015-07-01 08:00:00,1.0208413898944855
2015-07-01 09:00:00,1.3078253269195557
2015-07-01 10:00:00,1.5820882320404053
2015-07-01 11:00:00,1.7844809591770172
2015-07-01 12:00:00,1.9708826541900635
2015-07-01 13:00:00,1.6920085549354553
2015-07-01 14:00:00,0.9524531662464142
2015-07-01 15:00:00,1.0913400650024414
2015-07-01 16:00:00,1.2890781164169312
2015-07-01 17:00:00,1.446765661239624
2015-07-01 18:00:00,1.5235934257507324
2015-07-01 19:00:00,1.5498273372650146
2015-07-01 20:00:00,1.5027740001678467
2015-07-01 21:00:00,1.4664702415466309
2015-07-01 22:00:00,1.3036733865737915
2015-07-01 23:00:00,1.2288719415664673
2015-07-02 00:00:00,1.1684191077947617
2015-07-02 01:00:00,2.0785937309265137
2015-07-02 02:00:00,2.223405122756958
2015-07-02 03:00:00,2.021644413471222
2015-07-02 04:00:00,1.5894877016544342
2015-07-02 05:00:00,1.1896002292633057
2015-07-02 06:00:00,1.047792911529541
2015-07-02 07:00:00,1.1832925081253052
2015-07-02 08:00:00,1.4778990745544434
2015-07-02 09:00:00,1.8219915330410004
2015-07-02 10:00:00,2.1790902614593506
2015-07-02 11:00:00,2.5105221271514893
2015-07-02 12:00:00,2.7198076248168945
2015-07-02 13:00:00,2.312924385070801
2015-07-02 14:00:00,1.1977638006210327
2015-07-02 15:00:00,1.2863757610321045
2015-07-02 16:00:00,1.4630444049835205
2015-07-02 17:00:00,1.5731661319732666
2015-07-02 18:00:00,1.6741712093353271
2015-07-02 19:00:00,1.7707674503326416
2015-07-02 20:00:00,1.9101815223693848
2015-07-02 21:00:00,2.1934657096862793
2015-07-02 22:00:00,2.3784260749816895
2015-07-02 23:00:00,2.5695502758026123
2015-07-03 00:00:00,2.557887077331543
2015-07-03 01:00:00,3.302248239517212
2015-07-03 02:00:00,3.668513059616089
2015-07-03 03:00:00,3.985922694206238
2015-07-03 04:00:00,3.5723109245300293
2015-07-03 05:00:00,3.280871629714966
2015-07-03 06:00:00,3.283599853515625
2015-07-03 07:00:00,3.5135278701782227
2015-07-03 08:00:00,3.846078395843506
2015-07-03 09:00:00,4.138055324554443
2015-07-03 10:00:00,4.327181816101074
2015-07-03 11:00:00,4.431140422821045
2015-07-03 12:00:00,4.387772560119629
2015-07-03 13:00:00,3.7275733947753906
2015-07-03 14:00:00,2.3223104178905487
2015-07-03 15:00:00,2.4703164100646973
2015-07-03 16:00:00,2.643350601196289
2015-07-03 17:00:00,2.6512656211853027
2015-07-03 18:00:00,2.6049256324768066
2015-07-03 19:00:00,2.6649839878082275
2015-07-03 20:00:00,2.9020497798919678
2015-07-03 21:00:00,3.272459030151367
2015-07-03 22:00:00,3.086643934249878
2015-07-03 23:00:00,2.9928479194641113
2015-07-04 00:00:00,2.9509849548339844
2015-07-04 01:00:00,3.674797773361206
2015-07-04 02:00:00,4.18945699930191
2015-07-04 03:00:00,4.998197555541992
2015-07-04 04:00:00,5.261707782745361
2015-07-04 05:00:00,5.413447856903076
2015-07-04 06:00:00,5.447490215301514
2015-07-04 07:00:00,5.38300895690918
2015-07-04 08:00:00,5.331744194030762
2015-07-04 09:00:00,5.271251678466797
2015-07-04 10:00:00,5.1475300788879395
2015-07-04 11:00:00,5.00640869140625
2015-07-04 12:00:00,4.666670799255371
2015-07-04 13:00:00,3.7716598510742188
2015-07-04 14:00:00,2.4541897773742676
2015-07-04 15:00:00,2.3218295574188232
2015-07-04 16:00:00,2.247657537460327
2015-07-04 17:00:00,2.104384422302246
2015-07-04 18:00:00,1.9704060554504395
2015-07-04 19:00:00,1.8981772363185883
2015-07-04 20:00:00,1.8598895967006683
2015-07-04 21:00:00,1.8612560331821442
2015-07-04 22:00:00,1.947948932647705
2015-07-04 23:00:00,2.0591816306114197
2015-07-05 00:00:00,2.2508251667022705
2015-07-05 01:00:00,3.5242320895195007
2015-07-05 02:00:00,4.210580825805664
2015-07-05 03:00:00,5.135993957519531
2015-07-05 04:00:00,5.193683624267578
2015-07-05 05:00:00,4.947078227996826
2015-07-05 06:00:00,4.7826032638549805
2015-07-05 07:00:00,4.672649383544922
2015-07-05 08:00:00,4.649890422821045
2015-07-05 09:00:00,4.610956192016602
2015-07-05 10:00:00,4.489382743835449
2015-07-05 11:00:00,4.205969393253326
2015-07-05 12:00:00,3.4653074741363525
2015-07-05 13:00:00,1.6497910022735596
2015-07-05 14:00:00,1.085969090461731
2015-07-05 15:00:00,0.8613928556442261
2015-07-05 16:00:00,0.7833595275878906
2015-07-05 17:00:00,0.7900307178497314
2015-07-05 18:00:00,0.8759168386459351
2015-07-05 19:00:00,0.9871023148298264
2015-07-05 20:00:00,1.130622386932373
2015-07-05 21:00:00,1.391144037246704
2015-07-05 22:00:00,1.7520646899938583
2015-07-05 23:00:00,2.3506526947021484
2015-07-06 00:00:00,2.908983200788498
2015-07-06 01:00:00,3.7401270866394043
2015-07-06 02:00:00,4.3761672377586365
2015-07-06 03:00:00,4.325763165950775
2015-07-06 04:00:00,4.108145713806152
2015-07-06 05:00:00,3.4536542892456055
2015-07-06 06:00:00,2.6623520851135254
2015-07-06 07:00:00,2.1314947605133057
2015-07-06 08:00:00,1.85892653465271
2015-07-06 09:00:00,1.7340538501739502
2015-07-06 10:00:00,1.791644811630249
2015-07-06 11:00:00,1.8108062744140625
2015-07-06 12:00:00,1.5397316217422485
2015-07-06 13:00:00,0.9008960425853729
2015-07-06 14:00:00,0.592399001121521
2015-07-06 15:00:00,0.3879111036658287
2015-07-06 16:00:00,0.22221241146326065
2015-07-06 17:00:00,0.17193204164505005
2015-07-06 18:00:00,0.12066208012402058
2015-07-06 19:00:00,0.09571671392768621
2015-07-06 20:00:00,0.08302384614944458
2015-07-06 21:00:00,0.08370649442076683
2015-07-06 22:00:00,-0.019146203994750977
2015-07-06 23:00:00,-0.12957322597503662
2015-07-07 00:00:00,-0.23172595351934433
2015-07-07 01:00:00,-0.47269032895565033
2015-07-07 02:00:00,-0.08158183097839355
2015-07-07 03:00:00,0.8186805173754692
2015-07-07 04:00:00,0.960145115852356
2015-07-07 05:00:00,0.8304011821746826
2015-07-07 06:00:00,0.6333706974983215
2015-07-07 07:00:00,0.42063748836517334
2015-07-07 08:00:00,0.16621682792901993
2015-07-07 09:00:00,-0.09521234035491943
2015-07-07 10:00:00,0.17401111125946045
2015-07-07 11:00:00,0.3915218114852905
2015-07-07 12:00:00,0.48449182510375977
2015-07-07 13:00:00,0.4297160506248474
2015-07-07 14:00:00,0.33007150888442993
2015-07-07 15:00:00,0.23560494184494019
2015-07-07 16:00:00,0.2127027790993452
2015-07-07 17:00:00,0.18455788493156433
2015-07-07 18:00:00,0.14784807339310646
2015-07-07 19:00:00,0.12310633063316345
2015-07-07 20:00:00,0.12769578769803047
2015-07-07 21:00:00,0.1632404625415802
2015-07-07 22:00:00,0.10212286561727524
2015-07-07 23:00:00,0.01903840247541666
2015-07-08 00:00:00,-0.12797117233276367
2015-07-08 01:00:00,-0.3732555955648422
2015-07-08 02:00:00,-0.39531397819519043
2015-07-08 03:00:00,-0.27252931892871857
2015-07-08 04:00:00,-0.07818907499313354
2015-07-08 05:00:00,0.13804399967193604
2015-07-08 06:00:00,0.304280161857605
2015-07-08 07:00:00,0.5134294629096985
2015-07-08 08:00:00,0.7708683609962463
2015-07-08 09:00:00,1.0689048767089844
2015-07-08 10:00:00,1.1627109050750732
2015-07-08 11:00:00,1.1735514551401138
2015-07-08 12:00:00,1.151382938027382
2015-07-08 13:00:00,0.8542065620422363
2015-07-08 14:00:00,0.5018084645271301
2015-07-08 15:00:00,0.40569430589675903
2015-07-08 16:00:00,0.34452199935913086
2015-07-08 17:00:00,0.2336674928665161
2015-07-08 18:00:00,0.16175663471221924
2015-07-08 19:00:00,0.12704360485076904
2015-07-08 20:00:00,0.090873122215271
2015-07-08 21:00:00,0.049832284450531006
2015-07-08 22:00:00,0.04582834243774414
2015-07-08 23:00:00,0.06696798652410507
2015-07-09 00:00:00,0.13190984725952148
2015-07-09 01:00:00,0.34306401014328003
2015-07-09 02:00:00,0.939523458480835
2015-07-09 03:00:00,1.0484001636505127
2015-07-09 04:00:00,1.3157126903533936
2015-07-09 05:00:00,1.5369617938995361
2015-07-09 06:00:00,1.7651552259922028
2015-07-09 07:00:00,1.998584359884262
2015-07-09 08:00:00,2.1996052265167236
2015-07-09 09:00:00,2.3277106285095215
2015-07-09 10:00:00,1.9534721374511719
2015-07-09 11:00:00,1.5531072616577148
2015-07-09 12:00:00,1.2511407136917114
2015-07-09 13:00:00,0.8869556188583374
2015-07-09 14:00:00,0.4586184024810791
2015-07-09 15:00:00,0.34961771965026855
2015-07-09 16:00:00,0.1634082794189453
2015-07-09 17:00:00,-0.05603790283203125
2015-07-09 18:00:00,-0.14813542366027832
2015-07-09 19:00:00,-0.14961671829223633
2015-07-09 20:00:00,-0.17941772937774658
2015-07-09 21:00:00,-0.25241291522979736
2015-07-09 22:00:00,-0.4479252099990845
2015-07-09 23:00:00,-0.7176027297973633
2015-07-10 00:00:00,-1.014875888824463
2015-07-10 01:00:00,-1.6982295513153076
2015-07-10 02:00:00,-1.9628280699253082
2015-07-10 03:00:00,-2.1443672478199005
2015-07-10 04:00:00,-1.9770970344543457
2015-07-10 05:00:00,-1.8741888999938965
2015-07-10 06:00:00,-1.8583327233791351
2015-07-10 07:00:00,-1.9531398713588715
2015-07-10 08:00:00,-2.107274293899536
2015-07-10 09:00:00,-2.209646224975586
2015-07-10 10:00:00,-2.3057169914245605
2015-07-10 11:00:00,-2.2333631217479706
2015-07-10 12:00:00,-1.8685276508331299
2015-07-10 13:00:00,-1.0359907299280167
2015-07-10 14:00:00,-0.8931121379137039
2015-07-10 15:00:00,-1.0326956510543823
2015-07-10 16:00:00,-1.1199719905853271
2015-07-10 17:00:00,-1.1532914638519287
2015-07-10 18:00:00,-1.0990278720855713
2015-07-10 19:00:00,-1.0365396738052368
2015-07-10 20:00:00,-1.0362303256988525
2015-07-10 21:00:00,-1.1073124408721924
2015-07-10 22:00:00,-1.3098688125610352
2015-07-10 23:00:00,-1.5782091617584229
2015-07-11 00:00:00,-1.8621835708618164
2015-07-11 01:00:00,-2.4783434569835663
2015-07-11 02:00:00,-2.6198253631591797
2015-07-11 03:00:00,-2.8958005905151367
2015-07-11 04:00:00,-3.1266274452209473
2015-07-11 05:00:00,-3.27919864654541
2015-07-11 06:00:00,-3.2552440762519836
2015-07-11 07:00:00,-3.128549814224243
2015-07-11 08:00:00,-3.045603036880493
2015-07-11 09:00:00,-3.1560416221618652
2015-07-11 10:00:00,-2.9586105346679688
2015-07-11 11:00:00,-2.580001085996628
2015-07-11 12:00:00,-1.9929266571998596
2015-07-11 13:00:00,-1.3960752338171005
2015-07-11 14:00:00,-0.834010012447834
2015-07-11 15:00:00,-0.6890210583806038
2015-07-11 16:00:00,-0.6503472253680229
2015-07-11 17:00:00,-0.7788974791765213
2015-07-11 18:00:00,-1.2079217433929443
2015-07-11 19:00:00,-1.8556616306304932
2015-07-11 20:00:00,-2.5700414180755615
2015-07-11 21:00:00,-3.080141544342041
2015-07-11 22:00:00,-3.1995887756347656
2015-07-11 23:00:00,-2.7086970806121826
2015-07-12 00:00:00,-2.1730703711509705
2015-07-12 01:00:00,-2.165605068206787
2015-07-12 02:00:00,-2.223888397216797
2015-07-12 03:00:00,-3.909076690673828
2015-07-12 04:00:00,-4.969102382659912
2015-07-12 05:00:00,-5.523007869720459
2015-07-12 06:00:00,-5.682143688201904
2015-07-12 07:00:00,-5.5093183517456055
2015-07-12 08:00:00,-5.146204948425293
2015-07-12 09:00:00,-4.492788791656494
2015-07-12 10:00:00,-3.541860282421112
2015-07-12 11:00:00,-2.653434991836548
2015-07-12 12:00:00,-1.596618890762329
2015-07-12 13:00:00,-0.8955804854631424
2015-07-12 14:00:00,-0.34648334980010986
2015-07-12 15:00:00,-0.10355401039123535
2015-07-12 16:00:00,-0.14783310890197754
2015-07-12 17:00:00,-0.12356603145599365
2015-07-12 18:00:00,-0.027439594268798828
2015-07-12 19:00:00,0.08164000511169434
2015-07-12 20:00:00,0.16449438780546188
2015-07-12 21:00:00,0.20920535922050476
2015-07-12 22:00:00,0.23373108729720116
2015-07-12 23:00:00,0.2590535804629326
2015-07-13 00:00:00,0.3380160927772522
2015-07-13 01:00:00,0.9446413591504097
2015-07-13 02:00:00,1.2664014101028442
2015-07-13 03:00:00,1.293401688337326
2015-07-13 04:00:00,1.0357929542660713
2015-07-13 05:00:00,0.9276914596557617
2015-07-13 06:00:00,1.0016977787017822
2015-07-13 07:00:00,1.1928691938519478
2015-07-13 08:00:00,1.4130946099758148
2015-07-13 09:00:00,1.629145622253418
2015-07-13 10:00:00,1.768261969089508
2015-07-13 11:00:00,1.8550832271575928
2015-07-13 12:00:00,1.7008726596832275
2015-07-13 13:00:00,0.9085651636123657
2015-07-13 14:00:00,0.7668064832687378
2015-07-13 15:00:00,0.7450306415557861
2015-07-13 16:00:00,0.8001377582550049
2015-07-13 17:00:00,0.8791437596082687
2015-07-13 18:00:00,0.999953955411911
2015-07-13 19:00:00,1.1409298181533813
2015-07-13 20:00:00,1.2993605136871338
2015-07-13 21:00:00,1.4912019968032837
2015-07-13 22:00:00,1.4970860481262207
2015-07-13 23:00:00,1.524247646331787
2015-07-14 00:00:00,1.5718954801559448
2015-07-14 01:00:00,2.4557511806488037
2015-07-14 02:00:00,2.512932777404785
2015-07-14 03:00:00,3.171743869781494
2015-07-14 04:00:00,3.4190917015075684
2015-07-14 05:00:00,3.476356029510498
2015-07-14 06:00:00,3.4156181812286377
2015-07-14 07:00:00,3.3400380611419678
2015-07-14 08:00:00,3.2652242183685303
2015-07-14 09:00:00,3.2306952476501465
2015-07-14 10:00:00,3.055387020111084
2015-07-14 11:00:00,2.907865047454834
2015-07-14 12:00:00,2.1556825637817383
2015-07-14 13:00:00,1.3920339345932007
2015-07-14 14:00:00,1.0933375358581543
2015-07-14 15:00:00,1.1779093742370605
2015-07-14 16:00:00,1.4367005825042725
2015-07-14 17:00:00,1.7080607414245605
2015-07-14 18:00:00,1.95340895652771
2015-07-14 19:00:00,2.106192111968994
2015-07-14 20:00:00,2.2616257667541504
2015-07-14 21:00:00,2.5529229640960693
2015-07-14 22:00:00,2.734706163406372
2015-07-14 23:00:00,3.253981113433838
2015-07-15 00:00:00,3.8243889808654785
2015-07-15 01:00:00,4.365103721618652
2015-07-15 02:00:00,4.447343349456787
2015-07-15 03:00:00,4.515308380126953
2015-07-15 04:00:00,5.86963415145874
2015-07-15 05:00:00,6.228968620300293
2015-07-15 06:00:00,6.081294536590576
2015-07-15 07:00:00,5.792994976043701
2015-07-15 08:00:00,5.5483198165893555
2015-07-15 09:00:00,5.238374710083008
2015-07-15 10:00:00,4.69403076171875
2015-07-15 11:00:00,3.8401296734809875
2015-07-15 12:00:00,2.7005245685577393
2015-07-15 13:00:00,1.9809701442718506
2015-07-15 14:00:00,1.774801105260849
2015-07-15 15:00:00,1.9804745614528656
2015-07-15 16:00:00,2.311532735824585
2015-07-15 17:00:00,2.660975456237793
2015-07-15 18:00:00,3.0019757747650146
2015-07-15 19:00:00,3.349195957183838
2015-07-15 20:00:00,3.5948894023895264
2015-07-15 21:00:00,3.706169605255127
2015-07-15 22:00:00,3.5322606563568115
2015-07-15 23:00:00,3.367269515991211
2015-07-16 00:00:00,3.2210373878479004
2015-07-16 01:00:00,3.623671531677246
2015-07-16 02:00:00,4.020991802215576
2015-07-16 03:00:00,4.179792940616608
2015-07-16 04:00:00,4.793970108032227
2015-07-16 05:00:00,4.653177261352539
2015-07-16 06:00:00,4.176028311252594
2015-07-16 07:00:00,3.5115983486175537
2015-07-16 08:00:00,2.9598731994628906
2015-07-16 09:00:00,2.658585548400879
2015-07-16 10:00:00,1.922839879989624
2015-07-16 11:00:00,1.2657201290130615
2015-07-16 12:00:00,0.7108359411358833
2015-07-16 13:00:00,0.4114411473274231
2015-07-16 14:00:00,-0.05990798771381378
2015-07-16 15:00:00,-0.32508673518896103
2015-07-16 16:00:00,-0.21606051921844482
2015-07-16 17:00:00,0.11326074600219727
2015-07-16 18:00:00,0.3599267601966858
2015-07-16 19:00:00,0.48438549041748047
2015-07-16 20:00:00,0.5592721700668335
2015-07-16 21:00:00,0.6023756861686707
2015-07-16 22:00:00,0.470430850982666
2015-07-16 23:00:00,0.35905027389526367
2015-07-17 00:00:00,0.27040839195251465
2015-07-17 01:00:00,0.28840839862823486
2015-07-17 02:00:00,0.1676880121231079
2015-07-17 03:00:00,0.07021939754486084
2015-07-17 04:00:00,0.1091986894607544
2015-07-17 05:00:00,-0.056403517723083496
2015-07-17 06:00:00,-0.3375297784805298
2015-07-17 07:00:00,-0.6046268939971924
2015-07-17 08:00:00,-0.7114105224609375
2015-07-17 09:00:00,-0.6683193445205688
2015-07-17 10:00:00,-0.44828975200653076
2015-07-17 11:00:00,-0.2897672653198242
2015-07-17 12:00:00,-0.20492148399353027
2015-07-17 13:00:00,-0.09255015850067139
2015-07-17 14:00:00,-0.14748692512512207
2015-07-17 15:00:00,-0.2697983980178833
2015-07-17 16:00:00,-0.3213576674461365
2015-07-17 17:00:00,-0.36608588695526123
2015-07-17 18:00:00,-0.3869565725326538
2015-07-17 19:00:00,-0.3972368836402893
2015-07-17 20:00:00,-0.39945363998413086
2015-07-17 21:00:00,-0.37114328145980835
2015-07-17 22:00:00,-0.4118635654449463
2015-07-17 23:00:00,-0.37120741605758667
2015-07-18 00:00:00,-0.2541539669036865
2015-07-18 01:00:00,-0.1911826729774475
2015-07-18 02:00:00,0.26527005434036255
2015-07-18 03:00:00,1.026445895433426
2015-07-18 04:00:00,1.5417020320892334
2015-07-18 05:00:00,1.6227095127105713
2015-07-18 06:00:00,1.3513414710760117
2015-07-18 07:00:00,0.9628925621509552
2015-07-18 08:00:00,0.6779363602399826
2015-07-18 09:00:00,0.47196386754512787
2015-07-18 10:00:00,0.5254574883729219
2015-07-18 11:00:00,0.7093894071877003
2015-07-18 12:00:00,0.6069974303245544
2015-07-18 13:00:00,0.7458863258361816
2015-07-18 14:00:00,0.655423104763031
2015-07-18 15:00:00,0.7332110852003098
2015-07-18 16:00:00,0.7288763970136642
2015-07-18 17:00:00,0.6833270192146301
2015-07-18 18:00:00,0.6014266610145569
2015-07-18 19:00:00,0.5680385828018188
2015-07-18 20:00:00,0.5798391532152891
2015-07-18 21:00:00,0.6143071502447128
2015-07-18 22:00:00,0.2767646908760071
2015-07-18 23:00:00,0.02091464400291443
2015-07-19 00:00:00,-0.08711832761764526
2015-07-19 01:00:00,-0.3752446174621582
2015-07-19 02:00:00,-0.3311306983232498
2015-07-19 03:00:00,0.004472196102142334
2015-07-19 04:00:00,0.3593220114707947
2015-07-19 05:00:00,0.779103085398674
2015-07-19 06:00:00,0.9956119060516357
2015-07-19 07:00:00,0.9401220083236694
2015-07-19 08:00:00,0.7005538940429688
2015-07-19 09:00:00,0.36880624294281006
2015-07-19 10:00:00,0.16136455535888672
2015-07-19 11:00:00,0.056475162506103516
2015-07-19 12:00:00,0.08337140083312988
2015-07-19 13:00:00,0.18336665630340576
2015-07-19 14:00:00,0.19600605964660645
2015-07-19 15:00:00,0.2505527138710022
2015-07-19 16:00:00,0.22032904624938965
2015-07-19 17:00:00,0.10303723812103271
2015-07-19 18:00:00,0.0625002384185791
2015-07-19 19:00:00,0.11458051204681396
2015-07-19 20:00:00,0.22548282146453857
2015-07-19 21:00:00,0.37361305952072144
2015-07-19 22:00:00,0.3938797116279602
2015-07-19 23:00:00,0.42278099060058594
2015-07-20 00:00:00,0.45777174830436707
2015-07-20 01:00:00,0.8525919914245605
2015-07-20 02:00:00,0.9528509974479675
2015-07-20 03:00:00,0.7477060556411743
2015-07-20 04:00:00,0.552379384636879
2015-07-20 05:00:00,0.26468801498413086
2015-07-20 06:00:00,0.01910400390625
2015-07-20 07:00:00,-0.16840076446533203
2015-07-20 08:00:00,-0.24793165922164917
2015-07-20 09:00:00,-0.2186761498451233
2015-07-20 10:00:00,-0.3366349935531616
2015-07-20 11:00:00,-0.335651695728302
2015-07-20 12:00:00,-0.30067217350006104
2015-07-20 13:00:00,-0.17208081483840942
2015-07-20 14:00:00,-0.22867023944854736
2015-07-20 15:00:00,-0.3861140012741089
2015-07-20 16:00:00,-0.44212985038757324
2015-07-20 17:00:00,-0.41180992126464844
2015-07-20 18:00:00,-0.3284491300582886
2015-07-20 19:00:00,-0.2415863275527954
2015-07-20 20:00:00,-0.12143158912658691
2015-07-20 21:00:00,0.032662272453308105
2015-07-20 22:00:00,0.03335249423980713
2015-07-20 23:00:00,-0.010912060737609863
2015-07-21 00:00:00,-0.07261627912521362
2015-07-21 01:00:00,-0.2942928671836853
2015-07-21 02:00:00,-0.6479240655899048
2015-07-21 03:00:00,-1.2071949243545532
2015-07-21 04:00:00,-1.3742241859436035
2015-07-21 05:00:00,-1.4599931240081787
2015-07-21 06:00:00,-1.5091946125030518
2015-07-21 07:00:00,-1.604067325592041
2015-07-21 08:00:00,-1.7454233169555664
2015-07-21 09:00:00,-1.9119782447814941
2015-07-21 10:00:00,-1.7127975821495056
2015-07-21 11:00:00,-1.3508276045322418
2015-07-21 12:00:00,-1.0432819202542305
2015-07-21 13:00:00,-0.5234661251306534
2015-07-21 14:00:00,-0.30978500843048096
2015-07-21 15:00:00,-0.27118200063705444
2015-07-21 16:00:00,-0.37807974964380264
2015-07-21 17:00:00,-0.5377618819475174
2015-07-21 18:00:00,-0.6160370260477066
2015-07-21 19:00:00,-0.5508003532886505
2015-07-21 20:00:00,-0.4013732448220253
2015-07-21 21:00:00,-0.3024425506591797
2015-07-21 22:00:00,-0.35354624688625336
2015-07-21 23:00:00,-0.38909298181533813
2015-07-22 00:00:00,-0.3409883975982666
2015-07-22 01:00:00,-0.5574514418840408
2015-07-22 02:00:00,-0.5835892111063004
2015-07-22 03:00:00,-0.6738806962966919
2015-07-22 04:00:00,-0.5298272520303726
2015-07-22 05:00:00,-0.7611794471740723
2015-07-22 06:00:00,-0.8028374761343002
2015-07-22 07:00:00,-0.3429669104516506
2015-07-22 08:00:00,-0.35450243949890137
2015-07-22 09:00:00,-0.6487250626087189
2015-07-22 10:00:00,-0.8117958009243011
2015-07-22 11:00:00,-0.7926304638385773
2015-07-22 12:00:00,-0.6214163303375244
2015-07-22 13:00:00,-0.4736134186387062
2015-07-22 14:00:00,-0.46311455965042114
2015-07-22 15:00:00,-0.8246887996792793
2015-07-22 16:00:00,-1.2680370509624481
2015-07-22 17:00:00,-1.4999209344387054
2015-07-22 18:00:00,-1.4435019493103027
2015-07-22 19:00:00,-1.3914086818695068
2015-07-22 20:00:00,-1.260237693786621
2015-07-22 21:00:00,-1.209989070892334
2015-07-22 22:00:00,-1.2626733779907227
2015-07-22 23:00:00,-1.35482919216156
2015-07-23 00:00:00,-1.4811725616455078
2015-07-23 01:00:00,-2.056102991104126
2015-07-23 02:00:00,-2.106437921524048
2015-07-23 03:00:00,-2.1919918060302734
2015-07-23 04:00:00,-2.0683960914611816
2015-07-23 05:00:00,-1.8579273223876953
2015-07-23 06:00:00,-1.7672644555568695
2015-07-23 07:00:00,-1.7007437646389008
2015-07-23 08:00:00,-1.5921252965927124
2015-07-23 09:00:00,-1.4503053426742554
2015-07-23 10:00:00,-1.3342506736516953
2015-07-23 11:00:00,-1.1821682751178741
2015-07-23 12:00:00,-1.0326788127422333
2015-07-23 13:00:00,-0.595409631729126
2015-07-23 14:00:00,-0.24311351776123047
2015-07-23 15:00:00,-0.5459616780281067
2015-07-23 16:00:00,-1.130025863647461
2015-07-23 17:00:00,-1.4532690048217773
2015-07-23 18:00:00,-1.462080478668213
2015-07-23 19:00:00,-1.4539058208465576
2015-07-23 20:00:00,-1.3159008026123047
2015-07-23 21:00:00,-1.2582893371582031
2015-07-23 22:00:00,-1.4815690517425537
2015-07-23 23:00:00,-1.499460220336914
2015-07-24 00:00:00,-1.3117212057113647
2015-07-24 01:00:00,-1.471327304840088
2015-07-24 02:00:00,-1.4714176654815674
2015-07-24 03:00:00,-1.7085742056369781
2015-07-24 04:00:00,-1.680422067642212
2015-07-24 05:00:00,-1.6680311560630798
2015-07-24 06:00:00,-1.6118833869695663
2015-07-24 07:00:00,-1.450009822845459
2015-07-24 08:00:00,-1.2314467430114746
2015-07-24 09:00:00,-1.01809561252594
2015-07-24 10:00:00,-0.9091641902923584
2015-07-24 11:00:00,-0.7496123313903809
2015-07-24 12:00:00,-0.6139047555625439
2015-07-24 13:00:00,-0.3464028798043728
2015-07-24 14:00:00,-0.2150392539333552
2015-07-24 15:00:00,-0.1930859088897705
2015-07-24 16:00:00,-0.1670668125152588
2015-07-24 17:00:00,-0.18628090620040894
2015-07-24 18:00:00,-0.13877683877944946
2015-07-24 19:00:00,-0.026304244995117188
2015-07-24 20:00:00,0.12528789043426514
2015-07-24 21:00:00,0.30744218826293945
2015-07-24 22:00:00,0.35361766815185547
2015-07-24 23:00:00,0.39097559452056885
2015-07-25 00:00:00,0.39928895235061646
2015-07-25 01:00:00,0.7769501209259033
2015-07-25 02:00:00,0.23981404304504395
2015-07-25 03:00:00,-1.0362813174724579
2015-07-25 04:00:00,-1.5790717601776123
2015-07-25 05:00:00,-1.958054780960083
2015-07-25 06:00:00,-2.24517422914505
2015-07-25 07:00:00,-2.4435036182403564
2015-07-25 08:00:00,-2.5501327514648438
2015-07-25 09:00:00,-2.594825267791748
2015-07-25 10:00:00,-2.451473206281662
2015-07-25 11:00:00,-2.1340219974517822
2015-07-25 12:00:00,-1.5208618640899658
2015-07-25 13:00:00,-1.0327703952789307
2015-07-25 14:00:00,-0.9807500839233398
2015-07-25 15:00:00,-1.3613417148590088
2015-07-25 16:00:00,-1.8210809230804443
2015-07-25 17:00:00,-2.09480357170105
2015-07-25 18:00:00,-2.197326213121414
2015-07-25 19:00:00,-2.2310149669647217
2015-07-25 20:00:00,-2.4227561950683594
2015-07-25 21:00:00,-2.8067972660064697
2015-07-25 22:00:00,-3.062044143676758
2015-07-25 23:00:00,-3.0065340995788574
2015-07-26 00:00:00,-2.9402031898498535
2015-07-26 01:00:00,-3.2749276161193848
2015-07-26 02:00:00,-3.881208062171936
2015-07-26 03:00:00,-4.227531373500824
2015-07-26 04:00:00,-4.035740852355957
2015-07-26 05:00:00,-3.9559932947158813
2015-07-26 06:00:00,-3.9809106588363647
2015-07-26 07:00:00,-4.00198221206665
2015-07-26 08:00:00,-3.9988927841186523
2015-07-26 09:00:00,-3.922187328338623
2015-07-26 10:00:00,-4.0110955238342285
2015-07-26 11:00:00,-3.9546403884887695
2015-07-26 12:00:00,-3.6169939041137695
2015-07-26 13:00:00,-2.9281094074249268
2015-07-26 14:00:00,-2.934018135070801
2015-07-26 15:00:00,-3.3384742736816406
2015-07-26 16:00:00,-3.008105754852295
2015-07-26 17:00:00,-3.2872767448425293
2015-07-26 18:00:00,-3.553831398487091
2015-07-26 19:00:00,-3.615757465362549
2015-07-26 20:00:00,-3.5092005729675293
2015-07-26 21:00:00,-3.276235818862915
2015-07-26 22:00:00,-3.1635501384735107
2015-07-26 23:00:00,-3.0881800651550293
2015-07-27 00:00:00,-3.0230541229248047
2015-07-27 01:00:00,-3.4552464485168457
2015-07-27 02:00:00,-3.982541084289551
2015-07-27 03:00:00,-4.1781245470047
2015-07-27 04:00:00,-3.9921616315841675
2015-07-27 05:00:00,-3.6201767921447754
2015-07-27 06:00:00,-3.2146353721618652
2015-07-27 07:00:00,-2.8473961353302
2015-07-27 08:00:00,-2.499816417694092
2015-07-27 09:00:00,-2.121764600276947
2015-07-27 10:00:00,-1.9612622261047363
2015-07-27 11:00:00,-1.5826477259397507
2015-07-27 12:00:00,-1.0789707973599434
2015-07-27 13:00:00,-0.43374452739953995
2015-07-27 14:00:00,-0.1494571939110756
2015-07-27 15:00:00,-0.03744786977767944
2015-07-27 16:00:00,-0.09842818975448608
2015-07-27 17:00:00,-0.23807460069656372
2015-07-27 18:00:00,-0.26372045278549194
2015-07-27 19:00:00,-0.29237592220306396
2015-07-27 20:00:00,-0.45386600494384766
2015-07-27 21:00:00,-0.7293393164873123
2015-07-27 22:00:00,-0.9906086623668671
2015-07-27 23:00:00,-1.1292815133929253
2015-07-28 00:00:00,-1.2275793850421906
2015-07-28 01:00:00,-1.767594039440155
2015-07-28 02:00:00,-1.8043072372674942
2015-07-28 03:00:00,-1.9741644859313965
2015-07-28 04:00:00,-2.0151901245117188
2015-07-28 05:00:00,-2.0056079030036926
2015-07-28 06:00:00,-2.026548147201538
2015-07-28 07:00:00,-2.1061084270477295
2015-07-28 08:00:00,-2.2006633281707764
2015-07-28 09:00:00,-2.188117742538452
2015-07-28 10:00:00,-2.047029733657837
2015-07-28 11:00:00,-1.7027866840362549
2015-07-28 12:00:00,-1.1120842695236206
2015-07-28 13:00:00,-0.5471372026950121
2015-07-28 14:00:00,-0.19956727884709835
2015-07-28 15:00:00,-0.01623713970184326
2015-07-28 16:00:00,0.09470051527023315
2015-07-28 17:00:00,0.029256105422973633
2015-07-28 18:00:00,-0.21700894832611084
2015-07-28 19:00:00,-0.5364304035902023
2015-07-28 20:00:00,-0.8338249027729034
2015-07-28 21:00:00,-1.0955753326416016
2015-07-28 22:00:00,-1.3493309020996094
2015-07-28 23:00:00,-1.6617673933506012
2015-07-29 00:00:00,-1.8068347573280334
2015-07-29 01:00:00,-2.4258446991443634
2015-07-29 02:00:00,-2.8247179985046387
2015-07-29 03:00:00,-3.166926860809326
2015-07-29 04:00:00,-3.6087212562561035
2015-07-29 05:00:00,-3.7769808769226074
2015-07-29 06:00:00,-3.729013442993164
2015-07-29 07:00:00,-3.5371477007865906
2015-07-29 08:00:00,-3.2831602096557617
2015-07-29 09:00:00,-2.966801166534424
2015-07-29 10:00:00,-2.5043768882751465
2015-07-29 11:00:00,-2.1613714694976807
2015-07-29 12:00:00,-1.694969266653061
2015-07-29 13:00:00,-1.0456541776657104
2015-07-29 14:00:00,-0.6520372033119202
2015-07-29 15:00:00,-0.6551875397562981
2015-07-29 16:00:00,-0.7100925445556641
2015-07-29 17:00:00,-0.7230377271771431
2015-07-29 18:00:00,-0.6985758543014526
2015-07-29 19:00:00,-0.6308194398880005
2015-07-29 20:00:00,-0.4917318820953369
2015-07-29 21:00:00,-0.26984626054763794
2015-07-29 22:00:00,-0.19837939739227295
2015-07-29 23:00:00,-0.21820658445358276
2015-07-30 00:00:00,-0.2653060555458069
2015-07-30 01:00:00,-0.5192931294441223
2015-07-30 02:00:00,-0.5116280317306519
2015-07-30 03:00:00,-0.8759777545928955
2015-07-30 04:00:00,-0.8040081262588501
2015-07-30 05:00:00,-0.6646471470594406
2015-07-30 06:00:00,-0.46893465518951416
2015-07-30 07:00:00,-0.1815837025642395
2015-07-30 08:00:00,0.1160159707069397
2015-07-30 09:00:00,0.3295726329088211
2015-07-30 10:00:00,0.41628117859363556
2015-07-30 11:00:00,0.5815771818161011
2015-07-30 12:00:00,0.7658543884754181
2015-07-30 13:00:00,0.902253657579422
2015-07-30 14:00:00,0.9635244607925415
2015-07-30 15:00:00,1.4158163964748383
2015-07-30 16:00:00,1.7425490021705627
2015-07-30 17:00:00,2.0033934116363525
2015-07-30 18:00:00,1.884452909231186
2015-07-30 19:00:00,1.7424555718898773
2015-07-30 20:00:00,1.6948891878128052
2015-07-30 21:00:00,1.4491959810256958
2015-07-30 22:00:00,1.2335177659988403
2015-07-30 23:00:00,1.0132189989089966
2015-07-31 00:00:00,0.8260470628738403
2015-07-31 01:00:00,1.001306176185608
2015-07-31 02:00:00,1.6886948943138123
2015-07-31 03:00:00,2.3863162994384766
2015-07-31 04:00:00,2.3958041667938232
2015-07-31 05:00:00,2.399694949388504
2015-07-31 06:00:00,2.509997606277466
2015-07-31 07:00:00,2.6595754623413086
2015-07-31 08:00:00,2.7386527061462402
2015-07-31 09:00:00,2.722818613052368
2015-07-31 10:00:00,2.486955165863037
2015-07-31 11:00:00,2.288360357284546
2015-07-31 12:00:00,2.0372314453125
2015-07-31 13:00:00,1.7964205741882324
2015-07-31 14:00:00,1.5857491493225098
2015-07-31 15:00:00,1.107732892036438
2015-07-31 16:00:00,1.02415369451046
2015-07-31 17:00:00,1.7238709926605225
2015-07-31 18:00:00,1.4503544569015503
2015-07-31 19:00:00,1.0458413362503052
2015-07-31 20:00:00,0.9368287324905396
2015-07-31 21:00:00,0.8785108327865601
2015-07-31 22:00:00,0.7155529260635376
2015-07-31 23:00:00,0.5429317951202393
2015-08-01 00:00:00,0.33559274673461914
2015-08-01 01:00:00,0.1729879379272461
2015-08-01 02:00:00,0.09344625473022461
2015-08-01 03:00:00,0.3678116798400879
2015-08-01 04:00:00,0.2876652479171753
2015-08-01 05:00:00,0.23015499114990234
2015-08-01 06:00:00,0.3224315047264099
2015-08-01 07:00:00,0.5910530239343643
2015-08-01 08:00:00,0.9001450091600418
2015-08-01 09:00:00,1.2254226207733154
2015-08-01 10:00:00,1.230902299284935
2015-08-01 11:00:00,1.2571958303451538
2015-08-01 12:00:00,1.210909143090248
2015-08-01 13:00:00,0.8620672672986984
2015-08-01 14:00:00,0.5503775998950005
2015-08-01 15:00:00,0.49812233448028564
2015-08-01 16:00:00,0.5533741861581802
2015-08-01 17:00:00,0.6233508586883545
2015-08-01 18:00:00,0.6295974254608154
2015-08-01 19:00:00,0.6195541024208069
2015-08-01 20:00:00,0.6792616844177246
2015-08-01 21:00:00,0.6716738939285278
2015-08-01 22:00:00,0.5376536101102829
2015-08-01 23:00:00,0.47189104557037354
2015-08-02 00:00:00,0.4260120987892151
2015-08-02 01:00:00,0.4253848195075989
2015-08-02 02:00:00,0.5920836925506592
2015-08-02 03:00:00,0.5239142775535583
2015-08-02 04:00:00,0.025669127702713013
2015-08-02 05:00:00,-0.554080605506897
2015-08-02 06:00:00,-0.8881093263626099
2015-08-02 07:00:00,-1.0091888904571533
2015-08-02 08:00:00,-0.9868376553058624
2015-08-02 09:00:00,-0.9015983194112778
2015-08-02 10:00:00,-0.5978536568582058
2015-08-02 11:00:00,-0.1849943995475769
2015-08-02 12:00:00,0.2272566445171833
2015-08-02 13:00:00,0.45526963472366333
2015-08-02 14:00:00,0.7277404069900513
2015-08-02 15:00:00,1.1645957231521606
2015-08-02 16:00:00,1.603516697883606
2015-08-02 17:00:00,1.8513011038303375
2015-08-02 18:00:00,1.8105601370334625
2015-08-02 19:00:00,1.5910418033599854
2015-08-02 20:00:00,1.3308244943618774
2015-08-02 21:00:00,1.1203327178955078
2015-08-02 22:00:00,0.9954730272293091
2015-08-02 23:00:00,0.9426672458648682
2015-08-03 00:00:00,0.9798548221588135
2015-08-03 01:00:00,1.6939265727996826
2015-08-03 02:00:00,1.8689269423484802
2015-08-03 03:00:00,1.7126109600067139
2015-08-03 04:00:00,1.4772299528121948
2015-08-03 05:00:00,1.180006504058838
2015-08-03 06:00:00,0.9764107465744019
2015-08-03 07:00:00,0.8849736452102661
2015-08-03 08:00:00,0.9312827587127686
2015-08-03 09:00:00,1.0871284008026123
2015-08-03 10:00:00,0.9175336360931396
2015-08-03 11:00:00,0.7671115472912788
2015-08-03 12:00:00,0.5944366455078125
2015-08-03 13:00:00,0.35239948332309723
2015-08-03 14:00:00,0.20229560136795044
2015-08-03 15:00:00,0.13745009899139404
2015-08-03 16:00:00,0.15983915328979492
2015-08-03 17:00:00,0.22198486328125
2015-08-03 18:00:00,0.2977973222732544
2015-08-03 19:00:00,0.3852304220199585
2015-08-03 20:00:00,0.48409152030944824
2015-08-03 21:00:00,0.576323390007019
2015-08-03 22:00:00,0.5420414209365845
2015-08-03 23:00:00,0.5048587322235107
2015-08-04 00:00:00,0.5057661533355713
2015-08-04 01:00:00,0.8869132995605469
2015-08-04 02:00:00,1.1877853870391846
2015-08-04 03:00:00,1.673610806465149
2015-08-04 04:00:00,1.8763437271118164
2015-08-04 05:00:00,1.883570909500122
2015-08-04 06:00:00,1.8671023845672607
2015-08-04 07:00:00,1.8880056142807007
2015-08-04 08:00:00,1.9114141464233398
2015-08-04 09:00:00,1.925724983215332
2015-08-04 10:00:00,1.6826694011688232
2015-08-04 11:00:00,1.5410279035568237
2015-08-04 12:00:00,1.2102051824331284
2015-08-04 13:00:00,0.7977390736341476
2015-08-04 14:00:00,0.5287865996360779
2015-08-04 15:00:00,0.3561133146286011
2015-08-04 16:00:00,0.32915812730789185
2015-08-04 17:00:00,0.363165482878685
2015-08-04 18:00:00,0.44398820400238037
2015-08-04 19:00:00,0.5352767705917358
2015-08-04 20:00:00,0.5750907063484192
2015-08-04 21:00:00,0.552256166934967
2015-08-04 22:00:00,0.3320511505007744
2015-08-04 23:00:00,0.2169678807258606
2015-08-05 00:00:00,0.19404226541519165
2015-08-05 01:00:00,0.32135123014450073
2015-08-05 02:00:00,0.48235833644866943
2015-08-05 03:00:00,0.9019856452941895
2015-08-05 04:00:00,1.2774202823638916
2015-08-05 05:00:00,1.2799714803695679
2015-08-05 06:00:00,1.0786561965942383
2015-08-05 07:00:00,0.8430444002151489
2015-08-05 08:00:00,0.6858368068933487
2015-08-05 09:00:00,0.6503171920776367
2015-08-05 10:00:00,0.683410532772541
2015-08-05 11:00:00,0.7811559438705444
2015-08-05 12:00:00,0.6570528745651245
2015-08-05 13:00:00,0.47396814823150635
2015-08-05 14:00:00,0.28247976303100586
2015-08-05 15:00:00,0.09667366743087769
2015-08-05 16:00:00,0.05883133411407471
2015-08-05 17:00:00,0.13147306442260742
2015-08-05 18:00:00,0.1983208954334259
2015-08-05 19:00:00,0.26033493876457214
2015-08-05 20:00:00,0.346160888671875
2015-08-05 21:00:00,0.4977850914001465
2015-08-05 22:00:00,0.5631037354469299
2015-08-05 23:00:00,0.5517562627792358
2015-08-06 00:00:00,0.49886268377304077
2015-08-06 01:00:00,0.6481112241744995
2015-08-06 02:00:00,0.5938022136688232
2015-08-06 03:00:00,1.0167707204818726
2015-08-06 04:00:00,1.1934103965759277
2015-08-06 05:00:00,1.2982327789068222
2015-08-06 06:00:00,1.3305084705352783
2015-08-06 07:00:00,1.2414391189813614
2015-08-06 08:00:00,1.0077888816595078
2015-08-06 09:00:00,0.754497766494751
2015-08-06 10:00:00,0.7013649940490723
2015-08-06 11:00:00,0.56300950050354
2015-08-06 12:00:00,0.3731881380081177
2015-08-06 13:00:00,0.16138172149658203
2015-08-06 14:00:00,-0.009827733039855957
2015-08-06 15:00:00,-0.10580992698669434
2015-08-06 16:00:00,-0.16785216331481934
2015-08-06 17:00:00,-0.25241386890411377
2015-08-06 18:00:00,-0.09974813461303711
2015-08-06 19:00:00,0.03150582313537598
2015-08-06 20:00:00,-0.0017637014389038086
2015-08-06 21:00:00,-0.1698228120803833
2015-08-06 22:00:00,-0.1781783103942871
2015-08-06 23:00:00,0.1172642707824707
2015-08-07 00:00:00,0.19748644530773163
2015-08-07 01:00:00,0.3210785388946533
2015-08-07 02:00:00,0.4192737638950348
2015-08-07 03:00:00,0.7167216241359711
2015-08-07 04:00:00,1.1158597469329834
2015-08-07 05:00:00,1.2277301847934723
2015-08-07 06:00:00,1.1948233842849731
2015-08-07 07:00:00,1.0852229446172714
2015-08-07 08:00:00,0.954756498336792
2015-08-07 09:00:00,0.8890306949615479
2015-08-07 10:00:00,0.492687463760376
2015-08-07 11:00:00,0.1886991262435913
2015-08-07 12:00:00,0.08836829662322998
2015-08-07 13:00:00,-0.0726630687713623
2015-08-07 14:00:00,-0.4033203125
2015-08-07 15:00:00,-0.5194716453552246
2015-08-07 16:00:00,-0.5827953815460205
2015-08-07 17:00:00,-0.4583268165588379
2015-08-07 18:00:00,-0.16436076164245605
2015-08-07 19:00:00,0.10573554039001465
2015-08-07 20:00:00,0.39279448986053467
2015-08-07 21:00:00,0.7134617567062378
2015-08-07 22:00:00,0.8017046004533768
2015-08-07 23:00:00,0.8710875958204269
2015-08-08 00:00:00,0.9808765649795532
2015-08-08 01:00:00,1.1947665214538574
2015-08-08 02:00:00,1.178141713142395
2015-08-08 03:00:00,1.5619194507598877
2015-08-08 04:00:00,2.1575326323509216
2015-08-08 05:00:00,2.420990467071533
2015-08-08 06:00:00,2.5475778579711914
2015-08-08 07:00:00,2.51485013961792
2015-08-08 08:00:00,2.390756130218506
2015-08-08 09:00:00,2.213963031768799
2015-08-08 10:00:00,1.897066593170166
2015-08-08 11:00:00,1.5875561237335205
2015-08-08 12:00:00,0.9336301982402802
2015-08-08 13:00:00,0.7800543904304504
2015-08-08 14:00:00,0.2222185730934143
2015-08-08 15:00:00,0.02482771873474121
2015-08-08 16:00:00,0.11768728494644165
2015-08-08 17:00:00,0.1790714580565691
2015-08-08 18:00:00,0.2744509279727936
2015-08-08 19:00:00,0.445620596408844
2015-08-08 20:00:00,0.657029390335083
2015-08-08 21:00:00,0.8337364196777344
2015-08-08 22:00:00,0.6985882595181465
2015-08-08 23:00:00,0.4306700825691223
2015-08-09 00:00:00,0.09276721626520157
2015-08-09 01:00:00,0.2274300754070282
2015-08-09 02:00:00,0.6659167855978012
2015-08-09 03:00:00,1.182434305548668
2015-08-09 04:00:00,1.8615320324897766
2015-08-09 05:00:00,2.153045177459717
2015-08-09 06:00:00,2.2230796813964844
2015-08-09 07:00:00,2.1542065143585205
2015-08-09 08:00:00,1.902937412261963
2015-08-09 09:00:00,1.5605315268039703
2015-08-09 10:00:00,1.2509214729070663
2015-08-09 11:00:00,1.1629220247268677
2015-08-09 12:00:00,1.0532933473587036
2015-08-09 13:00:00,0.7867314368486404
2015-08-09 14:00:00,0.6407588124275208
2015-08-09 15:00:00,0.6442230343818665
2015-08-09 16:00:00,0.6668037176132202
2015-08-09 17:00:00,0.7015550136566162
2015-08-09 18:00:00,0.80915367603302
2015-08-09 19:00:00,0.9827522039413452
2015-08-09 20:00:00,1.154303789138794
2015-08-09 21:00:00,1.2718756198883057
2015-08-09 22:00:00,1.1716092824935913
2015-08-09 23:00:00,1.1108570098876953
2015-08-10 00:00:00,0.9703569710254669
2015-08-10 01:00:00,0.9042567014694214
2015-08-10 02:00:00,1.3547694832086563
2015-08-10 03:00:00,0.6111558675765991
2015-08-10 04:00:00,0.7580553889274597
2015-08-10 05:00:00,0.6764268800616264
2015-08-10 06:00:00,0.5519095063209534
2015-08-10 07:00:00,0.5263505093753338
2015-08-10 08:00:00,0.5101737976074219
2015-08-10 09:00:00,0.43343400582671165
2015-08-10 10:00:00,0.5361653417348862
2015-08-10 11:00:00,0.42702820152044296
2015-08-10 12:00:00,0.38947129622101784
2015-08-10 13:00:00,0.3859150428324938
2015-08-10 14:00:00,0.2187783420085907
2015-08-10 15:00:00,0.1435089111328125
2015-08-10 16:00:00,0.15532754734158516
2015-08-10 17:00:00,0.23100241972133517
2015-08-10 18:00:00,0.3528505004942417
2015-08-10 19:00:00,0.501266822218895
2015-08-10 20:00:00,0.6257721781730652
2015-08-10 21:00:00,0.7008225917816162
2015-08-10 22:00:00,0.6971893906593323
2015-08-10 23:00:00,0.6496320366859436
2015-08-11 00:00:00,0.5788881778717041
2015-08-11 01:00:00,0.43829184770584106
2015-08-11 02:00:00,0.20515811443328857
2015-08-11 03:00:00,-0.6023004651069641
2015-08-11 04:00:00,-0.8401840180158615
2015-08-11 05:00:00,-1.0587839782238007
2015-08-11 06:00:00,-1.083642989397049
2015-08-11 07:00:00,-0.9787552356719971
2015-08-11 08:00:00,-0.8616161644458771
2015-08-11 09:00:00,-0.6866915225982666
2015-08-11 10:00:00,-0.6559354066848755
2015-08-11 11:00:00,-0.4925271272659302
2015-08-11 12:00:00,-0.4096900224685669
2015-08-11 13:00:00,-0.427487313747406
2015-08-11 14:00:00,-0.5313972234725952
2015-08-11 15:00:00,-0.6925943344831467
2015-08-11 16:00:00,-0.7348114252090454
2015-08-11 17:00:00,-0.7275522947311401
2015-08-11 18:00:00,-0.6970918774604797
2015-08-11 19:00:00,-0.5823808908462524
2015-08-11 20:00:00,-0.40777063369750977
2015-08-11 21:00:00,-0.2556932270526886
2015-08-11 22:00:00,-0.31972479820251465
2015-08-11 23:00:00,-0.39735913276672363
2015-08-12 00:00:00,-0.41998376697301865
2015-08-12 01:00:00,-0.6461767554283142
2015-08-12 02:00:00,-0.6186100244522095
2015-08-12 03:00:00,-0.359605610370636
2015-08-12 04:00:00,-0.11252912878990173
2015-08-12 05:00:00,0.08252653479576111
2015-08-12 06:00:00,0.12315613031387329
2015-08-12 07:00:00,0.07213112711906433
2015-08-12 08:00:00,-0.03175351023674011
2015-08-12 09:00:00,-0.09493804723024368
2015-08-12 10:00:00,-0.22405892610549927
2015-08-12 11:00:00,-0.19715791568160057
2015-08-12 12:00:00,-0.09125608764588833
2015-08-12 13:00:00,-0.033183276653289795
2015-08-12 14:00:00,-0.03179706260561943
2015-08-12 15:00:00,0.017247647047042847
2015-08-12 16:00:00,0.2055065557360649
2015-08-12 17:00:00,0.40919290482997894
2015-08-12 18:00:00,0.46599673852324486
2015-08-12 19:00:00,0.37209965102374554
2015-08-12 20:00:00,0.27908995002508163
2015-08-12 21:00:00,0.2414572276175022
2015-08-12 22:00:00,0.0949547179043293
2015-08-12 23:00:00,-0.07965624704957008
2015-08-13 00:00:00,-0.2646259069442749
2015-08-13 01:00:00,-0.4457988142967224
2015-08-13 02:00:00,-0.8692786395549774
2015-08-13 03:00:00,-0.6862367540597916
2015-08-13 04:00:00,-0.4603387266397476
2015-08-13 05:00:00,-0.4201381802558899
2015-08-13 06:00:00,-0.43872684240341187
2015-08-13 07:00:00,-0.505875289440155
2015-08-13 08:00:00,-0.6200902387499809
2015-08-13 09:00:00,-0.7458869144320488
2015-08-13 10:00:00,-0.6924276798963547
2015-08-13 11:00:00,-0.5785286501049995
2015-08-13 12:00:00,-0.30809783935546875
2015-08-13 13:00:00,-0.2339310273528099
2015-08-13 14:00:00,-0.15657121688127518
2015-08-13 15:00:00,-0.12566226534545422
2015-08-13 16:00:00,-0.15925294160842896
2015-08-13 17:00:00,-0.17857137322425842
2015-08-13 18:00:00,-0.18775904178619385
2015-08-13 19:00:00,-0.16956299543380737
2015-08-13 20:00:00,-0.10958296060562134
2015-08-13 21:00:00,-0.05381527543067932
2015-08-13 22:00:00,-0.07059347629547119
2015-08-13 23:00:00,-0.1260860078036785
2015-08-14 00:00:00,-0.16164061427116394
2015-08-14 01:00:00,-0.18954730033874512
2015-08-14 02:00:00,-0.23964852094650269
2015-08-14 03:00:00,-0.4071939866989851
2015-08-14 04:00:00,-0.18054520338773727
2015-08-14 05:00:00,0.031542062759399414
2015-08-14 06:00:00,0.2975710593163967
2015-08-14 07:00:00,0.5916513055562973
2015-08-14 08:00:00,0.8795421123504639
2015-08-14 09:00:00,1.144337683916092
2015-08-14 10:00:00,0.9474286735057831
2015-08-14 11:00:00,0.7373526096343994
2015-08-14 12:00:00,0.321274995803833
2015-08-14 13:00:00,0.32516908645629883
2015-08-14 14:00:00,0.18401730060577393
2015-08-14 15:00:00,0.08413410186767578
2015-08-14 16:00:00,0.10805487632751465
2015-08-14 17:00:00,0.10059475898742676
2015-08-14 18:00:00,-0.020047426223754883
2015-08-14 19:00:00,-0.15699493885040283
2015-08-14 20:00:00,-0.22494173049926758
2015-08-14 21:00:00,-0.18557369709014893
2015-08-14 22:00:00,-0.19365549087524414
2015-08-14 23:00:00,-0.1752028465270996
2015-08-15 00:00:00,-0.13618040084838867
2015-08-15 01:00:00,-0.08174210786819458
2015-08-15 02:00:00,0.06503254175186157
2015-08-15 03:00:00,0.4288896471261978
2015-08-15 04:00:00,0.7560856938362122
2015-08-15 05:00:00,0.9050685167312622
2015-08-15 06:00:00,1.0952136516571045
2015-08-15 07:00:00,1.3465763330459595
2015-08-15 08:00:00,1.6379292011260986
2015-08-15 09:00:00,1.8322625160217285
2015-08-15 10:00:00,1.5688502788543701
2015-08-15 11:00:00,1.0383058488368988
2015-08-15 12:00:00,0.7242603898048401
2015-08-15 13:00:00,0.6917051076889038
2015-08-15 14:00:00,0.6449224352836609
2015-08-15 15:00:00,0.7336265444755554
2015-08-15 16:00:00,0.9475142955780029
2015-08-15 17:00:00,1.1375648975372314
2015-08-15 18:00:00,1.2967809438705444
2015-08-15 19:00:00,1.3914309740066528
2015-08-15 20:00:00,1.354014277458191
2015-08-15 21:00:00,1.284225583076477
2015-08-15 22:00:00,1.0706208050251007
2015-08-15 23:00:00,1.0088370144367218
2015-08-16 00:00:00,1.0402538776397705
2015-08-16 01:00:00,1.7166805267333984
2015-08-16 02:00:00,1.931250661611557
2015-08-16 03:00:00,2.0785104632377625
2015-08-16 04:00:00,1.879049390554428
2015-08-16 05:00:00,1.6395740509033203
2015-08-16 06:00:00,1.4551880359649658
2015-08-16 07:00:00,1.3388211727142334
2015-08-16 08:00:00,1.2457877397537231
2015-08-16 09:00:00,1.1865757703781128
2015-08-16 10:00:00,1.244990587234497
2015-08-16 11:00:00,1.2436126470565796
2015-08-16 12:00:00,0.7233914136886597
2015-08-16 13:00:00,0.7206465005874634
2015-08-16 14:00:00,0.5912562012672424
2015-08-16 15:00:00,0.6350966691970825
2015-08-16 16:00:00,0.6816750764846802
2015-08-16 17:00:00,0.7126041650772095
2015-08-16 18:00:00,0.7245700359344482
2015-08-16 19:00:00,0.7595622539520264
2015-08-16 20:00:00,0.860454261302948
2015-08-16 21:00:00,1.011160135269165
2015-08-16 22:00:00,1.0712089240550995
2015-08-16 23:00:00,1.1171491146087646
2015-08-17 00:00:00,1.1269142627716064
2015-08-17 01:00:00,1.6896775960922241
2015-08-17 02:00:00,2.1105737686157227
2015-08-17 03:00:00,2.218174010515213
2015-08-17 04:00:00,2.2458276450634003
2015-08-17 05:00:00,2.1051912903785706
2015-08-17 06:00:00,2.133289098739624
2015-08-17 07:00:00,2.247807055711746
2015-08-17 08:00:00,2.4379186630249023
2015-08-17 09:00:00,2.6107096672058105
2015-08-17 10:00:00,2.3270344734191895
2015-08-17 11:00:00,1.9556491374969482
2015-08-17 12:00:00,1.0548648834228516
2015-08-17 13:00:00,0.8214108943939209
2015-08-17 14:00:00,0.7226005792617798
2015-08-17 15:00:00,0.7122215032577515
2015-08-17 16:00:00,0.6409520506858826
2015-08-17 17:00:00,0.5761709213256836
2015-08-17 18:00:00,0.5982708930969238
2015-08-17 19:00:00,0.701870858669281
2015-08-17 20:00:00,0.8711750507354736
2015-08-17 21:00:00,1.0945812463760376
2015-08-17 22:00:00,1.081052541732788
2015-08-17 23:00:00,1.082716926932335
2015-08-18 00:00:00,1.1310250759124756
2015-08-18 01:00:00,1.5120484828948975
2015-08-18 02:00:00,2.335228443145752
2015-08-18 03:00:00,2.3474531173706055
2015-08-18 04:00:00,2.60196852684021
2015-08-18 05:00:00,2.7062602043151855
2015-08-18 06:00:00,2.856983184814453
2015-08-18 07:00:00,3.044170379638672
2015-08-18 08:00:00,3.1883678436279297
2015-08-18 09:00:00,3.1955244541168213
2015-08-18 10:00:00,3.039728879928589
2015-08-18 11:00:00,2.5485236644744873
2015-08-18 12:00:00,1.7326997816562653
2015-08-18 13:00:00,0.9429733753204346
2015-08-18 14:00:00,0.7431699633598328
2015-08-18 15:00:00,0.7650948762893677
2015-08-18 16:00:00,0.8304691314697266
2015-08-18 17:00:00,0.9209325313568115
2015-08-18 18:00:00,1.1996690034866333
2015-08-18 19:00:00,1.6403461396694183
2015-08-18 20:00:00,2.2509842216968536
2015-08-18 21:00:00,2.9879531860351562
2015-08-18 22:00:00,2.8134422302246094
2015-08-18 23:00:00,2.695622444152832
2015-08-19 00:00:00,2.712160587310791
2015-08-19 01:00:00,2.8565144538879395
2015-08-19 02:00:00,3.1973397731781006
2015-08-19 03:00:00,4.104506492614746
2015-08-19 04:00:00,4.3993611335754395
2015-08-19 05:00:00,4.498205184936523
2015-08-19 06:00:00,4.395571231842041
2015-08-19 07:00:00,4.254930019378662
2015-08-19 08:00:00,4.130209982395172
2015-08-19 09:00:00,4.0022969245910645
2015-08-19 10:00:00,3.872865676879883
2015-08-19 11:00:00,3.3445558547973633
2015-08-19 12:00:00,2.3956957161426544
2015-08-19 13:00:00,1.4172337055206299
2015-08-19 14:00:00,1.1521320343017578
2015-08-19 15:00:00,1.1900986433029175
2015-08-19 16:00:00,1.3636131286621094
2015-08-19 17:00:00,1.6780501306056976
2015-08-19 18:00:00,2.181596279144287
2015-08-19 19:00:00,2.767524003982544
2015-08-19 20:00:00,3.249411106109619
2015-08-19 21:00:00,3.695511817932129
2015-08-19 22:00:00,3.7774600982666016
2015-08-19 23:00:00,3.433797597885132
2015-08-20 00:00:00,3.2286744117736816
2015-08-20 01:00:00,3.2371766567230225
2015-08-20 02:00:00,3.6271265149116516
2015-08-20 03:00:00,4.477736413478851
2015-08-20 04:00:00,4.766979217529297
2015-08-20 05:00:00,4.578906059265137
2015-08-20 06:00:00,4.224098205566406
2015-08-20 07:00:00,3.8677432537078857
2015-08-20 08:00:00,3.6194233894348145
2015-08-20 09:00:00,3.456953763961792
2015-08-20 10:00:00,3.1353671550750732
2015-08-20 11:00:00,2.247663736343384
2015-08-20 12:00:00,1.8693642616271973
2015-08-20 13:00:00,1.1404751539230347
2015-08-20 14:00:00,0.9503688812255859
2015-08-20 15:00:00,0.9587686359882355
2015-08-20 16:00:00,1.048728108406067
2015-08-20 17:00:00,1.2912936210632324
2015-08-20 18:00:00,1.6982861459255219
2015-08-20 19:00:00,2.135547399520874
2015-08-20 20:00:00,2.762449026107788
2015-08-20 21:00:00,3.434490442276001
2015-08-20 22:00:00,3.2556660175323486
2015-08-20 23:00:00,2.6594316959381104
2015-08-21 00:00:00,2.4218311309814453
2015-08-21 01:00:00,2.7779324054718018
2015-08-21 02:00:00,3.1170685291290283
2015-08-21 03:00:00,4.118540823459625
2015-08-21 04:00:00,4.1621174812316895
2015-08-21 05:00:00,3.7772091031074524
2015-08-21 06:00:00,3.279512882232666
2015-08-21 07:00:00,2.8783435821533203
2015-08-21 08:00:00,2.666860818862915
2015-08-21 09:00:00,2.5594677925109863
2015-08-21 10:00:00,2.3999545574188232
2015-08-21 11:00:00,2.155519962310791
2015-08-21 12:00:00,1.2336063385009766
2015-08-21 13:00:00,0.8968378305435181
2015-08-21 14:00:00,0.8152590990066528
2015-08-21 15:00:00,0.8116973042488098
2015-08-21 16:00:00,0.8640151619911194
2015-08-21 17:00:00,0.9629395455121994
2015-08-21 18:00:00,1.1108257919549942
2015-08-21 19:00:00,1.2988407611846924
2015-08-21 20:00:00,1.5398221015930176
2015-08-21 21:00:00,1.868037462234497
2015-08-21 22:00:00,2.072707414627075
2015-08-21 23:00:00,2.2668955326080322
2015-08-22 00:00:00,2.3851864337921143
2015-08-22 01:00:00,2.81368088722229
2015-08-22 02:00:00,3.134040594100952
2015-08-22 03:00:00,3.4674248695373535
2015-08-22 04:00:00,3.8832712173461914
2015-08-22 05:00:00,3.8192248344421387
2015-08-22 06:00:00,3.5492966175079346
2015-08-22 07:00:00,3.367860794067383
2015-08-22 08:00:00,3.266049385070801
2015-08-22 09:00:00,3.145827531814575
2015-08-22 10:00:00,2.7682905197143555
2015-08-22 11:00:00,2.3937716484069824
2015-08-22 12:00:00,1.402039885520935
2015-08-22 13:00:00,0.8278074264526367
2015-08-22 14:00:00,0.6060159802436829
2015-08-22 15:00:00,0.45157790184020996
2015-08-22 16:00:00,0.42381113581359386
2015-08-22 17:00:00,0.547950990498066
2015-08-22 18:00:00,0.7690506353974342
2015-08-22 19:00:00,1.0058533698320389
2015-08-22 20:00:00,1.2535274177789688
2015-08-22 21:00:00,1.5906810760498047
2015-08-22 22:00:00,1.7813000679016113
2015-08-22 23:00:00,2.0030874609947205
2015-08-23 00:00:00,2.154059648513794
2015-08-23 01:00:00,2.586425542831421
2015-08-23 02:00:00,3.1193137168884277
2015-08-23 03:00:00,3.300628423690796
2015-08-23 04:00:00,3.263787269592285
2015-08-23 05:00:00,2.987245798110962
2015-08-23 06:00:00,2.6876418590545654
2015-08-23 07:00:00,2.534146547317505
2015-08-23 08:00:00,2.4872593879699707
2015-08-23 09:00:00,2.472904682159424
2015-08-23 10:00:00,2.4075276851654053
2015-08-23 11:00:00,2.004152297973633
2015-08-23 12:00:00,0.9743736982345581
2015-08-23 13:00:00,0.8222873210906982
2015-08-23 14:00:00,0.7578747272491455
2015-08-23 15:00:00,0.7515872120857239
2015-08-23 16:00:00,0.7415531277656555
2015-08-23 17:00:00,0.7706060409545898
2015-08-23 18:00:00,0.8783191442489624
2015-08-23 19:00:00,1.0936763286590576
2015-08-23 20:00:00,1.4183659553527832
2015-08-23 21:00:00,1.895033746957779
2015-08-23 22:00:00,2.343535900115967
2015-08-23 23:00:00,2.7948997020721436
2015-08-24 00:00:00,2.8403677940368652
2015-08-24 01:00:00,2.895888328552246
2015-08-24 02:00:00,2.86849308013916
2015-08-24 03:00:00,3.641885757446289
2015-08-24 04:00:00,4.040698528289795
2015-08-24 05:00:00,3.87199068069458
2015-08-24 06:00:00,3.6235036849975586
2015-08-24 07:00:00,3.4789247512817383
2015-08-24 08:00:00,3.424459457397461
2015-08-24 09:00:00,3.3933708667755127
2015-08-24 10:00:00,3.092834711074829
2015-08-24 11:00:00,2.804704189300537
2015-08-24 12:00:00,1.864243984222412
2015-08-24 13:00:00,1.1837600469589233
2015-08-24 14:00:00,1.1036806106567383
2015-08-24 15:00:00,1.1252256631851196
2015-08-24 16:00:00,1.2172212600708008
2015-08-24 17:00:00,1.355210304260254
2015-08-24 18:00:00,1.5378227233886719
2015-08-24 19:00:00,1.7536108493804932
2015-08-24 20:00:00,1.9917883276939392
2015-08-24 21:00:00,2.295593500137329
2015-08-24 22:00:00,2.60613751411438
2015-08-24 23:00:00,2.7664995193481445
2015-08-25 00:00:00,2.8636529445648193
2015-08-25 01:00:00,3.0538382530212402
2015-08-25 02:00:00,3.4551379680633545
2015-08-25 03:00:00,3.6231913566589355
2015-08-25 04:00:00,4.679551601409912
2015-08-25 05:00:00,4.529406547546387
2015-08-25 06:00:00,4.147396087646484
2015-08-25 07:00:00,3.781421661376953
2015-08-25 08:00:00,3.4294180870056152
2015-08-25 09:00:00,3.0586087703704834
2015-08-25 10:00:00,3.015951633453369
2015-08-25 11:00:00,2.6514739990234375
2015-08-25 12:00:00,1.9474050998687744
2015-08-25 13:00:00,1.1373140811920166
2015-08-25 14:00:00,1.139184832572937
2015-08-25 15:00:00,1.226865291595459
2015-08-25 16:00:00,1.2722450494766235
2015-08-25 17:00:00,1.3507276773452759
2015-08-25 18:00:00,1.5260930061340332
2015-08-25 19:00:00,1.8127979040145874
2015-08-25 20:00:00,2.137906789779663
2015-08-25 21:00:00,2.4223079681396484
2015-08-25 22:00:00,2.5486631393432617
2015-08-25 23:00:00,2.690260887145996
2015-08-26 00:00:00,2.6892566680908203
2015-08-26 01:00:00,2.938769817352295
2015-08-26 02:00:00,3.302377462387085
2015-08-26 03:00:00,3.289287567138672
2015-08-26 04:00:00,3.849548101425171
2015-08-26 05:00:00,3.7394285202026367
2015-08-26 06:00:00,3.4588382244110107
2015-08-26 07:00:00,3.1780989170074463
2015-08-26 08:00:00,2.929290294647217
2015-08-26 09:00:00,2.6328697204589844
2015-08-26 10:00:00,2.573913335800171
2015-08-26 11:00:00,2.2573726177215576
2015-08-26 12:00:00,1.4467960596084595
2015-08-26 13:00:00,0.775306224822998
2015-08-26 14:00:00,0.791664183139801
2015-08-26 15:00:00,0.8426473140716553
2015-08-26 16:00:00,0.9453147649765015
2015-08-26 17:00:00,1.0380845069885254
2015-08-26 18:00:00,1.1117702722549438
2015-08-26 19:00:00,1.1918656826019287
2015-08-26 20:00:00,1.2682199478149414
2015-08-26 21:00:00,1.3092262744903564
2015-08-26 22:00:00,1.2705779075622559
2015-08-26 23:00:00,1.2410027980804443
2015-08-27 00:00:00,1.227571964263916
2015-08-27 01:00:00,1.3353278636932373
2015-08-27 02:00:00,2.7899484634399414
2015-08-27 03:00:00,2.234259843826294
2015-08-27 04:00:00,2.569890022277832
2015-08-27 05:00:00,2.278076171875
2015-08-27 06:00:00,2.022970676422119
2015-08-27 07:00:00,1.8305481970310211
2015-08-27 08:00:00,1.6577359437942505
2015-08-27 09:00:00,1.5081684589385986
2015-08-27 10:00:00,1.2952855825424194
2015-08-27 11:00:00,1.0035848319530487
2015-08-27 12:00:00,0.604215145111084
2015-08-27 13:00:00,0.3586803078651428
2015-08-27 14:00:00,-0.06505990028381348
2015-08-27 15:00:00,-0.2587413787841797
2015-08-27 16:00:00,-0.2643207311630249
2015-08-27 17:00:00,-0.21204710006713867
2015-08-27 18:00:00,-0.14787590503692627
2015-08-27 19:00:00,-0.07301068305969238
2015-08-27 20:00:00,0.036569416522979736
2015-08-27 21:00:00,0.2153487205505371
2015-08-27 22:00:00,0.36761289834976196
2015-08-27 23:00:00,0.5639150738716125
2015-08-28 00:00:00,0.7565962076187134
2015-08-28 01:00:00,0.9958189725875854
2015-08-28 02:00:00,2.28129506111145
2015-08-28 03:00:00,2.040474832057953
2015-08-28 04:00:00,2.7057764530181885
2015-08-28 05:00:00,2.801806688308716
2015-08-28 06:00:00,2.844470977783203
2015-08-28 07:00:00,2.6591298580169678
2015-08-28 08:00:00,2.5855088233947754
2015-08-28 09:00:00,2.5143942832946777
2015-08-28 10:00:00,2.1895315647125244
2015-08-28 11:00:00,1.4811958074569702
2015-08-28 12:00:00,1.230578064918518
2015-08-28 13:00:00,0.5567745566368103
2015-08-28 14:00:00,0.4886132478713989
2015-08-28 15:00:00,0.5285969972610474
2015-08-28 16:00:00,0.6663609743118286
2015-08-28 17:00:00,0.7854574918746948
2015-08-28 18:00:00,0.855365514755249
2015-08-28 19:00:00,0.8924499750137329
2015-08-28 20:00:00,0.9740174114704132
2015-08-28 21:00:00,1.1114759296178818
2015-08-28 22:00:00,1.0960897207260132
2015-08-28 23:00:00,1.1018683910369873
2015-08-29 00:00:00,1.1409735679626465
2015-08-29 01:00:00,1.2545394897460938
2015-08-29 02:00:00,2.577894687652588
2015-08-29 03:00:00,2.25018048286438
2015-08-29 04:00:00,2.804936408996582
2015-08-29 05:00:00,3.020503520965576
2015-08-29 06:00:00,2.9543275833129883
2015-08-29 07:00:00,3.00655460357666
2015-08-29 08:00:00,2.9768807888031006
2015-08-29 09:00:00,2.8816444873809814
2015-08-29 10:00:00,2.6842710971832275
2015-08-29 11:00:00,2.2892208099365234
2015-08-29 12:00:00,1.6247484683990479
2015-08-29 13:00:00,0.8832744359970093
2015-08-29 14:00:00,0.8802636861801147
2015-08-29 15:00:00,0.9279484748840332
2015-08-29 16:00:00,0.9917938858270645
2015-08-29 17:00:00,1.0570377111434937
2015-08-29 18:00:00,1.1370224952697754
2015-08-29 19:00:00,1.2411222457885742
2015-08-29 20:00:00,1.3840720653533936
2015-08-29 21:00:00,1.599008560180664
2015-08-29 22:00:00,1.6556341648101807
2015-08-29 23:00:00,1.7107808589935303
2015-08-30 00:00:00,1.7790567874908447
2015-08-30 01:00:00,2.110429048538208
2015-08-30 02:00:00,2.992734909057617
2015-08-30 03:00:00,3.1186330318450928
2015-08-30 04:00:00,3.5179126262664795
2015-08-30 05:00:00,3.785440683364868
2015-08-30 06:00:00,3.6941914558410645
2015-08-30 07:00:00,3.556440830230713
2015-08-30 08:00:00,3.3689093589782715
2015-08-30 09:00:00,3.240513801574707
2015-08-30 10:00:00,3.089625835418701
2015-08-30 11:00:00,2.6054649353027344
2015-08-30 12:00:00,1.899329662322998
2015-08-30 13:00:00,1.108231082558632
2015-08-30 14:00:00,1.144811749458313
2015-08-30 15:00:00,1.2184993028640747
2015-08-30 16:00:00,1.293379306793213
2015-08-30 17:00:00,1.355162501335144
2015-08-30 18:00:00,1.4117690324783325
2015-08-30 19:00:00,1.478008508682251
2015-08-30 20:00:00,1.560371994972229
2015-08-30 21:00:00,1.6747703552246094
2015-08-30 22:00:00,1.737501859664917
2015-08-30 23:00:00,1.825552225112915
2015-08-31 00:00:00,1.939821481704712
2015-08-31 01:00:00,2.3152482509613037
2015-08-31 02:00:00,3.2155518531799316
2015-08-31 03:00:00,3.2516191005706787
2015-08-31 04:00:00,4.211417198181152
2015-08-31 05:00:00,4.396712303161621
2015-08-31 06:00:00,4.292483806610107
2015-08-31 07:00:00,4.189920425415039
2015-08-31 08:00:00,4.093656063079834
2015-08-31 09:00:00,4.017022132873535
2015-08-31 10:00:00,3.8381147384643555
2015-08-31 11:00:00,3.29845929145813
2015-08-31 12:00:00,2.3704071044921875
2015-08-31 13:00:00,1.4737673997879028
2015-08-31 14:00:00,1.518135905265808
2015-08-31 15:00:00,1.6254425048828125
2015-08-31 16:00:00,1.743445634841919
2015-08-31 17:00:00,1.828871339559555
2015-08-31 18:00:00,1.8987414836883545
2015-08-31 19:00:00,1.9826788902282715
2015-08-31 20:00:00,2.10705828666687
2015-08-31 21:00:00,2.276230573654175
2015-08-31 22:00:00,2.4089598655700684
2015-08-31 23:00:00,2.585749387741089
2015-09-01 00:00:00,2.7070412635803223
2015-09-01 01:00:00,3.2491915225982666
2015-09-01 02:00:00,3.8865997791290283
2015-09-01 03:00:00,4.1999406814575195
2015-09-01 04:00:00,4.621945858001709
2015-09-01 05:00:00,4.877813339233398
2015-09-01 06:00:00,4.839200019836426
2015-09-01 07:00:00,4.671510219573975
2015-09-01 08:00:00,4.435410976409912
2015-09-01 09:00:00,4.182871341705322
2015-09-01 10:00:00,3.7468795776367188
2015-09-01 11:00:00,2.9797611236572266
2015-09-01 12:00:00,2.1372337341308594
2015-09-01 13:00:00,1.1633741855621338
2015-09-01 14:00:00,1.228400707244873
2015-09-01 15:00:00,1.3414162397384644
2015-09-01 16:00:00,1.5422345399856567
2015-09-01 17:00:00,1.7771995067596436
2015-09-01 18:00:00,2.0416030287742615
2015-09-01 19:00:00,2.2976560592651367
2015-09-01 20:00:00,2.490489959716797
2015-09-01 21:00:00,2.6331892013549805
2015-09-01 22:00:00,2.5740184783935547
2015-09-01 23:00:00,2.5588157176971436
2015-09-02 00:00:00,2.5447235107421875
2015-09-02 01:00:00,2.7903313636779785
2015-09-02 02:00:00,3.3685450553894043
2015-09-02 03:00:00,3.4452075958251953
2015-09-02 04:00:00,4.105773448944092
2015-09-02 05:00:00,4.376471996307373
2015-09-02 06:00:00,4.259284973144531
2015-09-02 07:00:00,4.048257768154144
2015-09-02 08:00:00,3.8775954246520996
2015-09-02 09:00:00,3.7137651443481445
2015-09-02 10:00:00,3.4644131660461426
2015-09-02 11:00:00,2.633873224258423
2015-09-02 12:00:00,2.043062746524811
2015-09-02 13:00:00,1.0708509683609009
2015-09-02 14:00:00,1.1197987794876099
2015-09-02 15:00:00,1.1384953260421753
2015-09-02 16:00:00,1.2116906642913818
2015-09-02 17:00:00,1.3680845499038696
2015-09-02 18:00:00,1.5675243139266968
2015-09-02 19:00:00,1.7643269002437592
2015-09-02 20:00:00,1.9163496494293213
2015-09-02 21:00:00,2.03285551071167
2015-09-02 22:00:00,1.9355794787406921
2015-09-02 23:00:00,1.907599300146103
2015-09-03 00:00:00,1.8783397674560547
2015-09-03 01:00:00,1.9802294373512268
2015-09-03 02:00:00,2.8505687713623047
2015-09-03 03:00:00,2.8399484157562256
2015-09-03 04:00:00,3.810488224029541
2015-09-03 05:00:00,3.851677417755127
2015-09-03 06:00:00,3.6568450927734375
2015-09-03 07:00:00,3.4678726196289062
2015-09-03 08:00:00,3.280538558959961
2015-09-03 09:00:00,3.135260820388794
2015-09-03 10:00:00,2.7426373958587646
2015-09-03 11:00:00,1.9253968596458435
2015-09-03 12:00:00,1.4831651449203491
2015-09-03 13:00:00,0.8514128923416138
2015-09-03 14:00:00,0.9387038946151733
2015-09-03 15:00:00,0.8479557037353516
2015-09-03 16:00:00,0.8062299489974976
2015-09-03 17:00:00,0.7850285768508911
2015-09-03 18:00:00,0.8488337993621826
2015-09-03 19:00:00,0.9940468072891235
2015-09-03 20:00:00,1.1874878406524658
2015-09-03 21:00:00,1.3789573907852173
2015-09-03 22:00:00,1.4583078622817993
2015-09-03 23:00:00,1.5046592950820923
2015-09-04 00:00:00,1.533839225769043
2015-09-04 01:00:00,1.6511036157608032
2015-09-04 02:00:00,2.766221046447754
2015-09-04 03:00:00,2.507080554962158
2015-09-04 04:00:00,3.1487388610839844
2015-09-04 05:00:00,3.3538291454315186
2015-09-04 06:00:00,3.374638557434082
2015-09-04 07:00:00,3.376413345336914
2015-09-04 08:00:00,3.3363280296325684
2015-09-04 09:00:00,3.247119903564453
2015-09-04 10:00:00,3.05788516998291
2015-09-04 11:00:00,2.504631072282791
2015-09-04 12:00:00,1.967590868473053
2015-09-04 13:00:00,1.0274566411972046
2015-09-04 14:00:00,1.066226840019226
2015-09-04 15:00:00,1.0992980003356934
2015-09-04 16:00:00,1.1323283910751343
2015-09-04 17:00:00,1.1892647743225098
2015-09-04 18:00:00,1.274431586265564
2015-09-04 19:00:00,1.400168538093567
2015-09-04 20:00:00,1.5668284893035889
2015-09-04 21:00:00,1.7488712072372437
2015-09-04 22:00:00,1.7461222410202026
2015-09-04 23:00:00,1.7076393365859985
2015-09-05 00:00:00,1.6386563777923584
2015-09-05 01:00:00,1.6370657682418823
2015-09-05 02:00:00,2.7328805923461914
2015-09-05 03:00:00,2.49410080909729
2015-09-05 04:00:00,3.5536141395568848
2015-09-05 05:00:00,4.397952556610107
2015-09-05 06:00:00,4.464272499084473
2015-09-05 07:00:00,4.4041242599487305
2015-09-05 08:00:00,4.313404560089111
2015-09-05 09:00:00,4.213838636875153
2015-09-05 10:00:00,3.8300318717956543
2015-09-05 11:00:00,3.211714744567871
2015-09-05 12:00:00,2.2912046909332275
2015-09-05 13:00:00,1.1409893035888672
2015-09-05 14:00:00,1.167862057685852
2015-09-05 15:00:00,1.2180628776550293
2015-09-05 16:00:00,1.359989881515503
2015-09-05 17:00:00,1.5126569271087646
2015-09-05 18:00:00,1.6680442094802856
2015-09-05 19:00:00,1.833561897277832
2015-09-05 20:00:00,1.998184621334076
2015-09-05 21:00:00,2.1176347136497498
2015-09-05 22:00:00,1.9037392139434814
2015-09-05 23:00:00,1.7253410816192627
2015-09-06 00:00:00,1.564549446105957
2015-09-06 01:00:00,1.4958792924880981
2015-09-06 02:00:00,2.49594783782959
2015-09-06 03:00:00,2.182646244764328
2015-09-06 04:00:00,3.169485569000244
2015-09-06 05:00:00,3.8671979904174805
2015-09-06 06:00:00,3.9755678176879883
2015-09-06 07:00:00,3.8180654048919678
2015-09-06 08:00:00,3.5891294479370117
2015-09-06 09:00:00,3.370861530303955
2015-09-06 10:00:00,3.1665844917297363
2015-09-06 11:00:00,2.695598602294922
2015-09-06 12:00:00,2.074944496154785
2015-09-06 13:00:00,1.0215774774551392
2015-09-06 14:00:00,1.0449292361736298
2015-09-06 15:00:00,1.0976485013961792
2015-09-06 16:00:00,1.2384521961212158
2015-09-06 17:00:00,1.3907606601715088
2015-09-06 18:00:00,1.5227837562561035
2015-09-06 19:00:00,1.6234641075134277
2015-09-06 20:00:00,1.748957872390747
2015-09-06 21:00:00,1.8772294521331787
2015-09-06 22:00:00,1.6943484544754028
2015-09-06 23:00:00,1.5927923917770386
2015-09-07 00:00:00,1.5455178022384644
2015-09-07 01:00:00,1.622026801109314
2015-09-07 02:00:00,2.809112548828125
2015-09-07 03:00:00,2.5541419982910156
2015-09-07 04:00:00,3.7210659980773926
2015-09-07 05:00:00,3.8708791732788086
2015-09-07 06:00:00,3.7987499237060547
2015-09-07 07:00:00,3.637082576751709
2015-09-07 08:00:00,3.5178723335266113
2015-09-07 09:00:00,3.329704761505127
2015-09-07 10:00:00,3.024517297744751
2015-09-07 11:00:00,2.5443601608276367
2015-09-07 12:00:00,1.9188814163208008
2015-09-07 13:00:00,0.8965030908584595
2015-09-07 14:00:00,0.9376245737075806
2015-09-07 15:00:00,0.984960675239563
2015-09-07 16:00:00,1.1021711826324463
2015-09-07 17:00:00,1.2558460235595703
2015-09-07 18:00:00,1.4369133710861206
2015-09-07 19:00:00,1.622654914855957
2015-09-07 20:00:00,1.778458595275879
2015-09-07 21:00:00,1.876471608877182
2015-09-07 22:00:00,1.636890172958374
2015-09-07 23:00:00,1.4913076162338257
2015-09-08 00:00:00,1.4069021940231323
2015-09-08 01:00:00,1.4721344709396362
2015-09-08 02:00:00,2.6902918815612793
2015-09-08 03:00:00,2.6002867221832275
2015-09-08 04:00:00,3.816915988922119
2015-09-08 05:00:00,4.085944175720215
2015-09-08 06:00:00,4.140224397182465
2015-09-08 07:00:00,4.060612201690674
2015-09-08 08:00:00,3.8710947036743164
2015-09-08 09:00:00,3.6093382835388184
2015-09-08 10:00:00,3.4699573516845703
2015-09-08 11:00:00,3.0911386013031006
2015-09-08 12:00:00,2.3452470302581787
2015-09-08 13:00:00,1.3356637954711914
2015-09-08 14:00:00,1.5585469007492065
2015-09-08 15:00:00,1.9104337692260742
2015-09-08 16:00:00,2.319401502609253
2015-09-08 17:00:00,2.7599496841430664
2015-09-08 18:00:00,2.9499423503875732
2015-09-08 19:00:00,3.015806198120117
2015-09-08 20:00:00,2.9298112392425537
2015-09-08 21:00:00,2.836759567260742
2015-09-08 22:00:00,2.3277831077575684
2015-09-08 23:00:00,2.082119941711426
2015-09-09 00:00:00,1.9608968794345856
2015-09-09 01:00:00,2.0239012241363525
2015-09-09 02:00:00,3.003791093826294
2015-09-09 03:00:00,3.0690016746520996
2015-09-09 04:00:00,3.8971376419067383
2015-09-09 05:00:00,4.121068954467773
2015-09-09 06:00:00,4.086530685424805
2015-09-09 07:00:00,3.9171974062919617
2015-09-09 08:00:00,3.6766724586486816
2015-09-09 09:00:00,3.4312210083007812
2015-09-09 10:00:00,3.237020492553711
2015-09-09 11:00:00,2.8624794483184814
2015-09-09 12:00:00,2.1612303256988525
2015-09-09 13:00:00,1.1106144189834595
2015-09-09 14:00:00,1.2353593111038208
2015-09-09 15:00:00,1.3604751825332642
2015-09-09 16:00:00,1.5297318696975708
2015-09-09 17:00:00,1.7109415531158447
2015-09-09 18:00:00,1.8930478990077972
2015-09-09 19:00:00,1.9819064140319824
2015-09-09 20:00:00,2.0130367279052734
2015-09-09 21:00:00,1.9972093105316162
2015-09-09 22:00:00,1.669825792312622
2015-09-09 23:00:00,1.5496840476989746
2015-09-10 00:00:00,1.4141035079956055
2015-09-10 01:00:00,1.3116447925567627
2015-09-10 02:00:00,2.3155295848846436
2015-09-10 03:00:00,1.9421676397323608
2015-09-10 04:00:00,2.535400152206421
2015-09-10 05:00:00,3.174426794052124
2015-09-10 06:00:00,3.2505879402160645
2015-09-10 07:00:00,3.2335166931152344
2015-09-10 08:00:00,3.1259665489196777
2015-09-10 09:00:00,2.981477737426758
2015-09-10 10:00:00,2.8019230365753174
2015-09-10 11:00:00,2.4264931678771973
2015-09-10 12:00:00,1.6965733766555786
2015-09-10 13:00:00,0.79139244556427
2015-09-10 14:00:00,0.8123199939727783
2015-09-10 15:00:00,0.8733599185943604
2015-09-10 16:00:00,0.9619241952896118
2015-09-10 17:00:00,1.036999672651291
2015-09-10 18:00:00,1.1062101125717163
2015-09-10 19:00:00,1.173938512802124
2015-09-10 20:00:00,1.2452521324157715
2015-09-10 21:00:00,1.3385145664215088
2015-09-10 22:00:00,1.225831151008606
2015-09-10 23:00:00,1.125823974609375
2015-09-11 00:00:00,1.0552128553390503
2015-09-11 01:00:00,0.9790226221084595
2015-09-11 02:00:00,1.8887395858764648
2015-09-11 03:00:00,1.3232543468475342
2015-09-11 04:00:00,2.233981639146805
2015-09-11 05:00:00,2.3446555137634277
2015-09-11 06:00:00,2.249668598175049
2015-09-11 07:00:00,2.122903347015381
2015-09-11 08:00:00,2.119232416152954
2015-09-11 09:00:00,1.9854263365268707
2015-09-11 10:00:00,1.9327667951583862
2015-09-11 11:00:00,1.687227725982666
2015-09-11 12:00:00,1.194746971130371
2015-09-11 13:00:00,0.5137509107589722
2015-09-11 14:00:00,0.5629985332489014
2015-09-11 15:00:00,0.6737644672393799
2015-09-11 16:00:00,0.798452615737915
2015-09-11 17:00:00,0.9158984422683716
2015-09-11 18:00:00,0.9718778133392334
2015-09-11 19:00:00,0.9708175659179688
2015-09-11 20:00:00,0.941501259803772
2015-09-11 21:00:00,0.910042405128479
2015-09-11 22:00:00,0.8278195858001709
2015-09-11 23:00:00,0.7673825025558472
2015-09-12 00:00:00,0.7218543291091919
2015-09-12 01:00:00,0.6765882968902588
2015-09-12 02:00:00,0.7892325222492218
2015-09-12 03:00:00,0.5402083396911621
2015-09-12 04:00:00,0.456357479095459
2015-09-12 05:00:00,0.5296418070793152
2015-09-12 06:00:00,0.37748807668685913
2015-09-12 07:00:00,0.3146403431892395
2015-09-12 08:00:00,0.29124152660369873
2015-09-12 09:00:00,0.20376825332641602
2015-09-12 10:00:00,0.18028390407562256
2015-09-12 11:00:00,0.043318457901477814
2015-09-12 12:00:00,-0.057928781025111675
2015-09-12 13:00:00,-0.26760751754045486
2015-09-12 14:00:00,-0.5171777009963989
2015-09-12 15:00:00,-0.5871985033154488
2015-09-12 16:00:00,-0.4160482883453369
2015-09-12 17:00:00,-0.23426097631454468
2015-09-12 18:00:00,-0.15050268173217773
2015-09-12 19:00:00,-0.12840092182159424
2015-09-12 20:00:00,-0.14353108406066895
2015-09-12 21:00:00,-0.1658926010131836
2015-09-12 22:00:00,-0.2013329267501831
2015-09-12 23:00:00,-0.21771538257598877
2015-09-13 00:00:00,-0.19525539875030518
2015-09-13 01:00:00,-0.1718672513961792
2015-09-13 02:00:00,-0.15473589301109314
2015-09-13 03:00:00,-0.11511260271072388
2015-09-13 04:00:00,0.42205291986465454
2015-09-13 05:00:00,0.35185980796813965
2015-09-13 06:00:00,0.15735948085784912
2015-09-13 07:00:00,0.060532212257385254
2015-09-13 08:00:00,0.07133781909942627
2015-09-13 09:00:00,0.13438153266906738
2015-09-13 10:00:00,0.34982967376708984
2015-09-13 11:00:00,0.5225181579589844
2015-09-13 12:00:00,0.5031393766403198
2015-09-13 13:00:00,0.22207963466644287
2015-09-13 14:00:00,0.047998905181884766
2015-09-13 15:00:00,-0.07036828994750977
2015-09-13 16:00:00,0.028969407081604004
2015-09-13 17:00:00,0.2292337417602539
2015-09-13 18:00:00,0.42218971252441406
2015-09-13 19:00:00,0.6084413528442383
2015-09-13 20:00:00,0.7737934589385986
2015-09-13 21:00:00,0.9200738668441772
2015-09-13 22:00:00,0.8981436491012573
2015-09-13 23:00:00,0.8600139617919922
2015-09-14 00:00:00,0.8129292726516724
2015-09-14 01:00:00,0.759611964225769
2015-09-14 02:00:00,0.6489726305007935
2015-09-14 03:00:00,0.9117887020111084
2015-09-14 04:00:00,1.3426121473312378
2015-09-14 05:00:00,1.641770362854004
2015-09-14 06:00:00,1.4999220371246338
2015-09-14 07:00:00,1.3356730937957764
2015-09-14 08:00:00,1.2102859020233154
2015-09-14 09:00:00,1.128836378455162
2015-09-14 10:00:00,1.1782759428024292
2015-09-14 11:00:00,1.0660900920629501
2015-09-14 12:00:00,0.8040644526481628
2015-09-14 13:00:00,0.4011109471321106
2015-09-14 14:00:00,0.29329559952020645
2015-09-14 15:00:00,0.22370175644755363
2015-09-14 16:00:00,0.22981077432632446
2015-09-14 17:00:00,0.2933083549141884
2015-09-14 18:00:00,0.35212836414575577
2015-09-14 19:00:00,0.42666298151016235
2015-09-14 20:00:00,0.5100691467523575
2015-09-14 21:00:00,0.5889947414398193
2015-09-14 22:00:00,0.40794837474823
2015-09-14 23:00:00,0.12056934833526611
2015-09-15 00:00:00,-0.1508275270462036
2015-09-15 01:00:00,-0.3282003402709961
2015-09-15 02:00:00,-0.5677914023399353
2015-09-15 03:00:00,-0.8021422624588013
2015-09-15 04:00:00,-0.18875890970230103
2015-09-15 05:00:00,0.28714269399642944
2015-09-15 06:00:00,0.47574363835155964
2015-09-15 07:00:00,0.6470096111297607
2015-09-15 08:00:00,0.8523118048906326
2015-09-15 09:00:00,1.0159785747528076
2015-09-15 10:00:00,0.9665555655956268
2015-09-15 11:00:00,0.763397216796875
2015-09-15 12:00:00,0.34475892782211304
2015-09-15 13:00:00,-0.10037631914019585
2015-09-15 14:00:00,-0.5587404817342758
2015-09-15 15:00:00,-0.8460985422134399
2015-09-15 16:00:00,-0.8572139292955399
2015-09-15 17:00:00,-0.803191602230072
2015-09-15 18:00:00,-0.7180343866348267
2015-09-15 19:00:00,-0.608932375907898
2015-09-15 20:00:00,-0.47429944574832916
2015-09-15 21:00:00,-0.3217301368713379
2015-09-15 22:00:00,-0.2654151916503906
2015-09-15 23:00:00,-0.1666039228439331
2015-09-16 00:00:00,-0.04562544822692871
2015-09-16 01:00:00,0.058463335037231445
2015-09-16 02:00:00,0.18521124124526978
2015-09-16 03:00:00,0.1445941925048828
2015-09-16 04:00:00,0.38706541061401367
2015-09-16 05:00:00,0.29647815227508545
2015-09-16 06:00:00,0.0034461617469787598
2015-09-16 07:00:00,-0.2170691266655922
2015-09-16 08:00:00,-0.31713712215423584
2015-09-16 09:00:00,-0.3256634250283241
2015-09-16 10:00:00,-0.3182162046432495
2015-09-16 11:00:00,-0.22169053182005882
2015-09-16 12:00:00,-0.15790873393416405
2015-09-16 13:00:00,-0.29233790934085846
2015-09-16 14:00:00,-0.5298379808664322
2015-09-16 15:00:00,-0.7315166592597961
2015-09-16 16:00:00,-0.7899898290634155
2015-09-16 17:00:00,-0.7421407103538513
2015-09-16 18:00:00,-0.6281059384346008
2015-09-16 19:00:00,-0.4712204933166504
2015-09-16 20:00:00,-0.3213638700544834
2015-09-16 21:00:00,-0.12815013527870178
2015-09-16 22:00:00,0.0012661069631576538
2015-09-16 23:00:00,0.1478131115436554
2015-09-17 00:00:00,0.23211852088570595
2015-09-17 01:00:00,0.25065451487898827
2015-09-17 02:00:00,0.2776432055979967
2015-09-17 03:00:00,0.2757570818066597
2015-09-17 04:00:00,-0.052732497453689575
2015-09-17 05:00:00,-0.6670802682638168
2015-09-17 06:00:00,-0.9059454202651978
2015-09-17 07:00:00,-0.9764024913311005
2015-09-17 08:00:00,-0.9945119619369507
2015-09-17 09:00:00,-1.050297737121582
2015-09-17 10:00:00,-0.8530895709991455
2015-09-17 11:00:00,-0.787896916270256
2015-09-17 12:00:00,-0.5886433571577072
2015-09-17 13:00:00,-0.3713899850845337
2015-09-17 14:00:00,-0.4255862236022949
2015-09-17 15:00:00,-0.428263783454895
2015-09-17 16:00:00,-0.4180697202682495
2015-09-17 17:00:00,-0.3653772994875908
2015-09-17 18:00:00,-0.3772367835044861
2015-09-17 19:00:00,-0.4354415535926819
2015-09-17 20:00:00,-0.5106489658355713
2015-09-17 21:00:00,-0.5768866613507271
2015-09-17 22:00:00,-0.7040397524833679
2015-09-17 23:00:00,-0.7540574669837952
2015-09-18 00:00:00,-0.7705434560775757
2015-09-18 01:00:00,-0.7642045021057129
2015-09-18 02:00:00,-1.4854918718338013
2015-09-18 03:00:00,-1.4725592136383057
2015-09-18 04:00:00,-1.973068654537201
2015-09-18 05:00:00,-2.2590140998363495
2015-09-18 06:00:00,-2.4241409301757812
2015-09-18 07:00:00,-2.4629945755004883
2015-09-18 08:00:00,-2.4160666465759277
2015-09-18 09:00:00,-2.277661770582199
2015-09-18 10:00:00,-2.162500888109207
2015-09-18 11:00:00,-1.7036497592926025
2015-09-18 12:00:00,-0.9232949018478394
2015-09-18 13:00:00,-0.5179436206817627
2015-09-18 14:00:00,-0.32498979568481445
2015-09-18 15:00:00,-0.22598159313201904
2015-09-18 16:00:00,-0.16322851181030273
2015-09-18 17:00:00,-0.1605358123779297
2015-09-18 18:00:00,-0.290303111076355
2015-09-18 19:00:00,-0.5682053565979004
2015-09-18 20:00:00,-0.8707633018493652
2015-09-18 21:00:00,-1.113804817199707
2015-09-18 22:00:00,-1.1251064538955688
2015-09-18 23:00:00,-1.0880059003829956
2015-09-19 00:00:00,-1.1411718130111694
2015-09-19 01:00:00,-1.1219488382339478
2015-09-19 02:00:00,-1.5560985505580902
2015-09-19 03:00:00,-1.6799404621124268
2015-09-19 04:00:00,-2.1444318294525146
2015-09-19 05:00:00,-2.0873775482177734
2015-09-19 06:00:00,-1.9136580526828766
2015-09-19 07:00:00,-1.8633355498313904
2015-09-19 08:00:00,-1.8444437384605408
2015-09-19 09:00:00,-1.7280053198337555
2015-09-19 10:00:00,-1.5937511920928955
2015-09-19 11:00:00,-1.385331392288208
2015-09-19 12:00:00,-0.9832147359848022
2015-09-19 13:00:00,-0.3075271248817444
2015-09-19 14:00:00,-0.15657177567481995
2015-09-19 15:00:00,-0.1550741195678711
2015-09-19 16:00:00,-0.17477741837501526
2015-09-19 17:00:00,-0.22298932075500488
2015-09-19 18:00:00,-0.29375261068344116
2015-09-19 19:00:00,-0.3790724277496338
2015-09-19 20:00:00,-0.4620600938796997
2015-09-19 21:00:00,-0.5231363773345947
2015-09-19 22:00:00,-0.6808524131774902
2015-09-19 23:00:00,-0.7730710506439209
2015-09-20 00:00:00,-0.7636619806289673
2015-09-20 01:00:00,-0.6650453805923462
2015-09-20 02:00:00,-1.1576619148254395
2015-09-20 03:00:00,-0.7055333852767944
2015-09-20 04:00:00,-0.40012866258621216
2015-09-20 05:00:00,-0.3017458915710449
2015-09-20 06:00:00,-0.3480210080742836
2015-09-20 07:00:00,-0.41613834723830223
2015-09-20 08:00:00,-0.451047420501709
2015-09-20 09:00:00,-0.42845384776592255
2015-09-20 10:00:00,-0.29785022884607315
2015-09-20 11:00:00,-0.23667263984680176
2015-09-20 12:00:00,-0.16536426544189453
2015-09-20 13:00:00,-0.0664219856262207
2015-09-20 14:00:00,-0.1852923035621643
2015-09-20 15:00:00,-0.3180537819862366
2015-09-20 16:00:00,-0.41959428787231445
2015-09-20 17:00:00,-0.4782658815383911
2015-09-20 18:00:00,-0.4924272298812866
2015-09-20 19:00:00,-0.4562408924102783
2015-09-20 20:00:00,-0.338223934173584
2015-09-20 21:00:00,-0.18439650535583496
2015-09-20 22:00:00,-0.2049882411956787
2015-09-20 23:00:00,-0.2066744565963745
2015-09-21 00:00:00,-0.18245136737823486
2015-09-21 01:00:00,-0.11213231086730957
2015-09-21 02:00:00,0.0839453935623169
2015-09-21 03:00:00,0.4349517226219177
2015-09-21 04:00:00,0.635315790772438
2015-09-21 05:00:00,0.5764990448951721
2015-09-21 06:00:00,0.3711855262517929
2015-09-21 07:00:00,0.09687632322311401
2015-09-21 08:00:00,-0.14155948162078857
2015-09-21 09:00:00,-0.3034716844558716
2015-09-21 10:00:00,-0.2877175807952881
2015-09-21 11:00:00,-0.3600040674209595
2015-09-21 12:00:00,-0.5176968574523926
2015-09-21 13:00:00,-0.4206308126449585
2015-09-21 14:00:00,-0.4484039545059204
2015-09-21 15:00:00,-0.39948105812072754
2015-09-21 16:00:00,-0.3142836093902588
2015-09-21 17:00:00,-0.20038485527038574
2015-09-21 18:00:00,-0.0743178129196167
2015-09-21 19:00:00,0.034981489181518555
2015-09-21 20:00:00,0.12597894668579102
2015-09-21 21:00:00,0.21706795692443848
2015-09-21 22:00:00,0.1543210744857788
2015-09-21 23:00:00,0.09509038925170898
2015-09-22 00:00:00,0.04580378532409668
2015-09-22 01:00:00,-0.04569309949874878
2015-09-22 02:00:00,-0.4055470824241638
2015-09-22 03:00:00,0.16003897786140442
2015-09-22 04:00:00,-0.026492536067962646
2015-09-22 05:00:00,-0.473995566368103
2015-09-22 06:00:00,-0.8182101249694824
2015-09-22 07:00:00,-0.9431611075997353
2015-09-22 08:00:00,-0.9623887538909912
2015-09-22 09:00:00,-0.8928588628768921
2015-09-22 10:00:00,-0.8674529865384102
2015-09-22 11:00:00,-0.6662946194410324
2015-09-22 12:00:00,-0.3405608534812927
2015-09-22 13:00:00,-0.05769604444503784
2015-09-22 14:00:00,0.10916554927825928
2015-09-22 15:00:00,0.3372166156768799
2015-09-22 16:00:00,0.6888665705919266
2015-09-22 17:00:00,0.9512763023376465
2015-09-22 18:00:00,1.19538152217865
2015-09-22 19:00:00,1.4423887729644775
2015-09-22 20:00:00,1.7138347029685974
2015-09-22 21:00:00,1.9956822395324707
2015-09-22 22:00:00,2.087484896183014
2015-09-22 23:00:00,2.2434608936309814
2015-09-23 00:00:00,2.282289743423462
2015-09-23 01:00:00,2.3480730056762695
2015-09-23 02:00:00,3.1693930625915527
2015-09-23 03:00:00,3.4563400745391846
2015-09-23 04:00:00,3.413879871368408
2015-09-23 05:00:00,3.2918570041656494
2015-09-23 06:00:00,3.268676996231079
2015-09-23 07:00:00,3.371151924133301
2015-09-23 08:00:00,3.538282871246338
2015-09-23 09:00:00,3.6530609130859375
2015-09-23 10:00:00,3.5680489540100098
2015-09-23 11:00:00,3.3634965419769287
2015-09-23 12:00:00,2.668743848800659
2015-09-23 13:00:00,1.2065801620483398
2015-09-23 14:00:00,1.2159178256988525
2015-09-23 15:00:00,1.2354196310043335
2015-09-23 16:00:00,1.4742391258478165
2015-09-23 17:00:00,1.612314611673355
2015-09-23 18:00:00,1.5818726122379303
2015-09-23 19:00:00,1.4502496719360352
2015-09-23 20:00:00,1.2431976944208145
2015-09-23 21:00:00,1.104709267616272
2015-09-23 22:00:00,1.0587085485458374
2015-09-23 23:00:00,1.158681035041809
2015-09-24 00:00:00,1.4110060930252075
2015-09-24 01:00:00,1.8744467794895172
2015-09-24 02:00:00,3.454962730407715
2015-09-24 03:00:00,3.7415521144866943
2015-09-24 04:00:00,4.6027960777282715
2015-09-24 05:00:00,4.633585453033447
2015-09-24 06:00:00,4.438126087188721
2015-09-24 07:00:00,4.1904215812683105
2015-09-24 08:00:00,3.9894238710403442
2015-09-24 09:00:00,3.8384666442871094
2015-09-24 10:00:00,3.730367660522461
2015-09-24 11:00:00,3.347777843475342
2015-09-24 12:00:00,2.182260274887085
2015-09-24 13:00:00,1.2310508489608765
2015-09-24 14:00:00,1.2777254581451416
2015-09-24 15:00:00,1.2926644086837769
2015-09-24 16:00:00,1.312755823135376
2015-09-24 17:00:00,1.3100535869598389
2015-09-24 18:00:00,1.29813551902771
2015-09-24 19:00:00,1.2840805053710938
2015-09-24 20:00:00,1.2896109819412231
2015-09-24 21:00:00,1.3288891315460205
2015-09-24 22:00:00,1.3013026714324951
2015-09-24 23:00:00,1.2893158197402954
2015-09-25 00:00:00,1.286697506904602
2015-09-25 01:00:00,1.3049267530441284
2015-09-25 02:00:00,2.536846876144409
2015-09-25 03:00:00,2.3864455223083496
2015-09-25 04:00:00,3.2139358520507812
2015-09-25 05:00:00,3.616018533706665
2015-09-25 06:00:00,3.7409260272979736
2015-09-25 07:00:00,3.7186264991760254
2015-09-25 08:00:00,3.5785481929779053
2015-09-25 09:00:00,3.4180681705474854
2015-09-25 10:00:00,3.2636852264404297
2015-09-25 11:00:00,2.9386186599731445
2015-09-25 12:00:00,1.985158920288086
2015-09-25 13:00:00,1.001069039106369
2015-09-25 14:00:00,0.9773037731647491
2015-09-25 15:00:00,0.9696552753448486
2015-09-25 16:00:00,0.9476792365312576
2015-09-25 17:00:00,0.896908164024353
2015-09-25 18:00:00,0.846515417098999
2015-09-25 19:00:00,0.8274375945329666
2015-09-25 20:00:00,0.8436823487281799
2015-09-25 21:00:00,0.8506749272346497
2015-09-25 22:00:00,0.874438464641571
2015-09-25 23:00:00,0.9292552918195724
2015-09-26 00:00:00,1.007254958152771
2015-09-26 01:00:00,1.0974368751049042
2015-09-26 02:00:00,2.2349705696105957
2015-09-26 03:00:00,2.1814610958099365
2015-09-26 04:00:00,3.0318524837493896
2015-09-26 05:00:00,3.1047115325927734
2015-09-26 06:00:00,2.9731147289276123
2015-09-26 07:00:00,2.8280391693115234
2015-09-26 08:00:00,2.710843563079834
2015-09-26 09:00:00,2.6044561862945557
2015-09-26 10:00:00,2.4366965293884277
2015-09-26 11:00:00,2.188563346862793
2015-09-26 12:00:00,1.2540193796157837
2015-09-26 13:00:00,0.9026216268539429
2015-09-26 14:00:00,0.7882185578346252
2015-09-26 15:00:00,0.6497131437063217
2015-09-26 16:00:00,0.5291877835988998
2015-09-26 17:00:00,0.475715696811676
2015-09-26 18:00:00,0.42695436626672745
2015-09-26 19:00:00,0.39488524198532104
2015-09-26 20:00:00,0.4187256097793579
2015-09-26 21:00:00,0.5320295095443726
2015-09-26 22:00:00,0.6853803992271423
2015-09-26 23:00:00,0.8121369481086731
2015-09-27 00:00:00,0.8807639628648758
2015-09-27 01:00:00,0.9309201240539551
2015-09-27 02:00:00,1.2802056074142456
2015-09-27 03:00:00,1.8030644357204437
2015-09-27 04:00:00,1.9021363258361816
2015-09-27 05:00:00,1.9368610978126526
2015-09-27 06:00:00,1.8892545104026794
2015-09-27 07:00:00,1.8359264433383942
2015-09-27 08:00:00,1.811979204416275
2015-09-27 09:00:00,1.8097175657749176
2015-09-27 10:00:00,1.7107398509979248
2015-09-27 11:00:00,1.6146373748779297
2015-09-27 12:00:00,1.1970207691192627
2015-09-27 13:00:00,0.6541569828987122
2015-09-27 14:00:00,0.6378158330917358
2015-09-27 15:00:00,0.6253449320793152
2015-09-27 16:00:00,0.6843728423118591
2015-09-27 17:00:00,0.7193310856819153
2015-09-27 18:00:00,0.7441664189100266
2015-09-27 19:00:00,0.7559083700180054
2015-09-27 20:00:00,0.7485051602125168
2015-09-27 21:00:00,0.7225582599639893
2015-09-27 22:00:00,0.698497012257576
2015-09-27 23:00:00,0.6590601205825806
2015-09-28 00:00:00,0.6092902421951294
2015-09-28 01:00:00,0.5736978650093079
2015-09-28 02:00:00,0.9590429812669754
2015-09-28 03:00:00,1.0355563163757324
2015-09-28 04:00:00,1.525858387351036
2015-09-28 05:00:00,1.5958774089813232
2015-09-28 06:00:00,1.548435926437378
2015-09-28 07:00:00,1.5573268830776215
2015-09-28 08:00:00,1.6536860466003418
2015-09-28 09:00:00,1.777688592672348
2015-09-28 10:00:00,1.9038963317871094
2015-09-28 11:00:00,1.823333203792572
2015-09-28 12:00:00,1.1381342262029648
2015-09-28 13:00:00,0.653518795967102
2015-09-28 14:00:00,0.6315979957580566
2015-09-28 15:00:00,0.6190652847290039
2015-09-28 16:00:00,0.6321945190429688
2015-09-28 17:00:00,0.6527050733566284
2015-09-28 18:00:00,0.66180419921875
2015-09-28 19:00:00,0.6482290029525757
2015-09-28 20:00:00,0.6184837818145752
2015-09-28 21:00:00,0.5761654376983643
2015-09-28 22:00:00,0.5244824886322021
2015-09-28 23:00:00,0.48788928985595703
2015-09-29 00:00:00,0.4875507354736328
2015-09-29 01:00:00,0.5378637313842773
2015-09-29 02:00:00,0.8514399528503418
2015-09-29 03:00:00,1.2393245697021484
2015-09-29 04:00:00,1.628309965133667
2015-09-29 05:00:00,2.339237719774246
2015-09-29 06:00:00,2.265781879425049
2015-09-29 07:00:00,2.1362304985523224
2015-09-29 08:00:00,2.018359422683716
2015-09-29 09:00:00,1.9745497703552246
2015-09-29 10:00:00,1.8761092126369476
2015-09-29 11:00:00,1.6298959255218506
2015-09-29 12:00:00,0.8472347259521484
2015-09-29 13:00:00,0.6948587894439697
2015-09-29 14:00:00,0.7939151525497437
2015-09-29 15:00:00,0.9245100021362305
2015-09-29 16:00:00,1.109138011932373
2015-09-29 17:00:00,1.301618218421936
2015-09-29 18:00:00,1.4773905277252197
2015-09-29 19:00:00,1.6314591467380524
2015-09-29 20:00:00,1.6635757684707642
2015-09-29 21:00:00,1.6440677642822266
2015-09-29 22:00:00,1.5825697183609009
2015-09-29 23:00:00,1.5253989696502686
2015-09-30 00:00:00,1.4902687072753906
2015-09-30 01:00:00,1.4339370727539062
2015-09-30 02:00:00,2.390620231628418
2015-09-30 03:00:00,2.1169211864471436
2015-09-30 04:00:00,2.5310397148132324
2015-09-30 05:00:00,2.539647102355957
2015-09-30 06:00:00,2.3957538306713104
2015-09-30 07:00:00,2.3627402782440186
2015-09-30 08:00:00,2.3896379470825195
2015-09-30 09:00:00,2.392697334289551
2015-09-30 10:00:00,2.19067645072937
2015-09-30 11:00:00,1.8540057241916656
2015-09-30 12:00:00,0.9593435823917389
2015-09-30 13:00:00,0.7332199811935425
2015-09-30 14:00:00,0.7994534969329834
2015-09-30 15:00:00,0.8744215965270996
2015-09-30 16:00:00,0.947760820388794
2015-09-30 17:00:00,1.0275444984436035
2015-09-30 18:00:00,1.0803335905075073
2015-09-30 19:00:00,1.0999846458435059
2015-09-30 20:00:00,1.1254780292510986
2015-09-30 21:00:00,1.1513172388076782
2015-09-30 22:00:00,1.0642893463373184
2015-09-30 23:00:00,0.9690436124801636
2015-10-01 00:00:00,0.9003654271364212
2015-10-01 01:00:00,0.8320102691650391
2015-10-01 02:00:00,1.538967490196228
2015-10-01 03:00:00,1.5709903240203857
2015-10-01 04:00:00,1.6309114694595337
2015-10-01 05:00:00,1.9840431213378906
2015-10-01 06:00:00,1.7776645720005035
2015-10-01 07:00:00,1.637592226266861
2015-10-01 08:00:00,1.5817289352416992
2015-10-01 09:00:00,1.5554872453212738
2015-10-01 10:00:00,1.461012363433838
2015-10-01 11:00:00,1.2121880054473877
2015-10-01 12:00:00,0.49569618329405785
2015-10-01 13:00:00,0.6598853468894958
2015-10-01 14:00:00,0.6818439364433289
2015-10-01 15:00:00,0.7284225970506668
2015-10-01 16:00:00,0.8544099405407906
2015-10-01 17:00:00,0.9792238622903824
2015-10-01 18:00:00,1.0617638677358627
2015-10-01 19:00:00,1.088802456855774
2015-10-01 20:00:00,1.0870235115289688
2015-10-01 21:00:00,1.0615209341049194
2015-10-01 22:00:00,1.0068206638097763
2015-10-01 23:00:00,0.9535763710737228
2015-10-02 00:00:00,0.9253463745117188
2015-10-02 01:00:00,0.9301263689994812
2015-10-02 02:00:00,0.8572702407836914
2015-10-02 03:00:00,1.6668645143508911
2015-10-02 04:00:00,1.4441465139389038
2015-10-02 05:00:00,2.247100353240967
2015-10-02 06:00:00,2.1978945434093475
2015-10-02 07:00:00,2.1662135124206543
2015-10-02 08:00:00,2.154777079820633
2015-10-02 09:00:00,2.1297318935394287
2015-10-02 10:00:00,2.121571034193039
2015-10-02 11:00:00,1.8898882865905762
2015-10-02 12:00:00,0.7463479042053223
2015-10-02 13:00:00,0.858916163444519
2015-10-02 14:00:00,0.9515984058380127
2015-10-02 15:00:00,1.062497854232788
2015-10-02 16:00:00,1.1921091079711914
2015-10-02 17:00:00,1.3376723527908325
2015-10-02 18:00:00,1.4596577882766724
2015-10-02 19:00:00,1.4951508045196533
2015-10-02 20:00:00,1.447922706604004
2015-10-02 21:00:00,1.3666657209396362
2015-10-02 22:00:00,1.246031403541565
2015-10-02 23:00:00,1.174777865409851
2015-10-03 00:00:00,1.1279797554016113
2015-10-03 01:00:00,1.1201063394546509
2015-10-03 02:00:00,1.0631887912750244
2015-10-03 03:00:00,2.045297086238861
2015-10-03 04:00:00,1.4184620380401611
2015-10-03 05:00:00,2.8278470039367676
2015-10-03 06:00:00,2.6808345317840576
2015-10-03 07:00:00,2.3825135231018066
2015-10-03 08:00:00,2.080700397491455
2015-10-03 09:00:00,1.7419319152832031
2015-10-03 10:00:00,1.8549046516418457
2015-10-03 11:00:00,1.651498794555664
2015-10-03 12:00:00,0.5719632506370544
2015-10-03 13:00:00,0.6301019787788391
2015-10-03 14:00:00,0.48838871717453003
2015-10-03 15:00:00,0.4869097024202347
2015-10-03 16:00:00,0.671132281422615
2015-10-03 17:00:00,0.8243802785873413
2015-10-03 18:00:00,0.9085396528244019
2015-10-03 19:00:00,0.9437644481658936
2015-10-03 20:00:00,0.9320691823959351
2015-10-03 21:00:00,0.927239179611206
2015-10-03 22:00:00,0.8838246464729309
2015-10-03 23:00:00,0.8646443486213684
2015-10-04 00:00:00,0.8558505773544312
2015-10-04 01:00:00,0.8251450061798096
2015-10-04 02:00:00,0.5120929330587387
2015-10-04 03:00:00,0.7062190622091293
2015-10-04 04:00:00,0.09392687678337097
2015-10-04 05:00:00,1.078298568725586
2015-10-04 06:00:00,1.0543286800384521
2015-10-04 07:00:00,0.8804398030042648
2015-10-04 08:00:00,0.7608521431684494
2015-10-04 09:00:00,0.59454345703125
2015-10-04 10:00:00,0.728166863322258
2015-10-04 11:00:00,0.6008063554763794
2015-10-04 12:00:00,0.06819301843643188
2015-10-04 13:00:00,-0.40312856435775757
2015-10-04 14:00:00,-0.6593742370605469
2015-10-04 15:00:00,-0.7953004837036133
2015-10-04 16:00:00,-0.9018826931715012
2015-10-04 17:00:00,-0.9773275852203369
2015-10-04 18:00:00,-1.0134886503219604
2015-10-04 19:00:00,-0.9620544910430908
2015-10-04 20:00:00,-0.800994873046875
2015-10-04 21:00:00,-0.6099033355712891
2015-10-04 22:00:00,-0.4365653991699219
2015-10-04 23:00:00,-0.3400203585624695
2015-10-05 00:00:00,-0.28762054443359375
2015-10-05 01:00:00,-0.2427724003791809
2015-10-05 02:00:00,-0.11099043488502502
2015-10-05 03:00:00,-0.37243179976940155
2015-10-05 04:00:00,-0.5306167602539062
2015-10-05 05:00:00,0.6309814304113388
2015-10-05 06:00:00,0.763789065182209
2015-10-05 07:00:00,0.5674760341644287
2015-10-05 08:00:00,0.47896236181259155
2015-10-05 09:00:00,0.48951494693756104
2015-10-05 10:00:00,0.8059011697769165
2015-10-05 11:00:00,0.8991107493638992
2015-10-05 12:00:00,0.33698970079421997
2015-10-05 13:00:00,0.19421285390853882
2015-10-05 14:00:00,-0.023557424545288086
2015-10-05 15:00:00,-0.20319712162017822
2015-10-05 16:00:00,-0.2535800337791443
2015-10-05 17:00:00,-0.21527427434921265
2015-10-05 18:00:00,-0.1051868200302124
2015-10-05 19:00:00,0.032503485679626465
2015-10-05 20:00:00,0.17019444704055786
2015-10-05 21:00:00,0.27629655599594116
2015-10-05 22:00:00,0.377254843711853
2015-10-05 23:00:00,0.5028516054153442
2015-10-06 00:00:00,0.6568536162376404
2015-10-06 01:00:00,0.8034340739250183
2015-10-06 02:00:00,0.6547600030899048
2015-10-06 03:00:00,1.7810816764831543
2015-10-06 04:00:00,1.9205365180969238
2015-10-06 05:00:00,2.338284492492676
2015-10-06 06:00:00,2.2091472148895264
2015-10-06 07:00:00,2.0617174804210663
2015-10-06 08:00:00,1.939875841140747
2015-10-06 09:00:00,1.8337290287017822
2015-10-06 10:00:00,1.9203020334243774
2015-10-06 11:00:00,1.7625935077667236
2015-10-06 12:00:00,0.6580260992050171
2015-10-06 13:00:00,0.5087729096412659
2015-10-06 14:00:00,0.5363548994064331
2015-10-06 15:00:00,0.6292922496795654
2015-10-06 16:00:00,0.7245768904685974
2015-10-06 17:00:00,0.7733585238456726
2015-10-06 18:00:00,0.7675747871398926
2015-10-06 19:00:00,0.7304452657699585
2015-10-06 20:00:00,0.6858540177345276
2015-10-06 21:00:00,0.6561661958694458
2015-10-06 22:00:00,0.5874304175376892
2015-10-06 23:00:00,0.555538535118103
2015-10-07 00:00:00,0.5577859878540039
2015-10-07 01:00:00,0.5873072147369385
2015-10-07 02:00:00,0.8329617977142334
2015-10-07 03:00:00,1.307296633720398
2015-10-07 04:00:00,1.5873106718063354
2015-10-07 05:00:00,1.9630363583564758
2015-10-07 06:00:00,2.0261148810386658
2015-10-07 07:00:00,2.090575635433197
2015-10-07 08:00:00,2.1456286311149597
2015-10-07 09:00:00,2.1297013759613037
2015-10-07 10:00:00,2.02813982963562
2015-10-07 11:00:00,1.7570468187332153
2015-10-07 12:00:00,0.6474807858467102
2015-10-07 13:00:00,0.621263325214386
2015-10-07 14:00:00,0.6406766772270203
2015-10-07 15:00:00,0.6813501715660095
2015-10-07 16:00:00,0.7442277073860168
2015-10-07 17:00:00,0.7982613444328308
2015-10-07 18:00:00,0.8139863610267639
2015-10-07 19:00:00,0.7967065572738647
2015-10-07 20:00:00,0.785514235496521
2015-10-07 21:00:00,0.804119348526001
2015-10-07 22:00:00,0.7950745820999146
2015-10-07 23:00:00,0.7983074188232422
2015-10-08 00:00:00,0.8026077747344971
2015-10-08 01:00:00,0.8025901913642883
2015-10-08 02:00:00,1.4657400846481323
2015-10-08 03:00:00,1.738858938217163
2015-10-08 04:00:00,2.150681257247925
2015-10-08 05:00:00,2.6489038467407227
2015-10-08 06:00:00,2.551823139190674
2015-10-08 07:00:00,2.491166830062866
2015-10-08 08:00:00,2.525752067565918
2015-10-08 09:00:00,2.592349052429199
2015-10-08 10:00:00,2.522883892059326
2015-10-08 11:00:00,2.267805337905884
2015-10-08 12:00:00,0.8965429067611694
2015-10-08 13:00:00,0.8218503594398499
2015-10-08 14:00:00,0.8746422529220581
2015-10-08 15:00:00,0.9477400481700897
2015-10-08 16:00:00,1.0051146745681763
2015-10-08 17:00:00,1.0234270095825195
2015-10-08 18:00:00,1.0045220702886581
2015-10-08 19:00:00,0.9671923369169235
2015-10-08 20:00:00,0.9340707659721375
2015-10-08 21:00:00,0.917008101940155
2015-10-08 22:00:00,0.9335775971412659
2015-10-08 23:00:00,0.9770680665969849
2015-10-09 00:00:00,1.0448247194290161
2015-10-09 01:00:00,1.1441538333892822
2015-10-09 02:00:00,1.6584014892578125
2015-10-09 03:00:00,2.8481526374816895
2015-10-09 04:00:00,2.8617570400238037
2015-10-09 05:00:00,3.5751523971557617
2015-10-09 06:00:00,3.592770576477051
2015-10-09 07:00:00,3.5539181232452393
2015-10-09 08:00:00,3.481652021408081
2015-10-09 09:00:00,3.3495795726776123
2015-10-09 10:00:00,3.219606876373291
2015-10-09 11:00:00,2.775056838989258
2015-10-09 12:00:00,1.0069253742694855
2015-10-09 13:00:00,1.013379693031311
2015-10-09 14:00:00,1.072953701019287
2015-10-09 15:00:00,1.15129554271698
2015-10-09 16:00:00,1.2234326601028442
2015-10-09 17:00:00,1.2541741132736206
2015-10-09 18:00:00,1.2845325469970703
2015-10-09 19:00:00,1.3116860389709473
2015-10-09 20:00:00,1.3390830755233765
2015-10-09 21:00:00,1.3789335489273071
2015-10-09 22:00:00,1.3971567153930664
2015-10-09 23:00:00,1.4562453031539917
2015-10-10 00:00:00,1.5474824905395508
2015-10-10 01:00:00,1.631758451461792
2015-10-10 02:00:00,2.5737452507019043
2015-10-10 03:00:00,3.006490468978882
2015-10-10 04:00:00,3.1186583042144775
2015-10-10 05:00:00,4.029258728027344
2015-10-10 06:00:00,3.95816707611084
2015-10-10 07:00:00,3.789235293865204
2015-10-10 08:00:00,3.67745304107666
2015-10-10 09:00:00,3.5800578594207764
2015-10-10 10:00:00,3.422799825668335
2015-10-10 11:00:00,2.9231085777282715
2015-10-10 12:00:00,0.9475230872631073
2015-10-10 13:00:00,1.0573128461837769
2015-10-10 14:00:00,0.9483512341976166
2015-10-10 15:00:00,0.8948179483413696
2015-10-10 16:00:00,0.9293920993804932
2015-10-10 17:00:00,0.9816523790359497
2015-10-10 18:00:00,1.0277583301067352
2015-10-10 19:00:00,1.082798719406128
2015-10-10 20:00:00,1.1868529617786407
2015-10-10 21:00:00,1.3331685066223145
2015-10-10 22:00:00,1.4592036306858063
2015-10-10 23:00:00,1.5830349028110504
2015-10-11 00:00:00,1.664123997092247
2015-10-11 01:00:00,1.7038157880306244
2015-10-11 02:00:00,2.7678968608379364
2015-10-11 03:00:00,2.8219377994537354
2015-10-11 04:00:00,3.0545051097869873
2015-10-11 05:00:00,3.6164956092834473
2015-10-11 06:00:00,3.188506603240967
2015-10-11 07:00:00,2.839965343475342
2015-10-11 08:00:00,2.6588082313537598
2015-10-11 09:00:00,2.5902976989746094
2015-10-11 10:00:00,2.5991604328155518
2015-10-11 11:00:00,2.4695932865142822
2015-10-11 12:00:00,0.9473327398300171
2015-10-11 13:00:00,1.0391614586114883
2015-10-11 14:00:00,0.9655985832214355
2015-10-11 15:00:00,0.9392392635345459
2015-10-11 16:00:00,0.9224882125854492
2015-10-11 17:00:00,0.9167952537536621
2015-10-11 18:00:00,0.9063049554824829
2015-10-11 19:00:00,0.8832101821899414
2015-10-11 20:00:00,0.8562449216842651
2015-10-11 21:00:00,0.8385704755783081
2015-10-11 22:00:00,0.8212350606918335
2015-10-11 23:00:00,0.7965119332075119
2015-10-12 00:00:00,0.7718059569597244
2015-10-12 01:00:00,0.7504814863204956
2015-10-12 02:00:00,0.8146802186965942
2015-10-12 03:00:00,1.3011209145188332
2015-10-12 04:00:00,1.5557800084352493
2015-10-12 05:00:00,1.6651341021060944
2015-10-12 06:00:00,1.7249341011047363
2015-10-12 07:00:00,1.854010820388794
2015-10-12 08:00:00,2.03328138589859
2015-10-12 09:00:00,2.181454658508301
2015-10-12 10:00:00,2.209611654281616
2015-10-12 11:00:00,2.076944351196289
2015-10-12 12:00:00,0.7384804785251617
2015-10-12 13:00:00,0.790797770023346
2015-10-12 14:00:00,0.6578631103038788
2015-10-12 15:00:00,0.5870448350906372
2015-10-12 16:00:00,0.5274347215890884
2015-10-12 17:00:00,0.544159360229969
2015-10-12 18:00:00,0.633778378367424
2015-10-12 19:00:00,0.7383347004652023
2015-10-12 20:00:00,0.8142873644828796
2015-10-12 21:00:00,0.8523160219192505
2015-10-12 22:00:00,0.8368271589279175
2015-10-12 23:00:00,0.7975105047225952
2015-10-13 00:00:00,0.7117241621017456
2015-10-13 01:00:00,0.5587106943130493
2015-10-13 02:00:00,0.24611103534698486
2015-10-13 03:00:00,0.03968155384063721
2015-10-13 04:00:00,-0.2943211793899536
2015-10-13 05:00:00,-0.27049970626831055
2015-10-13 06:00:00,-0.1549525260925293
2015-10-13 07:00:00,0.10402750968933105
2015-10-13 08:00:00,0.4352874755859375
2015-10-13 09:00:00,0.7503851652145386
2015-10-13 10:00:00,0.9778093099594116
2015-10-13 11:00:00,0.9418202638626099
2015-10-13 12:00:00,0.36242198944091797
2015-10-13 13:00:00,-0.245794415473938
2015-10-13 14:00:00,-0.6385179758071899
2015-10-13 15:00:00,-0.8210853338241577
2015-10-13 16:00:00,-0.8550238609313965
2015-10-13 17:00:00,-0.7754248380661011
2015-10-13 18:00:00,-0.6294697523117065
2015-10-13 19:00:00,-0.4727654457092285
2015-10-13 20:00:00,-0.31096529960632324
2015-10-13 21:00:00,-0.14844214916229248
2015-10-13 22:00:00,-0.060280025005340576
2015-10-13 23:00:00,-0.007264614105224609
2015-10-14 00:00:00,0.024476289749145508
2015-10-14 01:00:00,0.02581840753555298
2015-10-14 02:00:00,-0.0440751314163208
2015-10-14 03:00:00,-0.2368374466896057
2015-10-14 04:00:00,-0.06726890802383423
2015-10-14 05:00:00,-0.0330100953578949
2015-10-14 06:00:00,0.08975458145141602
2015-10-14 07:00:00,0.39696204662323
2015-10-14 08:00:00,0.745926097035408
2015-10-14 09:00:00,0.8940930366516113
2015-10-14 10:00:00,0.771209716796875
2015-10-14 11:00:00,0.459900438785553
2015-10-14 12:00:00,-0.06838428974151611
2015-10-14 13:00:00,-0.482277512550354
2015-10-14 14:00:00,-0.7226880788803101
2015-10-14 15:00:00,-0.8625339269638062
2015-10-14 16:00:00,-0.9016865491867065
2015-10-14 17:00:00,-0.9237477332353592
2015-10-14 18:00:00,-0.9207514524459839
2015-10-14 19:00:00,-0.8905825614929199
2015-10-14 20:00:00,-0.8554850220680237
2015-10-14 21:00:00,-0.8222335577011108
2015-10-14 22:00:00,-0.8014252781867981
2015-10-14 23:00:00,-0.7406457662582397
2015-10-15 00:00:00,-0.6294003129005432
2015-10-15 01:00:00,-0.47233498096466064
2015-10-15 02:00:00,-0.24774718284606934
2015-10-15 03:00:00,-0.3623649477958679
2015-10-15 04:00:00,0.09421384334564209
2015-10-15 05:00:00,0.3534994125366211
2015-10-15 06:00:00,0.4959152936935425
2015-10-15 07:00:00,0.7483007907867432
2015-10-15 08:00:00,0.9595069885253906
2015-10-15 09:00:00,1.0605214834213257
2015-10-15 10:00:00,1.1847010850906372
2015-10-15 11:00:00,1.0787115097045898
2015-10-15 12:00:00,0.22846829891204834
2015-10-15 13:00:00,-0.09773075580596924
2015-10-15 14:00:00,-0.39133358001708984
2015-10-15 15:00:00,-0.596584677696228
2015-10-15 16:00:00,-0.7570440769195557
2015-10-15 17:00:00,-0.8477038145065308
2015-10-15 18:00:00,-0.866726279258728
2015-10-15 19:00:00,-0.8310002088546753
2015-10-15 20:00:00,-0.7565473318099976
2015-10-15 21:00:00,-0.6401351690292358
2015-10-15 22:00:00,-0.5540581941604614
2015-10-15 23:00:00,-0.4313502311706543
2015-10-16 00:00:00,-0.28465306758880615
2015-10-16 01:00:00,-0.1348193883895874
2015-10-16 02:00:00,-0.003029942512512207
2015-10-16 03:00:00,0.13426995277404785
2015-10-16 04:00:00,0.6098645925521851
2015-10-16 05:00:00,0.8463007211685181
2015-10-16 06:00:00,1.0339999198913574
2015-10-16 07:00:00,1.2305170893669128
2015-10-16 08:00:00,1.3455443382263184
2015-10-16 09:00:00,1.3664135038852692
2015-10-16 10:00:00,1.4190441071987152
2015-10-16 11:00:00,1.2716998904943466
2015-10-16 12:00:00,0.3280019164085388
2015-10-16 13:00:00,0.13312971591949463
2015-10-16 14:00:00,-0.0786508321762085
2015-10-16 15:00:00,-0.14619503170251846
2015-10-16 16:00:00,-0.1200709342956543
2015-10-16 17:00:00,-0.01758534461259842
2015-10-16 18:00:00,0.09975207038223743
2015-10-16 19:00:00,0.23113669455051422
2015-10-16 20:00:00,0.37172387540340424
2015-10-16 21:00:00,0.5599517226219177
2015-10-16 22:00:00,0.6745778322219849
2015-10-16 23:00:00,0.7956391647458076
2015-10-17 00:00:00,0.8890182971954346
2015-10-17 01:00:00,0.9382699728012085
2015-10-17 02:00:00,0.8723626583814621
2015-10-17 03:00:00,1.7490086555480957
2015-10-17 04:00:00,1.5650312900543213
2015-10-17 05:00:00,1.9787352085113525
2015-10-17 06:00:00,2.017402410507202
2015-10-17 07:00:00,1.8791847825050354
2015-10-17 08:00:00,1.6321039199829102
2015-10-17 09:00:00,1.298905611038208
2015-10-17 10:00:00,1.2269761562347412
2015-10-17 11:00:00,0.9996901750564575
2015-10-17 12:00:00,0.17136025428771973
2015-10-17 13:00:00,0.0036790072917938232
2015-10-17 14:00:00,-0.12225157022476196
2015-10-17 15:00:00,-0.19147935509681702
2015-10-17 16:00:00,-0.26054412219673395
2015-10-17 17:00:00,-0.3187119737267494
2015-10-17 18:00:00,-0.3062631646171212
2015-10-17 19:00:00,-0.2220376953482628
2015-10-17 20:00:00,-0.08560127019882202
2015-10-17 21:00:00,0.12615812942385674
2015-10-17 22:00:00,0.30661294609308243
2015-10-17 23:00:00,0.43578264862298965
2015-10-18 00:00:00,0.5491433143615723
2015-10-18 01:00:00,0.631620816886425
2015-10-18 02:00:00,0.4648757129907608
2015-10-18 03:00:00,1.0853101015090942
2015-10-18 04:00:00,0.7547301054000854
2015-10-18 05:00:00,1.527068018913269
2015-10-18 06:00:00,1.4172732830047607
2015-10-18 07:00:00,1.1218693256378174
2015-10-18 08:00:00,0.8062514066696167
2015-10-18 09:00:00,0.5288255214691162
2015-10-18 10:00:00,0.5625303238630295
2015-10-18 11:00:00,0.42623256146907806
2015-10-18 12:00:00,-0.0034648850560188293
2015-10-18 13:00:00,-0.3664196878671646
2015-10-18 14:00:00,-0.5923724621534348
2015-10-18 15:00:00,-0.7015323638916016
2015-10-18 16:00:00,-0.6987646780908108
2015-10-18 17:00:00,-0.566195722669363
2015-10-18 18:00:00,-0.3820487894117832
2015-10-18 19:00:00,-0.2263810634613037
2015-10-18 20:00:00,-0.10503053665161133
2015-10-18 21:00:00,-0.01306217908859253
2015-10-18 22:00:00,-0.001252293586730957
2015-10-18 23:00:00,0.0241127610206604
2015-10-19 00:00:00,0.05045396089553833
2015-10-19 01:00:00,0.09068882465362549
2015-10-19 02:00:00,0.10128358006477356
2015-10-19 03:00:00,0.25153277069330215
2015-10-19 04:00:00,0.31225110590457916
2015-10-19 05:00:00,1.269421935081482
2015-10-19 06:00:00,1.6203792095184326
2015-10-19 07:00:00,1.7241885662078857
2015-10-19 08:00:00,1.6593472808599472
2015-10-19 09:00:00,1.5343828052282333
2015-10-19 10:00:00,1.3843142092227936
2015-10-19 11:00:00,1.1174525022506714
2015-10-19 12:00:00,0.30258261412382126
2015-10-19 13:00:00,0.10753613151609898
2015-10-19 14:00:00,-0.10001133382320404
2015-10-19 15:00:00,-0.17995935678482056
2015-10-19 16:00:00,-0.07525718212127686
2015-10-19 17:00:00,0.13450658321380615
2015-10-19 18:00:00,0.3880162239074707
2015-10-19 19:00:00,0.5595425963401794
2015-10-19 20:00:00,0.7081708312034607
2015-10-19 21:00:00,0.8083695769309998
2015-10-19 22:00:00,0.7899408936500549
2015-10-19 23:00:00,0.7549770995974541
2015-10-20 00:00:00,0.7396010830998421
2015-10-20 01:00:00,0.7506529688835144
2015-10-20 02:00:00,0.6340935230255127
2015-10-20 03:00:00,1.3658033609390259
2015-10-20 04:00:00,1.401059627532959
2015-10-20 05:00:00,2.209973841905594
2015-10-20 06:00:00,2.389559268951416
2015-10-20 07:00:00,2.473479986190796
2015-10-20 08:00:00,2.495028257369995
2015-10-20 09:00:00,2.4391982555389404
2015-10-20 10:00:00,2.3009047508239746
2015-10-20 11:00:00,2.0253735184669495
2015-10-20 12:00:00,0.6856340169906616
2015-10-20 13:00:00,0.6655222848057747
2015-10-20 14:00:00,0.5917290523648262
2015-10-20 15:00:00,0.5427206121385098
2015-10-20 16:00:00,0.5678372383117676
2015-10-20 17:00:00,0.5909497886896133
2015-10-20 18:00:00,0.6012502908706665
2015-10-20 19:00:00,0.5869004726409912
2015-10-20 20:00:00,0.5453903675079346
2015-10-20 21:00:00,0.5136000514030457
2015-10-20 22:00:00,0.43094581365585327
2015-10-20 23:00:00,0.38482075929641724
2015-10-21 00:00:00,0.3812425956130028
2015-10-21 01:00:00,0.42061716318130493
2015-10-21 02:00:00,0.4836498275399208
2015-10-21 03:00:00,1.2257993072271347
2015-10-21 04:00:00,1.3246748447418213
2015-10-21 05:00:00,1.895175039768219
2015-10-21 06:00:00,2.0712733268737793
2015-10-21 07:00:00,2.3109543323516846
2015-10-21 08:00:00,2.5391600131988525
2015-10-21 09:00:00,2.6920294761657715
2015-10-21 10:00:00,2.6833572387695312
2015-10-21 11:00:00,2.4934585094451904
2015-10-21 12:00:00,0.9406969547271729
2015-10-21 13:00:00,0.8953601121902466
2015-10-21 14:00:00,0.8981652706861496
2015-10-21 15:00:00,0.8940143585205078
2015-10-21 16:00:00,0.9349822998046875
2015-10-21 17:00:00,0.955733060836792
2015-10-21 18:00:00,0.9718095064163208
2015-10-21 19:00:00,0.9758286029100418
2015-10-21 20:00:00,0.9789358377456665
2015-10-21 21:00:00,0.997687578201294
2015-10-21 22:00:00,0.9711111783981323
2015-10-21 23:00:00,0.9622762948274612
2015-10-22 00:00:00,0.94585120677948
2015-10-22 01:00:00,0.9163307696580887
2015-10-22 02:00:00,0.958647221326828
2015-10-22 03:00:00,1.8872323036193848
2015-10-22 04:00:00,1.6090998649597168
2015-10-22 05:00:00,2.102647542953491
2015-10-22 06:00:00,2.199988842010498
2015-10-22 07:00:00,2.457876205444336
2015-10-22 08:00:00,2.6269984245300293
2015-10-22 09:00:00,2.6601080894470215
2015-10-22 10:00:00,2.591787815093994
2015-10-22 11:00:00,2.3167479038238525
2015-10-22 12:00:00,0.844333291053772
2015-10-22 13:00:00,0.894985556602478
2015-10-22 14:00:00,0.8694843947887421
2015-10-22 15:00:00,0.8916182518005371
2015-10-22 16:00:00,0.9723114967346191
2015-10-22 17:00:00,1.041877269744873
2015-10-22 18:00:00,1.0879795402288437
2015-10-22 19:00:00,1.0986618995666504
2015-10-22 20:00:00,1.0771377235651016
2015-10-22 21:00:00,1.0535538494586945
2015-10-22 22:00:00,1.0179426670074463
2015-10-22 23:00:00,1.0139483511447906
2015-10-23 00:00:00,1.037840574979782
2015-10-23 01:00:00,1.0739115476608276
2015-10-23 02:00:00,1.1155842542648315
2015-10-23 03:00:00,2.362476348876953
2015-10-23 04:00:00,1.984994888305664
2015-10-23 05:00:00,3.2358827590942383
2015-10-23 06:00:00,3.069063663482666
2015-10-23 07:00:00,2.7762644290924072
2015-10-23 08:00:00,2.6283559799194336
2015-10-23 09:00:00,2.4925549030303955
2015-10-23 10:00:00,2.3233580589294434
2015-10-23 11:00:00,1.9519409239292145
2015-10-23 12:00:00,0.771338939666748
2015-10-23 13:00:00,0.9291782379150391
2015-10-23 14:00:00,0.925460696220398
2015-10-23 15:00:00,0.9812504053115845
2015-10-23 16:00:00,1.0499109029769897
2015-10-23 17:00:00,1.0956662893295288
2015-10-23 18:00:00,1.0937798023223877
2015-10-23 19:00:00,0.9973110854625702
2015-10-23 20:00:00,0.877545177936554
2015-10-23 21:00:00,0.8362118601799011
2015-10-23 22:00:00,0.6578264161944389
2015-10-23 23:00:00,0.5699011012911797
2015-10-24 00:00:00,0.5770367458462715
2015-10-24 01:00:00,0.6296060010790825
2015-10-24 02:00:00,0.49047839641571045
2015-10-24 03:00:00,0.8254640102386475
2015-10-24 04:00:00,0.698948860168457
2015-10-24 05:00:00,1.60322105884552
2015-10-24 06:00:00,1.9325015544891357
2015-10-24 07:00:00,1.8784842491149902
2015-10-24 08:00:00,1.7248497009277344
2015-10-24 09:00:00,1.4530644416809082
2015-10-24 10:00:00,1.096699982881546
2015-10-24 11:00:00,0.6951231509447098
2015-10-24 12:00:00,0.05345786362886429
2015-10-24 13:00:00,-0.36286862194538116
2015-10-24 14:00:00,-0.6883736047893763
2015-10-24 15:00:00,-0.9015091359615326
2015-10-24 16:00:00,-0.9325805827975273
2015-10-24 17:00:00,-0.876295231282711
2015-10-24 18:00:00,-0.8564896211028099
2015-10-24 19:00:00,-0.8804726898670197
2015-10-24 20:00:00,-0.8285287618637085
2015-10-24 21:00:00,-0.830409049987793
2015-10-24 22:00:00,-0.954537034034729
2015-10-24 23:00:00,-1.0187920331954956
2015-10-25 00:00:00,-1.0879639387130737
2015-10-25 01:00:00,-1.1681045293807983
2015-10-25 02:00:00,-1.3228076696395874
2015-10-25 03:00:00,-2.353287935256958
2015-10-25 04:00:00,-1.8389687538146973
2015-10-25 05:00:00,-1.9838671684265137
2015-10-25 06:00:00,-1.777543306350708
2015-10-25 07:00:00,-1.6476151943206787
2015-10-25 08:00:00,-1.5459349155426025
2015-10-25 09:00:00,-1.5353771150112152
2015-10-25 10:00:00,-1.6059534549713135
2015-10-25 11:00:00,-1.5063071250915527
2015-10-25 12:00:00,-0.831456184387207
2015-10-25 13:00:00,-1.1196424961090088
2015-10-25 14:00:00,-1.2259318828582764
2015-10-25 15:00:00,-1.291800856590271
2015-10-25 16:00:00,-1.3159981966018677
2015-10-25 17:00:00,-1.3237384557724
2015-10-25 18:00:00,-1.31394624710083
2015-10-25 19:00:00,-1.2816263437271118
2015-10-25 20:00:00,-1.2346723079681396
2015-10-25 21:00:00,-1.1876074075698853
2015-10-25 22:00:00,-1.130116581916809
2015-10-25 23:00:00,-1.1212706565856934
2015-10-26 00:00:00,-1.1895489692687988
2015-10-26 01:00:00,-1.2751762866973877
2015-10-26 02:00:00,-1.6743053495883942
2015-10-26 03:00:00,-2.145556688308716
2015-10-26 04:00:00,-1.6135669946670532
2015-10-26 05:00:00,-2.5158209800720215
2015-10-26 06:00:00,-2.094716787338257
2015-10-26 07:00:00,-1.5730688571929932
2015-10-26 08:00:00,-1.1012907326221466
2015-10-26 09:00:00,-0.6548104286193848
2015-10-26 10:00:00,-0.3966645747423172
2015-10-26 11:00:00,-0.043502867221832275
2015-10-26 12:00:00,0.22381848096847534
2015-10-26 13:00:00,0.4603240489959717
2015-10-26 14:00:00,0.5236144065856934
2015-10-26 15:00:00,0.5131110697984695
2015-10-26 16:00:00,0.5722921341657639
2015-10-26 17:00:00,0.6213878393173218
2015-10-26 18:00:00,0.6557133197784424
2015-10-26 19:00:00,0.6831774711608887
2015-10-26 20:00:00,0.685187578201294
2015-10-26 21:00:00,0.6467981338500977
2015-10-26 22:00:00,0.4910414218902588
2015-10-26 23:00:00,0.36808788776397705
2015-10-27 00:00:00,0.2723357677459717
2015-10-27 01:00:00,0.20985937118530273
2015-10-27 02:00:00,0.17141926288604736
2015-10-27 03:00:00,0.38964927196502686
2015-10-27 04:00:00,0.5430371761322021
2015-10-27 05:00:00,0.938470721244812
2015-10-27 06:00:00,1.3040953874588013
2015-10-27 07:00:00,1.6981812715530396
2015-10-27 08:00:00,1.9998273849487305
2015-10-27 09:00:00,2.202446937561035
2015-10-27 10:00:00,2.1934023201465607
2015-10-27 11:00:00,1.9564958214759827
2015-10-27 12:00:00,0.7133214473724365
2015-10-27 13:00:00,0.7354785948991776
2015-10-27 14:00:00,0.7204798460006714
2015-10-27 15:00:00,0.6936138272285461
2015-10-27 16:00:00,0.6980280801653862
2015-10-27 17:00:00,0.6800630167126656
2015-10-27 18:00:00,0.6514291763305664
2015-10-27 19:00:00,0.5888866260647774
2015-10-27 20:00:00,0.469917893409729
2015-10-27 21:00:00,0.3122081160545349
2015-10-27 22:00:00,0.08209884166717529
2015-10-27 23:00:00,-0.09866577386856079
2015-10-28 00:00:00,-0.22884130477905273
2015-10-28 01:00:00,-0.2850540280342102
2015-10-28 02:00:00,-0.30171971768140793
2015-10-28 03:00:00,0.0063209012150764465
2015-10-28 04:00:00,0.9505383707582951
2015-10-28 05:00:00,0.946147732436657
2015-10-28 06:00:00,0.2830319404602051
2015-10-28 07:00:00,-1.114533931016922
2015-10-28 08:00:00,-1.7149887084960938
2015-10-28 09:00:00,-1.642530918121338
2015-10-28 10:00:00,-1.2309016957879066
2015-10-28 11:00:00,-1.1551410853862762
2015-10-28 12:00:00,-0.6461263298988342
2015-10-28 13:00:00,-0.4384687524288893
2015-10-28 14:00:00,-0.15310681238770485
2015-10-28 15:00:00,0.32622039318084717
2015-10-28 16:00:00,0.6820175647735596
2015-10-28 17:00:00,0.8324298858642578
2015-10-28 18:00:00,0.9118925333023071
2015-10-28 19:00:00,0.8628957271575928
2015-10-28 20:00:00,0.7102104425430298
2015-10-28 21:00:00,0.5465648770332336
2015-10-28 22:00:00,0.563825249671936
2015-10-28 23:00:00,0.728905975818634
2015-10-29 00:00:00,0.8278942108154297
2015-10-29 01:00:00,0.8630950450897217
2015-10-29 02:00:00,0.8473647832870483
2015-10-29 03:00:00,1.851479172706604
2015-10-29 04:00:00,0.8669383525848389
2015-10-29 05:00:00,0.008606433868408203
2015-10-29 06:00:00,-0.5218349695205688
2015-10-29 07:00:00,-0.7228541374206543
2015-10-29 08:00:00,-0.6980677843093872
2015-10-29 09:00:00,-0.5826226472854614
2015-10-29 10:00:00,-0.4415673017501831
2015-10-29 11:00:00,-0.2984626740217209
2015-10-29 12:00:00,0.10198336839675903
2015-10-29 13:00:00,0.35302233695983887
2015-10-29 14:00:00,0.5412277579307556
2015-10-29 15:00:00,0.6800638437271118
2015-10-29 16:00:00,0.8551016300916672
2015-10-29 17:00:00,1.082944631576538
2015-10-29 18:00:00,1.2349274158477783
2015-10-29 19:00:00,1.2518203258514404
2015-10-29 20:00:00,1.1957662105560303
2015-10-29 21:00:00,1.1446852684020996
2015-10-29 22:00:00,0.9828746616840363
2015-10-29 23:00:00,0.902275562286377
2015-10-30 00:00:00,0.8482277989387512
2015-10-30 01:00:00,0.7958276271820068
2015-10-30 02:00:00,0.590242326259613
2015-10-30 03:00:00,0.804126501083374
2015-10-30 04:00:00,0.7634319961071014
2015-10-30 05:00:00,0.09921842813491821
2015-10-30 06:00:00,-0.08337438106536865
2015-10-30 07:00:00,0.06133842468261719
2015-10-30 08:00:00,0.45274756848812103
2015-10-30 09:00:00,0.8636962026357651
2015-10-30 10:00:00,1.0192344188690186
2015-10-30 11:00:00,0.9609146416187286
2015-10-30 12:00:00,0.38202446699142456
2015-10-30 13:00:00,0.5047293901443481
2015-10-30 14:00:00,0.5502119064331055
2015-10-30 15:00:00,0.6470034569501877
2015-10-30 16:00:00,0.7689667195081711
2015-10-30 17:00:00,0.8908946216106415
2015-10-30 18:00:00,0.9389652907848358
2015-10-30 19:00:00,0.9360957145690918
2015-10-30 20:00:00,0.8771595358848572
2015-10-30 21:00:00,0.8200639486312866
2015-10-30 22:00:00,0.7995283007621765
2015-10-30 23:00:00,0.8362676501274109
2015-10-31 00:00:00,0.8894750624895096
2015-10-31 01:00:00,0.9275535345077515
2015-10-31 02:00:00,0.8194958567619324
2015-10-31 03:00:00,1.5855772495269775
2015-10-31 04:00:00,1.4183292388916016
2015-10-31 05:00:00,0.7140613794326782
2015-10-31 06:00:00,0.16585791110992432
2015-10-31 07:00:00,-0.04321855306625366
2015-10-31 08:00:00,-0.01702064275741577
2015-10-31 09:00:00,0.08044469356536865
2015-10-31 10:00:00,0.1273789405822754
2015-10-31 11:00:00,0.27019190788269043
2015-10-31 12:00:00,0.3180009126663208
2015-10-31 13:00:00,0.6223553419113159
2015-10-31 14:00:00,0.7971686124801636
2015-10-31 15:00:00,0.8677334785461426
2015-10-31 16:00:00,0.8328198194503784
2015-10-31 17:00:00,0.7191845178604126
2015-10-31 18:00:00,0.5849210023880005
2015-10-31 19:00:00,0.48986828327178955
2015-10-31 20:00:00,0.40712666511535645
2015-10-31 21:00:00,0.32866883277893066
2015-10-31 22:00:00,0.2998478412628174
2015-10-31 23:00:00,0.2732054591178894
2015-11-01 00:00:00,0.22632954269647598
2015-11-01 01:00:00,0.142755389213562
2015-11-01 02:00:00,-0.01947469264268875
2015-11-01 03:00:00,-0.2553892135620117
2015-11-01 04:00:00,-0.3608944797888398
2015-11-01 05:00:00,-0.8930677175521851
2015-11-01 06:00:00,-0.9825287163257599
2015-11-01 07:00:00,-0.7556388825178146
2015-11-01 08:00:00,-0.4612247943878174
2015-11-01 09:00:00,-0.32563944533467293
2015-11-01 10:00:00,-0.24590115621685982
2015-11-01 11:00:00,-0.02916901931166649
2015-11-01 12:00:00,0.27817094698548317
2015-11-01 13:00:00,0.5944989323616028
2015-11-01 14:00:00,0.7681960612535477
2015-11-01 15:00:00,0.8685283213853836
2015-11-01 16:00:00,0.8800371140241623
2015-11-01 17:00:00,0.8356802463531494
2015-11-01 18:00:00,0.7437183856964111
2015-11-01 19:00:00,0.6171131134033203
2015-11-01 20:00:00,0.49486207962036133
2015-11-01 21:00:00,0.40518295764923096
2015-11-01 22:00:00,0.2953903079032898
2015-11-01 23:00:00,0.19151097536087036
2015-11-02 00:00:00,0.07944416999816895
2015-11-02 01:00:00,-0.07308840751647949
2015-11-02 02:00:00,-0.24323099851608276
2015-11-02 03:00:00,-0.722435712814331
2015-11-02 04:00:00,-0.6095914840698242
2015-11-02 05:00:00,-0.2752268314361572
2015-11-02 06:00:00,0.08062171936035156
2015-11-02 07:00:00,0.34150123596191406
2015-11-02 08:00:00,0.5890886783599854
2015-11-02 09:00:00,0.7722163200378418
2015-11-02 10:00:00,0.7869306802749634
2015-11-02 11:00:00,0.7797098159790039
2015-11-02 12:00:00,0.4969780445098877
2015-11-02 13:00:00,0.5968750715255737
2015-11-02 14:00:00,0.5229876041412354
2015-11-02 15:00:00,0.4584789276123047
2015-11-02 16:00:00,0.4620981216430664
2015-11-02 17:00:00,0.46204566955566406
2015-11-02 18:00:00,0.4711521863937378
2015-11-02 19:00:00,0.5287084579467773
2015-11-02 20:00:00,0.5911921262741089
2015-11-02 21:00:00,0.6398975849151611
2015-11-02 22:00:00,0.46868401765823364
2015-11-02 23:00:00,0.22983092069625854
2015-11-03 00:00:00,-0.02742314338684082
2015-11-03 01:00:00,-0.2550089359283447
2015-11-03 02:00:00,-0.35753440856933594
2015-11-03 03:00:00,-0.6941586807370186
2015-11-03 04:00:00,-0.43013037741184235
2015-11-03 05:00:00,0.7870433777570724
2015-11-03 06:00:00,1.1162352487444878
2015-11-03 07:00:00,1.1344866827130318
2015-11-03 08:00:00,1.0967714861035347
2015-11-03 09:00:00,1.0440373420715332
2015-11-03 10:00:00,1.164092294871807
2015-11-03 11:00:00,0.9179548025131226
2015-11-03 12:00:00,0.485647976398468
2015-11-03 13:00:00,0.4146268963813782
2015-11-03 14:00:00,0.28560471534729004
2015-11-03 15:00:00,0.17166922241449356
2015-11-03 16:00:00,0.10259222984313965
2015-11-03 17:00:00,0.003503575921058655
2015-11-03 18:00:00,-0.11169660091400146
2015-11-03 19:00:00,-0.22756868600845337
2015-11-03 20:00:00,-0.30691641569137573
2015-11-03 21:00:00,-0.28085076808929443
2015-11-03 22:00:00,-0.20116233825683594
2015-11-03 23:00:00,-0.023328542709350586
2015-11-04 00:00:00,0.17290377616882324
2015-11-04 01:00:00,0.2977941632270813
2015-11-04 02:00:00,0.3022131323814392
2015-11-04 03:00:00,0.3367924913764
2015-11-04 04:00:00,-0.06931677274405956
2015-11-04 05:00:00,0.4435601383447647
2015-11-04 06:00:00,0.5453323721885681
2015-11-04 07:00:00,0.6777466535568237
2015-11-04 08:00:00,0.7933975458145142
2015-11-04 09:00:00,0.7735812664031982
2015-11-04 10:00:00,0.7144817113876343
2015-11-04 11:00:00,0.4375593066215515
2015-11-04 12:00:00,-0.09219038486480713
2015-11-04 13:00:00,-0.5431434512138367
2015-11-04 14:00:00,-0.7492268681526184
2015-11-04 15:00:00,-0.8073286414146423
2015-11-04 16:00:00,-0.7117366194725037
2015-11-04 17:00:00,-0.5627481341362
2015-11-04 18:00:00,-0.3709759749472141
2015-11-04 19:00:00,-0.1270458698272705
2015-11-04 20:00:00,0.16461032815277576
2015-11-04 21:00:00,0.42369140684604645
2015-11-04 22:00:00,0.16910468880087137
2015-11-04 23:00:00,-0.3432493135333061
2015-11-05 00:00:00,-0.8230273127555847
2015-11-05 01:00:00,-0.9719345569610596
2015-11-05 02:00:00,-1.0426602363586426
2015-11-05 03:00:00,-2.455970048904419
2015-11-05 04:00:00,-1.9518821239471436
2015-11-05 05:00:00,-1.5054022073745728
2015-11-05 06:00:00,-0.8315280079841614
2015-11-05 07:00:00,0.0024758577346801758
2015-11-05 08:00:00,0.7746595591306686
2015-11-05 09:00:00,1.2913601398468018
2015-11-05 10:00:00,1.3103530406951904
2015-11-05 11:00:00,1.183066040277481
2015-11-05 12:00:00,0.47659920156002045
2015-11-05 13:00:00,0.24276914447546005
2015-11-05 14:00:00,-0.0419543981552124
2015-11-05 15:00:00,-0.2361663579940796
2015-11-05 16:00:00,-0.14500164985656738
2015-11-05 17:00:00,0.014527499675750732
2015-11-05 18:00:00,0.20024389028549194
2015-11-05 19:00:00,0.37958645820617676
2015-11-05 20:00:00,0.5543883442878723
2015-11-05 21:00:00,0.6902635097503662
2015-11-05 22:00:00,0.6841882467269897
2015-11-05 23:00:00,0.6993714570999146
2015-11-06 00:00:00,0.6924892663955688
2015-11-06 01:00:00,0.5932071208953857
2015-11-06 02:00:00,0.4586591124534607
2015-11-06 03:00:00,0.459955096244812
2015-11-06 04:00:00,0.5513015985488892
2015-11-06 05:00:00,0.8355737179517746
2015-11-06 06:00:00,1.18538498878479
2015-11-06 07:00:00,1.5154374837875366
2015-11-06 08:00:00,1.7587237358093262
2015-11-06 09:00:00,1.9382933378219604
2015-11-06 10:00:00,1.882153034210205
2015-11-06 11:00:00,1.3415364027023315
2015-11-06 12:00:00,0.6777735948562622
2015-11-06 13:00:00,0.6308488845825195
2015-11-06 14:00:00,0.529704138636589
2015-11-06 15:00:00,0.4315154515206814
2015-11-06 16:00:00,0.452740803360939
2015-11-06 17:00:00,0.5122619271278381
2015-11-06 18:00:00,0.5804339796304703
2015-11-06 19:00:00,0.6408989429473877
2015-11-06 20:00:00,0.6666532158851624
2015-11-06 21:00:00,0.6512633636593819
2015-11-06 22:00:00,0.5744615793228149
2015-11-06 23:00:00,0.476776123046875
2015-11-07 00:00:00,0.3730391263961792
2015-11-07 01:00:00,0.21923470497131348
2015-11-07 02:00:00,-0.14005327224731445
2015-11-07 03:00:00,-0.7113223075866699
2015-11-07 04:00:00,-0.6935932636260986
2015-11-07 05:00:00,-0.7411144971847534
2015-11-07 06:00:00,-0.25781822204589844
2015-11-07 07:00:00,0.14897465705871582
2015-11-07 08:00:00,0.5319101810455322
2015-11-07 09:00:00,0.7724195718765259
2015-11-07 10:00:00,0.6990814507007599
2015-11-07 11:00:00,0.6096015423536301
2015-11-07 12:00:00,0.5005862712860107
2015-11-07 13:00:00,0.5396242141723633
2015-11-07 14:00:00,0.45819419622421265
2015-11-07 15:00:00,0.3443949222564697
2015-11-07 16:00:00,0.3068072199821472
2015-11-07 17:00:00,0.26327624171972275
2015-11-07 18:00:00,0.21412751078605652
2015-11-07 19:00:00,0.1537841558456421
2015-11-07 20:00:00,0.08440381288528442
2015-11-07 21:00:00,0.033440589904785156
2015-11-07 22:00:00,-0.08874905109405518
2015-11-07 23:00:00,-0.19279658794403076
2015-11-08 00:00:00,-0.3048897981643677
2015-11-08 01:00:00,-0.43873298168182373
2015-11-08 02:00:00,-0.5481719970703125
2015-11-08 03:00:00,-1.3326014280319214
2015-11-08 04:00:00,-1.2135651111602783
2015-11-08 05:00:00,-1.1649959087371826
2015-11-08 06:00:00,-1.5810468196868896
2015-11-08 07:00:00,-1.3832125663757324
2015-11-08 08:00:00,-1.0374341011047363
2015-11-08 09:00:00,-0.6831018924713135
2015-11-08 10:00:00,-0.5433981418609619
2015-11-08 11:00:00,-0.3774888515472412
2015-11-08 12:00:00,-0.10169196128845215
2015-11-08 13:00:00,-0.13793110847473145
2015-11-08 14:00:00,-0.11041808128356934
2015-11-08 15:00:00,-0.04516267776489258
2015-11-08 16:00:00,0.0657808780670166
2015-11-08 17:00:00,0.11676323413848877
2015-11-08 18:00:00,0.04522073268890381
2015-11-08 19:00:00,-0.08748114109039307
2015-11-08 20:00:00,-0.24235379695892334
2015-11-08 21:00:00,-0.40893352031707764
2015-11-08 22:00:00,-0.6065957546234131
2015-11-08 23:00:00,-0.7731385231018066
2015-11-09 00:00:00,-0.9024078845977783
2015-11-09 01:00:00,-1.005806565284729
2015-11-09 02:00:00,-0.996033787727356
2015-11-09 03:00:00,-1.9007548689842224
2015-11-09 04:00:00,-1.600244164466858
2015-11-09 05:00:00,-1.6656532436609268
2015-11-09 06:00:00,-1.0924992561340332
2015-11-09 07:00:00,-0.49729470908641815
2015-11-09 08:00:00,0.11307632923126221
2015-11-09 09:00:00,0.654157280921936
2015-11-09 10:00:00,0.7582714557647705
2015-11-09 11:00:00,0.5933536291122437
2015-11-09 12:00:00,0.09539231657981873
2015-11-09 13:00:00,-0.15341609716415405
2015-11-09 14:00:00,-0.38044607639312744
2015-11-09 15:00:00,-0.5670688152313232
2015-11-09 16:00:00,-0.5449428558349609
2015-11-09 17:00:00,-0.4812795966863632
2015-11-09 18:00:00,-0.4084057845175266
2015-11-09 19:00:00,-0.3293577991425991
2015-11-09 20:00:00,-0.2870052829384804
2015-11-09 21:00:00,-0.2736663222312927
2015-11-09 22:00:00,-0.2852070890367031
2015-11-09 23:00:00,-0.3271113596856594
2015-11-10 00:00:00,-0.32718072086572647
2015-11-10 01:00:00,-0.25722066406160593
2015-11-10 02:00:00,-0.08169466350227594
2015-11-10 03:00:00,0.3137071132659912
2015-11-10 04:00:00,0.6291495636105537
2015-11-10 05:00:00,1.0359243154525757
2015-11-10 06:00:00,1.2739644050598145
2015-11-10 07:00:00,1.4969266951084137
2015-11-10 08:00:00,1.7866137027740479
2015-11-10 09:00:00,2.0487043857574463
2015-11-10 10:00:00,2.0258593559265137
2015-11-10 11:00:00,1.7171808183193207
2015-11-10 12:00:00,0.6208258271217346
2015-11-10 13:00:00,0.4379211664199829
2015-11-10 14:00:00,0.2640264630317688
2015-11-10 15:00:00,0.16076093912124634
2015-11-10 16:00:00,0.24804222583770752
2015-11-10 17:00:00,0.3629748821258545
2015-11-10 18:00:00,0.49163734912872314
2015-11-10 19:00:00,0.6367148160934448
2015-11-10 20:00:00,0.7316737174987793
2015-11-10 21:00:00,0.8066889047622681
2015-11-10 22:00:00,0.8169317245483398
2015-11-10 23:00:00,0.8202732801437378
2015-11-11 00:00:00,0.8820600509643555
2015-11-11 01:00:00,0.9717099666595459
2015-11-11 02:00:00,1.253559097647667
2015-11-11 03:00:00,1.9338667392730713
2015-11-11 04:00:00,1.6007543504238129
2015-11-11 05:00:00,2.5354752242565155
2015-11-11 06:00:00,2.876893997192383
2015-11-11 07:00:00,3.17240834236145
2015-11-11 08:00:00,3.3970155715942383
2015-11-11 09:00:00,3.4275147318840027
2015-11-11 10:00:00,3.4525980949401855
2015-11-11 11:00:00,3.1095025539398193
2015-11-11 12:00:00,1.396942138671875
2015-11-11 13:00:00,1.4866479635238647
2015-11-11 14:00:00,1.5803334712982178
2015-11-11 15:00:00,1.6440837383270264
2015-11-11 16:00:00,1.7804646492004395
2015-11-11 17:00:00,1.8653911650180817
2015-11-11 18:00:00,1.8394052982330322
2015-11-11 19:00:00,1.7403175830841064
2015-11-11 20:00:00,1.6878920793533325
2015-11-11 21:00:00,1.6756384372711182
2015-11-11 22:00:00,1.669317603111267
2015-11-11 23:00:00,1.591018795967102
2015-11-12 00:00:00,1.409915566444397
2015-11-12 01:00:00,1.3950296640396118
2015-11-12 02:00:00,1.6854556500911713
2015-11-12 03:00:00,2.745346784591675
2015-11-12 04:00:00,2.5115444660186768
2015-11-12 05:00:00,3.472074270248413
2015-11-12 06:00:00,3.32228684425354
2015-11-12 07:00:00,3.2844040393829346
2015-11-12 08:00:00,3.522315502166748
2015-11-12 09:00:00,3.739334762096405
2015-11-12 10:00:00,3.651611030101776
2015-11-12 11:00:00,2.922736167907715
2015-11-12 12:00:00,1.1477823108434677
2015-11-12 13:00:00,1.0218515694141388
2015-11-12 14:00:00,0.8626396209001541
2015-11-12 15:00:00,0.7152815461158752
2015-11-12 16:00:00,0.6846780180931091
2015-11-12 17:00:00,0.7320951819419861
2015-11-12 18:00:00,0.8404616117477417
2015-11-12 19:00:00,0.9481213092803955
2015-11-12 20:00:00,1.0791601836681366
2015-11-12 21:00:00,1.2586026191711426
2015-11-12 22:00:00,1.4066816568374634
2015-11-12 23:00:00,1.4843809604644775
2015-11-13 00:00:00,1.527245283126831
2015-11-13 01:00:00,1.56056809425354
2015-11-13 02:00:00,1.7310075759887695
2015-11-13 03:00:00,3.08005428314209
2015-11-13 04:00:00,2.5485286712646484
2015-11-13 05:00:00,3.6161656379699707
2015-11-13 06:00:00,3.5700142979621887
2015-11-13 07:00:00,3.5003307461738586
2015-11-13 08:00:00,3.4974403381347656
2015-11-13 09:00:00,3.454242706298828
2015-11-13 10:00:00,3.3451480865478516
2015-11-13 11:00:00,2.677255392074585
2015-11-13 12:00:00,1.2537273168563843
2015-11-13 13:00:00,1.3301538228988647
2015-11-13 14:00:00,1.4003077745437622
2015-11-13 15:00:00,1.451646089553833
2015-11-13 16:00:00,1.5026473999023438
2015-11-13 17:00:00,1.4834370613098145
2015-11-13 18:00:00,1.3980941772460938
2015-11-13 19:00:00,1.2485277503728867
2015-11-13 20:00:00,1.0849141776561737
2015-11-13 21:00:00,0.9783269166946411
2015-11-13 22:00:00,0.9316277503967285
2015-11-13 23:00:00,0.9460930824279785
2015-11-14 00:00:00,1.006899118423462
2015-11-14 01:00:00,1.0816960036754608
2015-11-14 02:00:00,1.2557791471481323
2015-11-14 03:00:00,2.4428162574768066
2015-11-14 04:00:00,2.3071227073669434
2015-11-14 05:00:00,2.6314525604248047
2015-11-14 06:00:00,2.810685396194458
2015-11-14 07:00:00,2.990119457244873
2015-11-14 08:00:00,3.0845959186553955
2015-11-14 09:00:00,3.0430350303649902
2015-11-14 10:00:00,2.940333604812622
2015-11-14 11:00:00,2.3579663932323456
2015-11-14 12:00:00,1.0478379875421524
2015-11-14 13:00:00,1.0354168266057968
2015-11-14 14:00:00,0.9783972203731537
2015-11-14 15:00:00,0.9162279367446899
2015-11-14 16:00:00,0.8542611673474312
2015-11-14 17:00:00,0.7668917253613472
2015-11-14 18:00:00,0.6550325229763985
2015-11-14 19:00:00,0.5327368378639221
2015-11-14 20:00:00,0.39586132764816284
2015-11-14 21:00:00,0.2515888214111328
2015-11-14 22:00:00,0.13272345066070557
2015-11-14 23:00:00,0.05412238836288452
2015-11-15 00:00:00,0.018123865127563477
2015-11-15 01:00:00,0.011402010917663574
2015-11-15 02:00:00,0.060382306575775146
2015-11-15 03:00:00,0.3664158582687378
2015-11-15 04:00:00,0.3705149292945862
2015-11-15 05:00:00,0.6297506839036942
2015-11-15 06:00:00,1.4766196310520172
2015-11-15 07:00:00,1.6054824888706207
2015-11-15 08:00:00,1.6385083347558975
2015-11-15 09:00:00,1.5821504592895508
2015-11-15 10:00:00,1.6071878373622894
2015-11-15 11:00:00,1.2316945791244507
2015-11-15 12:00:00,0.7545372247695923
2015-11-15 13:00:00,0.7556906938552856
2015-11-15 14:00:00,0.6738777607679367
2015-11-15 15:00:00,0.6082173138856888
2015-11-15 16:00:00,0.6057639084756374
2015-11-15 17:00:00,0.6196705307811499
2015-11-15 18:00:00,0.6269815564155579
2015-11-15 19:00:00,0.6136893630027771
2015-11-15 20:00:00,0.5693808197975159
2015-11-15 21:00:00,0.502393901348114
2015-11-15 22:00:00,0.30621427297592163
2015-11-15 23:00:00,0.1821933388710022
2015-11-16 00:00:00,0.12418699264526367
2015-11-16 01:00:00,0.12841713428497314
2015-11-16 02:00:00,0.19504237174987793
2015-11-16 03:00:00,0.7177489250898361
2015-11-16 04:00:00,1.1757071018218994
2015-11-16 05:00:00,1.9367241859436035
2015-11-16 06:00:00,2.3296532332897186
2015-11-16 07:00:00,2.4368090629577637
2015-11-16 08:00:00,2.4812629222869873
2015-11-16 09:00:00,2.516548663377762
2015-11-16 10:00:00,2.5245139598846436
2015-11-16 11:00:00,2.130113124847412
2015-11-16 12:00:00,0.9967007637023926
2015-11-16 13:00:00,1.0691455900669098
2015-11-16 14:00:00,1.116664171218872
2015-11-16 15:00:00,1.1622223854064941
2015-11-16 16:00:00,1.258267879486084
2015-11-16 17:00:00,1.3353924751281738
2015-11-16 18:00:00,1.3916656970977783
2015-11-16 19:00:00,1.4066259860992432
2015-11-16 20:00:00,1.3834024667739868
2015-11-16 21:00:00,1.3612148761749268
2015-11-16 22:00:00,1.3515973091125488
2015-11-16 23:00:00,1.343082308769226
2015-11-17 00:00:00,1.3181651830673218
2015-11-17 01:00:00,1.2967814207077026
2015-11-17 02:00:00,1.3417091369628906
2015-11-17 03:00:00,2.6885955333709717
2015-11-17 04:00:00,2.4724059104919434
2015-11-17 05:00:00,3.136228084564209
2015-11-17 06:00:00,3.1264727115631104
2015-11-17 07:00:00,2.861802101135254
2015-11-17 08:00:00,2.7701733112335205
2015-11-17 09:00:00,2.784961462020874
2015-11-17 10:00:00,2.860898733139038
2015-11-17 11:00:00,2.2658417224884033
2015-11-17 12:00:00,1.3038612604141235
2015-11-17 13:00:00,1.4729372262954712
2015-11-17 14:00:00,1.5252089500427246
2015-11-17 15:00:00,1.5358424186706543
2015-11-17 16:00:00,1.665729284286499
2015-11-17 17:00:00,1.7418473958969116
2015-11-17 18:00:00,1.6901726722717285
2015-11-17 19:00:00,1.5708993673324585
2015-11-17 20:00:00,1.5354228019714355
2015-11-17 21:00:00,1.6456260681152344
2015-11-17 22:00:00,1.5084185600280762
2015-11-17 23:00:00,1.3158899545669556
2015-11-18 00:00:00,1.2846810817718506
2015-11-18 01:00:00,1.2412121295928955
2015-11-18 02:00:00,1.1914587020874023
2015-11-18 03:00:00,2.641226053237915
2015-11-18 04:00:00,2.1814813911914825
2015-11-18 05:00:00,2.298802614212036
2015-11-18 06:00:00,2.141169548034668
2015-11-18 07:00:00,2.241716891527176
2015-11-18 08:00:00,2.370668888092041
2015-11-18 09:00:00,2.6024398803710938
2015-11-18 10:00:00,2.57857608795166
2015-11-18 11:00:00,1.6358500719070435
2015-11-18 12:00:00,1.088016152381897
2015-11-18 13:00:00,1.2342941761016846
2015-11-18 14:00:00,1.2797986268997192
2015-11-18 15:00:00,1.2952841520309448
2015-11-18 16:00:00,1.289140224456787
2015-11-18 17:00:00,1.2159291505813599
2015-11-18 18:00:00,1.0797522068023682
2015-11-18 19:00:00,0.9272429347038269
2015-11-18 20:00:00,0.818230152130127
2015-11-18 21:00:00,0.7962377071380615
2015-11-18 22:00:00,0.77998948097229
2015-11-18 23:00:00,0.7941866517066956
2015-11-19 00:00:00,0.8076899647712708
2015-11-19 01:00:00,0.793743908405304
2015-11-19 02:00:00,0.7076031565666199
2015-11-19 03:00:00,0.990075945854187
2015-11-19 04:00:00,0.876031681895256
2015-11-19 05:00:00,0.7158555909991264
2015-11-19 06:00:00,0.6983921602368355
2015-11-19 07:00:00,0.8316186666488647
2015-11-19 08:00:00,1.088366873562336
2015-11-19 09:00:00,1.33036769926548
2015-11-19 10:00:00,1.4096836894750595
2015-11-19 11:00:00,0.607492208480835
2015-11-19 12:00:00,0.7225607708096504
2015-11-19 13:00:00,0.7666213884949684
2015-11-19 14:00:00,0.7658878639340401
2015-11-19 15:00:00,0.7736059799790382
2015-11-19 16:00:00,0.8218774795532227
2015-11-19 17:00:00,0.8208279013633728
2015-11-19 18:00:00,0.7590121030807495
2015-11-19 19:00:00,0.655951201915741
2015-11-19 20:00:00,0.5496335625648499
2015-11-19 21:00:00,0.4904148355126381
2015-11-19 22:00:00,0.47101038694381714
2015-11-19 23:00:00,0.5325763672590256
2015-11-20 00:00:00,0.6384412050247192
2015-11-20 01:00:00,0.709050178527832
2015-11-20 02:00:00,0.741795539855957
2015-11-20 03:00:00,0.7725616693496704
2015-11-20 04:00:00,0.9952826797962189
2015-11-20 05:00:00,0.6268463134765625
2015-11-20 06:00:00,0.05708250403404236
2015-11-20 07:00:00,-0.009882830083370209
2015-11-20 08:00:00,0.14447104930877686
2015-11-20 09:00:00,0.2707197666168213
2015-11-20 10:00:00,0.3856201171875
2015-11-20 11:00:00,0.1812072992324829
2015-11-20 12:00:00,0.4200229048728943
2015-11-20 13:00:00,0.5629124194383621
2015-11-20 14:00:00,0.6663411930203438
2015-11-20 15:00:00,0.7287802994251251
2015-11-20 16:00:00,0.785993218421936
2015-11-20 17:00:00,0.793297529220581
2015-11-20 18:00:00,0.7577563524246216
2015-11-20 19:00:00,0.7115808725357056
2015-11-20 20:00:00,0.6771731376647949
2015-11-20 21:00:00,0.6741778254508972
2015-11-20 22:00:00,0.6811321377754211
2015-11-20 23:00:00,0.7534295320510864
2015-11-21 00:00:00,0.8624374270439148
2015-11-21 01:00:00,0.951745331287384
2015-11-21 02:00:00,0.9564957022666931
2015-11-21 03:00:00,1.3778533935546875
2015-11-21 04:00:00,1.5470114946365356
2015-11-21 05:00:00,1.1501274108886719
2015-11-21 06:00:00,0.8341453894972801
2015-11-21 07:00:00,0.6260446272790432
2015-11-21 08:00:00,0.4902108903042972
2015-11-21 09:00:00,0.43849997222423553
2015-11-21 10:00:00,0.5141417980194092
2015-11-21 11:00:00,0.28722967952489853
2015-11-21 12:00:00,0.7286026924848557
2015-11-21 13:00:00,0.8869287967681885
2015-11-21 14:00:00,0.9264173209667206
2015-11-21 15:00:00,0.9439744651317596
2015-11-21 16:00:00,0.9402246475219727
2015-11-21 17:00:00,0.9462120532989502
2015-11-21 18:00:00,0.9223089665174484
2015-11-21 19:00:00,0.8514288663864136
2015-11-21 20:00:00,0.7338072061538696
2015-11-21 21:00:00,0.5992253422737122
2015-11-21 22:00:00,0.5450441241264343
2015-11-21 23:00:00,0.6602885723114014
2015-11-22 00:00:00,0.8943954706192017
2015-11-22 01:00:00,1.0462538003921509
2015-11-22 02:00:00,1.0591009855270386
2015-11-22 03:00:00,1.9158728122711182
2015-11-22 04:00:00,1.8411777019500732
2015-11-22 05:00:00,1.4500596523284912
2015-11-22 06:00:00,1.5156398713588715
2015-11-22 07:00:00,1.2851951122283936
2015-11-22 08:00:00,1.203061804175377
2015-11-22 09:00:00,1.2969920635223389
2015-11-22 10:00:00,1.4802708625793457
2015-11-22 11:00:00,0.6386008337140083
2015-11-22 12:00:00,0.93946173787117
2015-11-22 13:00:00,0.9752566516399384
2015-11-22 14:00:00,0.9398220852017403
2015-11-22 15:00:00,0.8602520301938057
2015-11-22 16:00:00,0.7935345619916916
2015-11-22 17:00:00,0.744645357131958
2015-11-22 18:00:00,0.7555922269821167
2015-11-22 19:00:00,0.7596422433853149
2015-11-22 20:00:00,0.7033952474594116
2015-11-22 21:00:00,0.6752849221229553
2015-11-22 22:00:00,0.6477504372596741
2015-11-22 23:00:00,0.6792883798480034
2015-11-23 00:00:00,0.7759280204772949
2015-11-23 01:00:00,0.8535999059677124
2015-11-23 02:00:00,0.862066388130188
2015-11-23 03:00:00,0.6602429747581482
2015-11-23 04:00:00,1.346807599067688
2015-11-23 05:00:00,1.157553419470787
2015-11-23 06:00:00,1.0990322902798653
2015-11-23 07:00:00,0.9988684505224228
2015-11-23 08:00:00,0.8756515979766846
2015-11-23 09:00:00,0.7843995094299316
2015-11-23 10:00:00,0.7463315799832344
2015-11-23 11:00:00,0.35664937645196915
2015-11-23 12:00:00,0.6400846987962723
2015-11-23 13:00:00,0.7374418582767248
2015-11-23 14:00:00,0.7784823179244995
2015-11-23 15:00:00,0.7788613960146904
2015-11-23 16:00:00,0.6868138015270233
2015-11-23 17:00:00,0.48932063579559326
2015-11-23 18:00:00,0.23948460817337036
2015-11-23 19:00:00,0.010620296001434326
2015-11-23 20:00:00,-0.17313933372497559
2015-11-23 21:00:00,-0.2673468589782715
2015-11-23 22:00:00,-0.20662462711334229
2015-11-23 23:00:00,-0.0007177591323852539
2015-11-24 00:00:00,0.2782933712005615
2015-11-24 01:00:00,0.5337426662445068
2015-11-24 02:00:00,0.7138320207595825
2015-11-24 03:00:00,1.408372312784195
2015-11-24 04:00:00,1.8795761466026306
2015-11-24 05:00:00,2.063906192779541
2015-11-24 06:00:00,2.4431209564208984
2015-11-24 07:00:00,2.444480389356613
2015-11-24 08:00:00,2.4897382259368896
2015-11-24 09:00:00,2.5212016105651855
2015-11-24 10:00:00,2.4603512287139893
2015-11-24 11:00:00,1.3547919988632202
2015-11-24 12:00:00,1.1584572941064835
2015-11-24 13:00:00,1.3604286909103394
2015-11-24 14:00:00,1.5000909566879272
2015-11-24 15:00:00,1.5581583976745605
2015-11-24 16:00:00,1.5629032850265503
2015-11-24 17:00:00,1.5283480882644653
2015-11-24 18:00:00,1.4698772430419922
2015-11-24 19:00:00,1.4281980991363525
2015-11-24 20:00:00,1.3205891847610474
2015-11-24 21:00:00,1.1407431364059448
2015-11-24 22:00:00,1.0369830429553986
2015-11-24 23:00:00,1.0505771934986115
2015-11-25 00:00:00,1.220493197441101
2015-11-25 01:00:00,1.392024278640747
2015-11-25 02:00:00,1.5529823303222656
2015-11-25 03:00:00,2.586859941482544
2015-11-25 04:00:00,2.357708901166916
2015-11-25 05:00:00,2.650789976119995
2015-11-25 06:00:00,3.458292007446289
2015-11-25 07:00:00,3.834242045879364
2015-11-25 08:00:00,4.1126580238342285
2015-11-25 09:00:00,4.245296001434326
2015-11-25 10:00:00,4.118411540985107
2015-11-25 11:00:00,3.261249542236328
2015-11-25 12:00:00,1.567241907119751
2015-11-25 13:00:00,1.6013197898864746
2015-11-25 14:00:00,1.621092438697815
2015-11-25 15:00:00,1.5414233207702637
2015-11-25 16:00:00,1.4141873121261597
2015-11-25 17:00:00,1.295291543006897
2015-11-25 18:00:00,1.1347479820251465
2015-11-25 19:00:00,1.0374140739440918
2015-11-25 20:00:00,0.8804620057344437
2015-11-25 21:00:00,0.733007550239563
2015-11-25 22:00:00,0.5834023356437683
2015-11-25 23:00:00,0.4284852147102356
2015-11-26 00:00:00,0.2964072525501251
2015-11-26 01:00:00,0.20838595554232597
2015-11-26 02:00:00,0.18180215172469616
2015-11-26 03:00:00,0.268816870637238
2015-11-26 04:00:00,0.24204111844301224
2015-11-26 05:00:00,0.17271637916564941
2015-11-26 06:00:00,0.3115936666727066
2015-11-26 07:00:00,0.26595449447631836
2015-11-26 08:00:00,0.3762703537940979
2015-11-26 09:00:00,0.6777905076742172
2015-11-26 10:00:00,1.0600590631365776
2015-11-26 11:00:00,0.9993965700268745
2015-11-26 12:00:00,0.4794890880584717
2015-11-26 13:00:00,0.17800010740756989
2015-11-26 14:00:00,-0.07993029057979584
2015-11-26 15:00:00,-0.2988562807440758
2015-11-26 16:00:00,-0.28703081607818604
2015-11-26 17:00:00,-0.13247913122177124
2015-11-26 18:00:00,0.12873661518096924
2015-11-26 19:00:00,0.46639151871204376
2015-11-26 20:00:00,0.7232152968645096
2015-11-26 21:00:00,0.8023813217878342
2015-11-26 22:00:00,0.6616693437099457
2015-11-26 23:00:00,0.4539213627576828
2015-11-27 00:00:00,0.3417181968688965
2015-11-27 01:00:00,0.36852164566516876
2015-11-27 02:00:00,0.5575104206800461
2015-11-27 03:00:00,1.1574396938085556
2015-11-27 04:00:00,0.8646099492907524
2015-11-27 05:00:00,0.08997106552124023
2015-11-27 06:00:00,-0.5544690936803818
2015-11-27 07:00:00,-1.058752328157425
2015-11-27 08:00:00,-1.2917633354663849
2015-11-27 09:00:00,-1.3424953520298004
2015-11-27 10:00:00,-1.3294769898056984
2015-11-27 11:00:00,-1.1382728889584541
2015-11-27 12:00:00,-0.5208727084100246
2015-11-27 13:00:00,-0.5075584650039673
2015-11-27 14:00:00,-0.5188866853713989
2015-11-27 15:00:00,-0.5206559300422668
2015-11-27 16:00:00,-0.5208575874567032
2015-11-27 17:00:00,-0.4953160881996155
2015-11-27 18:00:00,-0.44642236083745956
2015-11-27 19:00:00,-0.39298826456069946
2015-11-27 20:00:00,-0.3444339334964752
2015-11-27 21:00:00,-0.3004814386367798
2015-11-27 22:00:00,-0.2818046510219574
2015-11-27 23:00:00,-0.2833206057548523
2015-11-28 00:00:00,-0.3451245427131653
2015-11-28 01:00:00,-0.43736547231674194
2015-11-28 02:00:00,-0.6065011098980904
2015-11-28 03:00:00,-1.5655409507453442
2015-11-28 04:00:00,-1.7389912512153387
2015-11-28 05:00:00,-2.1697550266981125
2015-11-28 06:00:00,-2.267988860607147
2015-11-28 07:00:00,-2.261889696121216
2015-11-28 08:00:00,-2.118407055735588
2015-11-28 09:00:00,-1.9191321730613708
2015-11-28 10:00:00,-1.884493350982666
2015-11-28 11:00:00,-1.485381841659546
2015-11-28 12:00:00,-0.7454839944839478
2015-11-28 13:00:00,-0.694627046585083
2015-11-28 14:00:00,-0.6015490218997002
2015-11-28 15:00:00,-0.5140882954001427
2015-11-28 16:00:00,-0.4089033380150795
2015-11-28 17:00:00,-0.3760649934411049
2015-11-28 18:00:00,-0.42921996116638184
2015-11-28 19:00:00,-0.5639714598655701
2015-11-28 20:00:00,-0.7677385360002518
2015-11-28 21:00:00,-0.9412200152873993
2015-11-28 22:00:00,-1.008803367614746
2015-11-28 23:00:00,-1.0013622045516968
2015-11-29 00:00:00,-0.9344969987869263
2015-11-29 01:00:00,-0.8330821990966797
2015-11-29 02:00:00,-0.6952898502349854
2015-11-29 03:00:00,-1.1380528211593628
2015-11-29 04:00:00,-0.6163420677185059
2015-11-29 05:00:00,-1.0265982151031494
2015-11-29 06:00:00,-1.0394905805587769
2015-11-29 07:00:00,-0.8266533017158508
2015-11-29 08:00:00,-0.5166165828704834
2015-11-29 09:00:00,-0.09562349319458008
2015-11-29 10:00:00,0.17442011833190918
2015-11-29 11:00:00,0.2923436164855957
2015-11-29 12:00:00,0.872193455696106
2015-11-29 13:00:00,0.9630098044872284
2015-11-29 14:00:00,0.8570215404033661
2015-11-29 15:00:00,0.645281195640564
2015-11-29 16:00:00,0.44207388162612915
2015-11-29 17:00:00,0.23753857612609863
2015-11-29 18:00:00,0.09100997447967529
2015-11-29 19:00:00,-0.02040654420852661
2015-11-29 20:00:00,-0.11494427919387817
2015-11-29 21:00:00,-0.18484550714492798
2015-11-29 22:00:00,-0.28862464427948
2015-11-29 23:00:00,-0.34701695293188095
2015-11-30 00:00:00,-0.3938732370734215
2015-11-30 01:00:00,-0.4462290406227112
2015-11-30 02:00:00,-0.45949673652648926
2015-11-30 03:00:00,-0.28745394945144653
2015-11-30 04:00:00,-0.18783029913902283
2015-11-30 05:00:00,0.17533832788467407
2015-11-30 06:00:00,-0.04609423875808716
2015-11-30 07:00:00,0.4257826581597328
2015-11-30 08:00:00,0.8632979393005371
2015-11-30 09:00:00,1.3158042579889297
2015-11-30 10:00:00,1.531532883644104
2015-11-30 11:00:00,0.686943881213665
2015-11-30 12:00:00,0.9875009059906006
2015-11-30 13:00:00,0.9752812087535858
2015-11-30 14:00:00,0.9225033521652222
2015-11-30 15:00:00,0.861852765083313
2015-11-30 16:00:00,0.7973925471305847
2015-11-30 17:00:00,0.7132486701011658
2015-11-30 18:00:00,0.6226377487182617
2015-11-30 19:00:00,0.5172093510627747
2015-11-30 20:00:00,0.4071162939071655
2015-11-30 21:00:00,0.3251383304595947
2015-11-30 22:00:00,0.26602989435195923
2015-11-30 23:00:00,0.25916898250579834
2015-12-01 00:00:00,0.2769280672073364
2015-12-01 01:00:00,0.3134284019470215
2015-12-01 02:00:00,0.38871264457702637
2015-12-01 03:00:00,1.0146628618240356
2015-12-01 04:00:00,1.1077370643615723
2015-12-01 05:00:00,1.0350852012634277
2015-12-01 06:00:00,0.6048105955123901
2015-12-01 07:00:00,0.9423501193523407
2015-12-01 08:00:00,1.1546036005020142
2015-12-01 09:00:00,1.3037359714508057
2015-12-01 10:00:00,1.3946807384490967
2015-12-01 11:00:00,0.7058348655700684
2015-12-01 12:00:00,0.9528229236602783
2015-12-01 13:00:00,1.0145453214645386
2015-12-01 14:00:00,0.9995792061090469
2015-12-01 15:00:00,0.9447971880435944
2015-12-01 16:00:00,0.923493817448616
2015-12-01 17:00:00,0.8661640882492065
2015-12-01 18:00:00,0.787298321723938
2015-12-01 19:00:00,0.6807146072387695
2015-12-01 20:00:00,0.5451602935791016
2015-12-01 21:00:00,0.42084527015686035
2015-12-01 22:00:00,0.3458019495010376
2015-12-01 23:00:00,0.3434716463088989
2015-12-02 00:00:00,0.405534029006958
2015-12-02 01:00:00,0.5117538571357727
2015-12-02 02:00:00,0.6467782855033875
2015-12-02 03:00:00,1.5971012115478516
2015-12-02 04:00:00,1.6576499938964844
2015-12-02 05:00:00,1.5818445682525635
2015-12-02 06:00:00,1.7513891458511353
2015-12-02 07:00:00,1.943168729543686
2015-12-02 08:00:00,2.157978057861328
2015-12-02 09:00:00,2.334458589553833
2015-12-02 10:00:00,2.350337505340576
2015-12-02 11:00:00,1.7543277740478516
2015-12-02 12:00:00,1.0164014995098114
2015-12-02 13:00:00,1.0309325456619263
2015-12-02 14:00:00,1.007548063993454
2015-12-02 15:00:00,0.9682590663433075
2015-12-02 16:00:00,0.9936434030532837
2015-12-02 17:00:00,1.003606528043747
2015-12-02 18:00:00,0.9774181842803955
2015-12-02 19:00:00,0.9662507027387619
2015-12-02 20:00:00,0.9892764091491699
2015-12-02 21:00:00,1.048403486609459
2015-12-02 22:00:00,1.1801652908325195
2015-12-02 23:00:00,1.2916395664215088
2015-12-03 00:00:00,1.2531344890594482
2015-12-03 01:00:00,1.1645753532648087
2015-12-03 02:00:00,1.1510124206542969
2015-12-03 03:00:00,2.5765480995178223
2015-12-03 04:00:00,2.5621132850646973
2015-12-03 05:00:00,3.1975879669189453
2015-12-03 06:00:00,3.3606505393981934
2015-12-03 07:00:00,3.4692237973213196
2015-12-03 08:00:00,3.579453766345978
2015-12-03 09:00:00,3.6259207725524902
2015-12-03 10:00:00,3.572017192840576
2015-12-03 11:00:00,2.727647542953491
2015-12-03 12:00:00,1.5703413486480713
2015-12-03 13:00:00,1.8089751303195953
2015-12-03 14:00:00,2.0448723435401917
2015-12-03 15:00:00,2.194988965988159
2015-12-03 16:00:00,2.3259472846984863
2015-12-03 17:00:00,2.3459525108337402
2015-12-03 18:00:00,2.2393205165863037
2015-12-03 19:00:00,2.137890100479126
2015-12-03 20:00:00,2.0643117427825928
2015-12-03 21:00:00,1.985992431640625
2015-12-03 22:00:00,1.9582562446594238
2015-12-03 23:00:00,1.9595744609832764
2015-12-04 00:00:00,1.9529847502708435
2015-12-04 01:00:00,2.049781382083893
2015-12-04 02:00:00,2.29142689704895
2015-12-04 03:00:00,3.534527063369751
2015-12-04 04:00:00,2.6620495319366455
2015-12-04 05:00:00,3.1514627933502197
2015-12-04 06:00:00,3.391763687133789
2015-12-04 07:00:00,3.0549843311309814
2015-12-04 08:00:00,2.811237335205078
2015-12-04 09:00:00,2.6270945072174072
2015-12-04 10:00:00,2.4507908821105957
2015-12-04 11:00:00,0.8728690147399902
2015-12-04 12:00:00,1.177559733390808
2015-12-04 13:00:00,1.2798945903778076
2015-12-04 14:00:00,1.316385269165039
2015-12-04 15:00:00,1.3306140899658203
2015-12-04 16:00:00,1.3189212083816528
2015-12-04 17:00:00,1.2772468328475952
2015-12-04 18:00:00,1.192591905593872
2015-12-04 19:00:00,1.069228172302246
2015-12-04 20:00:00,0.9391041398048401
2015-12-04 21:00:00,0.8837406635284424
2015-12-04 22:00:00,0.7479367256164551
2015-12-04 23:00:00,0.6687317490577698
2015-12-05 00:00:00,0.6961916089057922
2015-12-05 01:00:00,0.7627859115600586
2015-12-05 02:00:00,0.8237923979759216
2015-12-05 03:00:00,0.5641975253820419
2015-12-05 04:00:00,1.1978459358215332
2015-12-05 05:00:00,1.077725887298584
2015-12-05 06:00:00,1.619213342666626
2015-12-05 07:00:00,1.6415246725082397
2015-12-05 08:00:00,1.7598682641983032
2015-12-05 09:00:00,1.9180552065372467
2015-12-05 10:00:00,1.9527854919433594
2015-12-05 11:00:00,0.6752718687057495
2015-12-05 12:00:00,0.9885711371898651
2015-12-05 13:00:00,1.023206502199173
2015-12-05 14:00:00,1.0786923170089722
2015-12-05 15:00:00,1.1432956457138062
2015-12-05 16:00:00,1.206882357597351
2015-12-05 17:00:00,1.2023353576660156
2015-12-05 18:00:00,1.1355290412902832
2015-12-05 19:00:00,1.0318048149347305
2015-12-05 20:00:00,0.9413259029388428
2015-12-05 21:00:00,0.9212019443511963
2015-12-05 22:00:00,0.8687077760696411
2015-12-05 23:00:00,0.856926441192627
2015-12-06 00:00:00,0.8302769660949707
2015-12-06 01:00:00,0.7749443054199219
2015-12-06 02:00:00,0.6421157121658325
2015-12-06 03:00:00,0.2852499783039093
2015-12-06 04:00:00,0.15585961937904358
2015-12-06 05:00:00,-0.4151047468185425
2015-12-06 06:00:00,-0.4043854661285877
2015-12-06 07:00:00,-0.6662914678454399
2015-12-06 08:00:00,-0.766441099345684
2015-12-06 09:00:00,-0.6954963207244873
2015-12-06 10:00:00,-0.3392629399895668
2015-12-06 11:00:00,-0.12086432799696922
2015-12-06 12:00:00,-0.18738677352666855
2015-12-06 13:00:00,-0.23359694331884384
2015-12-06 14:00:00,-0.257954478263855
2015-12-06 15:00:00,-0.24468261003494263
2015-12-06 16:00:00,-0.2762709856033325
2015-12-06 17:00:00,-0.3127657175064087
2015-12-06 18:00:00,-0.39857423305511475
2015-12-06 19:00:00,-0.4728885889053345
2015-12-06 20:00:00,-0.5366420745849609
2015-12-06 21:00:00,-0.5552666187286377
2015-12-06 22:00:00,-0.5608456134796143
2015-12-06 23:00:00,-0.5129290223121643
2015-12-07 00:00:00,-0.43366533517837524
2015-12-07 01:00:00,-0.3904697299003601
2015-12-07 02:00:00,-0.36137881875038147
2015-12-07 03:00:00,-0.29604971408843994
2015-12-07 04:00:00,-0.6119552776217461
2015-12-07 05:00:00,-0.5522598624229431
2015-12-07 06:00:00,-0.13580217957496643
2015-12-07 07:00:00,0.1943068504333496
2015-12-07 08:00:00,0.5278915762901306
2015-12-07 09:00:00,0.7868795096874237
2015-12-07 10:00:00,0.8737184926867485
2015-12-07 11:00:00,0.3945228331722319
2015-12-07 12:00:00,0.2578319162130356
2015-12-07 13:00:00,-0.016677796840667725
2015-12-07 14:00:00,-0.29510605335235596
2015-12-07 15:00:00,-0.5147700309753418
2015-12-07 16:00:00,-0.5291051864624023
2015-12-07 17:00:00,-0.5040458664298058
2015-12-07 18:00:00,-0.3521551489830017
2015-12-07 19:00:00,-0.30525022745132446
2015-12-07 20:00:00,-0.2035738229751587
2015-12-07 21:00:00,-0.0461115837097168
2015-12-07 22:00:00,0.0899507999420166
2015-12-07 23:00:00,0.2662252187728882
2015-12-08 00:00:00,0.33578120172023773
2015-12-08 01:00:00,0.28144752234220505
2015-12-08 02:00:00,0.2482582926750183
2015-12-08 03:00:00,0.21630996465682983
2015-12-08 04:00:00,0.5711998492479324
2015-12-08 05:00:00,0.5630230903625488
2015-12-08 06:00:00,1.2075717449188232
2015-12-08 07:00:00,1.1496372073888779
2015-12-08 08:00:00,1.0379791259765625
2015-12-08 09:00:00,0.9386401474475861
2015-12-08 10:00:00,0.9814002811908722
2015-12-08 11:00:00,0.6331383585929871
2015-12-08 12:00:00,0.688287615776062
2015-12-08 13:00:00,0.5915711373090744
2015-12-08 14:00:00,0.3573429584503174
2015-12-08 15:00:00,-0.03759211301803589
2015-12-08 16:00:00,-0.5681095719337463
2015-12-08 17:00:00,-0.9543918371200562
2015-12-08 18:00:00,-1.128519058227539
2015-12-08 19:00:00,-1.2063158750534058
2015-12-08 20:00:00,-1.1747241020202637
2015-12-08 21:00:00,-1.018675297498703
2015-12-08 22:00:00,-0.7734318226575851
2015-12-08 23:00:00,-0.5744911357760429
2015-12-09 00:00:00,-0.4879007562994957
2015-12-09 01:00:00,-0.474493645131588
2015-12-09 02:00:00,-0.4853687286376953
2015-12-09 03:00:00,-0.711483433842659
2015-12-09 04:00:00,-1.3578381538391113
2015-12-09 05:00:00,-1.4705040454864502
2015-12-09 06:00:00,-1.2232311964035034
2015-12-09 07:00:00,-0.9191372096538544
2015-12-09 08:00:00,-0.911727786064148
2015-12-09 09:00:00,-0.9727813005447388
2015-12-09 10:00:00,-0.816031813621521
2015-12-09 11:00:00,-0.5633883476257324
2015-12-09 12:00:00,-0.9069136381149292
2015-12-09 13:00:00,-1.1173298358917236
2015-12-09 14:00:00,-1.3447057008743286
2015-12-09 15:00:00,-1.58499276638031
2015-12-09 16:00:00,-1.7309937477111816
2015-12-09 17:00:00,-1.807776927947998
2015-12-09 18:00:00,-1.8142710626125336
2015-12-09 19:00:00,-1.7392637729644775
2015-12-09 20:00:00,-1.615970253944397
2015-12-09 21:00:00,-1.4344576597213745
2015-12-09 22:00:00,-1.2411909103393555
2015-12-09 23:00:00,-1.0137850046157837
2015-12-10 00:00:00,-0.760830283164978
2015-12-10 01:00:00,-0.5428733825683594
2015-12-10 02:00:00,-0.4113130569458008
2015-12-10 03:00:00,-0.6278274059295654
2015-12-10 04:00:00,-0.8905037641525269
2015-12-10 05:00:00,-1.2092225551605225
2015-12-10 06:00:00,-1.6087267398834229
2015-12-10 07:00:00,-1.4642200469970703
2015-12-10 08:00:00,-1.1968412399291992
2015-12-10 09:00:00,-0.8478224277496338
2015-12-10 10:00:00,-0.6923563480377197
2015-12-10 11:00:00,-0.27584409713745117
2015-12-10 12:00:00,-0.4876054525375366
2015-12-10 13:00:00,-0.6300087571144104
2015-12-10 14:00:00,-0.6859217882156372
2015-12-10 15:00:00,-0.6482516527175903
2015-12-10 16:00:00,-0.5343319177627563
2015-12-10 17:00:00,-0.3702446222305298
2015-12-10 18:00:00,-0.18336820602416992
2015-12-10 19:00:00,0.049318552017211914
2015-12-10 20:00:00,0.2710326910018921
2015-12-10 21:00:00,0.4709470272064209
2015-12-10 22:00:00,0.6138627529144287
2015-12-10 23:00:00,0.713640570640564
2015-12-11 00:00:00,0.765693187713623
2015-12-11 01:00:00,0.7763073444366455
2015-12-11 02:00:00,0.8033318519592285
2015-12-11 03:00:00,1.6715619564056396
2015-12-11 04:00:00,1.763099655508995
2015-12-11 05:00:00,2.692714214324951
2015-12-11 06:00:00,2.7999539375305176
2015-12-11 07:00:00,2.7267093658447266
2015-12-11 08:00:00,2.7897119522094727
2015-12-11 09:00:00,2.8738675117492676
2015-12-11 10:00:00,2.81213116645813
2015-12-11 11:00:00,2.2834866046905518
2015-12-11 12:00:00,1.2898869514465332
2015-12-11 13:00:00,1.4394854307174683
2015-12-11 14:00:00,1.5024640560150146
2015-12-11 15:00:00,1.5511691570281982
2015-12-11 16:00:00,1.6465750932693481
2015-12-11 17:00:00,1.7279017865657806
2015-12-11 18:00:00,1.747539907693863
2015-12-11 19:00:00,1.7337592840194702
2015-12-11 20:00:00,1.6836495399475098
2015-12-11 21:00:00,1.6195170879364014
2015-12-11 22:00:00,1.5990760326385498
2015-12-11 23:00:00,1.542698621749878
2015-12-12 00:00:00,1.467142105102539
2015-12-12 01:00:00,1.3816478252410889
2015-12-12 02:00:00,1.3361318111419678
2015-12-12 03:00:00,2.5266590118408203
2015-12-12 04:00:00,2.5581822395324707
2015-12-12 05:00:00,2.791992664337158
2015-12-12 06:00:00,2.4463086128234863
2015-12-12 07:00:00,2.384047746658325
2015-12-12 08:00:00,2.5075149536132812
2015-12-12 09:00:00,2.6592772006988525
2015-12-12 10:00:00,2.5021274089813232
2015-12-12 11:00:00,1.8586633205413818
2015-12-12 12:00:00,1.044693112373352
2015-12-12 13:00:00,1.1780600547790527
2015-12-12 14:00:00,1.2933752536773682
2015-12-12 15:00:00,1.4125219583511353
2015-12-12 16:00:00,1.5816917419433594
2015-12-12 17:00:00,1.7173537015914917
2015-12-12 18:00:00,1.8290423452854156
2015-12-12 19:00:00,1.9172720909118652
2015-12-12 20:00:00,1.9263086915016174
2015-12-12 21:00:00,1.9213287830352783
2015-12-12 22:00:00,1.751236915588379
2015-12-12 23:00:00,1.641441822052002
2015-12-13 00:00:00,1.513790488243103
2015-12-13 01:00:00,1.3145285844802856
2015-12-13 02:00:00,1.1169312000274658
2015-12-13 03:00:00,2.1343102157115936
2015-12-13 04:00:00,1.8676652014255524
2015-12-13 05:00:00,2.376567840576172
2015-12-13 06:00:00,1.9093185067176819
2015-12-13 07:00:00,1.8619161546230316
2015-12-13 08:00:00,2.085719585418701
2015-12-13 09:00:00,2.402071952819824
2015-12-13 10:00:00,2.3083910942077637
2015-12-13 11:00:00,1.450636625289917
2015-12-13 12:00:00,1.082792267203331
2015-12-13 13:00:00,1.1859583854675293
2015-12-13 14:00:00,1.2351537942886353
2015-12-13 15:00:00,1.2676461935043335
2015-12-13 16:00:00,1.2642507553100586
2015-12-13 17:00:00,1.2623109817504883
2015-12-13 18:00:00,1.2288930416107178
2015-12-13 19:00:00,1.166304349899292
2015-12-13 20:00:00,1.0877916812896729
2015-12-13 21:00:00,1.0339557826519012
2015-12-13 22:00:00,1.0666375160217285
2015-12-13 23:00:00,1.1293044090270996
2015-12-14 00:00:00,1.2107514142990112
2015-12-14 01:00:00,1.3443679809570312
2015-12-14 02:00:00,1.5637800693511963
2015-12-14 03:00:00,2.982847213745117
2015-12-14 04:00:00,2.8866031169891357
2015-12-14 05:00:00,3.2262423038482666
2015-12-14 06:00:00,3.104339599609375
2015-12-14 07:00:00,3.050300359725952
2015-12-14 08:00:00,3.1070666313171387
2015-12-14 09:00:00,3.193955421447754
2015-12-14 10:00:00,3.163705825805664
2015-12-14 11:00:00,2.2425169944763184
2015-12-14 12:00:00,1.3794764280319214
2015-12-14 13:00:00,1.522922158241272
2015-12-14 14:00:00,1.6318668127059937
2015-12-14 15:00:00,1.713930606842041
2015-12-14 16:00:00,1.7134407758712769
2015-12-14 17:00:00,1.7160084247589111
2015-12-14 18:00:00,1.7474136352539062
2015-12-14 19:00:00,1.7554930448532104
2015-12-14 20:00:00,1.7584565877914429
2015-12-14 21:00:00,1.7394217252731323
2015-12-14 22:00:00,1.7298022508621216
2015-12-14 23:00:00,1.703975796699524
2015-12-15 00:00:00,1.6434361934661865
2015-12-15 01:00:00,1.6702907085418701
2015-12-15 02:00:00,1.7974456548690796
2015-12-15 03:00:00,3.5048136711120605
2015-12-15 04:00:00,3.0076372623443604
2015-12-15 05:00:00,3.0958094596862793
2015-12-15 06:00:00,3.6405118107795715
2015-12-15 07:00:00,3.2989704608917236
2015-12-15 08:00:00,3.1467642784118652
2015-12-15 09:00:00,3.1127820014953613
2015-12-15 10:00:00,2.9311933517456055
2015-12-15 11:00:00,1.3103914260864258
2015-12-15 12:00:00,1.366283655166626
2015-12-15 13:00:00,1.4339988231658936
2015-12-15 14:00:00,1.461228847503662
2015-12-15 15:00:00,1.4577581882476807
2015-12-15 16:00:00,1.4368621110916138
2015-12-15 17:00:00,1.4212461709976196
2015-12-15 18:00:00,1.368662714958191
2015-12-15 19:00:00,1.2956117391586304
2015-12-15 20:00:00,1.218224287033081
2015-12-15 21:00:00,1.134080410003662
2015-12-15 22:00:00,1.0378931760787964
2015-12-15 23:00:00,0.9304924607276917
2015-12-16 00:00:00,0.8506796956062317
2015-12-16 01:00:00,0.7736318111419678
2015-12-16 02:00:00,0.6680216789245605
2015-12-16 03:00:00,0.38591206073760986
2015-12-16 04:00:00,0.6098384857177734
2015-12-16 05:00:00,0.4324665665626526
2015-12-16 06:00:00,0.4909127801656723
2015-12-16 07:00:00,0.35175466537475586
2015-12-16 08:00:00,0.34447264671325684
2015-12-16 09:00:00,0.47433763463050127
2015-12-16 10:00:00,0.4353784956037998
2015-12-16 11:00:00,0.24055705219507217
2015-12-16 12:00:00,0.15181928873062134
2015-12-16 13:00:00,-0.08532381057739258
2015-12-16 14:00:00,-0.28146398067474365
2015-12-16 15:00:00,-0.40052711963653564
2015-12-16 16:00:00,-0.33955444395542145
2015-12-16 17:00:00,-0.2902212142944336
2015-12-16 18:00:00,-0.24921832233667374
2015-12-16 19:00:00,-0.2579822540283203
2015-12-16 20:00:00,-0.3657847046852112
2015-12-16 21:00:00,-0.44628530740737915
2015-12-16 22:00:00,-0.8478948622941971
2015-12-16 23:00:00,-1.0270483791828156
2015-12-17 00:00:00,-1.070093035697937
2015-12-17 01:00:00,-1.000739574432373
2015-12-17 02:00:00,-0.8780537843704224
2015-12-17 03:00:00,-0.5114638209342957
2015-12-17 04:00:00,-0.9383770972490311
2015-12-17 05:00:00,-0.7637993693351746
2015-12-17 06:00:00,-0.9687479734420776
2015-12-17 07:00:00,-0.7909287214279175
2015-12-17 08:00:00,-0.5265285968780518
2015-12-17 09:00:00,-0.29111485183238983
2015-12-17 10:00:00,0.09358251094818115
2015-12-17 11:00:00,0.2548341751098633
2015-12-17 12:00:00,0.4054427146911621
2015-12-17 13:00:00,0.34765011072158813
2015-12-17 14:00:00,0.2926853895187378
2015-12-17 15:00:00,0.28400975465774536
2015-12-17 16:00:00,0.34956735372543335
2015-12-17 17:00:00,0.4632822871208191
2015-12-17 18:00:00,0.6080369502305984
2015-12-17 19:00:00,0.768513634800911
2015-12-17 20:00:00,0.9558841288089752
2015-12-17 21:00:00,1.1186024993658066
2015-12-17 22:00:00,1.1898458003997803
2015-12-17 23:00:00,1.1878212690353394
2015-12-18 00:00:00,1.0839377641677856
2015-12-18 01:00:00,0.926142692565918
2015-12-18 02:00:00,0.787653923034668
2015-12-18 03:00:00,1.4786799997091293
2015-12-18 04:00:00,1.8802596032619476
2015-12-18 05:00:00,2.1433174908161163
2015-12-18 06:00:00,2.853839159011841
2015-12-18 07:00:00,3.149756908416748
2015-12-18 08:00:00,3.3590614795684814
2015-12-18 09:00:00,3.467957019805908
2015-12-18 10:00:00,3.414395332336426
2015-12-18 11:00:00,1.9139842987060547
2015-12-18 12:00:00,1.4049698114395142
2015-12-18 13:00:00,1.5092624425888062
2015-12-18 14:00:00,1.5747052431106567
2015-12-18 15:00:00,1.611478328704834
2015-12-18 16:00:00,1.6314913034439087
2015-12-18 17:00:00,1.6101720333099365
2015-12-18 18:00:00,1.5718858242034912
2015-12-18 19:00:00,1.5139669179916382
2015-12-18 20:00:00,1.4519548416137695
2015-12-18 21:00:00,1.4267534017562866
2015-12-18 22:00:00,1.4169185161590576
2015-12-18 23:00:00,1.3598228693008423
2015-12-19 00:00:00,1.2054858207702637
2015-12-19 01:00:00,0.9979013204574585
2015-12-19 02:00:00,0.8589941263198853
2015-12-19 03:00:00,1.4568524360656738
2015-12-19 04:00:00,1.6330126523971558
2015-12-19 05:00:00,1.717524528503418
2015-12-19 06:00:00,2.350511312484741
2015-12-19 07:00:00,2.6673758029937744
2015-12-19 08:00:00,2.9422225952148438
2015-12-19 09:00:00,3.075857639312744
2015-12-19 10:00:00,2.8014614582061768
2015-12-19 11:00:00,0.9085889309644699
2015-12-19 12:00:00,1.169031023979187
2015-12-19 13:00:00,0.87318205088377
2015-12-19 14:00:00,0.4843364953994751
2015-12-19 15:00:00,0.15491022169589996
2015-12-19 16:00:00,0.043759286403656006
2015-12-19 17:00:00,0.009298741817474365
2015-12-19 18:00:00,0.05805540084838867
2015-12-19 19:00:00,0.16684913635253906
2015-12-19 20:00:00,0.28854405879974365
2015-12-19 21:00:00,0.3907127380371094
2015-12-19 22:00:00,0.3776630163192749
2015-12-19 23:00:00,0.2797955274581909
2015-12-20 00:00:00,0.1692785620689392
2015-12-20 01:00:00,0.04078167676925659
2015-12-20 02:00:00,-0.05208268761634827
2015-12-20 03:00:00,-0.08605533838272095
2015-12-20 04:00:00,0.11069685220718384
2015-12-20 05:00:00,0.3963366188108921
2015-12-20 06:00:00,0.1427936553955078
2015-12-20 07:00:00,0.3595285192131996
2015-12-20 08:00:00,0.6015405617654324
2015-12-20 09:00:00,0.8207186460494995
2015-12-20 10:00:00,0.9602181911468506
2015-12-20 11:00:00,0.5414398908615112
2015-12-20 12:00:00,0.8965087234973907
2015-12-20 13:00:00,0.9960599839687347
2015-12-20 14:00:00,1.0713872760534286
2015-12-20 15:00:00,1.1462987661361694
2015-12-20 16:00:00,1.193870559334755
2015-12-20 17:00:00,1.2185873985290527
2015-12-20 18:00:00,1.2166849374771118
2015-12-20 19:00:00,1.1930819749832153
2015-12-20 20:00:00,1.1228551864624023
2015-12-20 21:00:00,1.0556821823120117
2015-12-20 22:00:00,0.90259850025177
2015-12-20 23:00:00,0.7408963441848755
2015-12-21 00:00:00,0.615060031414032
2015-12-21 01:00:00,0.6213316917419434
2015-12-21 02:00:00,0.6938779354095459
2015-12-21 03:00:00,0.7641927003860474
2015-12-21 04:00:00,1.3622066974639893
2015-12-21 05:00:00,1.177978277206421
2015-12-21 06:00:00,1.1362111419439316
2015-12-21 07:00:00,0.9444257020950317
2015-12-21 08:00:00,0.921432763338089
2015-12-21 09:00:00,0.9565024673938751
2015-12-21 10:00:00,1.0143789052963257
2015-12-21 11:00:00,0.49671775102615356
2015-12-21 12:00:00,0.776118278503418
2015-12-21 13:00:00,0.653542272746563
2015-12-21 14:00:00,0.4160187356173992
2015-12-21 15:00:00,0.1895480751991272
2015-12-21 16:00:00,0.0037451982498168945
2015-12-21 17:00:00,-0.1750743007287383
2015-12-21 18:00:00,-0.3453405126929283
2015-12-21 19:00:00,-0.42900550365448
2015-12-21 20:00:00,-0.46366968005895615
2015-12-21 21:00:00,-0.37343090772628784
2015-12-21 22:00:00,-0.3177452087402344
2015-12-21 23:00:00,-0.29885175824165344
2015-12-22 00:00:00,-0.327526330947876
2015-12-22 01:00:00,-0.42606866359710693
2015-12-22 02:00:00,-0.596663773059845
2015-12-22 03:00:00,-0.4937504380941391
2015-12-22 04:00:00,-0.9481267035007477
2015-12-22 05:00:00,-0.5274166613817215
2015-12-22 06:00:00,-1.0819071531295776
2015-12-22 07:00:00,-0.8165727853775024
2015-12-22 08:00:00,-0.4176102876663208
2015-12-22 09:00:00,-0.0063787102699279785
2015-12-22 10:00:00,0.36460256576538086
2015-12-22 11:00:00,0.34393444657325745
2015-12-22 12:00:00,0.7735593765974045
2015-12-22 13:00:00,0.8616044521331787
2015-12-22 14:00:00,0.8216328546404839
2015-12-22 15:00:00,0.750722648575902
2015-12-22 16:00:00,0.6786688566207886
2015-12-22 17:00:00,0.6167628709226847
2015-12-22 18:00:00,0.5248350463807583
2015-12-22 19:00:00,0.4572641849517822
2015-12-22 20:00:00,0.4036657586693764
2015-12-22 21:00:00,0.3659610114991665
2015-12-22 22:00:00,0.3676837980747223
2015-12-22 23:00:00,0.4341520071029663
2015-12-23 00:00:00,0.5518734455108643
2015-12-23 01:00:00,0.6987408995628357
2015-12-23 02:00:00,0.8272327780723572
2015-12-23 03:00:00,0.7625687122344971
2015-12-23 04:00:00,1.6225831508636475
2015-12-23 05:00:00,1.414896011352539
2015-12-23 06:00:00,1.3592402935028076
2015-12-23 07:00:00,1.5028020143508911
2015-12-23 08:00:00,1.893534243106842
2015-12-23 09:00:00,2.357937812805176
2015-12-23 10:00:00,2.4233555793762207
2015-12-23 11:00:00,1.032021164894104
2015-12-23 12:00:00,1.0629081577062607
2015-12-23 13:00:00,1.0584590584039688
2015-12-23 14:00:00,1.0418057441711426
2015-12-23 15:00:00,1.0406004190444946
2015-12-23 16:00:00,1.0805003643035889
2015-12-23 17:00:00,1.152139663696289
2015-12-23 18:00:00,1.2208024114370346
2015-12-23 19:00:00,1.2731802463531494
2015-12-23 20:00:00,1.3158102184534073
2015-12-23 21:00:00,1.3282750993967056
2015-12-23 22:00:00,1.3691184520721436
2015-12-23 23:00:00,1.435315728187561
2015-12-24 00:00:00,1.4623186588287354
2015-12-24 01:00:00,1.4574275016784668
2015-12-24 02:00:00,1.4630389213562012
2015-12-24 03:00:00,2.418082982301712
2015-12-24 04:00:00,2.617006540298462
2015-12-24 05:00:00,2.9817593097686768
2015-12-24 06:00:00,3.3947684168815613
2015-12-24 07:00:00,3.348883628845215
2015-12-24 08:00:00,3.2719070315361023
2015-12-24 09:00:00,3.321792423725128
2015-12-24 10:00:00,3.184267520904541
2015-12-24 11:00:00,2.179289072751999
2015-12-24 12:00:00,1.3292384147644043
2015-12-24 13:00:00,1.4082096815109253
2015-12-24 14:00:00,1.4691418409347534
2015-12-24 15:00:00,1.53517746925354
2015-12-24 16:00:00,1.5776675939559937
2015-12-24 17:00:00,1.5267573595046997
2015-12-24 18:00:00,1.658948540687561
2015-12-24 19:00:00,1.888347864151001
2015-12-24 20:00:00,1.9555373191833496
2015-12-24 21:00:00,1.8693153858184814
2015-12-24 22:00:00,1.8010690212249756
2015-12-24 23:00:00,1.6115727424621582
2015-12-25 00:00:00,1.5216126441955566
2015-12-25 01:00:00,1.4351118803024292
2015-12-25 02:00:00,1.272691011428833
2015-12-25 03:00:00,2.4908366203308105
2015-12-25 04:00:00,2.3102216720581055
2015-12-25 05:00:00,2.394683361053467
2015-12-25 06:00:00,2.9992520809173584
2015-12-25 07:00:00,3.063699722290039
2015-12-25 08:00:00,3.080104351043701
2015-12-25 09:00:00,3.138458728790283
2015-12-25 10:00:00,3.024580240249634
2015-12-25 11:00:00,1.3760156631469727
2015-12-25 12:00:00,1.242543339729309
2015-12-25 13:00:00,1.3729040622711182
2015-12-25 14:00:00,1.4467014074325562
2015-12-25 15:00:00,1.4800137281417847
2015-12-25 16:00:00,1.481841802597046
2015-12-25 17:00:00,1.5171042680740356
2015-12-25 18:00:00,1.4903526306152344
2015-12-25 19:00:00,1.3964122533798218
2015-12-25 20:00:00,1.3201545476913452
2015-12-25 21:00:00,1.361106038093567
2015-12-25 22:00:00,1.491066575050354
2015-12-25 23:00:00,1.5318015813827515
2015-12-26 00:00:00,1.566664218902588
2015-12-26 01:00:00,1.7290985584259033
2015-12-26 02:00:00,1.935027539730072
2015-12-26 03:00:00,3.297823429107666
2015-12-26 04:00:00,2.9316234588623047
2015-12-26 05:00:00,2.78399658203125
2015-12-26 06:00:00,3.7154189944267273
2015-12-26 07:00:00,3.638168156147003
2015-12-26 08:00:00,3.8521984219551086
2015-12-26 09:00:00,4.0136624574661255
2015-12-26 10:00:00,3.877854824066162
2015-12-26 11:00:00,1.8428306579589844
2015-12-26 12:00:00,1.6394802331924438
2015-12-26 13:00:00,1.8786592483520508
2015-12-26 14:00:00,1.8316354751586914
2015-12-26 15:00:00,1.8624203205108643
2015-12-26 16:00:00,1.735521674156189
2015-12-26 17:00:00,1.6260026693344116
2015-12-26 18:00:00,1.4843775033950806
2015-12-26 19:00:00,1.3411712646484375
2015-12-26 20:00:00,1.2412770986557007
2015-12-26 21:00:00,1.1240908950567245
2015-12-26 22:00:00,1.0781755596399307
2015-12-26 23:00:00,1.0518255233764648
2015-12-27 00:00:00,1.0239803791046143
2015-12-27 01:00:00,1.0101531744003296
2015-12-27 02:00:00,1.0518624782562256
2015-12-27 03:00:00,2.2173881828784943
2015-12-27 04:00:00,2.2255303859710693
2015-12-27 05:00:00,2.1288208961486816
2015-12-27 06:00:00,2.903635025024414
2015-12-27 07:00:00,3.3015782833099365
2015-12-27 08:00:00,3.4785402417182922
2015-12-27 09:00:00,3.6027382016181946
2015-12-27 10:00:00,3.416264057159424
2015-12-27 11:00:00,1.689697027206421
2015-12-27 12:00:00,1.4580602645874023
2015-12-27 13:00:00,1.7035787105560303
2015-12-27 14:00:00,1.9617090225219727
2015-12-27 15:00:00,2.1486270427703857
2015-12-27 16:00:00,2.303023099899292
2015-12-27 17:00:00,2.337389498949051
2015-12-27 18:00:00,2.2427210807800293
2015-12-27 19:00:00,2.1543188393115997
2015-12-27 20:00:00,2.0400984287261963
2015-12-27 21:00:00,1.9148786664009094
2015-12-27 22:00:00,1.8558242321014404
2015-12-27 23:00:00,1.847125917673111
2015-12-28 00:00:00,1.8195064067840576
2015-12-28 01:00:00,1.7996840476989746
2015-12-28 02:00:00,1.8185843229293823
2015-12-28 03:00:00,3.0718882083892822
2015-12-28 04:00:00,2.8046188354492188
2015-12-28 05:00:00,2.687223196029663
2015-12-28 06:00:00,3.4260687828063965
2015-12-28 07:00:00,3.3928276896476746
2015-12-28 08:00:00,3.442749500274658
2015-12-28 09:00:00,3.500001907348633
2015-12-28 10:00:00,3.33170223236084
2015-12-28 11:00:00,2.1432300209999084
2015-12-28 12:00:00,1.2969417572021484
2015-12-28 13:00:00,1.3825838565826416
2015-12-28 14:00:00,1.5555481910705566
2015-12-28 15:00:00,1.8516450822353363
2015-12-28 16:00:00,2.1508078575134277
2015-12-28 17:00:00,2.2185652256011963
2015-12-28 18:00:00,2.175546169281006
2015-12-28 19:00:00,2.110687255859375
2015-12-28 20:00:00,2.1033604741096497
2015-12-28 21:00:00,2.15242862701416
2015-12-28 22:00:00,2.250694513320923
2015-12-28 23:00:00,2.319720506668091
2015-12-29 00:00:00,2.4029757976531982
2015-12-29 01:00:00,2.4510927200317383
2015-12-29 02:00:00,2.4297754764556885
2015-12-29 03:00:00,3.382230758666992
2015-12-29 04:00:00,3.0896668434143066
2015-12-29 05:00:00,3.0186710357666016
2015-12-29 06:00:00,4.074891090393066
2015-12-29 07:00:00,3.8710875511169434
2015-12-29 08:00:00,3.7364869117736816
2015-12-29 09:00:00,3.5680786967277527
2015-12-29 10:00:00,3.3210179805755615
2015-12-29 11:00:00,2.1930518448352814
2015-12-29 12:00:00,1.3245360851287842
2015-12-29 13:00:00,1.400686502456665
2015-12-29 14:00:00,1.4431393146514893
2015-12-29 15:00:00,1.4821614027023315
2015-12-29 16:00:00,1.5020719766616821
2015-12-29 17:00:00,1.4625756740570068
2015-12-29 18:00:00,1.3852977752685547
2015-12-29 19:00:00,1.2899315357208252
2015-12-29 20:00:00,1.1474313735961914
2015-12-29 21:00:00,0.9605451822280884
2015-12-29 22:00:00,0.8156664371490479
2015-12-29 23:00:00,0.7096776962280273
2015-12-30 00:00:00,0.7131323218345642
2015-12-30 01:00:00,0.8169752359390259
2015-12-30 02:00:00,0.9285545349121094
2015-12-30 03:00:00,1.8881474137306213
2015-12-30 04:00:00,1.7543443441390991
2015-12-30 05:00:00,1.455157995223999
2015-12-30 06:00:00,1.753622680902481
2015-12-30 07:00:00,1.5102925300598145
2015-12-30 08:00:00,1.3223286867141724
2015-12-30 09:00:00,1.1722750812768936
2015-12-30 10:00:00,1.1921582221984863
2015-12-30 11:00:00,0.47817665711045265
2015-12-30 12:00:00,0.7449649125337601
2015-12-30 13:00:00,0.7768028229475021
2015-12-30 14:00:00,0.823602557182312
2015-12-30 15:00:00,0.895836353302002
2015-12-30 16:00:00,0.9814984947443008
2015-12-30 17:00:00,0.9912846088409424
2015-12-30 18:00:00,0.928617998957634
2015-12-30 19:00:00,0.8163940906524658
2015-12-30 20:00:00,0.688331127166748
2015-12-30 21:00:00,0.5863270163536072
2015-12-30 22:00:00,0.4739263653755188
2015-12-30 23:00:00,0.39116382598876953
2015-12-31 00:00:00,0.3709976077079773
2015-12-31 01:00:00,0.3393787145614624
2015-12-31 02:00:00,0.26843082904815674
2015-12-31 03:00:00,0.32932043075561523
2015-12-31 04:00:00,0.3676537275314331
2015-12-31 05:00:00,0.5695079565048218
2015-12-31 06:00:00,0.7920887172222137
2015-12-31 07:00:00,0.9449458420276642
2015-12-31 08:00:00,1.1979471445083618
2015-12-31 09:00:00,1.447237104177475
2015-12-31 10:00:00,1.5202349722385406
2015-12-31 11:00:00,0.6997885704040527
2015-12-31 12:00:00,1.0909910202026367
2015-12-31 13:00:00,1.0594357252120972
2015-12-31 14:00:00,0.9425225257873535
2015-12-31 15:00:00,0.830558180809021
2015-12-31 16:00:00,0.6985397338867188
2015-12-31 17:00:00,0.5723235607147217
2015-12-31 18:00:00,0.48682260513305664
2015-12-31 19:00:00,0.5152323246002197
2015-12-31 20:00:00,0.6361486911773682
2015-12-31 21:00:00,0.823069378733635
2015-12-31 22:00:00,0.9730263948440552
2015-12-31 23:00:00,1.010236144065857
2016-01-01 00:00:00,0.9381512403488159
2016-01-01 01:00:00,0.8146494626998901
2016-01-01 02:00:00,0.6800647974014282
2016-01-01 03:00:00,0.7721953392028809
2016-01-01 04:00:00,0.91157066822052
2016-01-01 05:00:00,0.7086526155471802
2016-01-01 06:00:00,1.0032727718353271
2016-01-01 07:00:00,1.3660346269607544
2016-01-01 08:00:00,1.657477617263794
2016-01-01 09:00:00,1.7370593547821045
2016-01-01 10:00:00,1.7591395378112793
2016-01-01 11:00:00,0.5452590584754944
2016-01-01 12:00:00,0.5019056797027588
2016-01-01 13:00:00,0.12405127286911011
2016-01-01 14:00:00,-0.1759084239602089
2016-01-01 15:00:00,-0.35801130533218384
2016-01-01 16:00:00,-0.4785175323486328
2016-01-01 17:00:00,-0.5675429105758667
2016-01-01 18:00:00,-0.6499555557966232
2016-01-01 19:00:00,-0.6341484785079956
2016-01-01 20:00:00,-0.48845940828323364
2016-01-01 21:00:00,-0.18668031692504883
2016-01-01 22:00:00,0.031724561005830765
2016-01-01 23:00:00,0.22003865242004395
2016-01-02 00:00:00,0.3377739191055298
2016-01-02 01:00:00,0.4434340223670006
2016-01-02 02:00:00,0.6106491088867188
2016-01-02 03:00:00,0.5551458597183228
2016-01-02 04:00:00,1.266880989074707
2016-01-02 05:00:00,1.2261689901351929
2016-01-02 06:00:00,2.176405429840088
2016-01-02 07:00:00,2.320542335510254
2016-01-02 08:00:00,2.433015376329422
2016-01-02 09:00:00,2.5949435234069824
2016-01-02 10:00:00,2.0758323669433594
2016-01-02 11:00:00,1.0153863430023193
2016-01-02 12:00:00,1.206872582435608
2016-01-02 13:00:00,1.300432801246643
2016-01-02 14:00:00,1.3699448108673096
2016-01-02 15:00:00,1.4349669218063354
2016-01-02 16:00:00,1.4280383586883545
2016-01-02 17:00:00,1.4316235780715942
2016-01-02 18:00:00,1.458033561706543
2016-01-02 19:00:00,1.452250599861145
2016-01-02 20:00:00,1.415876030921936
2016-01-02 21:00:00,1.4008591175079346
2016-01-02 22:00:00,1.4384037256240845
2016-01-02 23:00:00,1.4653092622756958
2016-01-03 00:00:00,1.4460231065750122
2016-01-03 01:00:00,1.4019010066986084
2016-01-03 02:00:00,1.3845707178115845
2016-01-03 03:00:00,2.6236467361450195
2016-01-03 04:00:00,2.2640466690063477
2016-01-03 05:00:00,2.1802825927734375
2016-01-03 06:00:00,3.135284423828125
2016-01-03 07:00:00,3.1674814224243164
2016-01-03 08:00:00,3.1990842819213867
2016-01-03 09:00:00,3.1505985260009766
2016-01-03 10:00:00,3.0080907344818115
2016-01-03 11:00:00,1.190071940422058
2016-01-03 12:00:00,1.2262187004089355
2016-01-03 13:00:00,1.217920184135437
2016-01-03 14:00:00,1.1779004335403442
2016-01-03 15:00:00,1.1745483875274658
2016-01-03 16:00:00,1.2063217163085938
2016-01-03 17:00:00,1.216881513595581
2016-01-03 18:00:00,1.2046421766281128
2016-01-03 19:00:00,1.1873536109924316
2016-01-03 20:00:00,1.1345582008361816
2016-01-03 21:00:00,1.086770549416542
2016-01-03 22:00:00,1.0194478034973145
2016-01-03 23:00:00,0.9286448955535889
2016-01-04 00:00:00,0.7987720966339111
2016-01-04 01:00:00,0.6275756359100342
2016-01-04 02:00:00,0.41836144775152206
2016-01-04 03:00:00,0.2058326005935669
2016-01-04 04:00:00,-0.03428208827972412
2016-01-04 05:00:00,-0.5648557543754578
2016-01-04 06:00:00,-0.15962743759155273
2016-01-04 07:00:00,-0.030214667320251465
2016-01-04 08:00:00,0.13262873888015747
2016-01-04 09:00:00,0.3122665286064148
2016-01-04 10:00:00,0.3629162907600403
2016-01-04 11:00:00,0.16826242208480835
2016-01-04 12:00:00,-0.00537659227848053
2016-01-04 13:00:00,-0.3012657165527344
2016-01-04 14:00:00,-0.6141142025589943
2016-01-04 15:00:00,-0.9053620100021362
2016-01-04 16:00:00,-1.010219544172287
2016-01-04 17:00:00,-1.039127379655838
2016-01-04 18:00:00,-1.0472302734851837
2016-01-04 19:00:00,-1.0606827437877655
2016-01-04 20:00:00,-1.0174029171466827
2016-01-04 21:00:00,-0.7755256295204163
2016-01-04 22:00:00,-0.5305618643760681
2016-01-04 23:00:00,-0.1561524849385023
2016-01-05 00:00:00,0.02614814043045044
2016-01-05 01:00:00,0.14021947234869003
2016-01-05 02:00:00,0.24164623022079468
2016-01-05 03:00:00,0.24561864137649536
2016-01-05 04:00:00,0.5213984847068787
2016-01-05 05:00:00,0.5708368271589279
2016-01-05 06:00:00,0.8353673294186592
2016-01-05 07:00:00,0.7503552138805389
2016-01-05 08:00:00,0.74784598313272
2016-01-05 09:00:00,0.7720793737098575
2016-01-05 10:00:00,0.8032108508050442
2016-01-05 11:00:00,0.32334303483366966
2016-01-05 12:00:00,0.2084980010986328
2016-01-05 13:00:00,-0.11860716342926025
2016-01-05 14:00:00,-0.3634650260210037
2016-01-05 15:00:00,-0.5036703199148178
2016-01-05 16:00:00,-0.550425685942173
2016-01-05 17:00:00,-0.5957374572753906
2016-01-05 18:00:00,-0.630154088139534
2016-01-05 19:00:00,-0.6448414772748947
2016-01-05 20:00:00,-0.6576078534126282
2016-01-05 21:00:00,-0.6968364715576172
2016-01-05 22:00:00,-0.789273202419281
2016-01-05 23:00:00,-0.904593899846077
2016-01-06 00:00:00,-1.0186209678649902
2016-01-06 01:00:00,-1.0929673910140991
2016-01-06 02:00:00,-1.068182110786438
2016-01-06 03:00:00,-1.017716884613037
2016-01-06 04:00:00,-1.3814316987991333
2016-01-06 05:00:00,-1.5168323516845703
2016-01-06 06:00:00,-1.753932237625122
2016-01-06 07:00:00,-1.280850887298584
2016-01-06 08:00:00,-1.0796431303024292
2016-01-06 09:00:00,-0.8745503425598145
2016-01-06 10:00:00,-0.737493634223938
2016-01-06 11:00:00,-0.5116094350814819
2016-01-06 12:00:00,-0.6886254549026489
2016-01-06 13:00:00,-0.8106666803359985
2016-01-06 14:00:00,-0.8686840087175369
2016-01-06 15:00:00,-0.9288759529590607
2016-01-06 16:00:00,-0.9752483367919922
2016-01-06 17:00:00,-1.0234174728393555
2016-01-06 18:00:00,-0.9991822242736816
2016-01-06 19:00:00,-0.8872461766004562
2016-01-06 20:00:00,-0.7899051904678345
2016-01-06 21:00:00,-0.7263780832290649
2016-01-06 22:00:00,-0.7077402472496033
2016-01-06 23:00:00,-0.7384384870529175
2016-01-07 00:00:00,-0.7796304225921631
2016-01-07 01:00:00,-0.7621273398399353
2016-01-07 02:00:00,-0.64453125
2016-01-07 03:00:00,-0.2762090563774109
2016-01-07 04:00:00,-0.1673123836517334
2016-01-07 05:00:00,-0.2320547103881836
2016-01-07 06:00:00,-0.005583763122558594
2016-01-07 07:00:00,0.45166993141174316
2016-01-07 08:00:00,0.8322122097015381
2016-01-07 09:00:00,1.168253868818283
2016-01-07 10:00:00,1.283393144607544
2016-01-07 11:00:00,0.5184476971626282
2016-01-07 12:00:00,0.6442706510424614
2016-01-07 13:00:00,0.5258876048028469
2016-01-07 14:00:00,0.4385034441947937
2016-01-07 15:00:00,0.3795437254011631
2016-01-07 16:00:00,0.4112357497215271
2016-01-07 17:00:00,0.5245906114578247
2016-01-07 18:00:00,0.7363132238388062
2016-01-07 19:00:00,0.8805530816316605
2016-01-07 20:00:00,0.8783876895904541
2016-01-07 21:00:00,0.8537459447979927
2016-01-07 22:00:00,0.7793052643537521
2016-01-07 23:00:00,0.757997639477253
2016-01-08 00:00:00,0.8401064872741699
2016-01-08 01:00:00,0.9798281192779541
2016-01-08 02:00:00,1.0381392240524292
2016-01-08 03:00:00,2.414121627807617
2016-01-08 04:00:00,2.580742359161377
2016-01-08 05:00:00,3.215566873550415
2016-01-08 06:00:00,3.3652865886688232
2016-01-08 07:00:00,3.531846046447754
2016-01-08 08:00:00,3.677925407886505
2016-01-08 09:00:00,4.171755313873291
2016-01-08 10:00:00,3.976863384246826
2016-01-08 11:00:00,3.182790756225586
2016-01-08 12:00:00,1.5866847038269043
2016-01-08 13:00:00,1.582660436630249
2016-01-08 14:00:00,1.5880953073501587
2016-01-08 15:00:00,1.6883281767368317
2016-01-08 16:00:00,1.8246675431728363
2016-01-08 17:00:00,2.050734758377075
2016-01-08 18:00:00,2.306187629699707
2016-01-08 19:00:00,2.5314648151397705
2016-01-08 20:00:00,2.8048360347747803
2016-01-08 21:00:00,2.8885645866394043
2016-01-08 22:00:00,2.867295265197754
2016-01-08 23:00:00,2.609168529510498
2016-01-09 00:00:00,2.499159336090088
2016-01-09 01:00:00,2.4860758781433105
2016-01-09 02:00:00,2.515986680984497
2016-01-09 03:00:00,3.205709218978882
2016-01-09 04:00:00,2.810154676437378
2016-01-09 05:00:00,4.096240043640137
2016-01-09 06:00:00,3.9572256207466125
2016-01-09 07:00:00,3.983386516571045
2016-01-09 08:00:00,4.132405757904053
2016-01-09 09:00:00,4.164748251438141
2016-01-09 10:00:00,4.093103528022766
2016-01-09 11:00:00,3.551609754562378
2016-01-09 12:00:00,1.700895071029663
2016-01-09 13:00:00,1.8219435214996338
2016-01-09 14:00:00,1.8241232931613922
2016-01-09 15:00:00,1.7240536212921143
2016-01-09 16:00:00,1.635505199432373
2016-01-09 17:00:00,1.6021647453308105
2016-01-09 18:00:00,1.5434165000915527
2016-01-09 19:00:00,1.4649025201797485
2016-01-09 20:00:00,1.409658670425415
2016-01-09 21:00:00,1.3467645645141602
2016-01-09 22:00:00,1.329756498336792
2016-01-09 23:00:00,1.3461743593215942
2016-01-10 00:00:00,1.3061805963516235
2016-01-10 01:00:00,1.1972062587738037
2016-01-10 02:00:00,1.0502322912216187
2016-01-10 03:00:00,1.886697679758072
2016-01-10 04:00:00,1.316146969795227
2016-01-10 05:00:00,1.937673807144165
2016-01-10 06:00:00,2.172498941421509
2016-01-10 07:00:00,2.1915002167224884
2016-01-10 08:00:00,2.212330311536789
2016-01-10 09:00:00,2.1725583374500275
2016-01-10 10:00:00,2.0400543212890625
2016-01-10 11:00:00,0.9626331329345703
2016-01-10 12:00:00,0.8581857681274414
2016-01-10 13:00:00,0.650679349899292
2016-01-10 14:00:00,0.4588182419538498
2016-01-10 15:00:00,0.2530626058578491
2016-01-10 16:00:00,-0.02289450168609619
2016-01-10 17:00:00,-0.23961126804351807
2016-01-10 18:00:00,-0.3714498281478882
2016-01-10 19:00:00,-0.39502787590026855
2016-01-10 20:00:00,-0.39186227321624756
2016-01-10 21:00:00,-0.30612313747406006
2016-01-10 22:00:00,-0.05483853816986084
2016-01-10 23:00:00,0.21499395370483398
2016-01-11 00:00:00,0.36934804916381836
2016-01-11 01:00:00,0.4850267171859741
2016-01-11 02:00:00,0.5712212324142456
2016-01-11 03:00:00,0.5062450170516968
2016-01-11 04:00:00,0.6376352310180664
2016-01-11 05:00:00,0.6286988258361816
2016-01-11 06:00:00,0.7552756071090698
2016-01-11 07:00:00,0.8158810138702393
2016-01-11 08:00:00,0.8422253131866455
2016-01-11 09:00:00,0.6741582155227661
2016-01-11 10:00:00,0.6086950302124023
2016-01-11 11:00:00,0.12905514240264893
2016-01-11 12:00:00,-0.09650015830993652
2016-01-11 13:00:00,-0.14243948459625244
2016-01-11 14:00:00,-0.036722779273986816
2016-01-11 15:00:00,-0.014370203018188477
2016-01-11 16:00:00,-0.2263011932373047
2016-01-11 17:00:00,-0.44956088066101074
2016-01-11 18:00:00,-0.4550502300262451
2016-01-11 19:00:00,-0.36666589975357056
2016-01-11 20:00:00,-0.4369744211435318
2016-01-11 21:00:00,-0.553887128829956
2016-01-11 22:00:00,-0.6375532150268555
2016-01-11 23:00:00,-0.6451125144958496
2016-01-12 00:00:00,-0.6517326757311821
2016-01-12 01:00:00,-0.6129554584622383
2016-01-12 02:00:00,-0.49597012996673584
2016-01-12 03:00:00,-0.5581717640161514
2016-01-12 04:00:00,-0.6943684816360474
2016-01-12 05:00:00,-1.0666749477386475
2016-01-12 06:00:00,-1.0657434463500977
2016-01-12 07:00:00,-0.9225074946880341
2016-01-12 08:00:00,-0.8402611017227173
2016-01-12 09:00:00,-0.8051340281963348
2016-01-12 10:00:00,-0.8886212110519409
2016-01-12 11:00:00,-0.44756531715393066
2016-01-12 12:00:00,-0.758545458316803
2016-01-12 13:00:00,-0.9599587768316269
2016-01-12 14:00:00,-1.04916250705719
2016-01-12 15:00:00,-1.0399291813373566
2016-01-12 16:00:00,-0.9397251904010773
2016-01-12 17:00:00,-0.7738794088363647
2016-01-12 18:00:00,-0.5625520944595337
2016-01-12 19:00:00,-0.3390462398529053
2016-01-12 20:00:00,-0.1554776430130005
2016-01-12 21:00:00,-0.015244126319885254
2016-01-12 22:00:00,0.022596538066864014
2016-01-12 23:00:00,0.0052086710929870605
2016-01-13 00:00:00,-0.2028384432196617
2016-01-13 01:00:00,-0.36612068116664886
2016-01-13 02:00:00,-0.4524276852607727
2016-01-13 03:00:00,-0.6488673388957977
2016-01-13 04:00:00,-0.8540710285305977
2016-01-13 05:00:00,-0.2098044902086258
2016-01-13 06:00:00,1.1280415207147598
2016-01-13 07:00:00,1.618826150894165
2016-01-13 08:00:00,1.9838276505470276
2016-01-13 09:00:00,2.2227630615234375
2016-01-13 10:00:00,2.1749005019664764
2016-01-13 11:00:00,1.1997122913599014
2016-01-13 12:00:00,0.9400965720415115
2016-01-13 13:00:00,0.974785566329956
2016-01-13 14:00:00,1.0092710256576538
2016-01-13 15:00:00,1.034766435623169
2016-01-13 16:00:00,1.0566637516021729
2016-01-13 17:00:00,1.0273669958114624
2016-01-13 18:00:00,0.9426579475402832
2016-01-13 19:00:00,0.8364301919937134
2016-01-13 20:00:00,0.7269805669784546
2016-01-13 21:00:00,0.6835759878158569
2016-01-13 22:00:00,0.6868377923965454
2016-01-13 23:00:00,0.6998592615127563
2016-01-14 00:00:00,0.7748837471008301
2016-01-14 01:00:00,0.8810667991638184
2016-01-14 02:00:00,0.945400595664978
2016-01-14 03:00:00,2.272260904312134
2016-01-14 04:00:00,1.9528717994689941
2016-01-14 05:00:00,1.8814139366149902
2016-01-14 06:00:00,1.8951215744018555
2016-01-14 07:00:00,1.7270400524139404
2016-01-14 08:00:00,1.8420557975769043
2016-01-14 09:00:00,2.1786468029022217
2016-01-14 10:00:00,2.1691672801971436
2016-01-14 11:00:00,1.2167232036590576
2016-01-14 12:00:00,0.9313182830810547
2016-01-14 13:00:00,0.919752836227417
2016-01-14 14:00:00,0.805915117263794
2016-01-14 15:00:00,0.6835346221923828
2016-01-14 16:00:00,0.6680086851119995
2016-01-14 17:00:00,0.7154814004898071
2016-01-14 18:00:00,0.8037533760070801
2016-01-14 19:00:00,0.8018816709518433
2016-01-14 20:00:00,0.8287287950515747
2016-01-14 21:00:00,0.8769760131835938
2016-01-14 22:00:00,0.9021741151809692
2016-01-14 23:00:00,0.9239106178283691
2016-01-15 00:00:00,0.8731256723403931
2016-01-15 01:00:00,0.8869441151618958
2016-01-15 02:00:00,0.941832959651947
2016-01-15 03:00:00,2.1971521377563477
2016-01-15 04:00:00,1.8340405225753784
2016-01-15 05:00:00,1.4171682596206665
2016-01-15 06:00:00,1.1518669128417969
2016-01-15 07:00:00,1.2392696142196655
2016-01-15 08:00:00,1.5903178453445435
2016-01-15 09:00:00,2.126983404159546
2016-01-15 10:00:00,2.3712592124938965
2016-01-15 11:00:00,2.214508503675461
2016-01-15 12:00:00,1.0179260969161987
2016-01-15 13:00:00,1.087133765220642
2016-01-15 14:00:00,1.087379813194275
2016-01-15 15:00:00,1.079724907875061
2016-01-15 16:00:00,1.1357593536376953
2016-01-15 17:00:00,1.1761956214904785
2016-01-15 18:00:00,1.2124046087265015
2016-01-15 19:00:00,1.238292932510376
2016-01-15 20:00:00,1.2558553218841553
2016-01-15 21:00:00,1.3024851083755493
2016-01-15 22:00:00,1.3597195148468018
2016-01-15 23:00:00,1.4034545421600342
2016-01-16 00:00:00,1.4506562948226929
2016-01-16 01:00:00,1.520965576171875
2016-01-16 02:00:00,1.637556791305542
2016-01-16 03:00:00,2.894522190093994
2016-01-16 04:00:00,2.4515976905822754
2016-01-16 05:00:00,2.9762609004974365
2016-01-16 06:00:00,2.545616388320923
2016-01-16 07:00:00,2.5732708275318146
2016-01-16 08:00:00,2.827181339263916
2016-01-16 09:00:00,3.117100238800049
2016-01-16 10:00:00,3.1076273918151855
2016-01-16 11:00:00,2.7151944637298584
2016-01-16 12:00:00,1.2454637289047241
2016-01-16 13:00:00,1.3319584131240845
2016-01-16 14:00:00,1.3336009979248047
2016-01-16 15:00:00,1.3319939374923706
2016-01-16 16:00:00,1.3454474210739136
2016-01-16 17:00:00,1.3344411849975586
2016-01-16 18:00:00,1.3177969455718994
2016-01-16 19:00:00,1.2919187545776367
2016-01-16 20:00:00,1.246017336845398
2016-01-16 21:00:00,1.1787550449371338
2016-01-16 22:00:00,1.1141363382339478
2016-01-16 23:00:00,1.0344004482030869
2016-01-17 00:00:00,0.9577947407960892
2016-01-17 01:00:00,0.9240901917219162
2016-01-17 02:00:00,0.9157222509384155
2016-01-17 03:00:00,1.1885979175567627
2016-01-17 04:00:00,1.0795185565948486
2016-01-17 05:00:00,0.30679023265838623
2016-01-17 06:00:00,-0.6945205926895142
2016-01-17 07:00:00,-0.7702435255050659
2016-01-17 08:00:00,-0.6875600814819336
2016-01-17 09:00:00,-0.6289303302764893
2016-01-17 10:00:00,-0.5595536231994629
2016-01-17 11:00:00,-0.24837136268615723
2016-01-17 12:00:00,0.072334885597229
2016-01-17 13:00:00,0.2371150255203247
2016-01-17 14:00:00,0.36521120369434357
2016-01-17 15:00:00,0.49927031993865967
2016-01-17 16:00:00,0.5562875717878342
2016-01-17 17:00:00,0.5746387243270874
2016-01-17 18:00:00,0.568817138671875
2016-01-17 19:00:00,0.5365977883338928
2016-01-17 20:00:00,0.4912639856338501
2016-01-17 21:00:00,0.4826917052268982
2016-01-17 22:00:00,0.4593018889427185
2016-01-17 23:00:00,0.4203498959541321
2016-01-18 00:00:00,0.37155720591545105
2016-01-18 01:00:00,0.33289211615920067
2016-01-18 02:00:00,0.30204522982239723
2016-01-18 03:00:00,0.32115769758820534
2016-01-18 04:00:00,0.6674346998333931
2016-01-18 05:00:00,0.7041183784604073
2016-01-18 06:00:00,0.6176154613494873
2016-01-18 07:00:00,0.8941414803266525
2016-01-18 08:00:00,1.3548146486282349
2016-01-18 09:00:00,1.7484368085861206
2016-01-18 10:00:00,1.7302403450012207
2016-01-18 11:00:00,0.5794240236282349
2016-01-18 12:00:00,0.7102314978837967
2016-01-18 13:00:00,0.504006028175354
2016-01-18 14:00:00,0.30391526222229004
2016-01-18 15:00:00,0.12392426282167435
2016-01-18 16:00:00,0.002849690616130829
2016-01-18 17:00:00,-0.12767797708511353
2016-01-18 18:00:00,-0.24852007627487183
2016-01-18 19:00:00,-0.3483871780335903
2016-01-18 20:00:00,-0.3949422277510166
2016-01-18 21:00:00,-0.3492843881249428
2016-01-18 22:00:00,-0.236236572265625
2016-01-18 23:00:00,-0.06341242790222168
2016-01-19 00:00:00,0.12862390279769897
2016-01-19 01:00:00,0.2739299535751343
2016-01-19 02:00:00,0.37577521800994873
2016-01-19 03:00:00,0.32655662298202515
2016-01-19 04:00:00,0.7428536415100098
2016-01-19 05:00:00,0.9203497171401978
2016-01-19 06:00:00,0.8060300946235657
2016-01-19 07:00:00,1.0583220720291138
2016-01-19 08:00:00,1.4844938516616821
2016-01-19 09:00:00,1.7881815433502197
2016-01-19 10:00:00,1.8489420413970947
2016-01-19 11:00:00,1.3999657481908798
2016-01-19 12:00:00,0.9259907007217407
2016-01-19 13:00:00,0.9911553859710693
2016-01-19 14:00:00,0.9683981239795685
2016-01-19 15:00:00,0.9529730081558228
2016-01-19 16:00:00,0.9930412769317627
2016-01-19 17:00:00,1.0943247079849243
2016-01-19 18:00:00,1.1733767986297607
2016-01-19 19:00:00,1.200669288635254
2016-01-19 20:00:00,1.195863127708435
2016-01-19 21:00:00,1.189489722251892
2016-01-19 22:00:00,1.1504192352294922
2016-01-19 23:00:00,1.127212405204773
2016-01-20 00:00:00,1.1099135875701904
2016-01-20 01:00:00,1.0974321365356445
2016-01-20 02:00:00,1.067142367362976
2016-01-20 03:00:00,1.9851787090301514
2016-01-20 04:00:00,1.943502515554428
2016-01-20 05:00:00,2.335674524307251
2016-01-20 06:00:00,2.092992126941681
2016-01-20 07:00:00,2.001976251602173
2016-01-20 08:00:00,2.0501489639282227
2016-01-20 09:00:00,2.1680009365081787
2016-01-20 10:00:00,2.183696746826172
2016-01-20 11:00:00,1.929966926574707
2016-01-20 12:00:00,1.0252525806427002
2016-01-20 13:00:00,1.1682982444763184
2016-01-20 14:00:00,1.1968692541122437
2016-01-20 15:00:00,1.2310646772384644
2016-01-20 16:00:00,1.278427243232727
2016-01-20 17:00:00,1.3246607780456543
2016-01-20 18:00:00,1.3934078216552734
2016-01-20 19:00:00,1.4512523412704468
2016-01-20 20:00:00,1.4646245241165161
2016-01-20 21:00:00,1.4085352420806885
2016-01-20 22:00:00,1.3159823417663574
2016-01-20 23:00:00,1.2826465368270874
2016-01-21 00:00:00,1.2839608192443848
2016-01-21 01:00:00,1.2830668687820435
2016-01-21 02:00:00,1.2518384456634521
2016-01-21 03:00:00,2.523817300796509
2016-01-21 04:00:00,2.022981196641922
2016-01-21 05:00:00,2.5754354000091553
2016-01-21 06:00:00,2.4920809268951416
2016-01-21 07:00:00,2.5581581592559814
2016-01-21 08:00:00,2.6755526065826416
2016-01-21 09:00:00,2.7597384452819824
2016-01-21 10:00:00,2.7255210876464844
2016-01-21 11:00:00,1.9958858489990234
2016-01-21 12:00:00,1.1534463167190552
2016-01-21 13:00:00,1.2706890106201172
2016-01-21 14:00:00,1.3083558082580566
2016-01-21 15:00:00,1.3358218669891357
2016-01-21 16:00:00,1.4047538042068481
2016-01-21 17:00:00,1.445906162261963
2016-01-21 18:00:00,1.459995985031128
2016-01-21 19:00:00,1.430946946144104
2016-01-21 20:00:00,1.3747599124908447
2016-01-21 21:00:00,1.3264398574829102
2016-01-21 22:00:00,1.2460709810256958
2016-01-21 23:00:00,1.2129287719726562
2016-01-22 00:00:00,1.206864356994629
2016-01-22 01:00:00,1.1918128728866577
2016-01-22 02:00:00,1.1202595233917236
2016-01-22 03:00:00,1.3340908586978912
2016-01-22 04:00:00,1.0982994884252548
2016-01-22 05:00:00,1.3599569648504257
2016-01-22 06:00:00,1.854964017868042
2016-01-22 07:00:00,1.8569604754447937
2016-01-22 08:00:00,1.897794246673584
2016-01-22 09:00:00,1.885373055934906
2016-01-22 10:00:00,1.733694076538086
2016-01-22 11:00:00,0.5660029724240303
2016-01-22 12:00:00,0.5818698406219482
2016-01-22 13:00:00,0.10430707037448883
2016-01-22 14:00:00,-0.19607067108154297
2016-01-22 15:00:00,-0.3911430984735489
2016-01-22 16:00:00,-0.32643258571624756
2016-01-22 17:00:00,-0.2713361978530884
2016-01-22 18:00:00,-0.23277622833848
2016-01-22 19:00:00,-0.22220169752836227
2016-01-22 20:00:00,-0.20847461372613907
2016-01-22 21:00:00,-0.23939859867095947
2016-01-22 22:00:00,-0.3841652274131775
2016-01-22 23:00:00,-0.48727476596832275
2016-01-23 00:00:00,-0.5767092108726501
2016-01-23 01:00:00,-0.6794219017028809
2016-01-23 02:00:00,-0.6570876836776733
2016-01-23 03:00:00,-0.3250553011894226
2016-01-23 04:00:00,-0.38767558336257935
2016-01-23 05:00:00,0.28524036705493927
2016-01-23 06:00:00,1.397864818572998
2016-01-23 07:00:00,1.759934902191162
2016-01-23 08:00:00,1.948439121246338
2016-01-23 09:00:00,2.054539144039154
2016-01-23 10:00:00,2.0101317763328552
2016-01-23 11:00:00,0.7173998802900314
2016-01-23 12:00:00,0.6700218915939331
2016-01-23 13:00:00,0.4183186888694763
2016-01-23 14:00:00,0.2078007236123085
2016-01-23 15:00:00,0.0656346008181572
2016-01-23 16:00:00,0.0032470524311065674
2016-01-23 17:00:00,-0.012245714664459229
2016-01-23 18:00:00,-0.017821073532104492
2016-01-23 19:00:00,0.019915461540222168
2016-01-23 20:00:00,0.08763384819030762
2016-01-23 21:00:00,0.13752198219299316
2016-01-23 22:00:00,0.21796929836273193
2016-01-23 23:00:00,0.2867194414138794
2016-01-24 00:00:00,0.3621222972869873
2016-01-24 01:00:00,0.4318729639053345
2016-01-24 02:00:00,0.49723100662231445
2016-01-24 03:00:00,0.3283243179321289
2016-01-24 04:00:00,0.7350552082061768
2016-01-24 05:00:00,0.6063735485076904
2016-01-24 06:00:00,1.7316785752773285
2016-01-24 07:00:00,1.9074569344520569
2016-01-24 08:00:00,2.0554020404815674
2016-01-24 09:00:00,2.1875455379486084
2016-01-24 10:00:00,2.103896677494049
2016-01-24 11:00:00,0.7609045505523682
2016-01-24 12:00:00,0.8351881951093674
2016-01-24 13:00:00,0.80336594581604
2016-01-24 14:00:00,0.7467488795518875
2016-01-24 15:00:00,0.7200572341680527
2016-01-24 16:00:00,0.690342053771019
2016-01-24 17:00:00,0.5730980634689331
2016-01-24 18:00:00,0.36274423263967037
2016-01-24 19:00:00,0.19926541857421398
2016-01-24 20:00:00,0.0972482617944479
2016-01-24 21:00:00,0.03723001480102539
2016-01-24 22:00:00,0.05569152906537056
2016-01-24 23:00:00,0.1473538987338543
2016-01-25 00:00:00,0.31292816158384085
2016-01-25 01:00:00,0.49596625193953514
2016-01-25 02:00:00,0.5585023760795593
2016-01-25 03:00:00,0.860480546951294
2016-01-25 04:00:00,0.6892343759536743
2016-01-25 05:00:00,0.9607874155044556
2016-01-25 06:00:00,1.6613842248916626
2016-01-25 07:00:00,1.86215740442276
2016-01-25 08:00:00,1.891908884048462
2016-01-25 09:00:00,1.8617883324623108
2016-01-25 10:00:00,1.9776749014854431
2016-01-25 11:00:00,0.9160207509994507
2016-01-25 12:00:00,0.8735684156417847
2016-01-25 13:00:00,0.9086834192276001
2016-01-25 14:00:00,0.8454704284667969
2016-01-25 15:00:00,0.7002933025360107
2016-01-25 16:00:00,0.36312615871429443
2016-01-25 17:00:00,-0.011385202407836914
2016-01-25 18:00:00,-0.3266686201095581
2016-01-25 19:00:00,-0.5392764806747437
2016-01-25 20:00:00,-0.6878666877746582
2016-01-25 21:00:00,-0.7598539590835571
2016-01-25 22:00:00,-0.6325511932373047
2016-01-25 23:00:00,-0.34363603591918945
2016-01-26 00:00:00,-0.15980148315429688
2016-01-26 01:00:00,0.027007579803466797
2016-01-26 02:00:00,0.21685945987701416
2016-01-26 03:00:00,0.16724562644958496
2016-01-26 04:00:00,-0.03174698352813721
2016-01-26 05:00:00,-0.36304187774658203
2016-01-26 06:00:00,-0.02911961078643799
2016-01-26 07:00:00,0.10190939903259277
2016-01-26 08:00:00,0.15732288360595703
2016-01-26 09:00:00,0.15446388721466064
2016-01-26 10:00:00,0.3508971929550171
2016-01-26 11:00:00,0.20178043842315674
2016-01-26 12:00:00,0.3403247594833374
2016-01-26 13:00:00,0.27683472633361816
2016-01-26 14:00:00,0.20542776584625244
2016-01-26 15:00:00,0.12018799781799316
2016-01-26 16:00:00,0.0031862258911132812
2016-01-26 17:00:00,-0.22025442123413086
2016-01-26 18:00:00,-0.5433281660079956
2016-01-26 19:00:00,-0.8579071760177612
2016-01-26 20:00:00,-1.0943715572357178
2016-01-26 21:00:00,-1.1439577341079712
2016-01-26 22:00:00,-1.0633509159088135
2016-01-26 23:00:00,-0.9142205715179443
2016-01-27 00:00:00,-0.6442208290100098
2016-01-27 01:00:00,-0.2820606231689453
2016-01-27 02:00:00,0.1801741123199463
2016-01-27 03:00:00,0.27348655462265015
2016-01-27 04:00:00,0.5489683300256729
2016-01-27 05:00:00,0.8744099885225296
2016-01-27 06:00:00,1.2338130325078964
2016-01-27 07:00:00,1.2561092376708984
2016-01-27 08:00:00,1.3679184913635254
2016-01-27 09:00:00,1.3740595579147339
2016-01-27 10:00:00,1.3577238321304321
2016-01-27 11:00:00,0.44376129284501076
2016-01-27 12:00:00,0.607640702277422
2016-01-27 13:00:00,0.5563821382820606
2016-01-27 14:00:00,0.5099961757659912
2016-01-27 15:00:00,0.5534297376871109
2016-01-27 16:00:00,0.650331849232316
2016-01-27 17:00:00,0.7208652533590794
2016-01-27 18:00:00,0.7336909770965576
2016-01-27 19:00:00,0.7040324211120605
2016-01-27 20:00:00,0.654549241065979
2016-01-27 21:00:00,0.6243481561541557
2016-01-27 22:00:00,0.6190273687243462
2016-01-27 23:00:00,0.6171742752194405
2016-01-28 00:00:00,0.6201085522770882
2016-01-28 01:00:00,0.6391760110855103
2016-01-28 02:00:00,0.6787314414978027
2016-01-28 03:00:00,1.5426883697509766
2016-01-28 04:00:00,1.7001748085021973
2016-01-28 05:00:00,1.92409348487854
2016-01-28 06:00:00,2.9638261795043945
2016-01-28 07:00:00,3.298837661743164
2016-01-28 08:00:00,3.570322036743164
2016-01-28 09:00:00,3.603499412536621
2016-01-28 10:00:00,3.343585729598999
2016-01-28 11:00:00,2.127322494983673
2016-01-28 12:00:00,1.0872363895177841
2016-01-28 13:00:00,1.0635297298431396
2016-01-28 14:00:00,1.0857014954090118
2016-01-28 15:00:00,1.165963664650917
2016-01-28 16:00:00,1.1050710827112198
2016-01-28 17:00:00,0.9926350563764572
2016-01-28 18:00:00,0.7642346620559692
2016-01-28 19:00:00,0.560531497001648
2016-01-28 20:00:00,0.34669995307922363
2016-01-28 21:00:00,0.1389756202697754
2016-01-28 22:00:00,0.03885197639465332
2016-01-28 23:00:00,-0.0264437198638916
2016-01-29 00:00:00,0.06362223625183105
2016-01-29 01:00:00,0.0057122111320495605
2016-01-29 02:00:00,0.1232980489730835
2016-01-29 03:00:00,0.5364454984664917
2016-01-29 04:00:00,0.5349130053073168
2016-01-29 05:00:00,0.6658719852566719
2016-01-29 06:00:00,1.2969096899032593
2016-01-29 07:00:00,1.1264414861798286
2016-01-29 08:00:00,0.907617375254631
2016-01-29 09:00:00,1.1411787271499634
2016-01-29 10:00:00,0.8060661554336548
2016-01-29 11:00:00,0.0272982120513916
2016-01-29 12:00:00,-0.6037911176681519
2016-01-29 13:00:00,-0.9596272706985474
2016-01-29 14:00:00,-1.1114661693572998
2016-01-29 15:00:00,-1.1723823547363281
2016-01-29 16:00:00,-1.1155229806900024
2016-01-29 17:00:00,-1.0629037618637085
2016-01-29 18:00:00,-1.0144643783569336
2016-01-29 19:00:00,-0.9766576290130615
2016-01-29 20:00:00,-0.953321099281311
2016-01-29 21:00:00,-0.9522103071212769
2016-01-29 22:00:00,-0.8578997850418091
2016-01-29 23:00:00,-0.738274335861206
2016-01-30 00:00:00,-0.6492010354995728
2016-01-30 01:00:00,-0.5192031860351562
2016-01-30 02:00:00,-0.33103084564208984
2016-01-30 03:00:00,-0.1330561637878418
2016-01-30 04:00:00,-0.23540663719177246
2016-01-30 05:00:00,-0.2817994952201843
2016-01-30 06:00:00,0.24570930004119873
2016-01-30 07:00:00,0.5579278469085693
2016-01-30 08:00:00,0.9640400409698486
2016-01-30 09:00:00,1.3507367372512817
2016-01-30 10:00:00,1.6527717113494873
2016-01-30 11:00:00,1.656860113143921
2016-01-30 12:00:00,0.9276306182146072
2016-01-30 13:00:00,1.0102367401123047
2016-01-30 14:00:00,0.9852006286382675
2016-01-30 15:00:00,0.9938090145587921
2016-01-30 16:00:00,1.0422581434249878
2016-01-30 17:00:00,1.0871041119098663
2016-01-30 18:00:00,1.088317170739174
2016-01-30 19:00:00,1.0368212461471558
2016-01-30 20:00:00,0.945708230137825
2016-01-30 21:00:00,0.8317229747772217
2016-01-30 22:00:00,0.7766461819410324
2016-01-30 23:00:00,0.7236391305923462
2016-01-31 00:00:00,0.7010831236839294
2016-01-31 01:00:00,0.7599825412034988
2016-01-31 02:00:00,0.7752822637557983
2016-01-31 03:00:00,1.4520787000656128
2016-01-31 04:00:00,1.4761406183242798
2016-01-31 05:00:00,2.277828186750412
2016-01-31 06:00:00,2.8241000175476074
2016-01-31 07:00:00,3.0698986053466797
2016-01-31 08:00:00,3.2222206592559814
2016-01-31 09:00:00,3.4116640090942383
2016-01-31 10:00:00,3.4623067378997803
2016-01-31 11:00:00,3.195995330810547
2016-01-31 12:00:00,1.37534761428833
2016-01-31 13:00:00,1.3246688842773438
2016-01-31 14:00:00,1.287186861038208
2016-01-31 15:00:00,1.1969445943832397
2016-01-31 16:00:00,1.1186776161193848
2016-01-31 17:00:00,1.0203553438186646
2016-01-31 18:00:00,0.9374984502792358
2016-01-31 19:00:00,0.8716377466917038
2016-01-31 20:00:00,0.8202512264251709
2016-01-31 21:00:00,0.6990188956260681
2016-01-31 22:00:00,0.5850239396095276
2016-01-31 23:00:00,0.5160714983940125
2016-02-01 00:00:00,0.47846826165914536
2016-02-01 01:00:00,0.4660011753439903
2016-02-01 02:00:00,0.48347896337509155
2016-02-01 03:00:00,1.2216813564300537
2016-02-01 04:00:00,1.399330496788025
2016-02-01 05:00:00,1.8581588864326477
2016-02-01 06:00:00,2.249451130628586
2016-02-01 07:00:00,2.477315664291382
2016-02-01 08:00:00,2.6645045280456543
2016-02-01 09:00:00,2.806544780731201
2016-02-01 10:00:00,2.9009268283843994
2016-02-01 11:00:00,2.7353579998016357
2016-02-01 12:00:00,1.1830569505691528
2016-02-01 13:00:00,1.2778170108795166
2016-02-01 14:00:00,1.2106368690729141
2016-02-01 15:00:00,1.0866953134536743
2016-02-01 16:00:00,0.9650202989578247
2016-02-01 17:00:00,0.8400765657424927
2016-02-01 18:00:00,0.7401443719863892
2016-02-01 19:00:00,0.657644510269165
2016-02-01 20:00:00,0.640548825263977
2016-02-01 21:00:00,0.6770570278167725
2016-02-01 22:00:00,0.7979202270507812
2016-02-01 23:00:00,0.8843989372253418
2016-02-02 00:00:00,0.9071062803268433
2016-02-02 01:00:00,0.9049205780029297
2016-02-02 02:00:00,0.8995498418807983
2016-02-02 03:00:00,2.016785591840744
2016-02-02 04:00:00,1.7717679738998413
2016-02-02 05:00:00,2.4768054485321045
2016-02-02 06:00:00,2.517829656600952
2016-02-02 07:00:00,2.6155717372894287
2016-02-02 08:00:00,2.734990358352661
2016-02-02 09:00:00,2.8091659545898438
2016-02-02 10:00:00,2.7056546211242676
2016-02-02 11:00:00,2.343273162841797
2016-02-02 12:00:00,1.0128005743026733
2016-02-02 13:00:00,1.177593469619751
2016-02-02 14:00:00,1.1627228260040283
2016-02-02 15:00:00,1.1459381580352783
2016-02-02 16:00:00,1.1872403621673584
2016-02-02 17:00:00,1.249208688735962
2016-02-02 18:00:00,1.250253677368164
2016-02-02 19:00:00,1.2346335649490356
2016-02-02 20:00:00,1.260480523109436
2016-02-02 21:00:00,1.223677396774292
2016-02-02 22:00:00,1.1820013523101807
2016-02-02 23:00:00,1.1765996217727661
2016-02-03 00:00:00,1.254408359527588
2016-02-03 01:00:00,1.4775080680847168
2016-02-03 02:00:00,1.707289695739746
2016-02-03 03:00:00,2.7907567024230957
2016-02-03 04:00:00,2.523418664932251
2016-02-03 05:00:00,3.390105962753296
2016-02-03 06:00:00,3.139709949493408
2016-02-03 07:00:00,3.0799989700317383
2016-02-03 08:00:00,3.2764971256256104
2016-02-03 09:00:00,3.482942581176758
2016-02-03 10:00:00,3.430868148803711
2016-02-03 11:00:00,2.9284920692443848
2016-02-03 12:00:00,1.2908203601837158
2016-02-03 13:00:00,1.482529878616333
2016-02-03 14:00:00,1.6943651139736176
2016-02-03 15:00:00,1.9014973640441895
2016-02-03 16:00:00,1.966486781835556
2016-02-03 17:00:00,1.8876192569732666
2016-02-03 18:00:00,1.7315638065338135
2016-02-03 19:00:00,1.4686694145202637
2016-02-03 20:00:00,1.198563814163208
2016-02-03 21:00:00,1.1062350124120712
2016-02-03 22:00:00,1.1339726448059082
2016-02-03 23:00:00,1.2233588695526123
2016-02-04 00:00:00,1.3770673274993896
2016-02-04 01:00:00,1.5180094242095947
2016-02-04 02:00:00,1.7603403329849243
2016-02-04 03:00:00,2.792111396789551
2016-02-04 04:00:00,2.1143910884857178
2016-02-04 05:00:00,2.7764487266540527
2016-02-04 06:00:00,2.4602653980255127
2016-02-04 07:00:00,2.376100569963455
2016-02-04 08:00:00,2.386012524366379
2016-02-04 09:00:00,2.4140539169311523
2016-02-04 10:00:00,2.2472653687000275
2016-02-04 11:00:00,1.8318769037723541
2016-02-04 12:00:00,0.8983083218336105
2016-02-04 13:00:00,1.1007102578878403
2016-02-04 14:00:00,1.1545548290014267
2016-02-04 15:00:00,1.2073103189468384
2016-02-04 16:00:00,1.235175609588623
2016-02-04 17:00:00,1.245039939880371
2016-02-04 18:00:00,1.227992296218872
2016-02-04 19:00:00,1.1863902807235718
2016-02-04 20:00:00,1.1285905838012695
2016-02-04 21:00:00,1.0708221197128296
2016-02-04 22:00:00,1.0311579704284668
2016-02-04 23:00:00,0.992255449295044
2016-02-05 00:00:00,0.9546507596969604
2016-02-05 01:00:00,0.9268639087677002
2016-02-05 02:00:00,0.8746767491102219
2016-02-05 03:00:00,1.7851591110229492
2016-02-05 04:00:00,1.3854738473892212
2016-02-05 05:00:00,1.5106254816055298
2016-02-05 06:00:00,1.2295629978179932
2016-02-05 07:00:00,1.1968375444412231
2016-02-05 08:00:00,1.428705096244812
2016-02-05 09:00:00,1.7495920658111572
2016-02-05 10:00:00,1.8953802585601807
2016-02-05 11:00:00,1.6277761459350586
2016-02-05 12:00:00,1.061970829963684
2016-02-05 13:00:00,1.1288254261016846
2016-02-05 14:00:00,1.0398157685995102
2016-02-05 15:00:00,0.9045033603906631
2016-02-05 16:00:00,0.8162882626056671
2016-02-05 17:00:00,0.7743508368730545
2016-02-05 18:00:00,0.7632181644439697
2016-02-05 19:00:00,0.7182977795600891
2016-02-05 20:00:00,0.6692398190498352
2016-02-05 21:00:00,0.6293277740478516
2016-02-05 22:00:00,0.5115936398506165
2016-02-05 23:00:00,0.3825377821922302
2016-02-06 00:00:00,0.2094743251800537
2016-02-06 01:00:00,-0.053942978382110596
2016-02-06 02:00:00,-0.3478861078619957
2016-02-06 03:00:00,-0.7392175048589706
2016-02-06 04:00:00,-1.002951979637146
2016-02-06 05:00:00,-0.9956888854503632
2016-02-06 06:00:00,-0.5091601610183716
2016-02-06 07:00:00,-0.35969824343919754
2016-02-06 08:00:00,-0.2654202990233898
2016-02-06 09:00:00,-0.26999151706695557
2016-02-06 10:00:00,-0.42638903856277466
2016-02-06 11:00:00,-0.5153586864471436
2016-02-06 12:00:00,-0.5378801226615906
2016-02-06 13:00:00,-0.8493072986602783
2016-02-06 14:00:00,-1.11664617061615
2016-02-06 15:00:00,-1.3769943714141846
2016-02-06 16:00:00,-1.4978593587875366
2016-02-06 17:00:00,-1.5526096820831299
2016-02-06 18:00:00,-1.5837520360946655
2016-02-06 19:00:00,-1.475529432296753
2016-02-06 20:00:00,-1.3261797428131104
2016-02-06 21:00:00,-1.2053163051605225
2016-02-06 22:00:00,-1.2088522911071777
2016-02-06 23:00:00,-1.1567907333374023
2016-02-07 00:00:00,-1.0544121265411377
2016-02-07 01:00:00,-0.9385464191436768
2016-02-07 02:00:00,-0.788041353225708
2016-02-07 03:00:00,-1.1923985481262207
2016-02-07 04:00:00,-1.2694687843322754
2016-02-07 05:00:00,-1.334547996520996
2016-02-07 06:00:00,-1.7252399921417236
2016-02-07 07:00:00,-1.592442274093628
2016-02-07 08:00:00,-1.269144058227539
2016-02-07 09:00:00,-0.8739736080169678
2016-02-07 10:00:00,-0.3963496685028076
2016-02-07 11:00:00,0.21246743202209473
2016-02-07 12:00:00,0.42836451530456543
2016-02-07 13:00:00,0.6471052169799805
2016-02-07 14:00:00,0.847750186920166
2016-02-07 15:00:00,0.9702210426330566
2016-02-07 16:00:00,0.8928976058959961
2016-02-07 17:00:00,0.6586805582046509
2016-02-07 18:00:00,0.3176248073577881
2016-02-07 19:00:00,-0.06817102432250977
2016-02-07 20:00:00,-0.3622164726257324
2016-02-07 21:00:00,-0.5456089973449707
2016-02-07 22:00:00,-0.5062869787216187
2016-02-07 23:00:00,-0.39314472675323486
2016-02-08 00:00:00,-0.1675947904586792
2016-02-08 01:00:00,0.1471095085144043
2016-02-08 02:00:00,0.3726006746292114
2016-02-08 03:00:00,1.0477954149246216
2016-02-08 04:00:00,0.9898459911346436
2016-02-08 05:00:00,0.5046980381011963
2016-02-08 06:00:00,0.7030878067016602
2016-02-08 07:00:00,1.315287709236145
2016-02-08 08:00:00,1.8743901252746582
2016-02-08 09:00:00,2.290633201599121
2016-02-08 10:00:00,2.323606014251709
2016-02-08 11:00:00,2.1098957657814026
2016-02-08 12:00:00,0.8094491362571716
2016-02-08 13:00:00,0.8821566104888916
2016-02-08 14:00:00,0.878895953297615
2016-02-08 15:00:00,0.8833131790161133
2016-02-08 16:00:00,0.874604344367981
2016-02-08 17:00:00,0.8708629608154297
2016-02-08 18:00:00,0.863491952419281
2016-02-08 19:00:00,0.8433566093444824
2016-02-08 20:00:00,0.8045574426651001
2016-02-08 21:00:00,0.7676378488540649
2016-02-08 22:00:00,0.7658236622810364
2016-02-08 23:00:00,0.7943136096000671
2016-02-09 00:00:00,0.8651771545410156
2016-02-09 01:00:00,0.9441936016082764
2016-02-09 02:00:00,1.0333068668842316
2016-02-09 03:00:00,2.2223339080810547
2016-02-09 04:00:00,1.888918399810791
2016-02-09 05:00:00,2.0547802448272705
2016-02-09 06:00:00,1.870882123708725
2016-02-09 07:00:00,1.9113470017910004
2016-02-09 08:00:00,2.040410488843918
2016-02-09 09:00:00,2.1407840251922607
2016-02-09 10:00:00,2.056200534105301
2016-02-09 11:00:00,1.8218708038330078
2016-02-09 12:00:00,0.8814365863800049
2016-02-09 13:00:00,1.0946019887924194
2016-02-09 14:00:00,1.1081878989934921
2016-02-09 15:00:00,1.1240387111902237
2016-02-09 16:00:00,1.1052745580673218
2016-02-09 17:00:00,1.0789804309606552
2016-02-09 18:00:00,1.0274254083633423
2016-02-09 19:00:00,0.942520022392273
2016-02-09 20:00:00,0.8270922303199768
2016-02-09 21:00:00,0.7121344804763794
2016-02-09 22:00:00,0.641049325466156
2016-02-09 23:00:00,0.615448534488678
2016-02-10 00:00:00,0.6287953853607178
2016-02-10 01:00:00,0.6628921031951904
2016-02-10 02:00:00,0.6210898160934448
2016-02-10 03:00:00,1.1685943603515625
2016-02-10 04:00:00,0.9109543263912201
2016-02-10 05:00:00,1.2338175773620605
2016-02-10 06:00:00,1.4014939069747925
2016-02-10 07:00:00,1.6647520065307617
2016-02-10 08:00:00,1.8496160507202148
2016-02-10 09:00:00,1.9381706714630127
2016-02-10 10:00:00,1.7595062255859375
2016-02-10 11:00:00,1.343008279800415
2016-02-10 12:00:00,0.504756510257721
2016-02-10 13:00:00,-0.06398516893386841
2016-02-10 14:00:00,-0.6194678097963333
2016-02-10 15:00:00,-0.9679822996258736
2016-02-10 16:00:00,-1.011092409491539
2016-02-10 17:00:00,-0.9973875284194946
2016-02-10 18:00:00,-0.9562250375747681
2016-02-10 19:00:00,-0.9408409595489502
2016-02-10 20:00:00,-0.9323148131370544
2016-02-10 21:00:00,-0.9190629720687866
2016-02-10 22:00:00,-0.8757990598678589
2016-02-10 23:00:00,-0.822328507900238
2016-02-11 00:00:00,-0.7451925277709961
2016-02-11 01:00:00,-0.6422837972640991
2016-02-11 02:00:00,-0.5955947041511536
2016-02-11 03:00:00,-0.7259304523468018
2016-02-11 04:00:00,-0.9767861366271973
2016-02-11 05:00:00,-0.4463924169540405
2016-02-11 06:00:00,0.03826022148132324
2016-02-11 07:00:00,0.24911018460988998
2016-02-11 08:00:00,0.4968125820159912
2016-02-11 09:00:00,0.758064292371273
2016-02-11 10:00:00,1.0203201919794083
2016-02-11 11:00:00,1.2583472579717636
2016-02-11 12:00:00,0.7314480692148209
2016-02-11 13:00:00,1.092605471611023
2016-02-11 14:00:00,1.4081815481185913
2016-02-11 15:00:00,1.3436312675476074
2016-02-11 16:00:00,1.2134043127298355
2016-02-11 17:00:00,1.069461703300476
2016-02-11 18:00:00,0.8693240880966187
2016-02-11 19:00:00,0.6340248584747314
2016-02-11 20:00:00,0.4209899306297302
2016-02-11 21:00:00,0.21994072198867798
2016-02-11 22:00:00,0.11973398923873901
2016-02-11 23:00:00,0.05152195692062378
2016-02-12 00:00:00,0.028800666332244873
2016-02-12 01:00:00,0.03349018096923828
2016-02-12 02:00:00,0.051959872245788574
2016-02-12 03:00:00,0.11399763822555542
2016-02-12 04:00:00,0.1392296552658081
2016-02-12 05:00:00,-0.02076709270477295
2016-02-12 06:00:00,0.46114659309387207
2016-02-12 07:00:00,0.9155828952789307
2016-02-12 08:00:00,1.1661038398742676
2016-02-12 09:00:00,1.323892205953598
2016-02-12 10:00:00,1.4376896917819977
2016-02-12 11:00:00,1.3568068742752075
2016-02-12 12:00:00,0.6152427196502686
2016-02-12 13:00:00,0.34951088577508926
2016-02-12 14:00:00,0.00475667417049408
2016-02-12 15:00:00,-0.28484537452459335
2016-02-12 16:00:00,-0.5028082132339478
2016-02-12 17:00:00,-0.646048977971077
2016-02-12 18:00:00,-0.7103604078292847
2016-02-12 19:00:00,-0.7477660179138184
2016-02-12 20:00:00,-0.7681156396865845
2016-02-12 21:00:00,-0.73173588514328
2016-02-12 22:00:00,-0.6729579567909241
2016-02-12 23:00:00,-0.6552802324295044
2016-02-13 00:00:00,-0.6606377959251404
2016-02-13 01:00:00,-0.7006963491439819
2016-02-13 02:00:00,-0.5814595818519592
2016-02-13 03:00:00,-0.7491097450256348
2016-02-13 04:00:00,-0.22439920902252197
2016-02-13 05:00:00,-0.9779421836137772
2016-02-13 06:00:00,-1.0627690553665161
2016-02-13 07:00:00,-0.41959090530872345
2016-02-13 08:00:00,0.11488032341003418
2016-02-13 09:00:00,0.48969435691833496
2016-02-13 10:00:00,0.4812964200973511
2016-02-13 11:00:00,0.5802792310714722
2016-02-13 12:00:00,0.3193266987800598
2016-02-13 13:00:00,0.31949692964553833
2016-02-13 14:00:00,0.20746632292866707
2016-02-13 15:00:00,0.04641486704349518
2016-02-13 16:00:00,0.012502551078796387
2016-02-13 17:00:00,0.031217753887176514
2016-02-13 18:00:00,0.12819543480873108
2016-02-13 19:00:00,0.2599533796310425
2016-02-13 20:00:00,0.4074437618255615
2016-02-13 21:00:00,0.5462511777877808
2016-02-13 22:00:00,0.5421448945999146
2016-02-13 23:00:00,0.5345802307128906
2016-02-14 00:00:00,0.5283825993537903
2016-02-14 01:00:00,0.5242152810096741
2016-02-14 02:00:00,0.5496557354927063
2016-02-14 03:00:00,1.126528263092041
2016-02-14 04:00:00,1.3170146942138672
2016-02-14 05:00:00,1.5236759185791016
2016-02-14 06:00:00,1.4956849813461304
2016-02-14 07:00:00,1.564926028251648
2016-02-14 08:00:00,1.8520605564117432
2016-02-14 09:00:00,2.19834303855896
2016-02-14 10:00:00,2.345392942428589
2016-02-14 11:00:00,2.3166112899780273
2016-02-14 12:00:00,0.919684886932373
2016-02-14 13:00:00,1.0725053548812866
2016-02-14 14:00:00,1.0315247774124146
2016-02-14 15:00:00,0.9714001715183258
2016-02-14 16:00:00,0.9507795572280884
2016-02-14 17:00:00,0.9850610792636871
2016-02-14 18:00:00,1.0339748859405518
2016-02-14 19:00:00,1.068490743637085
2016-02-14 20:00:00,1.0476855039596558
2016-02-14 21:00:00,0.8890076875686646
2016-02-14 22:00:00,0.6635409593582153
2016-02-14 23:00:00,0.5504324436187744
2016-02-15 00:00:00,0.5154013633728027
2016-02-15 01:00:00,0.5170720815658569
2016-02-15 02:00:00,0.5325701832771301
2016-02-15 03:00:00,1.2466641664505005
2016-02-15 04:00:00,1.176030620932579
2016-02-15 05:00:00,1.0103567838668823
2016-02-15 06:00:00,1.0748605579137802
2016-02-15 07:00:00,1.3832310438156128
2016-02-15 08:00:00,1.794384479522705
2016-02-15 09:00:00,1.901219367980957
2016-02-15 10:00:00,1.8665285110473633
2016-02-15 11:00:00,1.9057798385620117
2016-02-15 12:00:00,0.8749253749847412
2016-02-15 13:00:00,1.0976805686950684
2016-02-15 14:00:00,1.1697814464569092
2016-02-15 15:00:00,1.1704490184783936
2016-02-15 16:00:00,1.1383888721466064
2016-02-15 17:00:00,1.085376501083374
2016-02-15 18:00:00,1.0307140350341797
2016-02-15 19:00:00,0.9350744485855103
2016-02-15 20:00:00,0.8101727962493896
2016-02-15 21:00:00,0.6828497648239136
2016-02-15 22:00:00,0.5909490585327148
2016-02-15 23:00:00,0.5566568374633789
2016-02-16 00:00:00,0.5632139444351196
2016-02-16 01:00:00,0.5705203413963318
2016-02-16 02:00:00,0.5886504650115967
2016-02-16 03:00:00,1.3491712808609009
2016-02-16 04:00:00,1.2981374263763428
2016-02-16 05:00:00,1.3004746437072754
2016-02-16 06:00:00,1.7363503873348236
2016-02-16 07:00:00,1.8632112443447113
2016-02-16 08:00:00,2.041327953338623
2016-02-16 09:00:00,2.145973175764084
2016-02-16 10:00:00,2.1367151737213135
2016-02-16 11:00:00,1.9845236837863922
2016-02-16 12:00:00,0.8224797695875168
2016-02-16 13:00:00,0.9282243251800537
2016-02-16 14:00:00,0.8230371400713921
2016-02-16 15:00:00,0.6907024458050728
2016-02-16 16:00:00,0.582832396030426
2016-02-16 17:00:00,0.5011138916015625
2016-02-16 18:00:00,0.4437687397003174
2016-02-16 19:00:00,0.40297891944646835
2016-02-16 20:00:00,0.3836388364434242
2016-02-16 21:00:00,0.3593236431479454
2016-02-16 22:00:00,0.2961161136627197
2016-02-16 23:00:00,0.2198431808501482
2016-02-17 00:00:00,0.13748964294791222
2016-02-17 01:00:00,0.06440905295312405
2016-02-17 02:00:00,0.024462580680847168
2016-02-17 03:00:00,0.09093040227890015
2016-02-17 04:00:00,0.37363864481449127
2016-02-17 05:00:00,0.5208876095712185
2016-02-17 06:00:00,0.787769440561533
2016-02-17 07:00:00,0.9869153574109077
2016-02-17 08:00:00,1.2336301654577255
2016-02-17 09:00:00,1.369382157921791
2016-02-17 10:00:00,1.261450782418251
2016-02-17 11:00:00,1.2619650214910507
2016-02-17 12:00:00,0.6800485849380493
2016-02-17 13:00:00,0.8793060779571533
2016-02-17 14:00:00,0.8517362624406815
2016-02-17 15:00:00,0.7767662554979324
2016-02-17 16:00:00,0.6674583405256271
2016-02-17 17:00:00,0.5839420631527901
2016-02-17 18:00:00,0.4901958145201206
2016-02-17 19:00:00,0.3582468247041106
2016-02-17 20:00:00,0.1965717375278473
2016-02-17 21:00:00,0.0645037293434143
2016-02-17 22:00:00,0.03540950268507004
2016-02-17 23:00:00,0.05786982178688049
2016-02-18 00:00:00,0.1490897536277771
2016-02-18 01:00:00,0.2511392831802368
2016-02-18 02:00:00,0.35686957836151123
2016-02-18 03:00:00,0.6693717241287231
2016-02-18 04:00:00,0.9517790973186493
2016-02-18 05:00:00,1.1092709302902222
2016-02-18 06:00:00,0.9585604667663574
2016-02-18 07:00:00,1.4929449707269669
2016-02-18 08:00:00,1.934703290462494
2016-02-18 09:00:00,2.190599888563156
2016-02-18 10:00:00,2.2140908241271973
2016-02-18 11:00:00,2.053910791873932
2016-02-18 12:00:00,0.9391060322523117
2016-02-18 13:00:00,1.0710861533880234
2016-02-18 14:00:00,1.1316684484481812
2016-02-18 15:00:00,1.1650291681289673
2016-02-18 16:00:00,1.077803835272789
2016-02-18 17:00:00,0.8527915552258492
2016-02-18 18:00:00,0.554906964302063
2016-02-18 19:00:00,0.3550650104880333
2016-02-18 20:00:00,0.18451287597417831
2016-02-18 21:00:00,0.006186425685882568
2016-02-18 22:00:00,-0.023526616394519806
2016-02-18 23:00:00,-0.0043693482875823975
2016-02-19 00:00:00,0.052630454301834106
2016-02-19 01:00:00,0.20060819387435913
2016-02-19 02:00:00,0.37543484568595886
2016-02-19 03:00:00,1.0093583762645721
2016-02-19 04:00:00,1.2765652984380722
2016-02-19 05:00:00,0.9042012766003609
2016-02-19 06:00:00,1.0182426199316978
2016-02-19 07:00:00,1.084978811442852
2016-02-19 08:00:00,0.9761394262313843
2016-02-19 09:00:00,0.4937382787466049
2016-02-19 10:00:00,-0.057501912117004395
2016-02-19 11:00:00,-0.17246585339307785
2016-02-19 12:00:00,-0.3445373922586441
2016-02-19 13:00:00,-0.3724917769432068
2016-02-19 14:00:00,-0.292860746383667
2016-02-19 15:00:00,-0.2874543219804764
2016-02-19 16:00:00,-0.2610710859298706
2016-02-19 17:00:00,-0.38155031204223633
2016-02-19 18:00:00,-0.5775611400604248
2016-02-19 19:00:00,-0.7402331903576851
2016-02-19 20:00:00,-0.8382506817579269
2016-02-19 21:00:00,-0.7869758605957031
2016-02-19 22:00:00,-0.29259610176086426
2016-02-19 23:00:00,0.485879123210907
2016-02-20 00:00:00,0.9305655211210251
2016-02-20 01:00:00,1.1957180500030518
2016-02-20 02:00:00,1.6449385583400726
2016-02-20 03:00:00,1.814997911453247
2016-02-20 04:00:00,1.0104920864105225
2016-02-20 05:00:00,1.580108880996704
2016-02-20 06:00:00,1.7951134741306305
2016-02-20 07:00:00,1.8697783052921295
2016-02-20 08:00:00,2.023214340209961
2016-02-20 09:00:00,2.245253562927246
2016-02-20 10:00:00,2.474124699831009
2016-02-20 11:00:00,2.357589691877365
2016-02-20 12:00:00,1.0138738453388214
2016-02-20 13:00:00,0.8747606873512268
2016-02-20 14:00:00,0.9473612308502197
2016-02-20 15:00:00,1.1547839641571045
2016-02-20 16:00:00,1.345948576927185
2016-02-20 17:00:00,1.6124934554100037
2016-02-20 18:00:00,1.9058653712272644
2016-02-20 19:00:00,2.1238549053668976
2016-02-20 20:00:00,2.2181031703948975
2016-02-20 21:00:00,2.177563190460205
2016-02-20 22:00:00,2.197636127471924
2016-02-20 23:00:00,2.2059195041656494
2016-02-21 00:00:00,2.2495538890361786
2016-02-21 01:00:00,2.3148488998413086
2016-02-21 02:00:00,3.114628791809082
2016-02-21 03:00:00,3.1089324951171875
2016-02-21 04:00:00,3.8533291816711426
2016-02-21 05:00:00,3.959483802318573
2016-02-21 06:00:00,4.1063690185546875
2016-02-21 07:00:00,4.451476037502289
2016-02-21 08:00:00,4.8292765617370605
2016-02-21 09:00:00,5.085570335388184
2016-02-21 10:00:00,4.862628936767578
2016-02-21 11:00:00,4.340114593505859
2016-02-21 12:00:00,2.2804675102233887
2016-02-21 13:00:00,1.8052406311035156
2016-02-21 14:00:00,2.0191876888275146
2016-02-21 15:00:00,2.16670560836792
2016-02-21 16:00:00,2.278984308242798
2016-02-21 17:00:00,2.2692360877990723
2016-02-21 18:00:00,2.2563286125659943
2016-02-21 19:00:00,2.1769814491271973
2016-02-21 20:00:00,2.1053595542907715
2016-02-21 21:00:00,2.120517283678055
2016-02-21 22:00:00,2.2062716484069824
2016-02-21 23:00:00,2.38763427734375
2016-02-22 00:00:00,2.5870676040649414
2016-02-22 01:00:00,2.8220889568328857
2016-02-22 02:00:00,3.7858352661132812
2016-02-22 03:00:00,3.7153375148773193
2016-02-22 04:00:00,3.404801607131958
2016-02-22 05:00:00,4.958697319030762
2016-02-22 06:00:00,4.824057579040527
2016-02-22 07:00:00,4.828884601593018
2016-02-22 08:00:00,4.890593528747559
2016-02-22 09:00:00,4.902060508728027
2016-02-22 10:00:00,4.826970100402832
2016-02-22 11:00:00,4.43515682220459
2016-02-22 12:00:00,2.1307265758514404
2016-02-22 13:00:00,1.8975776731967926
2016-02-22 14:00:00,1.997875690460205
2016-02-22 15:00:00,2.043954312801361
2016-02-22 16:00:00,2.0327141284942627
2016-02-22 17:00:00,1.97589772939682
2016-02-22 18:00:00,1.9463415145874023
2016-02-22 19:00:00,1.9034600257873535
2016-02-22 20:00:00,1.8549354076385498
2016-02-22 21:00:00,1.7834525108337402
2016-02-22 22:00:00,1.6751928329467773
2016-02-22 23:00:00,1.599871039390564
2016-02-23 00:00:00,1.5537837743759155
2016-02-23 01:00:00,1.5247894525527954
2016-02-23 02:00:00,1.8183314800262451
2016-02-23 03:00:00,2.664245843887329
2016-02-23 04:00:00,2.0453398525714874
2016-02-23 05:00:00,3.4576423168182373
2016-02-23 06:00:00,3.3115243911743164
2016-02-23 07:00:00,3.2344472408294678
2016-02-23 08:00:00,3.1635921001434326
2016-02-23 09:00:00,3.104095458984375
2016-02-23 10:00:00,2.9872395992279053
2016-02-23 11:00:00,2.69952654838562
2016-02-23 12:00:00,1.0445678234100342
2016-02-23 13:00:00,1.3720743656158447
2016-02-23 14:00:00,1.4007292985916138
2016-02-23 15:00:00,1.438582181930542
2016-02-23 16:00:00,1.464096188545227
2016-02-23 17:00:00,1.4472908973693848
2016-02-23 18:00:00,1.4027081727981567
2016-02-23 19:00:00,1.338978886604309
2016-02-23 20:00:00,1.256256341934204
2016-02-23 21:00:00,1.1573784351348877
2016-02-23 22:00:00,1.1700999736785889
2016-02-23 23:00:00,1.188093662261963
2016-02-24 00:00:00,1.2066209316253662
2016-02-24 01:00:00,1.2164455652236938
2016-02-24 02:00:00,0.9878630340099335
2016-02-24 03:00:00,1.6159576177597046
2016-02-24 04:00:00,0.8820091485977173
2016-02-24 05:00:00,0.863102875649929
2016-02-24 06:00:00,0.2290194183588028
2016-02-24 07:00:00,-0.06966900825500488
2016-02-24 08:00:00,-0.006053149700164795
2016-02-24 09:00:00,0.11912840604782104
2016-02-24 10:00:00,0.40819768607616425
2016-02-24 11:00:00,0.6890912055969238
2016-02-24 12:00:00,0.46798139810562134
2016-02-24 13:00:00,0.3927409052848816
2016-02-24 14:00:00,0.24241697788238525
2016-02-24 15:00:00,0.1879097819328308
2016-02-24 16:00:00,0.1776081621646881
2016-02-24 17:00:00,0.3099529966711998
2016-02-24 18:00:00,0.3069230541586876
2016-02-24 19:00:00,0.1975574791431427
2016-02-24 20:00:00,0.20204603672027588
2016-02-24 21:00:00,0.05119655095040798
2016-02-24 22:00:00,-0.19846093468368053
2016-02-24 23:00:00,-0.3972651734948158
2016-02-25 00:00:00,-0.557499285787344
2016-02-25 01:00:00,-0.6151138544082642
2016-02-25 02:00:00,-0.5015848278999329
2016-02-25 03:00:00,-1.0320501327514648
2016-02-25 04:00:00,-1.0184760093688965
2016-02-25 05:00:00,-0.5901618003845215
2016-02-25 06:00:00,-0.6800339221954346
2016-02-25 07:00:00,-0.26449332013726234
2016-02-25 08:00:00,0.14565759897232056
2016-02-25 09:00:00,0.18486910313367844
2016-02-25 10:00:00,-0.008936416357755661
2016-02-25 11:00:00,0.14810118079185486
2016-02-25 12:00:00,-0.0355609655380249
2016-02-25 13:00:00,-0.4958922863006592
2016-02-25 14:00:00,-0.9041656255722046
2016-02-25 15:00:00,-1.056783676147461
2016-02-25 16:00:00,-1.1084463596343994
2016-02-25 17:00:00,-1.1438760608434677
2016-02-25 18:00:00,-1.172584056854248
2016-02-25 19:00:00,-1.214294195175171
2016-02-25 20:00:00,-1.2193063497543335
2016-02-25 21:00:00,-1.189117431640625
2016-02-25 22:00:00,-1.1047124713659286
2016-02-25 23:00:00,-1.0465900897979736
2016-02-26 00:00:00,-1.0081342458724976
2016-02-26 01:00:00,-1.0047769397497177
2016-02-26 02:00:00,-0.8977977633476257
2016-02-26 03:00:00,-1.9956905841827393
2016-02-26 04:00:00,-1.5940364599227905
2016-02-26 05:00:00,-1.9643547534942627
2016-02-26 06:00:00,-1.9844212532043457
2016-02-26 07:00:00,-1.898840308189392
2016-02-26 08:00:00,-1.6562117338180542
2016-02-26 09:00:00,-1.2711694240570068
2016-02-26 10:00:00,-0.7392145395278931
2016-02-26 11:00:00,-0.1684209108352661
2016-02-26 12:00:00,0.18931972980499268
2016-02-26 13:00:00,0.3637010455131531
2016-02-26 14:00:00,0.401894748210907
2016-02-26 15:00:00,0.4662165641784668
2016-02-26 16:00:00,0.5717251300811768
2016-02-26 17:00:00,0.6392194777727127
2016-02-26 18:00:00,0.6479294337332249
2016-02-26 19:00:00,0.6519944071769714
2016-02-26 20:00:00,0.6754645109176636
2016-02-26 21:00:00,0.753532886505127
2016-02-26 22:00:00,0.8018976449966431
2016-02-26 23:00:00,0.8349324464797974
2016-02-27 00:00:00,0.8669161796569824
2016-02-27 01:00:00,0.8630284070968628
2016-02-27 02:00:00,0.7545870542526245
2016-02-27 03:00:00,0.8389399498701096
2016-02-27 04:00:00,0.23922723531723022
2016-02-27 05:00:00,-0.2244410514831543
2016-02-27 06:00:00,-0.6234859824180603
2016-02-27 07:00:00,-0.7190163135528564
2016-02-27 08:00:00,-0.587847113609314
2016-02-27 09:00:00,-0.29984188079833984
2016-02-27 10:00:00,0.11597400903701782
2016-02-27 11:00:00,0.41868454217910767
2016-02-27 12:00:00,0.3479143977165222
2016-02-27 13:00:00,0.35965265333652496
2016-02-27 14:00:00,0.3253557085990906
2016-02-27 15:00:00,0.3577112555503845
2016-02-27 16:00:00,0.40815114974975586
2016-02-27 17:00:00,0.42174339294433594
2016-02-27 18:00:00,0.3706640154123306
2016-02-27 19:00:00,0.24800803512334824
2016-02-27 20:00:00,0.12325376272201538
2016-02-27 21:00:00,0.021304547786712646
2016-02-27 22:00:00,-0.06233331561088562
2016-02-27 23:00:00,-0.10375678539276123
2016-02-28 00:00:00,-0.13286414742469788
2016-02-28 01:00:00,-0.14680182933807373
2016-02-28 02:00:00,-0.20889908075332642
2016-02-28 03:00:00,-0.41670989990234375
2016-02-28 04:00:00,-0.4775393605232239
2016-02-28 05:00:00,-0.24753830581903458
2016-02-28 06:00:00,-0.4364801049232483
2016-02-28 07:00:00,-0.5012964606285095
2016-02-28 08:00:00,-0.43393467366695404
2016-02-28 09:00:00,-0.24254188686609268
2016-02-28 10:00:00,0.006467267870903015
2016-02-28 11:00:00,0.2236948162317276
2016-02-28 12:00:00,0.16392338275909424
2016-02-28 13:00:00,0.0789366364479065
2016-02-28 14:00:00,-0.14897556602954865
2016-02-28 15:00:00,-0.31061525642871857
2016-02-28 16:00:00,-0.3834865540266037
2016-02-28 17:00:00,-0.40680475533008575
2016-02-28 18:00:00,-0.4302060157060623
2016-02-28 19:00:00,-0.42367851734161377
2016-02-28 20:00:00,-0.46587979048490524
2016-02-28 21:00:00,-0.5177792273461819
2016-02-28 22:00:00,-0.5670174965634942
2016-02-28 23:00:00,-0.5983102917671204
2016-02-29 00:00:00,-0.6702298521995544
2016-02-29 01:00:00,-0.7621687725186348
2016-02-29 02:00:00,-0.7462563589215279
2016-02-29 03:00:00,-1.171842321753502
2016-02-29 04:00:00,-0.9674440622329712
2016-02-29 05:00:00,-0.886350154876709
2016-02-29 06:00:00,-0.6644147485494614
2016-02-29 07:00:00,-0.37804369628429413
2016-02-29 08:00:00,-0.02010565996170044
2016-02-29 09:00:00,0.3084355443716049
2016-02-29 10:00:00,0.6038828939199448
2016-02-29 11:00:00,0.7859150115400553
2016-02-29 12:00:00,0.41402381658554077
2016-02-29 13:00:00,0.375603549182415
2016-02-29 14:00:00,0.25464291870594025
2016-02-29 15:00:00,0.12854024674743414
2016-02-29 16:00:00,-0.050622232258319855
2016-02-29 17:00:00,-0.13136406987905502
2016-02-29 18:00:00,-0.18462206423282623
2016-02-29 19:00:00,-0.21581215038895607
2016-02-29 20:00:00,-0.2439882755279541
2016-02-29 21:00:00,-0.15763527527451515
2016-02-29 22:00:00,-0.018099330365657806
2016-02-29 23:00:00,0.18989527225494385
2016-03-01 00:00:00,0.38120507821440697
2016-03-01 01:00:00,0.4826977252960205
2016-03-01 02:00:00,0.4922558665275574
2016-03-01 03:00:00,0.5984469652175903
2016-03-01 04:00:00,0.38867173343896866
2016-03-01 05:00:00,0.730271341279149
2016-03-01 06:00:00,1.041447401046753
2016-03-01 07:00:00,1.444149374961853
2016-03-01 08:00:00,1.8249387741088867
2016-03-01 09:00:00,2.0279195308685303
2016-03-01 10:00:00,2.0265689492225647
2016-03-01 11:00:00,1.813582420349121
2016-03-01 12:00:00,0.6612463593482971
2016-03-01 13:00:00,0.7855134084820747
2016-03-01 14:00:00,0.6784807443618774
2016-03-01 15:00:00,0.5822398215532303
2016-03-01 16:00:00,0.564409613609314
2016-03-01 17:00:00,0.6205803900957108
2016-03-01 18:00:00,0.7158620804548264
2016-03-01 19:00:00,0.7289984673261642
2016-03-01 20:00:00,0.638546422123909
2016-03-01 21:00:00,0.49994583427906036
2016-03-01 22:00:00,0.40188300609588623
2016-03-01 23:00:00,0.23392373323440552
2016-03-02 00:00:00,0.07631301879882812
2016-03-02 01:00:00,0.06304226070642471
2016-03-02 02:00:00,0.10240409523248672
2016-03-02 03:00:00,0.23436838388442993
2016-03-02 04:00:00,0.25266915559768677
2016-03-02 05:00:00,0.7408804930746555
2016-03-02 06:00:00,0.9151157140731812
2016-03-02 07:00:00,1.1802103817462921
2016-03-02 08:00:00,1.318676620721817
2016-03-02 09:00:00,1.3568003326654434
2016-03-02 10:00:00,1.3977087438106537
2016-03-02 11:00:00,1.3139848709106445
2016-03-02 12:00:00,0.4670207481831312
2016-03-02 13:00:00,0.4997977763414383
2016-03-02 14:00:00,0.3700323551893234
2016-03-02 15:00:00,0.29083867371082306
2016-03-02 16:00:00,0.25613129138946533
2016-03-02 17:00:00,0.2436566799879074
2016-03-02 18:00:00,0.20498205721378326
2016-03-02 19:00:00,0.09663690626621246
2016-03-02 20:00:00,-0.11004173755645752
2016-03-02 21:00:00,-0.3402770161628723
2016-03-02 22:00:00,-0.4953497648239136
2016-03-02 23:00:00,-0.5424550175666809
2016-03-03 00:00:00,-0.26844143867492676
2016-03-03 01:00:00,0.44921135902404785
2016-03-03 02:00:00,0.6896151304244995
2016-03-03 03:00:00,1.8031415343284607
2016-03-03 04:00:00,2.165539801120758
2016-03-03 05:00:00,2.323614537715912
2016-03-03 06:00:00,2.058981955051422
2016-03-03 07:00:00,2.025465250015259
2016-03-03 08:00:00,2.132922649383545
2016-03-03 09:00:00,2.267915964126587
2016-03-03 10:00:00,2.2653217017650604
2016-03-03 11:00:00,2.1049745082855225
2016-03-03 12:00:00,0.6877503842115402
2016-03-03 13:00:00,0.6576087921857834
2016-03-03 14:00:00,0.5468866378068924
2016-03-03 15:00:00,0.46490538120269775
2016-03-03 16:00:00,0.41133129596710205
2016-03-03 17:00:00,0.3700791820883751
2016-03-03 18:00:00,0.3449889197945595
2016-03-03 19:00:00,0.3136177659034729
2016-03-03 20:00:00,0.25459516048431396
2016-03-03 21:00:00,0.18761432357132435
2016-03-03 22:00:00,0.24388989806175232
2016-03-03 23:00:00,0.32358506321907043
2016-03-04 00:00:00,0.45027539879083633
2016-03-04 01:00:00,0.5838539600372314
2016-03-04 02:00:00,0.6526007577776909
2016-03-04 03:00:00,1.520128607749939
2016-03-04 04:00:00,1.3941291570663452
2016-03-04 05:00:00,2.0958502292633057
2016-03-04 06:00:00,2.349270820617676
2016-03-04 07:00:00,2.6039970219135284
2016-03-04 08:00:00,2.774407386779785
2016-03-04 09:00:00,2.838226079940796
2016-03-04 10:00:00,2.643862724304199
2016-03-04 11:00:00,2.3903160095214844
2016-03-04 12:00:00,0.7886523455381393
2016-03-04 13:00:00,0.8661309480667114
2016-03-04 14:00:00,0.7282098457217216
2016-03-04 15:00:00,0.5356967486441135
2016-03-04 16:00:00,0.44824093952775
2016-03-04 17:00:00,0.35166996717453003
2016-03-04 18:00:00,0.2633035182952881
2016-03-04 19:00:00,0.1912674903869629
2016-03-04 20:00:00,0.17414706945419312
2016-03-04 21:00:00,0.1743907928466797
2016-03-04 22:00:00,0.3024250268936157
2016-03-04 23:00:00,0.4425305128097534
2016-03-05 00:00:00,0.5293098092079163
2016-03-05 01:00:00,0.5015955567359924
2016-03-05 02:00:00,0.4472387433052063
2016-03-05 03:00:00,0.4462779015302658
2016-03-05 04:00:00,-0.13061219453811646
2016-03-05 05:00:00,-1.311840072274208
2016-03-05 06:00:00,-1.4891622066497803
2016-03-05 07:00:00,-1.227278247475624
2016-03-05 08:00:00,-0.8670344352722168
2016-03-05 09:00:00,-0.6740983724594116
2016-03-05 10:00:00,-0.8745632171630859
2016-03-05 11:00:00,-1.0368683636188507
2016-03-05 12:00:00,-0.45687150955200195
2016-03-05 13:00:00,-0.6788190007209778
2016-03-05 14:00:00,-0.07352495193481445
2016-03-05 15:00:00,1.3786601424217224
2016-03-05 16:00:00,2.5060505270957947
2016-03-05 17:00:00,2.428740918636322
2016-03-05 18:00:00,0.7739949226379395
2016-03-05 19:00:00,-0.3446241617202759
2016-03-05 20:00:00,-0.7907915115356445
2016-03-05 21:00:00,-1.184940218925476
2016-03-05 22:00:00,-1.469794511795044
2016-03-05 23:00:00,-1.619979977607727
2016-03-06 00:00:00,-1.5506999492645264
2016-03-06 01:00:00,-1.3181202411651611
2016-03-06 02:00:00,-2.343313694000244
2016-03-06 03:00:00,-2.0595807433128357
2016-03-06 04:00:00,-2.564525604248047
2016-03-06 05:00:00,-2.7704122066497803
2016-03-06 06:00:00,-2.550325632095337
2016-03-06 07:00:00,-2.002018690109253
2016-03-06 08:00:00,-1.3254382610321045
2016-03-06 09:00:00,-0.6799817681312561
2016-03-06 10:00:00,-0.4241814613342285
2016-03-06 11:00:00,-0.08041620254516602
2016-03-06 12:00:00,0.14514273405075073
2016-03-06 13:00:00,0.5039231777191162
2016-03-06 14:00:00,0.6187727451324463
2016-03-06 15:00:00,0.6214248538017273
2016-03-06 16:00:00,0.5511012673377991
2016-03-06 17:00:00,0.4609580636024475
2016-03-06 18:00:00,0.3533521294593811
2016-03-06 19:00:00,0.2821792960166931
2016-03-06 20:00:00,0.21362411975860596
2016-03-06 21:00:00,0.13269293308258057
2016-03-06 22:00:00,0.15373670309782028
2016-03-06 23:00:00,0.19848699122667313
2016-03-07 00:00:00,0.27902287244796753
2016-03-07 01:00:00,0.4367942214012146
2016-03-07 02:00:00,1.0303231477737427
2016-03-07 03:00:00,1.5451685190200806
2016-03-07 04:00:00,1.0082972049713135
2016-03-07 05:00:00,0.8082046508789062
2016-03-07 06:00:00,1.2193072885274887
2016-03-07 07:00:00,1.651977300643921
2016-03-07 08:00:00,1.9519169330596924
2016-03-07 09:00:00,2.379802942276001
2016-03-07 10:00:00,2.5047712326049805
2016-03-07 11:00:00,2.546863555908203
2016-03-07 12:00:00,1.841403305530548
2016-03-07 13:00:00,1.0419130325317383
2016-03-07 14:00:00,1.1913117170333862
2016-03-07 15:00:00,1.233315721154213
2016-03-07 16:00:00,1.2846655994653702
2016-03-07 17:00:00,1.1723514944314957
2016-03-07 18:00:00,1.0530102252960205
2016-03-07 19:00:00,1.0443919897079468
2016-03-07 20:00:00,1.0931692123413086
2016-03-07 21:00:00,1.066171184182167
2016-03-07 22:00:00,1.0296506583690643
2016-03-07 23:00:00,1.0293615013360977
2016-03-08 00:00:00,1.0452473163604736
2016-03-08 01:00:00,1.0849780887365341
2016-03-08 02:00:00,2.3725080490112305
2016-03-08 03:00:00,2.124376058578491
2016-03-08 04:00:00,2.599013328552246
2016-03-08 05:00:00,2.450366258621216
2016-03-08 06:00:00,2.4663922786712646
2016-03-08 07:00:00,2.593634605407715
2016-03-08 08:00:00,2.782740831375122
2016-03-08 09:00:00,2.9402313232421875
2016-03-08 10:00:00,3.0746262073516846
2016-03-08 11:00:00,3.035226345062256
2016-03-08 12:00:00,2.2786662578582764
2016-03-08 13:00:00,1.0573628097772598
2016-03-08 14:00:00,1.1233750581741333
2016-03-08 15:00:00,1.1338798999786377
2016-03-08 16:00:00,1.0863220691680908
2016-03-08 17:00:00,1.0409406423568726
2016-03-08 18:00:00,1.0499746799468994
2016-03-08 19:00:00,1.0696955919265747
2016-03-08 20:00:00,1.0672858953475952
2016-03-08 21:00:00,1.0251818001270294
2016-03-08 22:00:00,1.000268578529358
2016-03-08 23:00:00,0.9226281642913818
2016-03-09 00:00:00,0.8435366749763489
2016-03-09 01:00:00,0.864082396030426
2016-03-09 02:00:00,1.7652970254421234
2016-03-09 03:00:00,2.024596929550171
2016-03-09 04:00:00,2.3897979259490967
2016-03-09 05:00:00,2.5944995880126953
2016-03-09 06:00:00,2.950289726257324
2016-03-09 07:00:00,3.086362838745117
2016-03-09 08:00:00,3.017331600189209
2016-03-09 09:00:00,2.963613986968994
2016-03-09 10:00:00,3.0504980087280273
2016-03-09 11:00:00,3.0383777618408203
2016-03-09 12:00:00,2.0006389021873474
2016-03-09 13:00:00,1.0308588743209839
2016-03-09 14:00:00,1.0944814532995224
2016-03-09 15:00:00,1.1924800872802734
2016-03-09 16:00:00,1.1830066442489624
2016-03-09 17:00:00,1.142345666885376
2016-03-09 18:00:00,1.1329333633184433
2016-03-09 19:00:00,1.1359518766403198
2016-03-09 20:00:00,1.1564184427261353
2016-03-09 21:00:00,1.06813383102417
2016-03-09 22:00:00,0.9594919681549072
2016-03-09 23:00:00,0.8751599788665771
2016-03-10 00:00:00,0.7780299186706543
2016-03-10 01:00:00,0.750244140625
2016-03-10 02:00:00,0.9107804298400879
2016-03-10 03:00:00,1.3173234462738037
2016-03-10 04:00:00,2.2581279277801514
2016-03-10 05:00:00,2.8264362812042236
2016-03-10 06:00:00,3.266362428665161
2016-03-10 07:00:00,3.5869851112365723
2016-03-10 08:00:00,3.7699413299560547
2016-03-10 09:00:00,3.6209442019462585
2016-03-10 10:00:00,3.3589470386505127
2016-03-10 11:00:00,3.1201469898223877
2016-03-10 12:00:00,2.3011419773101807
2016-03-10 13:00:00,0.9205526560544968
2016-03-10 14:00:00,0.7397494241595268
2016-03-10 15:00:00,0.5013719759881496
2016-03-10 16:00:00,0.21734583377838135
2016-03-10 17:00:00,-0.058240532875061035
2016-03-10 18:00:00,-0.24365359544754028
2016-03-10 19:00:00,-0.4080202579498291
2016-03-10 20:00:00,-0.511098325252533
2016-03-10 21:00:00,-0.5972660705447197
2016-03-10 22:00:00,-0.6572890356183052
2016-03-10 23:00:00,-0.4586162567138672
2016-03-11 00:00:00,-0.07933962345123291
2016-03-11 01:00:00,0.16558080911636353
2016-03-11 02:00:00,0.18884479999542236
2016-03-11 03:00:00,0.352863609790802
2016-03-11 04:00:00,0.3814461827278137
2016-03-11 05:00:00,0.6889937520027161
2016-03-11 06:00:00,1.1185412555932999
2016-03-11 07:00:00,1.4105864763259888
2016-03-11 08:00:00,1.6802341938018799
2016-03-11 09:00:00,2.0844390392303467
2016-03-11 10:00:00,2.585904359817505
2016-03-11 11:00:00,2.8857245445251465
2016-03-11 12:00:00,1.5168820321559906
2016-03-11 13:00:00,0.5971957519650459
2016-03-11 14:00:00,0.8324118256568909
2016-03-11 15:00:00,0.9407351016998291
2016-03-11 16:00:00,0.7712334394454956
2016-03-11 17:00:00,0.5977953113615513
2016-03-11 18:00:00,0.3531811386346817
2016-03-11 19:00:00,0.03752242773771286
2016-03-11 20:00:00,-0.3111557364463806
2016-03-11 21:00:00,-0.6825712844729424
2016-03-11 22:00:00,-0.7576656937599182
2016-03-11 23:00:00,-0.9536691904067993
2016-03-12 00:00:00,-1.3289213180541992
2016-03-12 01:00:00,-1.5523912906646729
2016-03-12 02:00:00,-1.981440544128418
2016-03-12 03:00:00,-2.648908853530884
2016-03-12 04:00:00,-2.2107906341552734
2016-03-12 05:00:00,-1.4588541984558105
2016-03-12 06:00:00,-1.2868528217077255
2016-03-12 07:00:00,-1.4676543846726418
2016-03-12 08:00:00,-1.5547613948583603
2016-03-12 09:00:00,-1.5220339447259903
2016-03-12 10:00:00,-1.6950162947177887
2016-03-12 11:00:00,-1.551588624715805
2016-03-12 12:00:00,-1.2333114296197891
2016-03-12 13:00:00,-1.7160351276397705
2016-03-12 14:00:00,-2.2606033980846405
2016-03-12 15:00:00,-2.506409615278244
2016-03-12 16:00:00,-2.615906000137329
2016-03-12 17:00:00,-2.50002358853817
2016-03-12 18:00:00,-2.4325923919677734
2016-03-12 19:00:00,-2.3970999717712402
2016-03-12 20:00:00,-2.4115679562091827
2016-03-12 21:00:00,-2.524117946624756
2016-03-12 22:00:00,-2.134753942489624
2016-03-12 23:00:00,-1.9954834580421448
2016-03-13 00:00:00,-1.4805102497339249
2016-03-13 01:00:00,-1.1461086422204971
2016-03-13 02:00:00,-1.9899678230285645
2016-03-13 03:00:00,-2.078299105167389
2016-03-13 04:00:00,-1.076014757156372
2016-03-13 05:00:00,-0.19774234294891357
2016-03-13 06:00:00,0.2893392741680145
2016-03-13 07:00:00,0.5950446426868439
2016-03-13 08:00:00,0.8161883354187012
2016-03-13 09:00:00,0.900324821472168
2016-03-13 10:00:00,1.129158541560173
2016-03-13 11:00:00,1.2264968156814575
2016-03-13 12:00:00,0.47062599658966064
2016-03-13 13:00:00,0.4161216616630554
2016-03-13 14:00:00,0.15626084804534912
2016-03-13 15:00:00,-0.072803795337677
2016-03-13 16:00:00,-0.16489052772521973
2016-03-13 17:00:00,-0.23072350025177002
2016-03-13 18:00:00,-0.2863936424255371
2016-03-13 19:00:00,-0.30616194009780884
2016-03-13 20:00:00,-0.2975645065307617
2016-03-13 21:00:00,-0.30780890583992004
2016-03-13 22:00:00,-0.40563013404607773
2016-03-13 23:00:00,-0.5650716945528984
2016-03-14 00:00:00,-0.686146505177021
2016-03-14 01:00:00,-0.7381284832954407
2016-03-14 02:00:00,-1.3744360208511353
2016-03-14 03:00:00,-1.4230297431349754
2016-03-14 04:00:00,-1.6624693274497986
2016-03-14 05:00:00,-1.4451956748962402
2016-03-14 06:00:00,-1.1786966621875763
2016-03-14 07:00:00,-0.7672756016254425
2016-03-14 08:00:00,-0.30166880786418915
2016-03-14 09:00:00,0.09539356827735901
2016-03-14 10:00:00,0.33331452310085297
2016-03-14 11:00:00,0.7656841278076172
2016-03-14 12:00:00,0.9981477558612823
2016-03-14 13:00:00,0.6498596668243408
2016-03-14 14:00:00,0.5965502187609673
2016-03-14 15:00:00,0.5549548827111721
2016-03-14 16:00:00,0.5321791805326939
2016-03-14 17:00:00,0.5093557201325893
2016-03-14 18:00:00,0.5282044410705566
2016-03-14 19:00:00,0.6075999699532986
2016-03-14 20:00:00,0.579359769821167
2016-03-14 21:00:00,0.4428306668996811
2016-03-14 22:00:00,0.3874807581305504
2016-03-14 23:00:00,0.4473856911063194
2016-03-15 00:00:00,0.5323741361498833
2016-03-15 01:00:00,0.608089029788971
2016-03-15 02:00:00,0.9248967170715332
2016-03-15 03:00:00,1.2932358980178833
2016-03-15 04:00:00,1.4332175105810165
2016-03-15 05:00:00,1.4854199886322021
2016-03-15 06:00:00,1.6344170421361923
2016-03-15 07:00:00,1.9677533507347107
2016-03-15 08:00:00,2.4653343856334686
2016-03-15 09:00:00,2.7785544395446777
2016-03-15 10:00:00,2.904486656188965
2016-03-15 11:00:00,2.861067056655884
2016-03-15 12:00:00,1.8992233276367188
2016-03-15 13:00:00,0.9688883274793625
2016-03-15 14:00:00,0.9554658383131027
2016-03-15 15:00:00,0.9952206313610077
2016-03-15 16:00:00,1.1306514739990234
2016-03-15 17:00:00,1.2862401008605957
2016-03-15 18:00:00,1.3572862148284912
2016-03-15 19:00:00,1.4609614312648773
2016-03-15 20:00:00,1.519775152206421
2016-03-15 21:00:00,1.6245520114898682
2016-03-15 22:00:00,1.5513738691806793
2016-03-15 23:00:00,1.2862005233764648
2016-03-16 00:00:00,1.0819164514541626
2016-03-16 01:00:00,1.0264309346675873
2016-03-16 02:00:00,2.3097808361053467
2016-03-16 03:00:00,1.9636573195457458
2016-03-16 04:00:00,2.5607151985168457
2016-03-16 05:00:00,3.316431999206543
2016-03-16 06:00:00,3.4879791140556335
2016-03-16 07:00:00,3.8094701766967773
2016-03-16 08:00:00,3.925960063934326
2016-03-16 09:00:00,3.7690439224243164
2016-03-16 10:00:00,3.618479549884796
2016-03-16 11:00:00,2.752900153398514
2016-03-16 12:00:00,1.4726078510284424
2016-03-16 13:00:00,1.299816370010376
2016-03-16 14:00:00,1.3103713989257812
2016-03-16 15:00:00,1.1847448348999023
2016-03-16 16:00:00,1.2049893140792847
2016-03-16 17:00:00,1.171157106757164
2016-03-16 18:00:00,1.1308813244104385
2016-03-16 19:00:00,1.0270625352859497
2016-03-16 20:00:00,0.8663935586810112
2016-03-16 21:00:00,0.801414854824543
2016-03-16 22:00:00,0.7144393920898438
2016-03-16 23:00:00,0.650488555431366
2016-03-17 00:00:00,0.5267425775527954
2016-03-17 01:00:00,0.6438570022583008
2016-03-17 02:00:00,1.3256523609161377
2016-03-17 03:00:00,1.3834108114242554
2016-03-17 04:00:00,1.135979413986206
2016-03-17 05:00:00,1.5721876621246338
2016-03-17 06:00:00,1.7167143821716309
2016-03-17 07:00:00,1.8114805221557617
2016-03-17 08:00:00,1.517254114151001
2016-03-17 09:00:00,0.9603368043899536
2016-03-17 10:00:00,0.4454357773065567
2016-03-17 11:00:00,0.05353212356567383
2016-03-17 12:00:00,-0.31226402521133423
2016-03-17 13:00:00,-0.8065337687730789
2016-03-17 14:00:00,-1.1013394594192505
2016-03-17 15:00:00,-1.3276973962783813
2016-03-17 16:00:00,-1.4199622869491577
2016-03-17 17:00:00,-1.5000839233398438
2016-03-17 18:00:00,-1.6240628957748413
2016-03-17 19:00:00,-1.7793223857879639
2016-03-17 20:00:00,-1.9032908082008362
2016-03-17 21:00:00,-2.0208348631858826
2016-03-17 22:00:00,-2.076223134994507
2016-03-17 23:00:00,-2.1120414435863495
2016-03-18 00:00:00,-2.061537265777588
2016-03-18 01:00:00,-1.8766708374023438
2016-03-18 02:00:00,-2.8299500942230225
2016-03-18 03:00:00,-2.7798171043395996
2016-03-18 04:00:00,-2.9600584506988525
2016-03-18 05:00:00,-2.5712313652038574
2016-03-18 06:00:00,-2.0010032951831818
2016-03-18 07:00:00,-1.3567728102207184
2016-03-18 08:00:00,-0.6131987571716309
2016-03-18 09:00:00,0.1755361557006836
2016-03-18 10:00:00,0.3265727758407593
2016-03-18 11:00:00,0.4849257469177246
2016-03-18 12:00:00,0.2573680877685547
2016-03-18 13:00:00,0.2768135517835617
2016-03-18 14:00:00,0.22084308415651321
2016-03-18 15:00:00,0.23289597034454346
2016-03-18 16:00:00,0.2711560130119324
2016-03-18 17:00:00,0.1397581696510315
2016-03-18 18:00:00,-0.12507331371307373
2016-03-18 19:00:00,-0.4980800747871399
2016-03-18 20:00:00,-0.8274189233779907
2016-03-18 21:00:00,-1.0320411920547485
2016-03-18 22:00:00,-1.0804641246795654
2016-03-18 23:00:00,-1.0685621500015259
2016-03-19 00:00:00,-0.9879869222640991
2016-03-19 01:00:00,-0.8308018445968628
2016-03-19 02:00:00,-0.4923067092895508
2016-03-19 03:00:00,-0.7133520841598511
2016-03-19 04:00:00,-0.1611841917037964
2016-03-19 05:00:00,0.2828183174133301
2016-03-19 06:00:00,0.46850693225860596
2016-03-19 07:00:00,0.6925919055938721
2016-03-19 08:00:00,0.9347394704818726
2016-03-19 09:00:00,1.1295752674341202
2016-03-19 10:00:00,1.0203690230846405
2016-03-19 11:00:00,0.8699675798416138
2016-03-19 12:00:00,0.3047712445259094
2016-03-19 13:00:00,0.09431255236268044
2016-03-19 14:00:00,-0.1630062460899353
2016-03-19 15:00:00,-0.38130128383636475
2016-03-19 16:00:00,-0.4708946943283081
2016-03-19 17:00:00,-0.521926999092102
2016-03-19 18:00:00,-0.5796842575073242
2016-03-19 19:00:00,-0.6657986640930176
2016-03-19 20:00:00,-0.7139843702316284
2016-03-19 21:00:00,-0.7337610721588135
2016-03-19 22:00:00,-0.7209310531616211
2016-03-19 23:00:00,-0.7065263390541077
2016-03-20 00:00:00,-0.6621888279914856
2016-03-20 01:00:00,-0.5651109218597412
2016-03-20 02:00:00,-0.350469209253788
2016-03-20 03:00:00,-0.3276834189891815
2016-03-20 04:00:00,-0.23925495147705078
2016-03-20 05:00:00,0.3741426467895508
2016-03-20 06:00:00,0.8779040575027466
2016-03-20 07:00:00,1.3849233388900757
2016-03-20 08:00:00,1.8761229515075684
2016-03-20 09:00:00,2.320173501968384
2016-03-20 10:00:00,2.537569522857666
2016-03-20 11:00:00,2.5221102237701416
2016-03-20 12:00:00,1.542649507522583
2016-03-20 13:00:00,0.8662077188491821
2016-03-20 14:00:00,0.8516671657562256
2016-03-20 15:00:00,0.8327775001525879
2016-03-20 16:00:00,0.8346288949251175
2016-03-20 17:00:00,0.8506394624710083
2016-03-20 18:00:00,0.8776255771517754
2016-03-20 19:00:00,0.9038339406251907
2016-03-20 20:00:00,0.9304517507553101
2016-03-20 21:00:00,0.9452626705169678
2016-03-20 22:00:00,0.9002468660473824
2016-03-20 23:00:00,0.8286267518997192
2016-03-21 00:00:00,0.8460511714220047
2016-03-21 01:00:00,0.9852808490395546
2016-03-21 02:00:00,1.724081739783287
2016-03-21 03:00:00,2.098808526992798
2016-03-21 04:00:00,2.8132888972759247
2016-03-21 05:00:00,3.258109390735626
2016-03-21 06:00:00,3.6654770970344543
2016-03-21 07:00:00,4.052634179592133
2016-03-21 08:00:00,4.3517531752586365
2016-03-21 09:00:00,4.538944244384766
2016-03-21 10:00:00,4.557760238647461
2016-03-21 11:00:00,4.446183264255524
2016-03-21 12:00:00,3.8556830286979675
2016-03-21 13:00:00,2.1467835903167725
2016-03-21 14:00:00,2.328892230987549
2016-03-21 15:00:00,2.4664440155029297
2016-03-21 16:00:00,2.586804360151291
2016-03-21 17:00:00,2.23653244972229
2016-03-21 18:00:00,2.3480086028575897
2016-03-21 19:00:00,2.4296700954437256
2016-03-21 20:00:00,2.3756439983844757
2016-03-21 21:00:00,2.291371524333954
2016-03-21 22:00:00,2.2689547538757324
2016-03-21 23:00:00,2.400867223739624
2016-03-22 00:00:00,2.4924838542938232
2016-03-22 01:00:00,2.5467724800109863
2016-03-22 02:00:00,3.550173044204712
2016-03-22 03:00:00,3.4756321907043457
2016-03-22 04:00:00,5.164633750915527
2016-03-22 05:00:00,5.265934467315674
2016-03-22 06:00:00,5.169480323791504
2016-03-22 07:00:00,5.257057189941406
2016-03-22 08:00:00,5.399017810821533
2016-03-22 09:00:00,5.683870315551758
2016-03-22 10:00:00,5.5943403244018555
2016-03-22 11:00:00,5.171920299530029
2016-03-22 12:00:00,3.9038524627685547
2016-03-22 13:00:00,2.2242259979248047
2016-03-22 14:00:00,2.361276865005493
2016-03-22 15:00:00,2.340823143720627
2016-03-22 16:00:00,2.2741043269634247
2016-03-22 17:00:00,2.1943266093730927
2016-03-22 18:00:00,2.238832712173462
2016-03-22 19:00:00,2.084957093000412
2016-03-22 20:00:00,1.8950978815555573
2016-03-22 21:00:00,1.8918280601501465
2016-03-22 22:00:00,2.084153175354004
2016-03-22 23:00:00,2.0031870007514954
2016-03-23 00:00:00,1.8890352249145508
2016-03-23 01:00:00,1.7565704584121704
2016-03-23 02:00:00,3.0176825523376465
2016-03-23 03:00:00,2.429943799972534
2016-03-23 04:00:00,2.9410605430603027
2016-03-23 05:00:00,3.6280031204223633
2016-03-23 06:00:00,3.612593650817871
2016-03-23 07:00:00,3.680283546447754
2016-03-23 08:00:00,3.63483065366745
2016-03-23 09:00:00,3.4933416843414307
2016-03-23 10:00:00,3.5067038536071777
2016-03-23 11:00:00,3.270946741104126
2016-03-23 12:00:00,1.2948932647705078
2016-03-23 13:00:00,1.1640589237213135
2016-03-23 14:00:00,1.187769889831543
2016-03-23 15:00:00,1.2171669006347656
2016-03-23 16:00:00,1.3443498611450195
2016-03-23 17:00:00,1.4058091640472412
2016-03-23 18:00:00,1.4191755056381226
2016-03-23 19:00:00,1.0805944204330444
2016-03-23 20:00:00,0.5797369480133057
2016-03-23 21:00:00,0.25482261180877686
2016-03-23 22:00:00,0.00525212287902832
2016-03-23 23:00:00,-0.29247748851776123
2016-03-24 00:00:00,-0.6347293853759766
2016-03-24 01:00:00,-0.762591540813446
2016-03-24 02:00:00,-0.3453589677810669
2016-03-24 03:00:00,-0.594696044921875
2016-03-24 04:00:00,-0.4167041778564453
2016-03-24 05:00:00,0.40613793581724167
2016-03-24 06:00:00,0.4983574151992798
2016-03-24 07:00:00,0.6130121946334839
2016-03-24 08:00:00,0.8853687979280949
2016-03-24 09:00:00,1.0890531539916992
2016-03-24 10:00:00,1.111036293208599
2016-03-24 11:00:00,0.9929921701550484
2016-03-24 12:00:00,0.2897704839706421
2016-03-24 13:00:00,0.31726938486099243
2016-03-24 14:00:00,0.09049481153488159
2016-03-24 15:00:00,-0.11189943552017212
2016-03-24 16:00:00,-0.22343020141124725
2016-03-24 17:00:00,-0.32563865184783936
2016-03-24 18:00:00,-0.43466174602508545
2016-03-24 19:00:00,-0.5513448715209961
2016-03-24 20:00:00,-0.672789454460144
2016-03-24 21:00:00,-0.802783727645874
2016-03-24 22:00:00,-0.9246776103973389
2016-03-24 23:00:00,-0.9577819108963013
2016-03-25 00:00:00,-0.7994523048400879
2016-03-25 01:00:00,-0.5400911569595337
2016-03-25 02:00:00,-0.11773240566253662
2016-03-25 03:00:00,0.03672385215759277
2016-03-25 04:00:00,-0.0637664794921875
2016-03-25 05:00:00,-0.15699470043182373
2016-03-25 06:00:00,-0.4111839532852173
2016-03-25 07:00:00,-0.4559873342514038
2016-03-25 08:00:00,-0.46528446674346924
2016-03-25 09:00:00,-0.5139036178588867
2016-03-25 10:00:00,-0.42860567569732666
2016-03-25 11:00:00,-0.3756641149520874
2016-03-25 12:00:00,-0.15068215131759644
2016-03-25 13:00:00,-0.17818129062652588
2016-03-25 14:00:00,-0.20022231340408325
2016-03-25 15:00:00,-0.17999917268753052
2016-03-25 16:00:00,-0.10940736532211304
2016-03-25 17:00:00,0.0635390430688858
2016-03-25 18:00:00,0.30984753370285034
2016-03-25 19:00:00,0.5500684529542923
2016-03-25 20:00:00,0.5857625007629395
2016-03-25 21:00:00,0.47806596755981445
2016-03-25 22:00:00,0.5403088107705116
2016-03-25 23:00:00,0.8088644742965698
2016-03-26 00:00:00,1.208125352859497
2016-03-26 01:00:00,1.575817346572876
2016-03-26 02:00:00,2.32448148727417
2016-03-26 03:00:00,2.4776480197906494
2016-03-26 04:00:00,2.3243686854839325
2016-03-26 05:00:00,2.13365176320076
2016-03-26 06:00:00,2.236240863800049
2016-03-26 07:00:00,2.5278255939483643
2016-03-26 08:00:00,2.899688482284546
2016-03-26 09:00:00,3.0842020511627197
2016-03-26 10:00:00,3.0039567947387695
2016-03-26 11:00:00,2.6862003803253174
2016-03-26 12:00:00,1.807176113128662
2016-03-26 13:00:00,1.1782663017511368
2016-03-26 14:00:00,1.4608591794967651
2016-03-26 15:00:00,1.7491772025823593
2016-03-26 16:00:00,1.1438161134719849
2016-03-26 17:00:00,1.0414419174194336
2016-03-26 18:00:00,1.2966232299804688
2016-03-26 19:00:00,1.6601710319519043
2016-03-26 20:00:00,1.3327401876449585
2016-03-26 21:00:00,0.9093663692474365
2016-03-26 22:00:00,0.9209558963775635
2016-03-26 23:00:00,0.8601618260145187
2016-03-27 00:00:00,0.887181282043457
2016-03-27 01:00:00,1.2309002876281738
2016-03-27 02:00:00,2.092253655195236
2016-03-27 03:00:00,2.1161279678344727
2016-03-27 04:00:00,1.9922709465026855
2016-03-27 05:00:00,1.695338487625122
2016-03-27 06:00:00,1.259723424911499
2016-03-27 07:00:00,1.0633692741394043
2016-03-27 08:00:00,1.2760121673345566
2016-03-27 09:00:00,1.760765016078949
2016-03-27 10:00:00,2.171308755874634
2016-03-27 11:00:00,2.513909339904785
2016-03-27 12:00:00,2.560666561126709
2016-03-27 13:00:00,1.3290810585021973
2016-03-27 14:00:00,1.5138193368911743
2016-03-27 15:00:00,1.5025395154953003
2016-03-27 16:00:00,1.3809584379196167
2016-03-27 17:00:00,1.2512822151184082
2016-03-27 18:00:00,1.1775572299957275
2016-03-27 19:00:00,1.1037706136703491
2016-03-27 20:00:00,0.9772292375564575
2016-03-27 21:00:00,0.8211807012557983
2016-03-27 22:00:00,0.6927986145019531
2016-03-27 23:00:00,0.6426422595977783
2016-03-28 00:00:00,0.7250553965568542
2016-03-28 01:00:00,0.8310590982437134
2016-03-28 02:00:00,1.8835372030735016
2016-03-28 03:00:00,1.6334093809127808
2016-03-28 04:00:00,2.0652882754802704
2016-03-28 05:00:00,2.144174814224243
2016-03-28 06:00:00,2.353712558746338
2016-03-28 07:00:00,2.566774606704712
2016-03-28 08:00:00,2.775820732116699
2016-03-28 09:00:00,3.121953248977661
2016-03-28 10:00:00,3.254504680633545
2016-03-28 11:00:00,3.154526948928833
2016-03-28 12:00:00,2.7449264526367188
2016-03-28 13:00:00,1.1813855171203613
2016-03-28 14:00:00,1.182454228401184
2016-03-28 15:00:00,1.2027530670166016
2016-03-28 16:00:00,1.3352985382080078
2016-03-28 17:00:00,1.4072201251983643
2016-03-28 18:00:00,1.4434701204299927
2016-03-28 19:00:00,1.449336051940918
2016-03-28 20:00:00,1.4212803840637207
2016-03-28 21:00:00,1.3955752849578857
2016-03-28 22:00:00,1.3762092590332031
2016-03-28 23:00:00,1.2764989137649536
2016-03-29 00:00:00,1.1392853260040283
2016-03-29 01:00:00,1.022646188735962
2016-03-29 02:00:00,2.0749597549438477
2016-03-29 03:00:00,1.7844090461730957
2016-03-29 04:00:00,2.315868854522705
2016-03-29 05:00:00,2.2775368690490723
2016-03-29 06:00:00,2.5134267807006836
2016-03-29 07:00:00,2.932344675064087
2016-03-29 08:00:00,3.298262596130371
2016-03-29 09:00:00,3.4818568229675293
2016-03-29 10:00:00,3.387158155441284
2016-03-29 11:00:00,3.246361494064331
2016-03-29 12:00:00,2.618375778198242
2016-03-29 13:00:00,1.155401587486267
2016-03-29 14:00:00,1.2123345136642456
2016-03-29 15:00:00,1.2467116117477417
2016-03-29 16:00:00,1.318027138710022
2016-03-29 17:00:00,1.292487621307373
2016-03-29 18:00:00,1.153067097067833
2016-03-29 19:00:00,1.1103005558252335
2016-03-29 20:00:00,1.1059753894805908
2016-03-29 21:00:00,1.0771347284317017
2016-03-29 22:00:00,1.0403187572956085
2016-03-29 23:00:00,1.0014190375804901
2016-03-30 00:00:00,0.9059075117111206
2016-03-30 01:00:00,0.7325748801231384
2016-03-30 02:00:00,0.9092073142528534
2016-03-30 03:00:00,0.38061076402664185
2016-03-30 04:00:00,0.8824880123138428
2016-03-30 05:00:00,0.8828371688723564
2016-03-30 06:00:00,1.1302357912063599
2016-03-30 07:00:00,1.5837095975875854
2016-03-30 08:00:00,2.0453925728797913
2016-03-30 09:00:00,2.4134059250354767
2016-03-30 10:00:00,2.5655500888824463
2016-03-30 11:00:00,2.5394012928009033
2016-03-30 12:00:00,2.09225994348526
2016-03-30 13:00:00,0.7543283700942993
2016-03-30 14:00:00,0.5955685377120972
2016-03-30 15:00:00,0.3880145773291588
2016-03-30 16:00:00,0.24003233760595322
2016-03-30 17:00:00,0.09015219658613205
2016-03-30 18:00:00,-0.11509130336344242
2016-03-30 19:00:00,-0.35932908207178116
2016-03-30 20:00:00,-0.39827191829681396
2016-03-30 21:00:00,-0.33950918912887573
2016-03-30 22:00:00,-0.37040072679519653
2016-03-30 23:00:00,-0.5434905290603638
2016-03-31 00:00:00,-0.7292298078536987
2016-03-31 01:00:00,-0.7397297620773315
2016-03-31 02:00:00,-0.6218450516462326
2016-03-31 03:00:00,-0.535247802734375
2016-03-31 04:00:00,0.1509585976600647
2016-03-31 05:00:00,0.7665011435747147
2016-03-31 06:00:00,1.2137690782546997
2016-03-31 07:00:00,1.560112938284874
2016-03-31 08:00:00,1.5009758323431015
2016-03-31 09:00:00,1.052995651960373
2016-03-31 10:00:00,1.2828877121210098
2016-03-31 11:00:00,1.9926577508449554
2016-03-31 12:00:00,1.835791826248169
2016-03-31 13:00:00,0.7970168590545654
2016-03-31 14:00:00,0.734467625617981
2016-03-31 15:00:00,0.8152157068252563
2016-03-31 16:00:00,0.9840216636657715
2016-03-31 17:00:00,0.9470263719558716
2016-03-31 18:00:00,0.8435355424880981
2016-03-31 19:00:00,0.9523038864135742
2016-03-31 20:00:00,1.0291496515274048
2016-03-31 21:00:00,0.955933690071106
2016-03-31 22:00:00,0.9003005474805832
2016-03-31 23:00:00,0.8204525113105774
2016-04-01 00:00:00,0.8973824977874756
2016-04-01 01:00:00,1.1609748601913452
2016-04-01 02:00:00,2.8985347747802734
2016-04-01 03:00:00,2.6886470317840576
2016-04-01 04:00:00,3.1655611991882324
2016-04-01 05:00:00,3.591150999069214
2016-04-01 06:00:00,3.8951783180236816
2016-04-01 07:00:00,4.231978356838226
2016-04-01 08:00:00,4.408133506774902
2016-04-01 09:00:00,3.925290107727051
2016-04-01 10:00:00,3.2870006561279297
2016-04-01 11:00:00,2.828481674194336
2016-04-01 12:00:00,2.3605806827545166
2016-04-01 13:00:00,1.108738660812378
2016-04-01 14:00:00,1.1838784217834473
2016-04-01 15:00:00,1.0947527885437012
2016-04-01 16:00:00,1.04094398021698
2016-04-01 17:00:00,0.974967747926712
2016-04-01 18:00:00,0.8372454196214676
2016-04-01 19:00:00,0.5338836312294006
2016-04-01 20:00:00,0.30145084857940674
2016-04-01 21:00:00,0.26264214515686035
2016-04-01 22:00:00,0.12351864576339722
2016-04-01 23:00:00,0.014546692371368408
2016-04-02 00:00:00,-0.03594779968261719
2016-04-02 01:00:00,0.00018769502639770508
2016-04-02 02:00:00,0.09825104475021362
2016-04-02 03:00:00,0.08130836486816406
2016-04-02 04:00:00,1.12531279027462
2016-04-02 05:00:00,1.9784245193004608
2016-04-02 06:00:00,2.51668643951416
2016-04-02 07:00:00,2.9100093841552734
2016-04-02 08:00:00,3.093905448913574
2016-04-02 09:00:00,3.1384024620056152
2016-04-02 10:00:00,3.230428457260132
2016-04-02 11:00:00,3.2262415885925293
2016-04-02 12:00:00,2.7135143280029297
2016-04-02 13:00:00,0.8620462864637375
2016-04-02 14:00:00,0.7204827815294266
2016-04-02 15:00:00,0.6170599460601807
2016-04-02 16:00:00,0.5858739614486694
2016-04-02 17:00:00,0.5981658697128296
2016-04-02 18:00:00,0.6053271293640137
2016-04-02 19:00:00,0.5738046169281006
2016-04-02 20:00:00,0.4975489377975464
2016-04-02 21:00:00,0.41500020027160645
2016-04-02 22:00:00,0.32979679107666016
2016-04-02 23:00:00,0.17307895421981812
2016-04-03 00:00:00,0.07355004549026489
2016-04-03 01:00:00,0.15294310450553894
2016-04-03 02:00:00,0.3337685838341713
2016-04-03 03:00:00,0.18753527477383614
2016-04-03 04:00:00,1.0194519758224487
2016-04-03 05:00:00,1.1578621715307236
2016-04-03 06:00:00,1.2131954431533813
2016-04-03 07:00:00,1.3984675407409668
2016-04-03 08:00:00,1.6419281959533691
2016-04-03 09:00:00,1.6339581906795502
2016-04-03 10:00:00,1.6881236135959625
2016-04-03 11:00:00,1.7809038162231445
2016-04-03 12:00:00,1.3192634582519531
2016-04-03 13:00:00,0.8819878101348877
2016-04-03 14:00:00,1.0760598480701447
2016-04-03 15:00:00,1.424104243516922
2016-04-03 16:00:00,1.6560631394386292
2016-04-03 17:00:00,1.8730015754699707
2016-04-03 18:00:00,1.8738636374473572
2016-04-03 19:00:00,1.6032052040100098
2016-04-03 20:00:00,1.4287017583847046
2016-04-03 21:00:00,1.2576125860214233
2016-04-03 22:00:00,1.0491150617599487
2016-04-03 23:00:00,0.9521058797836304
2016-04-04 00:00:00,0.9382412433624268
2016-04-04 01:00:00,0.9417667388916016
2016-04-04 02:00:00,1.9664719104766846
2016-04-04 03:00:00,1.640021562576294
2016-04-04 04:00:00,1.5114647150039673
2016-04-04 05:00:00,1.4944638013839722
2016-04-04 06:00:00,1.4720745086669922
2016-04-04 07:00:00,1.6604902744293213
2016-04-04 08:00:00,2.0502264499664307
2016-04-04 09:00:00,2.2340097427368164
2016-04-04 10:00:00,2.1941771507263184
2016-04-04 11:00:00,2.3094606399536133
2016-04-04 12:00:00,2.0204997062683105
2016-04-04 13:00:00,1.0278697162866592
2016-04-04 14:00:00,1.153120517730713
2016-04-04 15:00:00,1.3144828081130981
2016-04-04 16:00:00,1.4173800945281982
2016-04-04 17:00:00,1.7015601098537445
2016-04-04 18:00:00,1.9765420854091644
2016-04-04 19:00:00,2.0331807136535645
2016-04-04 20:00:00,1.9515237212181091
2016-04-04 21:00:00,1.5915610790252686
2016-04-04 22:00:00,1.2511335611343384
2016-04-04 23:00:00,1.1447079181671143
2016-04-05 00:00:00,1.1093703508377075
2016-04-05 01:00:00,0.8649115562438965
2016-04-05 02:00:00,1.37440025806427
2016-04-05 03:00:00,1.82635498046875
2016-04-05 04:00:00,2.02905935049057
2016-04-05 05:00:00,2.0818817615509033
2016-04-05 06:00:00,2.1824969947338104
2016-04-05 07:00:00,2.3455076217651367
2016-04-05 08:00:00,2.4505829513072968
2016-04-05 09:00:00,2.504733592271805
2016-04-05 10:00:00,2.6004302501678467
2016-04-05 11:00:00,2.6342880725860596
2016-04-05 12:00:00,2.4656676948070526
2016-04-05 13:00:00,1.5118114948272705
2016-04-05 14:00:00,1.396533489227295
2016-04-05 15:00:00,1.2712340503931046
2016-04-05 16:00:00,1.065123826265335
2016-04-05 17:00:00,0.8826183080673218
2016-04-05 18:00:00,0.7211652994155884
2016-04-05 19:00:00,0.6959629058837891
2016-04-05 20:00:00,0.670099139213562
2016-04-05 21:00:00,0.5859063863754272
2016-04-05 22:00:00,0.5143939256668091
2016-04-05 23:00:00,0.46339529752731323
2016-04-06 00:00:00,0.7122706174850464
2016-04-06 01:00:00,1.5375776290893555
2016-04-06 02:00:00,2.2365726828575134
2016-04-06 03:00:00,2.0510903000831604
2016-04-06 04:00:00,2.011624753475189
2016-04-06 05:00:00,1.4033517837524414
2016-04-06 06:00:00,1.1172460317611694
2016-04-06 07:00:00,1.2124394178390503
2016-04-06 08:00:00,1.3605501651763916
2016-04-06 09:00:00,1.5273451805114746
2016-04-06 10:00:00,1.5834097862243652
2016-04-06 11:00:00,1.5374691486358643
2016-04-06 12:00:00,1.3009283542633057
2016-04-06 13:00:00,0.42750978469848633
2016-04-06 14:00:00,-0.027685701847076416
2016-04-06 15:00:00,-0.5450433492660522
2016-04-06 16:00:00,-0.7563427686691284
2016-04-06 17:00:00,-0.8582543879747391
2016-04-06 18:00:00,-0.9070180654525757
2016-04-06 19:00:00,-0.8855596035718918
2016-04-06 20:00:00,-0.7781215906143188
2016-04-06 21:00:00,-0.634608805179596
2016-04-06 22:00:00,-0.32518136501312256
2016-04-06 23:00:00,0.022695958614349365
2016-04-07 00:00:00,0.4227239489555359
2016-04-07 01:00:00,0.7405651211738586
2016-04-07 02:00:00,1.9995388984680176
2016-04-07 03:00:00,2.3028764724731445
2016-04-07 04:00:00,2.3095314502716064
2016-04-07 05:00:00,2.5202150344848633
2016-04-07 06:00:00,2.6202893257141113
2016-04-07 07:00:00,2.714463233947754
2016-04-07 08:00:00,2.8356571197509766
2016-04-07 09:00:00,3.1238770484924316
2016-04-07 10:00:00,3.539942741394043
2016-04-07 11:00:00,3.864818572998047
2016-04-07 12:00:00,3.9028820991516113
2016-04-07 13:00:00,2.0104236006736755
2016-04-07 14:00:00,1.822148084640503
2016-04-07 15:00:00,1.858721375465393
2016-04-07 16:00:00,1.8083598613739014
2016-04-07 17:00:00,1.7284518480300903
2016-04-07 18:00:00,1.5484791994094849
2016-04-07 19:00:00,1.2266054153442383
2016-04-07 20:00:00,0.8460004329681396
2016-04-07 21:00:00,0.574061393737793
2016-04-07 22:00:00,0.3567535877227783
2016-04-07 23:00:00,0.19109749794006348
2016-04-08 00:00:00,0.08163833618164062
2016-04-08 01:00:00,0.018406391143798828
2016-04-08 02:00:00,-0.01949167251586914
2016-04-08 03:00:00,0.09966170787811279
2016-04-08 04:00:00,-0.19424808025360107
2016-04-08 05:00:00,0.18851125240325928
2016-04-08 06:00:00,0.6984529495239258
2016-04-08 07:00:00,1.1987017393112183
2016-04-08 08:00:00,1.6385860443115234
2016-04-08 09:00:00,2.0318947434425354
2016-04-08 10:00:00,2.342036485671997
2016-04-08 11:00:00,2.3264551162719727
2016-04-08 12:00:00,2.1308460235595703
2016-04-08 13:00:00,0.8409712314605713
2016-04-08 14:00:00,0.8867521286010742
2016-04-08 15:00:00,0.7847670316696167
2016-04-08 16:00:00,0.5702199935913086
2016-04-08 17:00:00,0.33435148000717163
2016-04-08 18:00:00,0.09389996528625488
2016-04-08 19:00:00,-0.1507633924484253
2016-04-08 20:00:00,-0.37060827016830444
2016-04-08 21:00:00,-0.5403897762298584
2016-04-08 22:00:00,-0.480867400765419
2016-04-08 23:00:00,-0.4384929910302162
2016-04-09 00:00:00,-0.34131669998168945
2016-04-09 01:00:00,-0.23378866910934448
2016-04-09 02:00:00,-0.32750416174530983
2016-04-09 03:00:00,0.16192291118204594
2016-04-09 04:00:00,0.7120526609942317
2016-04-09 05:00:00,1.2159851640462875
2016-04-09 06:00:00,1.6185667663812637
2016-04-09 07:00:00,1.7789993286132812
2016-04-09 08:00:00,1.999709665775299
2016-04-09 09:00:00,2.256841689348221
2016-04-09 10:00:00,2.3803000152111053
2016-04-09 11:00:00,2.5678300857543945
2016-04-09 12:00:00,2.126322239637375
2016-04-09 13:00:00,0.9282937049865723
2016-04-09 14:00:00,0.819062352180481
2016-04-09 15:00:00,0.6858009099960327
2016-04-09 16:00:00,0.34939324855804443
2016-04-09 17:00:00,0.09599363803863525
2016-04-09 18:00:00,-0.04410898685455322
2016-04-09 19:00:00,-0.06349003314971924
2016-04-09 20:00:00,0.12535911798477173
2016-04-09 21:00:00,0.1736432909965515
2016-04-09 22:00:00,0.4871251583099365
2016-04-09 23:00:00,0.7890805006027222
2016-04-10 00:00:00,1.056382030248642
2016-04-10 01:00:00,1.458599716424942
2016-04-10 02:00:00,1.955369472503662
2016-04-10 03:00:00,2.0019662380218506
2016-04-10 04:00:00,1.7742984294891357
2016-04-10 05:00:00,1.819058120250702
2016-04-10 06:00:00,2.0967118740081787
2016-04-10 07:00:00,2.371186286211014
2016-04-10 08:00:00,2.503052234649658
2016-04-10 09:00:00,2.4845814406871796
2016-04-10 10:00:00,2.446549892425537
2016-04-10 11:00:00,2.39894700050354
2016-04-10 12:00:00,2.0939188599586487
2016-04-10 13:00:00,0.9698846340179443
2016-04-10 14:00:00,1.0053848028182983
2016-04-10 15:00:00,0.9831409454345703
2016-04-10 16:00:00,1.012507438659668
2016-04-10 17:00:00,1.037720650434494
2016-04-10 18:00:00,1.0247483253479004
2016-04-10 19:00:00,1.04169961810112
2016-04-10 20:00:00,1.1223706901073456
2016-04-10 21:00:00,1.0900802910327911
2016-04-10 22:00:00,0.9963223934173584
2016-04-10 23:00:00,0.9740728884935379
2016-04-11 00:00:00,1.0228826701641083
2016-04-11 01:00:00,1.4201996326446533
2016-04-11 02:00:00,2.188504219055176
2016-04-11 03:00:00,2.7392923831939697
2016-04-11 04:00:00,2.923644542694092
2016-04-11 05:00:00,3.1303629875183105
2016-04-11 06:00:00,3.523273468017578
2016-04-11 07:00:00,4.016589164733887
2016-04-11 08:00:00,4.319922924041748
2016-04-11 09:00:00,4.423571586608887
2016-04-11 10:00:00,4.522313117980957
2016-04-11 11:00:00,4.572157859802246
2016-04-11 12:00:00,4.413313865661621
2016-04-11 13:00:00,3.19148325920105
2016-04-11 14:00:00,2.513914108276367
2016-04-11 15:00:00,2.492992639541626
2016-04-11 16:00:00,2.27370285987854
2016-04-11 17:00:00,2.1802337169647217
2016-04-11 18:00:00,2.115781545639038
2016-04-11 19:00:00,2.0379116535186768
2016-04-11 20:00:00,2.0749988555908203
2016-04-11 21:00:00,1.9718275964260101
2016-04-11 22:00:00,2.2375717163085938
2016-04-11 23:00:00,2.3721370697021484
2016-04-12 00:00:00,2.5813028812408447
2016-04-12 01:00:00,3.1933932304382324
2016-04-12 02:00:00,3.8777689933776855
2016-04-12 03:00:00,4.809813976287842
2016-04-12 04:00:00,4.775039196014404
2016-04-12 05:00:00,4.601293563842773
2016-04-12 06:00:00,4.537196159362793
2016-04-12 07:00:00,4.625171184539795
2016-04-12 08:00:00,4.79987907409668
2016-04-12 09:00:00,5.008538246154785
2016-04-12 10:00:00,5.132769584655762
2016-04-12 11:00:00,5.107827186584473
2016-04-12 12:00:00,4.829586982727051
2016-04-12 13:00:00,3.055757522583008
2016-04-12 14:00:00,2.5190300941467285
2016-04-12 15:00:00,2.8096158504486084
2016-04-12 16:00:00,2.8974192142486572
2016-04-12 17:00:00,3.0385053157806396
2016-04-12 18:00:00,3.155498504638672
2016-04-12 19:00:00,3.1921114921569824
2016-04-12 20:00:00,3.1632399559020996
2016-04-12 21:00:00,3.0701913833618164
2016-04-12 22:00:00,3.1015758514404297
2016-04-12 23:00:00,2.776380777359009
2016-04-13 00:00:00,2.461874008178711
2016-04-13 01:00:00,2.7880213260650635
2016-04-13 02:00:00,3.561161756515503
2016-04-13 03:00:00,3.793893575668335
2016-04-13 04:00:00,5.134601593017578
2016-04-13 05:00:00,5.147766590118408
2016-04-13 06:00:00,5.071425914764404
2016-04-13 07:00:00,5.136316776275635
2016-04-13 08:00:00,5.371524333953857
2016-04-13 09:00:00,5.496747970581055
2016-04-13 10:00:00,5.536724090576172
2016-04-13 11:00:00,5.545440673828125
2016-04-13 12:00:00,5.130043983459473
2016-04-13 13:00:00,2.7278475761413574
2016-04-13 14:00:00,2.231722354888916
2016-04-13 15:00:00,2.264976739883423
2016-04-13 16:00:00,2.0978033542633057
2016-04-13 17:00:00,1.9245100021362305
2016-04-13 18:00:00,1.7939747273921967
2016-04-13 19:00:00,1.6948206424713135
2016-04-13 20:00:00,1.5725165605545044
2016-04-13 21:00:00,1.4737391471862793
2016-04-13 22:00:00,1.557127833366394
2016-04-13 23:00:00,1.5764260292053223
2016-04-14 00:00:00,1.5923428535461426
2016-04-14 01:00:00,1.836207091808319
2016-04-14 02:00:00,3.149862051010132
2016-04-14 03:00:00,2.8063135147094727
2016-04-14 04:00:00,3.8235852122306824
2016-04-14 05:00:00,4.076975345611572
2016-04-14 06:00:00,4.397915840148926
2016-04-14 07:00:00,4.627962589263916
2016-04-14 08:00:00,4.791147232055664
2016-04-14 09:00:00,4.91523551940918
2016-04-14 10:00:00,5.052451133728027
2016-04-14 11:00:00,5.005723476409912
2016-04-14 12:00:00,4.585398197174072
2016-04-14 13:00:00,1.9121321737766266
2016-04-14 14:00:00,1.618891716003418
2016-04-14 15:00:00,1.4943463802337646
2016-04-14 16:00:00,1.4135167598724365
2016-04-14 17:00:00,1.344774603843689
2016-04-14 18:00:00,1.2791082859039307
2016-04-14 19:00:00,1.2194629907608032
2016-04-14 20:00:00,1.1501649618148804
2016-04-14 21:00:00,1.1154754161834717
2016-04-14 22:00:00,1.1265133619308472
2016-04-14 23:00:00,1.130019411444664
2016-04-15 00:00:00,1.1431989669799805
2016-04-15 01:00:00,1.1436213254928589
2016-04-15 02:00:00,2.6594433784484863
2016-04-15 03:00:00,2.324594259262085
2016-04-15 04:00:00,3.058772563934326
2016-04-15 05:00:00,3.746803104877472
2016-04-15 06:00:00,4.158833920955658
2016-04-15 07:00:00,4.47226095199585
2016-04-15 08:00:00,4.624176502227783
2016-04-15 09:00:00,4.723298072814941
2016-04-15 10:00:00,4.752523422241211
2016-04-15 11:00:00,4.552607536315918
2016-04-15 12:00:00,4.084170281887054
2016-04-15 13:00:00,1.6104519367218018
2016-04-15 14:00:00,1.5464880466461182
2016-04-15 15:00:00,1.5827219486236572
2016-04-15 16:00:00,1.5773690938949585
2016-04-15 17:00:00,1.5280545949935913
2016-04-15 18:00:00,1.4461579322814941
2016-04-15 19:00:00,1.3299740552902222
2016-04-15 20:00:00,1.2195265293121338
2016-04-15 21:00:00,1.1418824195861816
2016-04-15 22:00:00,1.223775863647461
2016-04-15 23:00:00,1.3026111125946045
2016-04-16 00:00:00,1.3507733345031738
2016-04-16 01:00:00,1.463613748550415
2016-04-16 02:00:00,3.0492076873779297
2016-04-16 03:00:00,2.5662004947662354
2016-04-16 04:00:00,3.867431163787842
2016-04-16 05:00:00,4.1806960105896
2016-04-16 06:00:00,4.166906297206879
2016-04-16 07:00:00,4.070063591003418
2016-04-16 08:00:00,4.048868298530579
2016-04-16 09:00:00,4.033645510673523
2016-04-16 10:00:00,4.052303791046143
2016-04-16 11:00:00,3.81890469789505
2016-04-16 12:00:00,3.0161540508270264
2016-04-16 13:00:00,1.3510699272155762
2016-04-16 14:00:00,1.3046603202819824
2016-04-16 15:00:00,1.26325261592865
2016-04-16 16:00:00,1.1577743291854858
2016-04-16 17:00:00,1.080751657485962
2016-04-16 18:00:00,1.0717417001724243
2016-04-16 19:00:00,1.0696334540843964
2016-04-16 20:00:00,1.0647921562194824
2016-04-16 21:00:00,1.1015812158584595
2016-04-16 22:00:00,1.2933218479156494
2016-04-16 23:00:00,1.5563067495822906
2016-04-17 00:00:00,1.8536377847194672
2016-04-17 01:00:00,2.2228996753692627
2016-04-17 02:00:00,3.2389307022094727
2016-04-17 03:00:00,2.973585367202759
2016-04-17 04:00:00,2.5369064807891846
2016-04-17 05:00:00,1.806997686624527
2016-04-17 06:00:00,1.4496064186096191
2016-04-17 07:00:00,1.2992383241653442
2016-04-17 08:00:00,1.547687292098999
2016-04-17 09:00:00,1.8917319774627686
2016-04-17 10:00:00,2.0843839049339294
2016-04-17 11:00:00,2.1535747051239014
2016-04-17 12:00:00,2.0518203377723694
2016-04-17 13:00:00,0.9028952568769455
2016-04-17 14:00:00,1.1378698199987411
2016-04-17 15:00:00,1.3858602046966553
2016-04-17 16:00:00,1.4611916542053223
2016-04-17 17:00:00,1.5645396709442139
2016-04-17 18:00:00,1.6871585845947266
2016-04-17 19:00:00,1.8106427192687988
2016-04-17 20:00:00,1.9393107891082764
2016-04-17 21:00:00,2.0481547713279724
2016-04-17 22:00:00,2.0101499557495117
2016-04-17 23:00:00,1.902292013168335
2016-04-18 00:00:00,1.7324279844760895
2016-04-18 01:00:00,2.0159451365470886
2016-04-18 02:00:00,2.5950815677642822
2016-04-18 03:00:00,3.0033655166625977
2016-04-18 04:00:00,2.9825539588928223
2016-04-18 05:00:00,2.9471964836120605
2016-04-18 06:00:00,2.8940250873565674
2016-04-18 07:00:00,2.9007749557495117
2016-04-18 08:00:00,3.2071170806884766
2016-04-18 09:00:00,3.463921546936035
2016-04-18 10:00:00,3.506720542907715
2016-04-18 11:00:00,3.422135829925537
2016-04-18 12:00:00,3.1366019248962402
2016-04-18 13:00:00,1.2277027368545532
2016-04-18 14:00:00,1.2180516719818115
2016-04-18 15:00:00,1.3003696203231812
2016-04-18 16:00:00,1.1622174978256226
2016-04-18 17:00:00,1.0286427736282349
2016-04-18 18:00:00,0.9183862209320068
2016-04-18 19:00:00,0.8494774103164673
2016-04-18 20:00:00,0.567508339881897
2016-04-18 21:00:00,0.13616693019866943
2016-04-18 22:00:00,0.4167780876159668
2016-04-18 23:00:00,0.8001776188611984
2016-04-19 00:00:00,1.05050528049469
2016-04-19 01:00:00,1.311946302652359
2016-04-19 02:00:00,2.5963785648345947
2016-04-19 03:00:00,2.1453824043273926
2016-04-19 04:00:00,2.1941880583763123
2016-04-19 05:00:00,2.1589763164520264
2016-04-19 06:00:00,2.2705953121185303
2016-04-19 07:00:00,2.4394257068634033
2016-04-19 08:00:00,2.6910033226013184
2016-04-19 09:00:00,2.9776768684387207
2016-04-19 10:00:00,3.163440227508545
2016-04-19 11:00:00,3.0566325187683105
2016-04-19 12:00:00,2.7636466026306152
2016-04-19 13:00:00,0.9421305656433105
2016-04-19 14:00:00,1.0653632879257202
2016-04-19 15:00:00,1.178373098373413
2016-04-19 16:00:00,1.2172924280166626
2016-04-19 17:00:00,1.1850115060806274
2016-04-19 18:00:00,1.2310137748718262
2016-04-19 19:00:00,1.4013688564300537
2016-04-19 20:00:00,1.820777028799057
2016-04-19 21:00:00,1.9985198974609375
2016-04-19 22:00:00,2.234240472316742
2016-04-19 23:00:00,2.0155980587005615
2016-04-20 00:00:00,2.040631055831909
2016-04-20 01:00:00,2.488916367292404
2016-04-20 02:00:00,3.054980993270874
2016-04-20 03:00:00,3.2159759998321533
2016-04-20 04:00:00,3.566209554672241
2016-04-20 05:00:00,3.5966835021972656
2016-04-20 06:00:00,3.8350459933280945
2016-04-20 07:00:00,4.180372714996338
2016-04-20 08:00:00,4.480289459228516
2016-04-20 09:00:00,4.671213150024414
2016-04-20 10:00:00,4.575042724609375
2016-04-20 11:00:00,4.486393928527832
2016-04-20 12:00:00,4.297214031219482
2016-04-20 13:00:00,3.0825977325439453
2016-04-20 14:00:00,2.8556087017059326
2016-04-20 15:00:00,3.5492382049560547
2016-04-20 16:00:00,3.504493236541748
2016-04-20 17:00:00,3.265496015548706
2016-04-20 18:00:00,2.976433753967285
2016-04-20 19:00:00,2.6086480617523193
2016-04-20 20:00:00,2.483351469039917
2016-04-20 21:00:00,2.3069961071014404
2016-04-20 22:00:00,2.53476881980896
2016-04-20 23:00:00,2.2876830101013184
2016-04-21 00:00:00,2.3893301486968994
2016-04-21 01:00:00,3.0397157669067383
2016-04-21 02:00:00,3.657721996307373
2016-04-21 03:00:00,4.185747146606445
2016-04-21 04:00:00,5.625511646270752
2016-04-21 05:00:00,5.689920425415039
2016-04-21 06:00:00,5.7292962074279785
2016-04-21 07:00:00,5.841073989868164
2016-04-21 08:00:00,5.979875564575195
2016-04-21 09:00:00,6.090198993682861
2016-04-21 10:00:00,5.8125715255737305
2016-04-21 11:00:00,5.451253414154053
2016-04-21 12:00:00,4.924556732177734
2016-04-21 13:00:00,2.9183783531188965
2016-04-21 14:00:00,2.079810619354248
2016-04-21 15:00:00,2.1554040908813477
2016-04-21 16:00:00,2.0863771438598633
2016-04-21 17:00:00,2.0534160137176514
2016-04-21 18:00:00,1.9571045935153961
2016-04-21 19:00:00,1.826000690460205
2016-04-21 20:00:00,1.6628661155700684
2016-04-21 21:00:00,1.4641814231872559
2016-04-21 22:00:00,1.3307985067367554
2016-04-21 23:00:00,1.0699383914470673
2016-04-22 00:00:00,0.7823782414197922
2016-04-22 01:00:00,0.49488532543182373
2016-04-22 02:00:00,0.4409056752920151
2016-04-22 03:00:00,-0.07370033115148544
2016-04-22 04:00:00,1.5462526082992554
2016-04-22 05:00:00,2.028980016708374
2016-04-22 06:00:00,2.268528699874878
2016-04-22 07:00:00,2.4415180683135986
2016-04-22 08:00:00,2.635061025619507
2016-04-22 09:00:00,2.8764638900756836
2016-04-22 10:00:00,3.338768243789673
2016-04-22 11:00:00,3.6925830841064453
2016-04-22 12:00:00,3.7948989868164062
2016-04-22 13:00:00,2.2357497215270996
2016-04-22 14:00:00,1.960986852645874
2016-04-22 15:00:00,2.4623987674713135
2016-04-22 16:00:00,2.5280354022979736
2016-04-22 17:00:00,2.855069875717163
2016-04-22 18:00:00,3.0910425186157227
2016-04-22 19:00:00,2.9407665729522705
2016-04-22 20:00:00,2.4591012001037598
2016-04-22 21:00:00,2.203805685043335
2016-04-22 22:00:00,2.0499939918518066
2016-04-22 23:00:00,1.9032948017120361
2016-04-23 00:00:00,1.7235702574253082
2016-04-23 01:00:00,2.057060480117798
2016-04-23 02:00:00,2.7116236686706543
2016-04-23 03:00:00,3.041637659072876
2016-04-23 04:00:00,3.231595516204834
2016-04-23 05:00:00,3.296013832092285
2016-04-23 06:00:00,3.401738166809082
2016-04-23 07:00:00,3.6039674282073975
2016-04-23 08:00:00,3.8821024894714355
2016-04-23 09:00:00,4.196507453918457
2016-04-23 10:00:00,4.2984619140625
2016-04-23 11:00:00,4.3482441902160645
2016-04-23 12:00:00,4.198129653930664
2016-04-23 13:00:00,1.8987407684326172
2016-04-23 14:00:00,1.648327350616455
2016-04-23 15:00:00,1.5474179983139038
2016-04-23 16:00:00,1.453697681427002
2016-04-23 17:00:00,1.463444709777832
2016-04-23 18:00:00,1.4186183214187622
2016-04-23 19:00:00,1.3213682174682617
2016-04-23 20:00:00,1.1764320135116577
2016-04-23 21:00:00,1.0195610523223877
2016-04-23 22:00:00,0.735981747508049
2016-04-23 23:00:00,0.4898635745048523
2016-04-24 00:00:00,0.3590206056833267
2016-04-24 01:00:00,0.1889767087996006
2016-04-24 02:00:00,0.4268566593527794
2016-04-24 03:00:00,0.4636291265487671
2016-04-24 04:00:00,2.0350748896598816
2016-04-24 05:00:00,2.5895507633686066
2016-04-24 06:00:00,2.898878812789917
2016-04-24 07:00:00,3.1496787071228027
2016-04-24 08:00:00,3.3591930270195007
2016-04-24 09:00:00,3.524425983428955
2016-04-24 10:00:00,3.624509036540985
2016-04-24 11:00:00,3.6272573471069336
2016-04-24 12:00:00,3.366689920425415
2016-04-24 13:00:00,1.1994414329528809
2016-04-24 14:00:00,0.9930790662765503
2016-04-24 15:00:00,0.810861349105835
2016-04-24 16:00:00,0.6474978923797607
2016-04-24 17:00:00,0.5019221305847168
2016-04-24 18:00:00,0.38399994373321533
2016-04-24 19:00:00,0.2934366464614868
2016-04-24 20:00:00,0.22696208953857422
2016-04-24 21:00:00,0.17447495460510254
2016-04-24 22:00:00,0.09814512729644775
2016-04-24 23:00:00,0.00657200813293457
2016-04-25 00:00:00,0.024567365646362305
2016-04-25 01:00:00,0.03616452217102051
2016-04-25 02:00:00,0.2448951005935669
2016-04-25 03:00:00,0.442413330078125
2016-04-25 04:00:00,1.248363971710205
2016-04-25 05:00:00,2.3461084365844727
2016-04-25 06:00:00,3.2277815341949463
2016-04-25 07:00:00,3.6624690890312195
2016-04-25 08:00:00,3.770741283893585
2016-04-25 09:00:00,3.6544238924980164
2016-04-25 10:00:00,3.387360095977783
2016-04-25 11:00:00,3.0069758892059326
2016-04-25 12:00:00,2.423353433609009
2016-04-25 13:00:00,0.6569526121020317
2016-04-25 14:00:00,0.4638773947954178
2016-04-25 15:00:00,0.18207263946533203
2016-04-25 16:00:00,0.051364004611968994
2016-04-25 17:00:00,0.003450259566307068
2016-04-25 18:00:00,0.04258538782596588
2016-04-25 19:00:00,0.12700210511684418
2016-04-25 20:00:00,0.20116521418094635
2016-04-25 21:00:00,0.22909235954284668
2016-04-25 22:00:00,0.15505623817443848
2016-04-25 23:00:00,0.07300840318202972
2016-04-26 00:00:00,0.0010928884148597717
2016-04-26 01:00:00,-0.07456278800964355
2016-04-26 02:00:00,-0.0865795761346817
2016-04-26 03:00:00,0.11196909844875336
2016-04-26 04:00:00,0.23012101650238037
2016-04-26 05:00:00,0.6007514446973801
2016-04-26 06:00:00,0.9274625703692436
2016-04-26 07:00:00,1.1979201659560204
2016-04-26 08:00:00,1.4554913826286793
2016-04-26 09:00:00,1.6558191925287247
2016-04-26 10:00:00,1.7879943698644638
2016-04-26 11:00:00,1.842139944434166
2016-04-26 12:00:00,1.6986422464251518
2016-04-26 13:00:00,0.5421461649239063
2016-04-26 14:00:00,0.3552122861146927
2016-04-26 15:00:00,0.10149675235152245
2016-04-26 16:00:00,-0.021452605724334717
2016-04-26 17:00:00,-0.04334568977355957
2016-04-26 18:00:00,0.06381821632385254
2016-04-26 19:00:00,0.2709578275680542
2016-04-26 20:00:00,0.4799724221229553
2016-04-26 21:00:00,0.6038778424263
2016-04-26 22:00:00,0.5121018290519714
2016-04-26 23:00:00,0.28755128383636475
2016-04-27 00:00:00,0.08898639678955078
2016-04-27 01:00:00,0.0035169124603271484
2016-04-27 02:00:00,-0.00548398494720459
2016-04-27 03:00:00,0.03755486011505127
2016-04-27 04:00:00,0.3315621688961983
2016-04-27 05:00:00,1.0042612627148628
2016-04-27 06:00:00,1.797653689980507
2016-04-27 07:00:00,2.3215825259685516
2016-04-27 08:00:00,2.703829050064087
2016-04-27 09:00:00,3.0067942142486572
2016-04-27 10:00:00,3.104741096496582
2016-04-27 11:00:00,3.1413657665252686
2016-04-27 12:00:00,2.935513734817505
2016-04-27 13:00:00,1.0404070615768433
2016-04-27 14:00:00,1.109776496887207
2016-04-27 15:00:00,1.1118240356445312
2016-04-27 16:00:00,1.1544784307479858
2016-04-27 17:00:00,1.210349202156067
2016-04-27 18:00:00,1.2470515966415405
2016-04-27 19:00:00,1.1921161264181137
2016-04-27 20:00:00,1.0653239488601685
2016-04-27 21:00:00,0.9367758333683014
2016-04-27 22:00:00,0.7228490114212036
2016-04-27 23:00:00,0.6019691154360771
2016-04-28 00:00:00,0.5713828206062317
2016-04-28 01:00:00,0.5934739112854004
2016-04-28 02:00:00,1.423035368323326
2016-04-28 03:00:00,1.5653181970119476
2016-04-28 04:00:00,2.510132819414139
2016-04-28 05:00:00,3.1804394721984863
2016-04-28 06:00:00,3.613185226917267
2016-04-28 07:00:00,4.02109432220459
2016-04-28 08:00:00,4.46235466003418
2016-04-28 09:00:00,4.779117107391357
2016-04-28 10:00:00,4.685357093811035
2016-04-28 11:00:00,4.489757537841797
2016-04-28 12:00:00,4.055033802986145
2016-04-28 13:00:00,1.6037688255310059
2016-04-28 14:00:00,1.420375108718872
2016-04-28 15:00:00,1.3538044691085815
2016-04-28 16:00:00,1.308509349822998
2016-04-28 17:00:00,1.2244720458984375
2016-04-28 18:00:00,1.1180470138788223
2016-04-28 19:00:00,0.9966295957565308
2016-04-28 20:00:00,0.8650517463684082
2016-04-28 21:00:00,0.7310710400342941
2016-04-28 22:00:00,0.5689155906438828
2016-04-28 23:00:00,0.4001123942434788
2016-04-29 00:00:00,0.22445116192102432
2016-04-29 01:00:00,0.07584327459335327
2016-04-29 02:00:00,0.10515813529491425
2016-04-29 03:00:00,0.10561954975128174
2016-04-29 04:00:00,1.5051303058862686
2016-04-29 05:00:00,2.272550582885742
2016-04-29 06:00:00,2.837118625640869
2016-04-29 07:00:00,3.2760019302368164
2016-04-29 08:00:00,3.7157235145568848
2016-04-29 09:00:00,4.239536285400391
2016-04-29 10:00:00,4.478448390960693
2016-04-29 11:00:00,4.560118198394775
2016-04-29 12:00:00,4.39424467086792
2016-04-29 13:00:00,2.1012120842933655
2016-04-29 14:00:00,1.7203863859176636
2016-04-29 15:00:00,1.6642652750015259
2016-04-29 16:00:00,1.4464454650878906
2016-04-29 17:00:00,1.2665653079748154
2016-04-29 18:00:00,1.1767404079437256
2016-04-29 19:00:00,1.1522752046585083
2016-04-29 20:00:00,1.126812919974327
2016-04-29 21:00:00,1.0760746002197266
2016-04-29 22:00:00,1.0934975147247314
2016-04-29 23:00:00,1.0357238054275513
2016-04-30 00:00:00,0.8705377578735352
2016-04-30 01:00:00,0.59880530834198
2016-04-30 02:00:00,0.9705156534910202
2016-04-30 03:00:00,1.0814406871795654
2016-04-30 04:00:00,1.8305168151855469
2016-04-30 05:00:00,2.0135977268218994
2016-04-30 06:00:00,2.374577760696411
2016-04-30 07:00:00,2.8123230934143066
2016-04-30 08:00:00,3.2830865383148193
2016-04-30 09:00:00,3.646543502807617
2016-04-30 10:00:00,3.582019329071045
2016-04-30 11:00:00,3.3052525520324707
2016-04-30 12:00:00,2.68560528755188
2016-04-30 13:00:00,0.9223568886518478
2016-04-30 14:00:00,1.1149392127990723
2016-04-30 15:00:00,1.2142390012741089
2016-04-30 16:00:00,1.2661781311035156
2016-04-30 17:00:00,1.3161523342132568
2016-04-30 18:00:00,1.3579670190811157
2016-04-30 19:00:00,1.3784689903259277
2016-04-30 20:00:00,1.3628201484680176
2016-04-30 21:00:00,1.3044378757476807
2016-04-30 22:00:00,1.2904472351074219
2016-04-30 23:00:00,1.260577917098999
2016-05-01 00:00:00,1.2278834581375122
2016-05-01 01:00:00,1.0612125396728516
2016-05-01 02:00:00,2.0543766021728516
2016-05-01 03:00:00,1.8380842208862305
2016-05-01 04:00:00,3.1111927032470703
2016-05-01 05:00:00,3.4723992347717285
2016-05-01 06:00:00,3.801362693309784
2016-05-01 07:00:00,4.108675003051758
2016-05-01 08:00:00,4.372603416442871
2016-05-01 09:00:00,4.538995265960693
2016-05-01 10:00:00,4.544821739196777
2016-05-01 11:00:00,4.432473182678223
2016-05-01 12:00:00,3.963187098503113
2016-05-01 13:00:00,1.5863171815872192
2016-05-01 14:00:00,1.5877023935317993
2016-05-01 15:00:00,1.6320085525512695
2016-05-01 16:00:00,1.6941090822219849
2016-05-01 17:00:00,1.7674046456813812
2016-05-01 18:00:00,1.841275691986084
2016-05-01 19:00:00,1.8848214149475098
2016-05-01 20:00:00,1.871340036392212
2016-05-01 21:00:00,1.811809778213501
2016-05-01 22:00:00,1.6831539869308472
2016-05-01 23:00:00,1.5458624362945557
2016-05-02 00:00:00,1.3597151041030884
2016-05-02 01:00:00,1.0653901100158691
2016-05-02 02:00:00,1.7398971915245056
2016-05-02 03:00:00,0.9738485813140869
2016-05-02 04:00:00,1.273395299911499
2016-05-02 05:00:00,2.4208736419677734
2016-05-02 06:00:00,2.621946334838867
2016-05-02 07:00:00,2.7830045223236084
2016-05-02 08:00:00,2.882984161376953
2016-05-02 09:00:00,2.958169460296631
2016-05-02 10:00:00,2.9262962341308594
2016-05-02 11:00:00,2.9458863735198975
2016-05-02 12:00:00,2.774907112121582
2016-05-02 13:00:00,1.0832198858261108
2016-05-02 14:00:00,1.2965577840805054
2016-05-02 15:00:00,1.4712045192718506
2016-05-02 16:00:00,1.878154218196869
2016-05-02 17:00:00,2.3521576523780823
2016-05-02 18:00:00,2.683843106031418
2016-05-02 19:00:00,3.101137161254883
2016-05-02 20:00:00,3.623459815979004
2016-05-02 21:00:00,4.75901460647583
2016-05-02 22:00:00,4.700425148010254
2016-05-02 23:00:00,2.971959114074707
2016-05-03 00:00:00,1.3880797028541565
2016-05-03 01:00:00,-0.09868881106376648
2016-05-03 02:00:00,-1.7599372863769531
2016-05-03 03:00:00,-2.949077844619751
2016-05-03 04:00:00,-2.616759777069092
2016-05-03 05:00:00,-1.6053752303123474
2016-05-03 06:00:00,-0.5454040765762329
2016-05-03 07:00:00,0.2972868084907532
2016-05-03 08:00:00,1.0225336849689484
2016-05-03 09:00:00,1.6343863010406494
2016-05-03 10:00:00,1.6019482612609863
2016-05-03 11:00:00,1.4318759441375732
2016-05-03 12:00:00,0.9491922557353973
2016-05-03 13:00:00,-0.07134628295898438
2016-05-03 14:00:00,-0.5922960638999939
2016-05-03 15:00:00,-1.0283643007278442
2016-05-03 16:00:00,-1.1117843389511108
2016-05-03 17:00:00,-0.9994399547576904
2016-05-03 18:00:00,-0.8815686255693436
2016-05-03 19:00:00,-0.7487524747848511
2016-05-03 20:00:00,-0.6722129583358765
2016-05-03 21:00:00,-0.6353902369737625
2016-05-03 22:00:00,-0.585045576095581
2016-05-03 23:00:00,-0.6148891896009445
2016-05-04 00:00:00,-0.6823065727949142
2016-05-04 01:00:00,-0.985037311911583
2016-05-04 02:00:00,-1.7082939743995667
2016-05-04 03:00:00,-2.1395015716552734
2016-05-04 04:00:00,-1.7785643935203552
2016-05-04 05:00:00,-1.6842374205589294
2016-05-04 06:00:00,-1.728280559182167
2016-05-04 07:00:00,-1.7079715132713318
2016-05-04 08:00:00,-1.567483514547348
2016-05-04 09:00:00,-1.2350980043411255
2016-05-04 10:00:00,-0.07942736148834229
2016-05-04 11:00:00,1.125353455543518
2016-05-04 12:00:00,1.9854231476783752
2016-05-04 13:00:00,1.355991929769516
2016-05-04 14:00:00,1.352481722831726
2016-05-04 15:00:00,1.666940152645111
2016-05-04 16:00:00,1.3243719339370728
2016-05-04 17:00:00,1.0379924774169922
2016-05-04 18:00:00,0.8035285472869873
2016-05-04 19:00:00,0.5490963459014893
2016-05-04 20:00:00,0.23487639427185059
2016-05-04 21:00:00,-0.04083752632141113
2016-05-04 22:00:00,0.2495114803314209
2016-05-04 23:00:00,0.3609722852706909
2016-05-05 00:00:00,0.20872175693511963
2016-05-05 01:00:00,0.01970517635345459
2016-05-05 02:00:00,-0.6588644981384277
2016-05-05 03:00:00,-1.3432031571865082
2016-05-05 04:00:00,-2.318276882171631
2016-05-05 05:00:00,-2.8191046714782715
2016-05-05 06:00:00,-3.0159804821014404
2016-05-05 07:00:00,-2.8916800022125244
2016-05-05 08:00:00,-2.588625431060791
2016-05-05 09:00:00,-2.2810170650482178
2016-05-05 10:00:00,-1.7239943742752075
2016-05-05 11:00:00,-0.9495614767074585
2016-05-05 12:00:00,-0.039673805236816406
2016-05-05 13:00:00,0.47712941467761993
2016-05-05 14:00:00,0.36751580238342285
2016-05-05 15:00:00,0.5321522206068039
2016-05-05 16:00:00,0.8138888999819756
2016-05-05 17:00:00,1.0371730625629425
2016-05-05 18:00:00,0.9051874950528145
2016-05-05 19:00:00,0.4829809218645096
2016-05-05 20:00:00,-0.06138920783996582
2016-05-05 21:00:00,-0.4651184678077698
2016-05-05 22:00:00,-0.9597346484661102
2016-05-05 23:00:00,-1.058927059173584
2016-05-06 00:00:00,-0.5830343216657639
2016-05-06 01:00:00,-0.16451525688171387
2016-05-06 02:00:00,0.4862005114555359
2016-05-06 03:00:00,1.1394615173339844
2016-05-06 04:00:00,1.4846433401107788
2016-05-06 05:00:00,1.5531666278839111
2016-05-06 06:00:00,1.326309323310852
2016-05-06 07:00:00,0.9949272871017456
2016-05-06 08:00:00,0.7934491634368896
2016-05-06 09:00:00,0.7289706468582153
2016-05-06 10:00:00,0.9498186111450195
2016-05-06 11:00:00,1.1834280341863632
2016-05-06 12:00:00,1.35679292678833
2016-05-06 13:00:00,0.7402276918292046
2016-05-06 14:00:00,0.4514673352241516
2016-05-06 15:00:00,0.42368362843990326
2016-05-06 16:00:00,0.49697791039943695
2016-05-06 17:00:00,0.6616446934640408
2016-05-06 18:00:00,0.8819448873400688
2016-05-06 19:00:00,1.0450212955474854
2016-05-06 20:00:00,1.1067625284194946
2016-05-06 21:00:00,1.0839362144470215
2016-05-06 22:00:00,0.9260797500610352
2016-05-06 23:00:00,0.7807003259658813
2016-05-07 00:00:00,0.6361069083213806
2016-05-07 01:00:00,0.46377068758010864
2016-05-07 02:00:00,0.13374007865786552
2016-05-07 03:00:00,-0.5752543210983276
2016-05-07 04:00:00,-0.8468239903450012
2016-05-07 05:00:00,-0.8759969472885132
2016-05-07 06:00:00,-0.645097628235817
2016-05-07 07:00:00,-0.24658513069152832
2016-05-07 08:00:00,0.22030502557754517
2016-05-07 09:00:00,0.6788405179977417
2016-05-07 10:00:00,0.6010113954544067
2016-05-07 11:00:00,0.4715835601091385
2016-05-07 12:00:00,0.25678277015686035
2016-05-07 13:00:00,-0.03715169429779053
2016-05-07 14:00:00,-0.2910040020942688
2016-05-07 15:00:00,-0.33909881860017776
2016-05-07 16:00:00,-0.21812289208173752
2016-05-07 17:00:00,-0.05209725350141525
2016-05-07 18:00:00,0.1525471918284893
2016-05-07 19:00:00,0.3282756581902504
2016-05-07 20:00:00,0.4841589778661728
2016-05-07 21:00:00,0.6308359056711197
2016-05-07 22:00:00,0.7303857728838921
2016-05-07 23:00:00,0.6885709315538406
2016-05-08 00:00:00,0.43166297674179077
2016-05-08 01:00:00,0.10621234029531479
2016-05-08 02:00:00,-0.4456549882888794
2016-05-08 03:00:00,-0.35873547196388245
2016-05-08 04:00:00,0.10229462385177612
2016-05-08 05:00:00,-0.354300320148468
2016-05-08 06:00:00,-0.7638533562421799
2016-05-08 07:00:00,-0.9554885625839233
2016-05-08 08:00:00,-0.9756597280502319
2016-05-08 09:00:00,-1.0418422520160675
2016-05-08 10:00:00,-0.9699840545654297
2016-05-08 11:00:00,-0.9190017879009247
2016-05-08 12:00:00,-1.0550998449325562
2016-05-08 13:00:00,-0.606657862663269
2016-05-08 14:00:00,-1.0355775356292725
2016-05-08 15:00:00,-1.2734389454126358
2016-05-08 16:00:00,-1.2696462869644165
2016-05-08 17:00:00,-1.2308285236358643
2016-05-08 18:00:00,-1.2171535342931747
2016-05-08 19:00:00,-1.1862012147903442
2016-05-08 20:00:00,-1.079602837562561
2016-05-08 21:00:00,-0.9925775527954102
2016-05-08 22:00:00,-1.2053255885839462
2016-05-08 23:00:00,-1.4938106536865234
2016-05-09 00:00:00,-1.6556994915008545
2016-05-09 01:00:00,-2.001277446746826
2016-05-09 02:00:00,-1.827141523361206
2016-05-09 03:00:00,-1.5241558700799942
2016-05-09 04:00:00,-1.3688838481903076
2016-05-09 05:00:00,-1.3816720247268677
2016-05-09 06:00:00,-1.2877984046936035
2016-05-09 07:00:00,-1.1048115491867065
2016-05-09 08:00:00,-0.9148461818695068
2016-05-09 09:00:00,-0.7643815279006958
2016-05-09 10:00:00,-0.4736906886100769
2016-05-09 11:00:00,-0.19378938525915146
2016-05-09 12:00:00,-0.13328001648187637
2016-05-09 13:00:00,-0.20689158514142036
2016-05-09 14:00:00,-0.6673092246055603
2016-05-09 15:00:00,-0.8002312183380127
2016-05-09 16:00:00,-0.9440938234329224
2016-05-09 17:00:00,-1.1570961624383926
2016-05-09 18:00:00,-1.3810250759124756
2016-05-09 19:00:00,-1.5094521045684814
2016-05-09 20:00:00,-1.3870611190795898
2016-05-09 21:00:00,-1.1731257438659668
2016-05-09 22:00:00,-0.635829508304596
2016-05-09 23:00:00,-0.1967892348766327
2016-05-10 00:00:00,0.13786229491233826
2016-05-10 01:00:00,0.49843829870224
2016-05-10 02:00:00,0.8239659070968628
2016-05-10 03:00:00,0.972960352897644
2016-05-10 04:00:00,0.5781496614217758
2016-05-10 05:00:00,-0.14333688840270042
2016-05-10 06:00:00,-0.8317543268203735
2016-05-10 07:00:00,-1.3390876054763794
2016-05-10 08:00:00,-1.598695158958435
2016-05-10 09:00:00,-1.7242505550384521
2016-05-10 10:00:00,-1.565866231918335
2016-05-10 11:00:00,-1.4674553871154785
2016-05-10 12:00:00,-1.506864309310913
2016-05-10 13:00:00,-1.2277287244796753
2016-05-10 14:00:00,-1.140414446592331
2016-05-10 15:00:00,-1.6020349562168121
2016-05-10 16:00:00,-1.5820443630218506
2016-05-10 17:00:00,-1.392702341079712
2016-05-10 18:00:00,-1.141190767288208
2016-05-10 19:00:00,-0.8854399025440216
2016-05-10 20:00:00,-0.6302064657211304
2016-05-10 21:00:00,-0.3571052551269531
2016-05-10 22:00:00,-0.32917940616607666
2016-05-10 23:00:00,-0.43579912185668945
2016-05-11 00:00:00,-0.6428673267364502
2016-05-11 01:00:00,-0.6310580968856812
2016-05-11 02:00:00,-1.867469072341919
2016-05-11 03:00:00,-2.5244126319885254
2016-05-11 04:00:00,-2.8084065914154053
2016-05-11 05:00:00,-2.3628249168395996
2016-05-11 06:00:00,-1.4591500759124756
2016-05-11 07:00:00,-0.367428719997406
2016-05-11 08:00:00,0.5926307961344719
2016-05-11 09:00:00,1.3777518272399902
2016-05-11 10:00:00,1.8254642486572266
2016-05-11 11:00:00,2.1379101276397705
2016-05-11 12:00:00,2.0963497161865234
2016-05-11 13:00:00,0.9620368480682373
2016-05-11 14:00:00,0.2528151869773865
2016-05-11 15:00:00,-0.051573485136032104
2016-05-11 16:00:00,-0.21803241595625877
2016-05-11 17:00:00,-0.3345768228173256
2016-05-11 18:00:00,-0.3933040499687195
2016-05-11 19:00:00,-0.40014125406742096
2016-05-11 20:00:00,-0.3484821319580078
2016-05-11 21:00:00,-0.24035853147506714
2016-05-11 22:00:00,-0.1707562804222107
2016-05-11 23:00:00,-0.10926638543605804
2016-05-12 00:00:00,-0.09394186735153198
2016-05-12 01:00:00,-0.09375810623168945
2016-05-12 02:00:00,-0.27345529198646545
2016-05-12 03:00:00,-0.0017489716410636902
2016-05-12 04:00:00,0.4011406935751438
2016-05-12 05:00:00,0.9251575469970703
2016-05-12 06:00:00,1.500415325164795
2016-05-12 07:00:00,2.02217435836792
2016-05-12 08:00:00,2.3624267578125
2016-05-12 09:00:00,2.5957436561584473
2016-05-12 10:00:00,2.8700034618377686
2016-05-12 11:00:00,3.0563812255859375
2016-05-12 12:00:00,3.0806469917297363
2016-05-12 13:00:00,1.9597043991088867
2016-05-12 14:00:00,0.9765713214874268
2016-05-12 15:00:00,0.8570723980665207
2016-05-12 16:00:00,0.7433235049247742
2016-05-12 17:00:00,0.5886715054512024
2016-05-12 18:00:00,0.4632875323295593
2016-05-12 19:00:00,0.38158339262008667
2016-05-12 20:00:00,0.3319855332374573
2016-05-12 21:00:00,0.3393154740333557
2016-05-12 22:00:00,0.4936947226524353
2016-05-12 23:00:00,0.6569705605506897
2016-05-13 00:00:00,0.6959061026573181
2016-05-13 01:00:00,0.6473199129104614
2016-05-13 02:00:00,1.6102442741394043
2016-05-13 03:00:00,1.8584723472595215
2016-05-13 04:00:00,2.060872495174408
2016-05-13 05:00:00,1.9316380023956299
2016-05-13 06:00:00,1.8385132849216461
2016-05-13 07:00:00,1.8655884265899658
2016-05-13 08:00:00,1.9885973930358887
2016-05-13 09:00:00,2.160153865814209
2016-05-13 10:00:00,2.349083423614502
2016-05-13 11:00:00,2.5591371059417725
2016-05-13 12:00:00,2.6287567615509033
2016-05-13 13:00:00,1.0022284984588623
2016-05-13 14:00:00,0.9712652713060379
2016-05-13 15:00:00,0.9222877025604248
2016-05-13 16:00:00,0.9552535265684128
2016-05-13 17:00:00,0.980409175157547
2016-05-13 18:00:00,1.0146165192127228
2016-05-13 19:00:00,1.0542027950286865
2016-05-13 20:00:00,1.1082977056503296
2016-05-13 21:00:00,1.1914561986923218
2016-05-13 22:00:00,1.173033356666565
2016-05-13 23:00:00,1.1351577043533325
2016-05-14 00:00:00,1.0969115495681763
2016-05-14 01:00:00,0.9524096250534058
2016-05-14 02:00:00,1.9290940165519714
2016-05-14 03:00:00,1.8042330741882324
2016-05-14 04:00:00,3.063154697418213
2016-05-14 05:00:00,2.899686813354492
2016-05-14 06:00:00,2.6355905532836914
2016-05-14 07:00:00,2.398153066635132
2016-05-14 08:00:00,2.2601137161254883
2016-05-14 09:00:00,2.262258768081665
2016-05-14 10:00:00,2.309842109680176
2016-05-14 11:00:00,2.495893955230713
2016-05-14 12:00:00,2.5885486602783203
2016-05-14 13:00:00,1.1255881786346436
2016-05-14 14:00:00,1.0131452083587646
2016-05-14 15:00:00,1.0055819749832153
2016-05-14 16:00:00,1.0589430332183838
2016-05-14 17:00:00,1.0960794687271118
2016-05-14 18:00:00,1.127986192703247
2016-05-14 19:00:00,1.1457016468048096
2016-05-14 20:00:00,1.144806981086731
2016-05-14 21:00:00,1.1353822946548462
2016-05-14 22:00:00,1.0184481143951416
2016-05-14 23:00:00,0.9156590700149536
2016-05-15 00:00:00,0.8081655502319336
2016-05-15 01:00:00,0.9439939260482788
2016-05-15 02:00:00,1.0295896530151367
2016-05-15 03:00:00,0.9015531539916992
2016-05-15 04:00:00,0.9728351831436157
2016-05-15 05:00:00,1.311786413192749
2016-05-15 06:00:00,1.6896184980869293
2016-05-15 07:00:00,2.0109546184539795
2016-05-15 08:00:00,2.2684021294116974
2016-05-15 09:00:00,2.46952822804451
2016-05-15 10:00:00,2.6716220378875732
2016-05-15 11:00:00,2.8959624767303467
2016-05-15 12:00:00,2.97224760055542
2016-05-15 13:00:00,1.95282182097435
2016-05-15 14:00:00,1.0807421207427979
2016-05-15 15:00:00,1.0396430492401123
2016-05-15 16:00:00,1.0022733211517334
2016-05-15 17:00:00,0.9749425649642944
2016-05-15 18:00:00,0.9426125288009644
2016-05-15 19:00:00,0.8923976421356201
2016-05-15 20:00:00,0.8183960914611816
2016-05-15 21:00:00,0.7404811382293701
2016-05-15 22:00:00,0.7839583158493042
2016-05-15 23:00:00,0.8168551921844482
2016-05-16 00:00:00,0.8457331657409668
2016-05-16 01:00:00,1.0278693437576294
2016-05-16 02:00:00,2.1989283561706543
2016-05-16 03:00:00,2.416013479232788
2016-05-16 04:00:00,3.371925115585327
2016-05-16 05:00:00,3.5236639976501465
2016-05-16 06:00:00,3.579897105693817
2016-05-16 07:00:00,3.6020774841308594
2016-05-16 08:00:00,3.571901321411133
2016-05-16 09:00:00,3.535062789916992
2016-05-16 10:00:00,3.5496241450309753
2016-05-16 11:00:00,3.5690462589263916
2016-05-16 12:00:00,3.478224039077759
2016-05-16 13:00:00,1.9272766709327698
2016-05-16 14:00:00,1.2247544527053833
2016-05-16 15:00:00,1.24489426612854
2016-05-16 16:00:00,1.320648431777954
2016-05-16 17:00:00,1.3894634246826172
2016-05-16 18:00:00,1.4532109498977661
2016-05-16 19:00:00,1.4773635864257812
2016-05-16 20:00:00,1.452720284461975
2016-05-16 21:00:00,1.4133222103118896
2016-05-16 22:00:00,1.3853063583374023
2016-05-16 23:00:00,1.338057279586792
2016-05-17 00:00:00,1.2583305835723877
2016-05-17 01:00:00,1.5204942226409912
2016-05-17 02:00:00,2.488062858581543
2016-05-17 03:00:00,2.6253461837768555
2016-05-17 04:00:00,3.4539332389831543
2016-05-17 05:00:00,3.621320962905884
2016-05-17 06:00:00,3.6545495986938477
2016-05-17 07:00:00,3.5912909507751465
2016-05-17 08:00:00,3.5034518241882324
2016-05-17 09:00:00,3.459040641784668
2016-05-17 10:00:00,3.6879258155822754
2016-05-17 11:00:00,3.784265697002411
2016-05-17 12:00:00,3.7147912979125977
2016-05-17 13:00:00,2.3464841842651367
2016-05-17 14:00:00,1.3720135688781738
2016-05-17 15:00:00,1.2981840372085571
2016-05-17 16:00:00,1.1841002702713013
2016-05-17 17:00:00,1.1530824899673462
2016-05-17 18:00:00,1.1548267602920532
2016-05-17 19:00:00,1.1449440717697144
2016-05-17 20:00:00,1.1200733184814453
2016-05-17 21:00:00,1.0895795822143555
2016-05-17 22:00:00,1.0813141018152237
2016-05-17 23:00:00,1.0173228979110718
2016-05-18 00:00:00,0.9445772618055344
2016-05-18 01:00:00,0.8037914782762527
2016-05-18 02:00:00,1.6539577543735504
2016-05-18 03:00:00,1.5566478967666626
2016-05-18 04:00:00,2.6518197059631348
2016-05-18 05:00:00,2.91872501373291
2016-05-18 06:00:00,2.897491931915283
2016-05-18 07:00:00,2.790003776550293
2016-05-18 08:00:00,2.724700689315796
2016-05-18 09:00:00,2.6940109729766846
2016-05-18 10:00:00,2.7641849517822266
2016-05-18 11:00:00,2.822328567504883
2016-05-18 12:00:00,2.742089033126831
2016-05-18 13:00:00,1.0552368313074112
2016-05-18 14:00:00,1.1161752939224243
2016-05-18 15:00:00,1.1827325820922852
2016-05-18 16:00:00,1.0890572220087051
2016-05-18 17:00:00,0.9683103263378143
2016-05-18 18:00:00,0.8036752939224243
2016-05-18 19:00:00,0.5483328700065613
2016-05-18 20:00:00,0.14263153076171875
2016-05-18 21:00:00,-0.34662988036870956
2016-05-18 22:00:00,-0.5041711181402206
2016-05-18 23:00:00,-0.5899996757507324
2016-05-19 00:00:00,-0.7435894012451172
2016-05-19 01:00:00,-1.4235789775848389
2016-05-19 02:00:00,-2.3805458545684814
2016-05-19 03:00:00,-3.1165504455566406
2016-05-19 04:00:00,-3.2921857833862305
2016-05-19 05:00:00,-3.2305967807769775
2016-05-19 06:00:00,-2.8854174613952637
2016-05-19 07:00:00,-2.3466074466705322
2016-05-19 08:00:00,-1.779146432876587
2016-05-19 09:00:00,-1.2845792919397354
2016-05-19 10:00:00,-0.8402873277664185
2016-05-19 11:00:00,-0.38297610729932785
2016-05-19 12:00:00,-0.11087250337004662
2016-05-19 13:00:00,-0.10763057880103588
2016-05-19 14:00:00,-0.5773384133353829
2016-05-19 15:00:00,-0.8499794006347656
2016-05-19 16:00:00,-1.01218880712986
2016-05-19 17:00:00,-1.1358714252710342
2016-05-19 18:00:00,-1.1962597370147705
2016-05-19 19:00:00,-1.216604471206665
2016-05-19 20:00:00,-1.219577893614769
2016-05-19 21:00:00,-1.1901867389678955
2016-05-19 22:00:00,-1.3082000017166138
2016-05-19 23:00:00,-1.419447898864746
2016-05-20 00:00:00,-1.52277410030365
2016-05-20 01:00:00,-2.4993491172790527
2016-05-20 02:00:00,-2.8397793769836426
2016-05-20 03:00:00,-3.059509754180908
2016-05-20 04:00:00,-2.618544340133667
2016-05-20 05:00:00,-2.1604396998882294
2016-05-20 06:00:00,-1.587395191192627
2016-05-20 07:00:00,-0.9655544459819794
2016-05-20 08:00:00,-0.2938616871833801
2016-05-20 09:00:00,0.4172714948654175
2016-05-20 10:00:00,0.9732811897993088
2016-05-20 11:00:00,1.5088322162628174
2016-05-20 12:00:00,1.793653964996338
2016-05-20 13:00:00,0.6063758134841919
2016-05-20 14:00:00,0.6874386817216873
2016-05-20 15:00:00,0.4517017602920532
2016-05-20 16:00:00,0.36367267370224
2016-05-20 17:00:00,0.08854532241821289
2016-05-20 18:00:00,-0.2763580083847046
2016-05-20 19:00:00,-0.570469856262207
2016-05-20 20:00:00,-0.6807646751403809
2016-05-20 21:00:00,-0.6711302995681763
2016-05-20 22:00:00,-0.5838528107851744
2016-05-20 23:00:00,-0.43943120539188385
2016-05-21 00:00:00,-0.2013760283589363
2016-05-21 01:00:00,0.11443749070167542
2016-05-21 02:00:00,0.762489840388298
2016-05-21 03:00:00,1.629946231842041
2016-05-21 04:00:00,2.2576179802417755
2016-05-21 05:00:00,2.1026008129119873
2016-05-21 06:00:00,1.8142515122890472
2016-05-21 07:00:00,1.63071608543396
2016-05-21 08:00:00,1.579545110464096
2016-05-21 09:00:00,1.6347074508666992
2016-05-21 10:00:00,1.8615575730800629
2016-05-21 11:00:00,2.2828679382801056
2016-05-21 12:00:00,2.50476935505867
2016-05-21 13:00:00,1.2839360237121582
2016-05-21 14:00:00,0.8892550468444824
2016-05-21 15:00:00,1.0768706798553467
2016-05-21 16:00:00,1.30385822057724
2016-05-21 17:00:00,1.367792546749115
2016-05-21 18:00:00,1.2808181047439575
2016-05-21 19:00:00,1.13463294506073
2016-05-21 20:00:00,0.9795836210250854
2016-05-21 21:00:00,0.7718132734298706
2016-05-21 22:00:00,0.48557281494140625
2016-05-21 23:00:00,0.1389150619506836
2016-05-22 00:00:00,-0.05014424026012421
2016-05-22 01:00:00,0.0024219751358032227
2016-05-22 02:00:00,0.08972525596618652
2016-05-22 03:00:00,1.2305731624364853
2016-05-22 04:00:00,1.6845242977142334
2016-05-22 05:00:00,1.4231159389019012
2016-05-22 06:00:00,1.1351148784160614
2016-05-22 07:00:00,1.0709865391254425
2016-05-22 08:00:00,1.286510944366455
2016-05-22 09:00:00,1.7391583919525146
2016-05-22 10:00:00,2.7270522117614746
2016-05-22 11:00:00,3.6874560117721558
2016-05-22 12:00:00,4.311628341674805
2016-05-22 13:00:00,3.9120426177978516
2016-05-22 14:00:00,2.4465927481651306
2016-05-22 15:00:00,3.081989288330078
2016-05-22 16:00:00,3.7826128005981445
2016-05-22 17:00:00,3.926095187664032
2016-05-22 18:00:00,3.756345748901367
2016-05-22 19:00:00,3.4705886840820312
2016-05-22 20:00:00,3.1241824626922607
2016-05-22 21:00:00,3.008512020111084
2016-05-22 22:00:00,2.3952090740203857
2016-05-22 23:00:00,1.8959168791770935
2016-05-23 00:00:00,1.4611668586730957
2016-05-23 01:00:00,1.7080522179603577
2016-05-23 02:00:00,1.5484257638454437
2016-05-23 03:00:00,1.342188835144043
2016-05-23 04:00:00,1.2091464847326279
2016-05-23 05:00:00,0.8526853621006012
2016-05-23 06:00:00,0.5599832087755203
2016-05-23 07:00:00,0.46979427337646484
2016-05-23 08:00:00,0.6380083560943604
2016-05-23 09:00:00,0.8798837661743164
2016-05-23 10:00:00,1.2537672519683838
2016-05-23 11:00:00,1.5826953649520874
2016-05-23 12:00:00,1.7783838510513306
2016-05-23 13:00:00,1.4356864988803864
2016-05-23 14:00:00,0.702641487121582
2016-05-23 15:00:00,0.6756725311279297
2016-05-23 16:00:00,0.8721551895141602
2016-05-23 17:00:00,1.323540210723877
2016-05-23 18:00:00,1.156689167022705
2016-05-23 19:00:00,0.6595691442489624
2016-05-23 20:00:00,0.07898867130279541
2016-05-23 21:00:00,0.012088418006896973
2016-05-23 22:00:00,-0.090087890625
2016-05-23 23:00:00,-0.423808217048645
2016-05-24 00:00:00,-0.723414421081543
2016-05-24 01:00:00,-1.2576032876968384
2016-05-24 02:00:00,-2.017866373062134
2016-05-24 03:00:00,-1.3471547067165375
2016-05-24 04:00:00,-0.6933246552944183
2016-05-24 05:00:00,-0.31439638137817383
2016-05-24 06:00:00,0.18846416473388672
2016-05-24 07:00:00,0.8384737521409988
2016-05-24 08:00:00,1.5541684478521347
2016-05-24 09:00:00,2.2231292724609375
2016-05-24 10:00:00,2.499685764312744
2016-05-24 11:00:00,2.7336859703063965
2016-05-24 12:00:00,2.824777841567993
2016-05-24 13:00:00,2.1154134571552277
2016-05-24 14:00:00,0.8780444860458374
2016-05-24 15:00:00,0.642578661441803
2016-05-24 16:00:00,0.5268146395683289
2016-05-24 17:00:00,0.3954496383666992
2016-05-24 18:00:00,0.31043124198913574
2016-05-24 19:00:00,0.27747368812561035
2016-05-24 20:00:00,0.23746615648269653
2016-05-24 21:00:00,0.14851081371307373
2016-05-24 22:00:00,0.028008878231048584
2016-05-24 23:00:00,-0.06659501791000366
2016-05-25 00:00:00,-0.14957958459854126
2016-05-25 01:00:00,-0.2599347233772278
2016-05-25 02:00:00,-0.518956184387207
2016-05-25 03:00:00,0.7634996175765991
2016-05-25 04:00:00,1.8267173767089844
2016-05-25 05:00:00,2.5389905273914337
2016-05-25 06:00:00,3.169512987136841
2016-05-25 07:00:00,3.6930832862854004
2016-05-25 08:00:00,4.060976028442383
2016-05-25 09:00:00,4.372031211853027
2016-05-25 10:00:00,4.364800930023193
2016-05-25 11:00:00,4.337236404418945
2016-05-25 12:00:00,4.1266608238220215
2016-05-25 13:00:00,2.582165241241455
2016-05-25 14:00:00,1.4633761644363403
2016-05-25 15:00:00,1.314178705215454
2016-05-25 16:00:00,1.2536184787750244
2016-05-25 17:00:00,1.1760005950927734
2016-05-25 18:00:00,1.1155571937561035
2016-05-25 19:00:00,1.0917768776416779
2016-05-25 20:00:00,1.038723036646843
2016-05-25 21:00:00,0.8839201927185059
2016-05-25 22:00:00,0.6897457838058472
2016-05-25 23:00:00,0.5683205127716064
2016-05-26 00:00:00,0.6495689153671265
2016-05-26 01:00:00,1.0611414015293121
2016-05-26 02:00:00,2.2404987812042236
2016-05-26 03:00:00,3.29124054312706
2016-05-26 04:00:00,2.667563259601593
2016-05-26 05:00:00,1.9687702655792236
2016-05-26 06:00:00,1.7437305450439453
2016-05-26 07:00:00,1.8772575855255127
2016-05-26 08:00:00,2.142582416534424
2016-05-26 09:00:00,2.375675678253174
2016-05-26 10:00:00,3.1354191303253174
2016-05-26 11:00:00,3.713165581226349
2016-05-26 12:00:00,3.9291593432426453
2016-05-26 13:00:00,2.729447841644287
2016-05-26 14:00:00,1.3788201808929443
2016-05-26 15:00:00,1.2151914834976196
2016-05-26 16:00:00,0.9846934080123901
2016-05-26 17:00:00,0.7769752740859985
2016-05-26 18:00:00,0.6584545969963074
2016-05-26 19:00:00,0.623279869556427
2016-05-26 20:00:00,0.6446642279624939
2016-05-26 21:00:00,0.7325695753097534
2016-05-26 22:00:00,0.968582272529602
2016-05-26 23:00:00,1.1490073204040527
2016-05-27 00:00:00,1.3395843505859375
2016-05-27 01:00:00,2.259629249572754
2016-05-27 02:00:00,3.519465446472168
2016-05-27 03:00:00,4.275619029998779
2016-05-27 04:00:00,3.9279823303222656
2016-05-27 05:00:00,3.7746076583862305
2016-05-27 06:00:00,3.9656667709350586
2016-05-27 07:00:00,4.3194260597229
2016-05-27 08:00:00,4.651129245758057
2016-05-27 09:00:00,4.920680522918701
2016-05-27 10:00:00,5.329671382904053
2016-05-27 11:00:00,5.643584728240967
2016-05-27 12:00:00,5.722137451171875
2016-05-27 13:00:00,4.988447189331055
2016-05-27 14:00:00,3.351975679397583
2016-05-27 15:00:00,3.4951558113098145
2016-05-27 16:00:00,3.990841865539551
2016-05-27 17:00:00,4.325950562953949
2016-05-27 18:00:00,4.533387184143066
2016-05-27 19:00:00,4.608065605163574
2016-05-27 20:00:00,4.658324241638184
2016-05-27 21:00:00,4.6551055908203125
2016-05-27 22:00:00,3.98752498626709
2016-05-27 23:00:00,3.448042154312134
2016-05-28 00:00:00,2.979898691177368
2016-05-28 01:00:00,3.655839204788208
2016-05-28 02:00:00,3.476125717163086
2016-05-28 03:00:00,4.658748149871826
2016-05-28 04:00:00,4.675715923309326
2016-05-28 05:00:00,4.472752571105957
2016-05-28 06:00:00,4.314757347106934
2016-05-28 07:00:00,4.3246750831604
2016-05-28 08:00:00,4.444948673248291
2016-05-28 09:00:00,4.504469394683838
2016-05-28 10:00:00,4.309991359710693
2016-05-28 11:00:00,4.27750688791275
2016-05-28 12:00:00,4.433099269866943
2016-05-28 13:00:00,3.968009829521179
2016-05-28 14:00:00,2.2201344966888428
2016-05-28 15:00:00,2.4465525150299072
2016-05-28 16:00:00,2.184133291244507
2016-05-28 17:00:00,1.9359722137451172
2016-05-28 18:00:00,1.6547905206680298
2016-05-28 19:00:00,1.3406380414962769
2016-05-28 20:00:00,1.0666483640670776
2016-05-28 21:00:00,0.9056129455566406
2016-05-28 22:00:00,0.7570410966873169
2016-05-28 23:00:00,0.6310706734657288
2016-05-29 00:00:00,0.5176240801811218
2016-05-29 01:00:00,0.4424141049385071
2016-05-29 02:00:00,1.0195823013782501
2016-05-29 03:00:00,2.1138963103294373
2016-05-29 04:00:00,2.657926559448242
2016-05-29 05:00:00,2.525369644165039
2016-05-29 06:00:00,2.180567741394043
2016-05-29 07:00:00,1.697852224111557
2016-05-29 08:00:00,1.1786772906780243
2016-05-29 09:00:00,0.649169921875
2016-05-29 10:00:00,0.4573722183704376
2016-05-29 11:00:00,0.43879298865795135
2016-05-29 12:00:00,0.24046587944030762
2016-05-29 13:00:00,-0.08733529038727283
2016-05-29 14:00:00,-0.5809394121170044
2016-05-29 15:00:00,-0.8754539489746094
2016-05-29 16:00:00,-0.7993760034441948
2016-05-29 17:00:00,-0.8155351132154465
2016-05-29 18:00:00,-0.8712014257907867
2016-05-29 19:00:00,-0.8267115354537964
2016-05-29 20:00:00,-0.7150978967547417
2016-05-29 21:00:00,-0.6579969376325607
2016-05-29 22:00:00,-0.5073451548814774
2016-05-29 23:00:00,-0.4166431427001953
2016-05-30 00:00:00,-0.3523123264312744
2016-05-30 01:00:00,-0.4761122465133667
2016-05-30 02:00:00,-0.2820832431316376
2016-05-30 03:00:00,0.7196328639984131
2016-05-30 04:00:00,1.1844651997089386
2016-05-30 05:00:00,1.1737476661801338
2016-05-30 06:00:00,1.1327092349529266
2016-05-30 07:00:00,1.1946494728326797
2016-05-30 08:00:00,1.3483796119689941
2016-05-30 09:00:00,1.5110310316085815
2016-05-30 10:00:00,1.6151680052280426
2016-05-30 11:00:00,1.7002489566802979
2016-05-30 12:00:00,1.6889095455408096
2016-05-30 13:00:00,1.3256670236587524
2016-05-30 14:00:00,0.4238557815551758
2016-05-30 15:00:00,0.28911203145980835
2016-05-30 16:00:00,0.2855762019753456
2016-05-30 17:00:00,0.30869629234075546
2016-05-30 18:00:00,0.3435014486312866
2016-05-30 19:00:00,0.38295676559209824
2016-05-30 20:00:00,0.42548908293247223
2016-05-30 21:00:00,0.47246836870908737
2016-05-30 22:00:00,0.4864220470190048
2016-05-30 23:00:00,0.48859359323978424
2016-05-31 00:00:00,0.49293236434459686
2016-05-31 01:00:00,0.390953004360199
2016-05-31 02:00:00,1.232735425233841
2016-05-31 03:00:00,1.9712050557136536
2016-05-31 04:00:00,2.568344831466675
2016-05-31 05:00:00,3.09049391746521
2016-05-31 06:00:00,3.457963228225708
2016-05-31 07:00:00,3.68672513961792
2016-05-31 08:00:00,3.8830509185791016
2016-05-31 09:00:00,4.038744568824768
2016-05-31 10:00:00,3.9820697903633118
2016-05-31 11:00:00,3.994741439819336
2016-05-31 12:00:00,3.8735761642456055
2016-05-31 13:00:00,2.7300102710723877
2016-05-31 14:00:00,1.2580000162124634
2016-05-31 15:00:00,1.1112785339355469
2016-05-31 16:00:00,1.1177892684936523
2016-05-31 17:00:00,1.1462022066116333
2016-05-31 18:00:00,1.197282075881958
2016-05-31 19:00:00,1.2697633504867554
2016-05-31 20:00:00,1.361654281616211
2016-05-31 21:00:00,1.4436907768249512
2016-05-31 22:00:00,1.411062240600586
2016-05-31 23:00:00,1.32470703125
2016-06-01 00:00:00,1.227163314819336
2016-06-01 01:00:00,2.374082326889038
2016-06-01 02:00:00,2.175412654876709
2016-06-01 03:00:00,3.015373706817627
2016-06-01 04:00:00,3.116553783416748
2016-06-01 05:00:00,3.051532030105591
2016-06-01 06:00:00,3.0556271076202393
2016-06-01 07:00:00,3.185349702835083
2016-06-01 08:00:00,3.381345748901367
2016-06-01 09:00:00,3.5984795093536377
2016-06-01 10:00:00,3.801928997039795
2016-06-01 11:00:00,3.97356379032135
2016-06-01 12:00:00,3.97917640209198
2016-06-01 13:00:00,2.7974658012390137
2016-06-01 14:00:00,1.480112910270691
2016-06-01 15:00:00,1.4238842725753784
2016-06-01 16:00:00,1.4366583824157715
2016-06-01 17:00:00,1.6059579849243164
2016-06-01 18:00:00,1.9801130294799805
2016-06-01 19:00:00,2.501100778579712
2016-06-01 20:00:00,2.980692148208618
2016-06-01 21:00:00,3.220921516418457
2016-06-01 22:00:00,3.0242929458618164
2016-06-01 23:00:00,2.739788770675659
2016-06-02 00:00:00,2.3472275733947754
2016-06-02 01:00:00,3.120572566986084
2016-06-02 02:00:00,2.790405035018921
2016-06-02 03:00:00,3.4127871990203857
2016-06-02 04:00:00,3.617870569229126
2016-06-02 05:00:00,3.5770483016967773
2016-06-02 06:00:00,3.702709674835205
2016-06-02 07:00:00,3.9734621047973633
2016-06-02 08:00:00,4.315268456935883
2016-06-02 09:00:00,4.633759498596191
2016-06-02 10:00:00,4.744907379150391
2016-06-02 11:00:00,4.7292680740356445
2016-06-02 12:00:00,4.5045318603515625
2016-06-02 13:00:00,2.880373239517212
2016-06-02 14:00:00,1.8588442206382751
2016-06-02 15:00:00,1.8881804943084717
2016-06-02 16:00:00,1.8184247016906738
2016-06-02 17:00:00,1.7397727072238922
2016-06-02 18:00:00,1.6658973693847656
2016-06-02 19:00:00,1.5666072368621826
2016-06-02 20:00:00,1.439903736114502
2016-06-02 21:00:00,1.2858195304870605
2016-06-02 22:00:00,1.005055546760559
2016-06-02 23:00:00,0.6926251649856567
2016-06-03 00:00:00,0.3333215117454529
2016-06-03 01:00:00,-0.3351125568151474
2016-06-03 02:00:00,-1.1465143263339996
2016-06-03 03:00:00,-1.1102142333984375
2016-06-03 04:00:00,0.18410152196884155
2016-06-03 05:00:00,0.6300616711378098
2016-06-03 06:00:00,1.089681625366211
2016-06-03 07:00:00,1.6368365287780762
2016-06-03 08:00:00,2.1921043395996094
2016-06-03 09:00:00,2.7117345333099365
2016-06-03 10:00:00,3.170203447341919
2016-06-03 11:00:00,3.4562435150146484
2016-06-03 12:00:00,3.523165225982666
2016-06-03 13:00:00,2.362361192703247
2016-06-03 14:00:00,1.4101206064224243
2016-06-03 15:00:00,1.5411370992660522
2016-06-03 16:00:00,1.549277901649475
2016-06-03 17:00:00,1.6144258975982666
2016-06-03 18:00:00,1.6950647830963135
2016-06-03 19:00:00,1.7537798881530762
2016-06-03 20:00:00,1.764188289642334
2016-06-03 21:00:00,1.7333588600158691
2016-06-03 22:00:00,1.63785719871521
2016-06-03 23:00:00,1.4942731857299805
2016-06-04 00:00:00,1.2901637554168701
2016-06-04 01:00:00,1.7221152782440186
2016-06-04 02:00:00,0.8254403173923492
2016-06-04 03:00:00,0.4641008675098419
2016-06-04 04:00:00,0.574875719845295
2016-06-04 05:00:00,0.6705182008445263
2016-06-04 06:00:00,0.8729218244552612
2016-06-04 07:00:00,1.1513142585754395
2016-06-04 08:00:00,1.4488526582717896
2016-06-04 09:00:00,1.7598648071289062
2016-06-04 10:00:00,1.7395544052124023
2016-06-04 11:00:00,1.842041015625
2016-06-04 12:00:00,1.8678417205810547
2016-06-04 13:00:00,0.8353531360626221
2016-06-04 14:00:00,0.7165398001670837
2016-06-04 15:00:00,0.7410680800676346
2016-06-04 16:00:00,0.8315138816833496
2016-06-04 17:00:00,0.8918412923812866
2016-06-04 18:00:00,0.9626917839050293
2016-06-04 19:00:00,1.0559033155441284
2016-06-04 20:00:00,1.1526343822479248
2016-06-04 21:00:00,1.2452057600021362
2016-06-04 22:00:00,1.1945090293884277
2016-06-04 23:00:00,1.1060469150543213
2016-06-05 00:00:00,0.9745360612869263
2016-06-05 01:00:00,0.8669916391372681
2016-06-05 02:00:00,0.894759051501751
2016-06-05 03:00:00,0.45070648193359375
2016-06-05 04:00:00,0.0635748952627182
2016-06-05 05:00:00,-0.30934130772948265
2016-06-05 06:00:00,-0.48284365236759186
2016-06-05 07:00:00,-0.4907752275466919
2016-06-05 08:00:00,-0.39890140295028687
2016-06-05 09:00:00,-0.29508960247039795
2016-06-05 10:00:00,-0.01472240686416626
2016-06-05 11:00:00,0.24344319105148315
2016-06-05 12:00:00,0.3194258213043213
2016-06-05 13:00:00,0.05944925546646118
2016-06-05 14:00:00,-0.3653069734573364
2016-06-05 15:00:00,-0.7565661668777466
2016-06-05 16:00:00,-0.8755618780851364
2016-06-05 17:00:00,-0.9656864106655121
2016-06-05 18:00:00,-1.0221998691558838
2016-06-05 19:00:00,-1.0643497705459595
2016-06-05 20:00:00,-1.0843247473239899
2016-06-05 21:00:00,-1.0765752792358398
2016-06-05 22:00:00,-1.1413722038269043
2016-06-05 23:00:00,-1.2007242441177368
2016-06-06 00:00:00,-1.24949049949646
2016-06-06 01:00:00,-1.7821616232395172
2016-06-06 02:00:00,-1.5258173942565918
2016-06-06 03:00:00,-1.0642534494400024
2016-06-06 04:00:00,-0.5679814964532852
2016-06-06 05:00:00,-0.3301268219947815
2016-06-06 06:00:00,-0.19795209914445877
2016-06-06 07:00:00,-0.06198319047689438
2016-06-06 08:00:00,0.09947153925895691
2016-06-06 09:00:00,0.2885084766894579
2016-06-06 10:00:00,0.3691161721944809
2016-06-06 11:00:00,0.546557679772377
2016-06-06 12:00:00,0.48680466413497925
2016-06-06 13:00:00,-0.06791806221008301
2016-06-06 14:00:00,-0.7680913805961609
2016-06-06 15:00:00,-1.0555126667022705
2016-06-06 16:00:00,-1.218918800354004
2016-06-06 17:00:00,-1.3018765449523926
2016-06-06 18:00:00,-1.3075840473175049
2016-06-06 19:00:00,-1.2925969362258911
2016-06-06 20:00:00,-1.2529412508010864
2016-06-06 21:00:00,-1.1817090511322021
2016-06-06 22:00:00,-1.0343198776245117
2016-06-06 23:00:00,-0.8985158205032349
2016-06-07 00:00:00,-0.805202841758728
2016-06-07 01:00:00,-1.08414888381958
2016-06-07 02:00:00,-1.7601462602615356
2016-06-07 03:00:00,-1.3118522018194199
2016-06-07 04:00:00,-1.1182715594768524
2016-06-07 05:00:00,-1.3169372081756592
2016-06-07 06:00:00,-1.410234957933426
2016-06-07 07:00:00,-1.3148929923772812
2016-06-07 08:00:00,-1.0917754247784615
2016-06-07 09:00:00,-0.8333946540951729
2016-06-07 10:00:00,-0.524970754981041
2016-06-07 11:00:00,-0.0284484401345253
2016-06-07 12:00:00,0.1704515814781189
2016-06-07 13:00:00,-0.33432330191135406
2016-06-07 14:00:00,-0.7509349584579468
2016-06-07 15:00:00,-1.149387463927269
2016-06-07 16:00:00,-1.340912103652954
2016-06-07 17:00:00,-1.4764771461486816
2016-06-07 18:00:00,-1.557183861732483
2016-06-07 19:00:00,-1.5682622194290161
2016-06-07 20:00:00,-1.5491178035736084
2016-06-07 21:00:00,-1.4734071493148804
2016-06-07 22:00:00,-1.3964905738830566
2016-06-07 23:00:00,-1.3168257474899292
2016-06-08 00:00:00,-1.2503072023391724
2016-06-08 01:00:00,-2.258088141679764
2016-06-08 02:00:00,-2.007159471511841
2016-06-08 03:00:00,-1.3541699647903442
2016-06-08 04:00:00,-0.5857809782028198
2016-06-08 05:00:00,-0.03610706329345703
2016-06-08 06:00:00,0.5416715145111084
2016-06-08 07:00:00,1.0376026630401611
2016-06-08 08:00:00,1.382851481437683
2016-06-08 09:00:00,1.6507765054702759
2016-06-08 10:00:00,1.8766632080078125
2016-06-08 11:00:00,2.1737804412841797
2016-06-08 12:00:00,2.3076608180999756
2016-06-08 13:00:00,1.188749760389328
2016-06-08 14:00:00,0.673283576965332
2016-06-08 15:00:00,0.39204657077789307
2016-06-08 16:00:00,0.2204585075378418
2016-06-08 17:00:00,-0.015820622444152832
2016-06-08 18:00:00,-0.3035725951194763
2016-06-08 19:00:00,-0.5152164697647095
2016-06-08 20:00:00,-0.651945948600769
2016-06-08 21:00:00,-0.734886884689331
2016-06-08 22:00:00,-0.7783970832824707
2016-06-08 23:00:00,-0.8756252527236938
2016-06-09 00:00:00,-1.0137892961502075
2016-06-09 01:00:00,-1.8594237267971039
2016-06-09 02:00:00,-1.9547317028045654
2016-06-09 03:00:00,-1.0349860191345215
2016-06-09 04:00:00,-0.2834209203720093
2016-06-09 05:00:00,0.19303493201732635
2016-06-09 06:00:00,0.6562006920576096
2016-06-09 07:00:00,1.099228411912918
2016-06-09 08:00:00,1.5634101927280426
2016-06-09 09:00:00,2.117067575454712
2016-06-09 10:00:00,3.0377962589263916
2016-06-09 11:00:00,3.6460230946540833
2016-06-09 12:00:00,3.804101288318634
2016-06-09 13:00:00,2.953307628631592
2016-06-09 14:00:00,1.2804536819458008
2016-06-09 15:00:00,1.1544928550720215
2016-06-09 16:00:00,0.9843860864639282
2016-06-09 17:00:00,0.9014559984207153
2016-06-09 18:00:00,0.6693960502743721
2016-06-09 19:00:00,0.302449107170105
2016-06-09 20:00:00,-0.10552022606134415
2016-06-09 21:00:00,-0.42894067615270615
2016-06-09 22:00:00,-0.5294620990753174
2016-06-09 23:00:00,-0.5287867933511734
2016-06-10 00:00:00,-0.4788206219673157
2016-06-10 01:00:00,-0.6079083159565926
2016-06-10 02:00:00,-0.7491818964481354
2016-06-10 03:00:00,0.11046902555972338
2016-06-10 04:00:00,0.6522764787077904
2016-06-10 05:00:00,0.9461710900068283
2016-06-10 06:00:00,1.3258456364274025
2016-06-10 07:00:00,1.826391950249672
2016-06-10 08:00:00,2.4109463691711426
2016-06-10 09:00:00,2.9423185884952545
2016-06-10 10:00:00,3.67598295211792
2016-06-10 11:00:00,4.2453712821006775
2016-06-10 12:00:00,4.612989366054535
2016-06-10 13:00:00,4.433229029178619
2016-06-10 14:00:00,3.1307740211486816
2016-06-10 15:00:00,3.8899827003479004
2016-06-10 16:00:00,3.8479995727539062
2016-06-10 17:00:00,3.646698474884033
2016-06-10 18:00:00,3.409067153930664
2016-06-10 19:00:00,3.1582486629486084
2016-06-10 20:00:00,2.915212631225586
2016-06-10 21:00:00,2.727151393890381
2016-06-10 22:00:00,2.108601838350296
2016-06-10 23:00:00,1.729478359222412
2016-06-11 00:00:00,1.458016037940979
2016-06-11 01:00:00,2.6392641067504883
2016-06-11 02:00:00,2.7012391090393066
2016-06-11 03:00:00,3.132793664932251
2016-06-11 04:00:00,3.0436296463012695
2016-06-11 05:00:00,2.744196653366089
2016-06-11 06:00:00,2.590226411819458
2016-06-11 07:00:00,2.696021556854248
2016-06-11 08:00:00,3.0522096157073975
2016-06-11 09:00:00,3.5471784472465515
2016-06-11 10:00:00,4.021568655967712
2016-06-11 11:00:00,4.3936086893081665
2016-06-11 12:00:00,4.502784252166748
2016-06-11 13:00:00,4.160700440406799
2016-06-11 14:00:00,2.604779005050659
2016-06-11 15:00:00,2.116758346557617
2016-06-11 16:00:00,1.751094490289688
2016-06-11 17:00:00,1.4371025562286377
2016-06-11 18:00:00,1.3103749603033066
2016-06-11 19:00:00,1.3298511654138565
2016-06-11 20:00:00,1.4727041572332382
2016-06-11 21:00:00,1.6826031059026718
2016-06-11 22:00:00,1.7489807605743408
2016-06-11 23:00:00,1.6785318851470947
2016-06-12 00:00:00,1.361878141760826
2016-06-12 01:00:00,1.9020934700965881
2016-06-12 02:00:00,2.2109735012054443
2016-06-12 03:00:00,2.5837619304656982
2016-06-12 04:00:00,2.6828184127807617
2016-06-12 05:00:00,2.5928609371185303
2016-06-12 06:00:00,2.598785161972046
2016-06-12 07:00:00,2.881995677947998
2016-06-12 08:00:00,3.39992094039917
2016-06-12 09:00:00,4.021155953407288
2016-06-12 10:00:00,4.409390449523926
2016-06-12 11:00:00,4.730682373046875
2016-06-12 12:00:00,4.879941940307617
2016-06-12 13:00:00,4.698529243469238
2016-06-12 14:00:00,3.262636184692383
2016-06-12 15:00:00,3.2960309982299805
2016-06-12 16:00:00,3.2725887298583984
2016-06-12 17:00:00,3.1066462993621826
2016-06-12 18:00:00,2.8953909873962402
2016-06-12 19:00:00,2.6785552501678467
2016-06-12 20:00:00,2.495875597000122
2016-06-12 21:00:00,2.311002016067505
2016-06-12 22:00:00,1.8524316847324371
2016-06-12 23:00:00,1.4667409658432007
2016-06-13 00:00:00,1.1430749893188477
2016-06-13 01:00:00,1.980959415435791
2016-06-13 02:00:00,2.6245954036712646
2016-06-13 03:00:00,2.947848081588745
2016-06-13 04:00:00,3.2766683101654053
2016-06-13 05:00:00,3.7322986721992493
2016-06-13 06:00:00,4.393796920776367
2016-06-13 07:00:00,5.2568769454956055
2016-06-13 08:00:00,6.177047252655029
2016-06-13 09:00:00,6.913275241851807
2016-06-13 10:00:00,7.088931083679199
2016-06-13 11:00:00,6.847823619842529
2016-06-13 12:00:00,6.31007719039917
2016-06-13 13:00:00,5.4159088134765625
2016-06-13 14:00:00,3.9133920669555664
2016-06-13 15:00:00,3.0860867500305176
2016-06-13 16:00:00,2.7672057151794434
2016-06-13 17:00:00,2.576493740081787
2016-06-13 18:00:00,2.3427345752716064
2016-06-13 19:00:00,2.125995635986328
2016-06-13 20:00:00,2.1970319747924805
2016-06-13 21:00:00,2.272085130214691
2016-06-13 22:00:00,2.3620777130126953
2016-06-13 23:00:00,2.27467942237854
2016-06-14 00:00:00,2.3690252602100372
2016-06-14 01:00:00,2.9992003440856934
2016-06-14 02:00:00,4.201581001281738
2016-06-14 03:00:00,5.5297064781188965
2016-06-14 04:00:00,5.896674156188965
2016-06-14 05:00:00,5.8350114822387695
2016-06-14 06:00:00,5.659329414367676
2016-06-14 07:00:00,5.550238609313965
2016-06-14 08:00:00,5.485137939453125
2016-06-14 09:00:00,5.4664387702941895
2016-06-14 10:00:00,5.2283220291137695
2016-06-14 11:00:00,4.980904579162598
2016-06-14 12:00:00,4.655124187469482
2016-06-14 13:00:00,4.052742004394531
2016-06-14 14:00:00,2.0009168684482574
2016-06-14 15:00:00,1.4533495008945465
2016-06-14 16:00:00,1.0282209366559982
2016-06-14 17:00:00,0.8194225281476974
2016-06-14 18:00:00,0.6473604440689087
2016-06-14 19:00:00,0.5586195588111877
2016-06-14 20:00:00,0.5146275758743286
2016-06-14 21:00:00,0.5679509043693542
2016-06-14 22:00:00,0.738561823964119
2016-06-14 23:00:00,0.9660995006561279
2016-06-15 00:00:00,1.3916893005371094
2016-06-15 01:00:00,2.925046890974045
2016-06-15 02:00:00,3.9392943382263184
2016-06-15 03:00:00,5.029312610626221
2016-06-15 04:00:00,5.058052062988281
2016-06-15 05:00:00,4.731958389282227
2016-06-15 06:00:00,4.265385687351227
2016-06-15 07:00:00,3.7756727933883667
2016-06-15 08:00:00,3.318087100982666
2016-06-15 09:00:00,2.859711170196533
2016-06-15 10:00:00,2.432345390319824
2016-06-15 11:00:00,2.047713279724121
2016-06-15 12:00:00,1.431259274482727
2016-06-15 13:00:00,0.5395634174346924
2016-06-15 14:00:00,-0.08774816989898682
2016-06-15 15:00:00,-0.47303926944732666
2016-06-15 16:00:00,-0.6949117183685303
2016-06-15 17:00:00,-0.918270468711853
2016-06-15 18:00:00,-1.0929797887802124
2016-06-15 19:00:00,-1.1728633642196655
2016-06-15 20:00:00,-1.1902917623519897
2016-06-15 21:00:00,-1.1570159196853638
2016-06-15 22:00:00,-1.067590355873108
2016-06-15 23:00:00,-1.0985195636749268
2016-06-16 00:00:00,-1.196428656578064
2016-06-16 01:00:00,-1.922194242477417
2016-06-16 02:00:00,-2.2680731117725372
2016-06-16 03:00:00,-1.4982357025146484
2016-06-16 04:00:00,-0.7611671388149261
2016-06-16 05:00:00,-0.49839556217193604
2016-06-16 06:00:00,-0.6537570357322693
2016-06-16 07:00:00,-0.9058836698532104
2016-06-16 08:00:00,-1.129162535071373
2016-06-16 09:00:00,-1.270233154296875
2016-06-16 10:00:00,-0.9865927621722221
2016-06-16 11:00:00,-0.6157995611429214
2016-06-16 12:00:00,-0.4162515364587307
2016-06-16 13:00:00,-0.4842817895114422
2016-06-16 14:00:00,-0.5711045227944851
2016-06-16 15:00:00,-0.919603705406189
2016-06-16 16:00:00,-1.199887603521347
2016-06-16 17:00:00,-1.3661751449108124
2016-06-16 18:00:00,-1.4024198055267334
2016-06-16 19:00:00,-1.316598892211914
2016-06-16 20:00:00,-1.1383715867996216
2016-06-16 21:00:00,-0.9465106800198555
2016-06-16 22:00:00,-0.8978235423564911
2016-06-16 23:00:00,-0.924046516418457
2016-06-17 00:00:00,-1.0065401792526245
2016-06-17 01:00:00,-1.697659969329834
2016-06-17 02:00:00,-2.526454210281372
2016-06-17 03:00:00,-2.0816869735717773
2016-06-17 04:00:00,-1.4171926975250244
2016-06-17 05:00:00,-0.9509243965148926
2016-06-17 06:00:00,-0.6070622205734253
2016-06-17 07:00:00,-0.24152696132659912
2016-06-17 08:00:00,0.12054574489593506
2016-06-17 09:00:00,0.4532785415649414
2016-06-17 10:00:00,0.6163841485977173
2016-06-17 11:00:00,0.8994381278753281
2016-06-17 12:00:00,1.0661706924438477
2016-06-17 13:00:00,0.5671700984239578
2016-06-17 14:00:00,0.2644210457801819
2016-06-17 15:00:00,-0.14120835065841675
2016-06-17 16:00:00,-0.44248366355895996
2016-06-17 17:00:00,-0.6263842582702637
2016-06-17 18:00:00,-0.7102621048688889
2016-06-17 19:00:00,-0.7063158005475998
2016-06-17 20:00:00,-0.6536591798067093
2016-06-17 21:00:00,-0.5519811660051346
2016-06-17 22:00:00,-0.44923557341098785
2016-06-17 23:00:00,-0.40032142400741577
2016-06-18 00:00:00,-0.42737680673599243
2016-06-18 01:00:00,-0.7048984840512276
2016-06-18 02:00:00,-1.4338141679763794
2016-06-18 03:00:00,-1.6994260549545288
2016-06-18 04:00:00,-1.7300772666931152
2016-06-18 05:00:00,-1.7828433513641357
2016-06-18 06:00:00,-1.7172861099243164
2016-06-18 07:00:00,-1.4902671575546265
2016-06-18 08:00:00,-1.2370766401290894
2016-06-18 09:00:00,-1.0771247148513794
2016-06-18 10:00:00,-1.111168622970581
2016-06-18 11:00:00,-1.090377926826477
2016-06-18 12:00:00,-1.1247988939285278
2016-06-18 13:00:00,-1.1366007030010223
2016-06-18 14:00:00,-0.7389743328094482
2016-06-18 15:00:00,-0.8497494012117386
2016-06-18 16:00:00,-0.8692621439695358
2016-06-18 17:00:00,-0.8386560678482056
2016-06-18 18:00:00,-0.8019877672195435
2016-06-18 19:00:00,-0.7812358140945435
2016-06-18 20:00:00,-0.7747411355376244
2016-06-18 21:00:00,-0.7754937410354614
2016-06-18 22:00:00,-0.7831020355224609
2016-06-18 23:00:00,-0.826855942606926
2016-06-19 00:00:00,-0.8956337422132492
2016-06-19 01:00:00,-1.503305435180664
2016-06-19 02:00:00,-1.8445887565612793
2016-06-19 03:00:00,-1.95669025182724
2016-06-19 04:00:00,-1.863356113433838
2016-06-19 05:00:00,-1.8268516063690186
2016-06-19 06:00:00,-1.82610884308815
2016-06-19 07:00:00,-1.810373306274414
2016-06-19 08:00:00,-1.7595257759094238
2016-06-19 09:00:00,-1.6578352451324463
2016-06-19 10:00:00,-1.6458641290664673
2016-06-19 11:00:00,-1.5134047269821167
2016-06-19 12:00:00,-1.365547776222229
2016-06-19 13:00:00,-1.281274437904358
2016-06-19 14:00:00,-0.5837157964706421
2016-06-19 15:00:00,-0.713398888707161
2016-06-19 16:00:00,-0.830774262547493
2016-06-19 17:00:00,-0.8692785501480103
2016-06-19 18:00:00,-0.8426216840744019
2016-06-19 19:00:00,-0.7926509380340576
2016-06-19 20:00:00,-0.7274100333452225
2016-06-19 21:00:00,-0.6340260580182076
2016-06-19 22:00:00,-0.4977649450302124
2016-06-19 23:00:00,-0.37269317731261253
2016-06-20 00:00:00,-0.313152015209198
2016-06-20 01:00:00,-0.7621214464306831
2016-06-20 02:00:00,-1.1266603469848633
2016-06-20 03:00:00,-1.451512336730957
2016-06-20 04:00:00,-1.5874288082122803
2016-06-20 05:00:00,-1.6019165515899658
2016-06-20 06:00:00,-1.5502293109893799
2016-06-20 07:00:00,-1.4412314891815186
2016-06-20 08:00:00,-1.3242955207824707
2016-06-20 09:00:00,-1.2404742240905762
2016-06-20 10:00:00,-1.288406491279602
2016-06-20 11:00:00,-1.3098567724227905
2016-06-20 12:00:00,-1.3043660372495651
2016-06-20 13:00:00,-1.281971126794815
2016-06-20 14:00:00,-0.8361980989575386
2016-06-20 15:00:00,-1.1248104274272919
2016-06-20 16:00:00,-1.3218147903680801
2016-06-20 17:00:00,-1.3142261505126953
2016-06-20 18:00:00,-1.2487511783838272
2016-06-20 19:00:00,-1.2026808261871338
2016-06-20 20:00:00,-1.193392276763916
2016-06-20 21:00:00,-1.179938793182373
2016-06-20 22:00:00,-0.9295026063919067
2016-06-20 23:00:00,-0.7047520875930786
2016-06-21 00:00:00,-0.46179163455963135
2016-06-21 01:00:00,-0.4176388382911682
2016-06-21 02:00:00,0.4452371597290039
2016-06-21 03:00:00,0.7421535849571228
2016-06-21 04:00:00,0.5039718151092529
2016-06-21 05:00:00,0.1377401351928711
2016-06-21 06:00:00,-0.13297420740127563
2016-06-21 07:00:00,-0.34569305181503296
2016-06-21 08:00:00,-0.4593313932418823
2016-06-21 09:00:00,-0.6002334207296371
2016-06-21 10:00:00,-0.873012512922287
2016-06-21 11:00:00,-0.9952085018157959
2016-06-21 12:00:00,-1.0736028850078583
2016-06-21 13:00:00,-1.137772560119629
2016-06-21 14:00:00,-1.050770878791809
2016-06-21 15:00:00,-1.3943006992340088
2016-06-21 16:00:00,-1.1755461543798447
2016-06-21 17:00:00,-0.944551944732666
2016-06-21 18:00:00,-0.7025558352470398
2016-06-21 19:00:00,-0.4776853919029236
2016-06-21 20:00:00,-0.2848997116088867
2016-06-21 21:00:00,-0.13642537593841553
2016-06-21 22:00:00,-0.14990472793579102
2016-06-21 23:00:00,-0.16444844007492065
2016-06-22 00:00:00,-0.16445964574813843
2016-06-22 01:00:00,-0.3172144889831543
2016-06-22 02:00:00,-0.2568050026893616
2016-06-22 03:00:00,-0.11569011211395264
2016-06-22 04:00:00,0.17747873067855835
2016-06-22 05:00:00,0.2869851589202881
2016-06-22 06:00:00,0.30952727794647217
2016-06-22 07:00:00,0.31540119647979736
2016-06-22 08:00:00,0.32045865058898926
2016-06-22 09:00:00,0.32949215173721313
2016-06-22 10:00:00,0.274189829826355
2016-06-22 11:00:00,0.2065582275390625
2016-06-22 12:00:00,0.05892479419708252
2016-06-22 13:00:00,-0.1777256727218628
2016-06-22 14:00:00,-0.31960292160511017
2016-06-22 15:00:00,-0.5192633867263794
2016-06-22 16:00:00,-0.5599867850542068
2016-06-22 17:00:00,-0.3367645740509033
2016-06-22 18:00:00,0.05641871690750122
2016-06-22 19:00:00,0.3632874358445406
2016-06-22 20:00:00,0.5791574865579605
2016-06-22 21:00:00,0.6635861992835999
2016-06-22 22:00:00,0.6582581475377083
2016-06-22 23:00:00,0.599590259604156
2016-06-23 00:00:00,0.4170722924172878
2016-06-23 01:00:00,0.3634635806083679
2016-06-23 02:00:00,1.3078378438949585
2016-06-23 03:00:00,1.7285516262054443
2016-06-23 04:00:00,1.8480311334133148
2016-06-23 05:00:00,1.9271429181098938
2016-06-23 06:00:00,1.9746570885181427
2016-06-23 07:00:00,2.0648155212402344
2016-06-23 08:00:00,2.1813671588897705
2016-06-23 09:00:00,2.264238119125366
2016-06-23 10:00:00,2.430452346801758
2016-06-23 11:00:00,2.5110695362091064
2016-06-23 12:00:00,2.459160089492798
2016-06-23 13:00:00,2.051692485809326
2016-06-23 14:00:00,0.7039984464645386
2016-06-23 15:00:00,0.5156992673873901
2016-06-23 16:00:00,0.44113343954086304
2016-06-23 17:00:00,0.35959839820861816
2016-06-23 18:00:00,0.23965370655059814
2016-06-23 19:00:00,0.09275543689727783
2016-06-23 20:00:00,-0.019328847527503967
2016-06-23 21:00:00,-0.06407910585403442
2016-06-23 22:00:00,0.13011538982391357
2016-06-23 23:00:00,0.33275043964385986
2016-06-24 00:00:00,0.5013749599456787
2016-06-24 01:00:00,1.305671215057373
2016-06-24 02:00:00,2.0766358375549316
2016-06-24 03:00:00,2.6879379749298096
2016-06-24 04:00:00,3.0909712314605713
2016-06-24 05:00:00,3.339782476425171
2016-06-24 06:00:00,3.3378238677978516
2016-06-24 07:00:00,3.203352451324463
2016-06-24 08:00:00,3.0698399543762207
2016-06-24 09:00:00,2.927276611328125
2016-06-24 10:00:00,2.801009178161621
2016-06-24 11:00:00,2.63531494140625
2016-06-24 12:00:00,2.4116408824920654
2016-06-24 13:00:00,1.513967052102089
2016-06-24 14:00:00,0.7202090620994568
2016-06-24 15:00:00,0.6297860220074654
2016-06-24 16:00:00,0.4660106897354126
2016-06-24 17:00:00,0.181571863591671
2016-06-24 18:00:00,-0.10426855087280273
2016-06-24 19:00:00,-0.2902079224586487
2016-06-24 20:00:00,-0.3871259680017829
2016-06-24 21:00:00,-0.41742629185318947
2016-06-24 22:00:00,-0.4243564009666443
2016-06-24 23:00:00,-0.4868365526199341
2016-06-25 00:00:00,-0.5867087915539742
2016-06-25 01:00:00,-1.0589956045150757
2016-06-25 02:00:00,-2.0469581484794617
2016-06-25 03:00:00,-2.007113218307495
2016-06-25 04:00:00,-1.8604352474212646
2016-06-25 05:00:00,-1.7494056224822998
2016-06-25 06:00:00,-1.6100560426712036
2016-06-25 07:00:00,-1.4343106746673584
2016-06-25 08:00:00,-1.2075951248407364
2016-06-25 09:00:00,-0.9329589605331421
2016-06-25 10:00:00,-0.7486033514142036
2016-06-25 11:00:00,-0.6535404175519943
2016-06-25 12:00:00,-0.676763504743576
2016-06-25 13:00:00,-0.8465547859668732
2016-06-25 14:00:00,-0.5875177383422852
2016-06-25 15:00:00,-0.8406944274902344
2016-06-25 16:00:00,-1.1506187915802002
2016-06-25 17:00:00,-1.3188339173793793
2016-06-25 18:00:00,-1.3371660709381104
2016-06-25 19:00:00,-1.2264187037944794
2016-06-25 20:00:00,-1.0860972702503204
2016-06-25 21:00:00,-0.9236290454864502
2016-06-25 22:00:00,-0.8248586654663086
2016-06-25 23:00:00,-0.7849768996238708
2016-06-26 00:00:00,-0.823546290397644
2016-06-26 01:00:00,-2.0209346413612366
2016-06-26 02:00:00,-1.868640422821045
2016-06-26 03:00:00,-1.7647680044174194
2016-06-26 04:00:00,-1.473660945892334
2016-06-26 05:00:00,-1.309395670890808
2016-06-26 06:00:00,-1.184737667441368
2016-06-26 07:00:00,-1.1106085777282715
2016-06-26 08:00:00,-1.1780090034008026
2016-06-26 09:00:00,-1.3423108905553818
2016-06-26 10:00:00,-1.4923695027828217
2016-06-26 11:00:00,-1.5093210637569427
2016-06-26 12:00:00,-1.5172942578792572
2016-06-26 13:00:00,-1.4004390239715576
2016-06-26 14:00:00,-0.896694540977478
2016-06-26 15:00:00,-1.2611351311206818
2016-06-26 16:00:00,-1.3787486553192139
2016-06-26 17:00:00,-1.295052781701088
2016-06-26 18:00:00,-1.1412160396575928
2016-06-26 19:00:00,-0.9741232693195343
2016-06-26 20:00:00,-0.8657286614179611
2016-06-26 21:00:00,-0.8116632103919983
2016-06-26 22:00:00,-0.7715699076652527
2016-06-26 23:00:00,-0.7555134892463684
2016-06-27 00:00:00,-0.7652742862701416
2016-06-27 01:00:00,-1.568108081817627
2016-06-27 02:00:00,-1.5196820497512817
2016-06-27 03:00:00,-1.39493727684021
2016-06-27 04:00:00,-1.508745551109314
2016-06-27 05:00:00,-1.6143815517425537
2016-06-27 06:00:00,-1.6522988080978394
2016-06-27 07:00:00,-1.6083087921142578
2016-06-27 08:00:00,-1.4562249183654785
2016-06-27 09:00:00,-1.2143676280975342
2016-06-27 10:00:00,-1.1252620369195938
2016-06-27 11:00:00,-1.0924238860607147
2016-06-27 12:00:00,-1.0501859188079834
2016-06-27 13:00:00,-0.7065690755844116
2016-06-27 14:00:00,-0.4529920220375061
2016-06-27 15:00:00,-0.49296145141124725
2016-06-27 16:00:00,-0.35927021503448486
2016-06-27 17:00:00,-0.18826031684875488
2016-06-27 18:00:00,-0.022161245346069336
2016-06-27 19:00:00,0.11399543285369873
2016-06-27 20:00:00,0.25704824924468994
2016-06-27 21:00:00,0.382104754447937
2016-06-27 22:00:00,0.24233829975128174
2016-06-27 23:00:00,0.06818068027496338
2016-06-28 00:00:00,-0.13097107410430908
2016-06-28 01:00:00,-0.6062761545181274
2016-06-28 02:00:00,-1.449195146560669
2016-06-28 03:00:00,-2.06278994679451
2016-06-28 04:00:00,-2.2149462699890137
2016-06-28 05:00:00,-2.3795552253723145
2016-06-28 06:00:00,-2.4576518535614014
2016-06-28 07:00:00,-2.450935810804367
2016-06-28 08:00:00,-2.337708503007889
2016-06-28 09:00:00,-2.1349503993988037
2016-06-28 10:00:00,-1.7445237636566162
2016-06-28 11:00:00,-1.387685775756836
2016-06-28 12:00:00,-1.0755300521850586
2016-06-28 13:00:00,-0.7137094736099243
2016-06-28 14:00:00,-0.16779202222824097
2016-06-28 15:00:00,-0.029263436794281006
2016-06-28 16:00:00,0.014128029346466064
2016-06-28 17:00:00,0.07809406518936157
2016-06-28 18:00:00,0.19648092985153198
2016-06-28 19:00:00,0.32837778329849243
2016-06-28 20:00:00,0.3748115301132202
2016-06-28 21:00:00,0.29662978649139404
2016-06-28 22:00:00,0.06847310066223145
2016-06-28 23:00:00,-0.3025544285774231
2016-06-29 00:00:00,-0.5693960785865784
2016-06-29 01:00:00,-1.5451083183288574
2016-06-29 02:00:00,-2.3036489486694336
2016-06-29 03:00:00,-2.2872166633605957
2016-06-29 04:00:00,-2.1163799166679382
2016-06-29 05:00:00,-2.064751386642456
2016-06-29 06:00:00,-2.0372713208198547
2016-06-29 07:00:00,-1.9974508881568909
2016-06-29 08:00:00,-1.8808390498161316
2016-06-29 09:00:00,-1.7315825521945953
2016-06-29 10:00:00,-1.5979990065097809
2016-06-29 11:00:00,-1.384791374206543
2016-06-29 12:00:00,-1.1165367364883423
2016-06-29 13:00:00,-0.7377349063754082
2016-06-29 14:00:00,-0.18134405463933945
2016-06-29 15:00:00,0.02026084065437317
2016-06-29 16:00:00,0.04251822829246521
2016-06-29 17:00:00,0.05879729986190796
2016-06-29 18:00:00,0.05415356159210205
2016-06-29 19:00:00,-0.017974853515625
2016-06-29 20:00:00,-0.021590232849121094
2016-06-29 21:00:00,-0.012966036796569824
2016-06-29 22:00:00,-0.0020915865898132324
2016-06-29 23:00:00,-0.016143858432769775
2016-06-30 00:00:00,-0.0685303807258606
2016-06-30 01:00:00,-0.3961980789899826
2016-06-30 02:00:00,-0.6190612614154816
2016-06-30 03:00:00,-0.07090234756469727
2016-06-30 04:00:00,0.7146198749542236
2016-06-30 05:00:00,1.2016043663024902
2016-06-30 06:00:00,1.6718340814113617
2016-06-30 07:00:00,2.212203025817871
2016-06-30 08:00:00,2.7277002334594727
2016-06-30 09:00:00,3.1178765296936035
2016-06-30 10:00:00,2.770677328109741
2016-06-30 11:00:00,2.570756673812866
2016-06-30 12:00:00,2.403932809829712
2016-06-30 13:00:00,1.6170073747634888
2016-06-30 14:00:00,0.7532106637954712
2016-06-30 15:00:00,0.6463781595230103
2016-06-30 16:00:00,0.6324063539505005
2016-06-30 17:00:00,0.6654152423143387
2016-06-30 18:00:00,0.746822789311409
2016-06-30 19:00:00,0.8374588191509247
2016-06-30 20:00:00,0.9091300666332245
2016-06-30 21:00:00,0.9394538104534149
2016-06-30 22:00:00,0.8797993957996368
2016-06-30 23:00:00,0.8341450393199921
2016-07-01 00:00:00,0.8486450165510178
2016-07-01 01:00:00,1.662372499704361
2016-07-01 02:00:00,2.594182014465332
2016-07-01 03:00:00,2.9759249687194824
2016-07-01 04:00:00,3.104797124862671
2016-07-01 05:00:00,2.9828295707702637
2016-07-01 06:00:00,2.8106884956359863
2016-07-01 07:00:00,2.7376575469970703
2016-07-01 08:00:00,2.822415828704834
2016-07-01 09:00:00,2.9750051498413086
2016-07-01 10:00:00,2.789330005645752
2016-07-01 11:00:00,2.5435667037963867
2016-07-01 12:00:00,2.127129316329956
2016-07-01 13:00:00,0.9516797065734863
2016-07-01 14:00:00,0.7445552349090576
2016-07-01 15:00:00,0.7336675673723221
2016-07-01 16:00:00,0.8736023902893066
2016-07-01 17:00:00,0.9506779909133911
2016-07-01 18:00:00,0.8387423753738403
2016-07-01 19:00:00,0.5970160961151123
2016-07-01 20:00:00,0.31914734840393066
2016-07-01 21:00:00,0.103812575340271
2016-07-01 22:00:00,0.12471991777420044
2016-07-01 23:00:00,0.24556488636881113
2016-07-02 00:00:00,0.22960235178470612
2016-07-02 01:00:00,0.4879821538925171
2016-07-02 02:00:00,1.2236797511577606
2016-07-02 03:00:00,2.4241132736206055
2016-07-02 04:00:00,2.5284276008605957
2016-07-02 05:00:00,2.36360764503479
2016-07-02 06:00:00,2.009287416934967
2016-07-02 07:00:00,1.6144053936004639
2016-07-02 08:00:00,1.3612115383148193
2016-07-02 09:00:00,1.2209742069244385
2016-07-02 10:00:00,1.452775001525879
2016-07-02 11:00:00,1.6895208358764648
2016-07-02 12:00:00,1.757493495941162
2016-07-02 13:00:00,1.5583205223083496
2016-07-02 14:00:00,0.783179521560669
2016-07-02 15:00:00,0.7448611259460449
2016-07-02 16:00:00,0.5540196895599365
2016-07-02 17:00:00,0.48920464515686035
2016-07-02 18:00:00,0.451623797416687
2016-07-02 19:00:00,0.3743859529495239
2016-07-02 20:00:00,0.3505481481552124
2016-07-02 21:00:00,0.37617820501327515
2016-07-02 22:00:00,0.3025667667388916
2016-07-02 23:00:00,0.2515522837638855
2016-07-03 00:00:00,0.08504515886306763
2016-07-03 01:00:00,0.057668864727020264
2016-07-03 02:00:00,0.1562926173210144
2016-07-03 03:00:00,0.32681548222899437
2016-07-03 04:00:00,0.6731564998626709
2016-07-03 05:00:00,0.7856713533401489
2016-07-03 06:00:00,0.7700708508491516
2016-07-03 07:00:00,0.6505352854728699
2016-07-03 08:00:00,0.6584478318691254
2016-07-03 09:00:00,0.8620394468307495
2016-07-03 10:00:00,0.6257721111178398
2016-07-03 11:00:00,0.5070363357663155
2016-07-03 12:00:00,0.34999048709869385
2016-07-03 13:00:00,0.07862687110900879
2016-07-03 14:00:00,-0.25570597499608994
2016-07-03 15:00:00,-0.45971836894750595
2016-07-03 16:00:00,-0.5545079633593559
2016-07-03 17:00:00,-0.4673492908477783
2016-07-03 18:00:00,-0.5050376653671265
2016-07-03 19:00:00,-0.4190426468849182
2016-07-03 20:00:00,-0.3451477363705635
2016-07-03 21:00:00,-0.23359837383031845
2016-07-03 22:00:00,-0.04186221957206726
2016-07-03 23:00:00,0.04196801781654358
2016-07-04 00:00:00,-0.08750349283218384
2016-07-04 01:00:00,-0.27228215150535107
2016-07-04 02:00:00,-0.5686945766210556
2016-07-04 03:00:00,-0.6744489669799805
2016-07-04 04:00:00,-0.589189350605011
2016-07-04 05:00:00,-0.32190360873937607
2016-07-04 06:00:00,0.12764985486865044
2016-07-04 07:00:00,0.6806596592068672
2016-07-04 08:00:00,1.1149582862854004
2016-07-04 09:00:00,1.337101474404335
2016-07-04 10:00:00,1.26463782787323
2016-07-04 11:00:00,1.1087576150894165
2016-07-04 12:00:00,0.8533449172973633
2016-07-04 13:00:00,0.4109775722026825
2016-07-04 14:00:00,0.08896490931510925
2016-07-04 15:00:00,-0.07630551839247346
2016-07-04 16:00:00,0.02581096813082695
2016-07-04 17:00:00,0.3353312239050865
2016-07-04 18:00:00,0.5010780692100525
2016-07-04 19:00:00,0.6543163061141968
2016-07-04 20:00:00,0.854106068611145
2016-07-04 21:00:00,1.1523491144180298
2016-07-04 22:00:00,1.2900740951299667
2016-07-04 23:00:00,1.2140088081359863
2016-07-05 00:00:00,1.0831508785486221
2016-07-05 01:00:00,1.8552765846252441
2016-07-05 02:00:00,2.0363526344299316
2016-07-05 03:00:00,2.3986239433288574
2016-07-05 04:00:00,2.5341439247131348
2016-07-05 05:00:00,2.705516815185547
2016-07-05 06:00:00,2.88938045501709
2016-07-05 07:00:00,3.142322540283203
2016-07-05 08:00:00,3.29559588432312
2016-07-05 09:00:00,3.3490371704101562
2016-07-05 10:00:00,3.380383014678955
2016-07-05 11:00:00,3.2043986320495605
2016-07-05 12:00:00,2.94568133354187
2016-07-05 13:00:00,2.128662645816803
2016-07-05 14:00:00,0.9957380145788193
2016-07-05 15:00:00,0.8369530439376831
2016-07-05 16:00:00,0.6789268851280212
2016-07-05 17:00:00,0.5069125927984715
2016-07-05 18:00:00,0.22217275947332382
2016-07-05 19:00:00,0.0029145441949367523
2016-07-05 20:00:00,-0.05087148956954479
2016-07-05 21:00:00,0.018705692142248154
2016-07-05 22:00:00,0.22450947016477585
2016-07-05 23:00:00,0.45978254079818726
2016-07-06 00:00:00,0.6550743579864502
2016-07-06 01:00:00,1.5934264659881592
2016-07-06 02:00:00,2.2964091300964355
2016-07-06 03:00:00,2.7674195766448975
2016-07-06 04:00:00,2.658390522003174
2016-07-06 05:00:00,2.452216625213623
2016-07-06 06:00:00,2.339118003845215
2016-07-06 07:00:00,2.2708823680877686
2016-07-06 08:00:00,2.3075673282146454
2016-07-06 09:00:00,2.4160592555999756
2016-07-06 10:00:00,2.181809902191162
2016-07-06 11:00:00,1.9654327034950256
2016-07-06 12:00:00,1.6365284770727158
2016-07-06 13:00:00,0.9926447868347168
2016-07-06 14:00:00,0.4048014283180237
2016-07-06 15:00:00,0.20273429155349731
2016-07-06 16:00:00,0.002732694149017334
2016-07-06 17:00:00,-0.27640221267938614
2016-07-06 18:00:00,-0.5689915735274553
2016-07-06 19:00:00,-0.6224420070648193
2016-07-06 20:00:00,-0.46046799421310425
2016-07-06 21:00:00,-0.17105650901794434
2016-07-06 22:00:00,-0.013028144836425781
2016-07-06 23:00:00,0.04879295825958252
2016-07-07 00:00:00,0.04767143726348877
2016-07-07 01:00:00,0.007889151573181152
2016-07-07 02:00:00,0.09103024005889893
2016-07-07 03:00:00,0.5461872816085815
2016-07-07 04:00:00,0.7208614349365234
2016-07-07 05:00:00,0.6741816997528076
2016-07-07 06:00:00,0.631181001663208
2016-07-07 07:00:00,0.6415601968765259
2016-07-07 08:00:00,0.6362253427505493
2016-07-07 09:00:00,0.5926393270492554
2016-07-07 10:00:00,0.7632464021444321
2016-07-07 11:00:00,0.8987696319818497
2016-07-07 12:00:00,0.9814982712268829
2016-07-07 13:00:00,0.7784371376037598
2016-07-07 14:00:00,0.4367685914039612
2016-07-07 15:00:00,0.372569739818573
2016-07-07 16:00:00,0.32439909875392914
2016-07-07 17:00:00,0.3179449886083603
2016-07-07 18:00:00,0.3251093626022339
2016-07-07 19:00:00,0.34526216983795166
2016-07-07 20:00:00,0.4056926816701889
2016-07-07 21:00:00,0.47188037633895874
2016-07-07 22:00:00,0.541593611240387
2016-07-07 23:00:00,0.5613245815038681
2016-07-08 00:00:00,0.5584154203534126
2016-07-08 01:00:00,1.1392586380243301
2016-07-08 02:00:00,1.0357314497232437
2016-07-08 03:00:00,1.2414146661758423
2016-07-08 04:00:00,1.416824832558632
2016-07-08 05:00:00,1.5318365097045898
2016-07-08 06:00:00,1.5546373575925827
2016-07-08 07:00:00,1.5373906195163727
2016-07-08 08:00:00,1.5325287282466888
2016-07-08 09:00:00,1.6279501020908356
2016-07-08 10:00:00,1.4602669179439545
2016-07-08 11:00:00,1.3331203311681747
2016-07-08 12:00:00,1.120532512664795
2016-07-08 13:00:00,0.4972503148019314
2016-07-08 14:00:00,0.2895251661539078
2016-07-08 15:00:00,0.10354095697402954
2016-07-08 16:00:00,0.013446509838104248
2016-07-08 17:00:00,-0.033777378499507904
2016-07-08 18:00:00,-0.05536787956953049
2016-07-08 19:00:00,-0.09013540297746658
2016-07-08 20:00:00,-0.13983768410980701
2016-07-08 21:00:00,-0.23579125851392746
2016-07-08 22:00:00,-0.28933513164520264
2016-07-08 23:00:00,-0.3717259354889393
2016-07-09 00:00:00,-0.4433344006538391
2016-07-09 01:00:00,-0.7598835229873657
2016-07-09 02:00:00,-0.7806994915008545
2016-07-09 03:00:00,-0.6556194424629211
2016-07-09 04:00:00,-0.7984771132469177
2016-07-09 05:00:00,-0.9113599956035614
2016-07-09 06:00:00,-0.9437985718250275
2016-07-09 07:00:00,-0.8917844220995903
2016-07-09 08:00:00,-0.8602241352200508
2016-07-09 09:00:00,-0.8404316939413548
2016-07-09 10:00:00,-0.7188434861600399
2016-07-09 11:00:00,-0.5564558058977127
2016-07-09 12:00:00,-0.48149894177913666
2016-07-09 13:00:00,-0.3729931712150574
2016-07-09 14:00:00,-0.27583128213882446
2016-07-09 15:00:00,-0.38596999645233154
2016-07-09 16:00:00,-0.46156609058380127
2016-07-09 17:00:00,-0.4861387610435486
2016-07-09 18:00:00,-0.42014068365097046
2016-07-09 19:00:00,-0.23348474502563477
2016-07-09 20:00:00,0.02059948444366455
2016-07-09 21:00:00,0.24120038747787476
2016-07-09 22:00:00,0.23182901740074158
2016-07-09 23:00:00,0.20764675736427307
2016-07-10 00:00:00,0.1945476531982422
2016-07-10 01:00:00,0.4536619782447815
2016-07-10 02:00:00,0.7403444051742554
2016-07-10 03:00:00,0.8171777725219727
2016-07-10 04:00:00,0.974830150604248
2016-07-10 05:00:00,0.9829994514584541
2016-07-10 06:00:00,0.8946299627423286
2016-07-10 07:00:00,0.8243146240711212
2016-07-10 08:00:00,0.8163843005895615
2016-07-10 09:00:00,0.8416073620319366
2016-07-10 10:00:00,0.7718592882156372
2016-07-10 11:00:00,0.7609533071517944
2016-07-10 12:00:00,0.6697566509246826
2016-07-10 13:00:00,0.36095738410949707
2016-07-10 14:00:00,-0.018290281295776367
2016-07-10 15:00:00,-0.2034909725189209
2016-07-10 16:00:00,-0.15868467837572098
2016-07-10 17:00:00,0.024990014731884003
2016-07-10 18:00:00,0.25985080748796463
2016-07-10 19:00:00,0.49286746978759766
2016-07-10 20:00:00,0.6821122094988823
2016-07-10 21:00:00,0.8327062129974365
2016-07-10 22:00:00,0.7569355368614197
2016-07-10 23:00:00,0.6124193593859673
2016-07-11 00:00:00,0.49798327684402466
2016-07-11 01:00:00,0.7692670747637749
2016-07-11 02:00:00,0.7556850910186768
2016-07-11 03:00:00,0.1955356001853943
2016-07-11 04:00:00,-0.011886000633239746
2016-07-11 05:00:00,-0.2440648302435875
2016-07-11 06:00:00,-0.5140511989593506
2016-07-11 07:00:00,-0.6713014841079712
2016-07-11 08:00:00,-0.753206729888916
2016-07-11 09:00:00,-0.9165289402008057
2016-07-11 10:00:00,-1.0654916763305664
2016-07-11 11:00:00,-1.2373892068862915
2016-07-11 12:00:00,-1.412209153175354
2016-07-11 13:00:00,-1.4477261304855347
2016-07-11 14:00:00,-1.363146424293518
2016-07-11 15:00:00,-1.475293517112732
2016-07-11 16:00:00,-1.473117470741272
2016-07-11 17:00:00,-1.4159821271896362
2016-07-11 18:00:00,-1.5150007009506226
2016-07-11 19:00:00,-1.725975513458252
2016-07-11 20:00:00,-1.749335527420044
2016-07-11 21:00:00,-1.7648344039916992
2016-07-11 22:00:00,-1.9812273979187012
2016-07-11 23:00:00,-1.980714738368988
2016-07-12 00:00:00,-1.7382900714874268
2016-07-12 01:00:00,-2.055291175842285
2016-07-12 02:00:00,-2.0835113525390625
2016-07-12 03:00:00,-1.9976918697357178
2016-07-12 04:00:00,-2.0094830989837646
2016-07-12 05:00:00,-2.1234290599823
2016-07-12 06:00:00,-2.237766981124878
2016-07-12 07:00:00,-2.178286075592041
2016-07-12 08:00:00,-1.9768974781036377
2016-07-12 09:00:00,-1.7987793385982513
2016-07-12 10:00:00,-1.6257044076919556
2016-07-12 11:00:00,-1.5220322608947754
2016-07-12 12:00:00,-1.4568378925323486
2016-07-12 13:00:00,-1.2045012712478638
2016-07-12 14:00:00,-0.43130576610565186
2016-07-12 15:00:00,-0.2793905735015869
2016-07-12 16:00:00,-0.08899736404418945
2016-07-12 17:00:00,0.007100880146026611
2016-07-12 18:00:00,0.04212445020675659
2016-07-12 19:00:00,0.07137405872344971
2016-07-12 20:00:00,0.09899425506591797
2016-07-12 21:00:00,0.1480512022972107
2016-07-12 22:00:00,0.0032910704612731934
2016-07-12 23:00:00,-0.10578733682632446
2016-07-13 00:00:00,-0.2512752339243889
2016-07-13 01:00:00,-0.9840986803174019
2016-07-13 02:00:00,-1.8077998161315918
2016-07-13 03:00:00,-2.3477886021137238
2016-07-13 04:00:00,-2.3483598232269287
2016-07-13 05:00:00,-2.3128602504730225
2016-07-13 06:00:00,-2.265852153301239
2016-07-13 07:00:00,-2.176903009414673
2016-07-13 08:00:00,-1.989797592163086
2016-07-13 09:00:00,-1.7304790019989014
2016-07-13 10:00:00,-1.4584795236587524
2016-07-13 11:00:00,-1.1928685903549194
2016-07-13 12:00:00,-0.9100311100482941
2016-07-13 13:00:00,-0.5836176872253418
2016-07-13 14:00:00,-0.41506340354681015
2016-07-13 15:00:00,-0.38337308168411255
2016-07-13 16:00:00,-0.32476669177412987
2016-07-13 17:00:00,-0.2359207272529602
2016-07-13 18:00:00,-0.09211185574531555
2016-07-13 19:00:00,0.0817423164844513
2016-07-13 20:00:00,0.12431842088699341
2016-07-13 21:00:00,0.05925416946411133
2016-07-13 22:00:00,-0.17092514038085938
2016-07-13 23:00:00,-0.3772999048233032
2016-07-14 00:00:00,-0.39999282360076904
2016-07-14 01:00:00,-0.41046345233917236
2016-07-14 02:00:00,-0.17688477039337158
2016-07-14 03:00:00,0.19718271493911743
2016-07-14 04:00:00,0.49924784898757935
2016-07-14 05:00:00,0.5806352496147156
2016-07-14 06:00:00,0.357894953340292
2016-07-14 07:00:00,0.11985982581973076
2016-07-14 08:00:00,0.020543217658996582
2016-07-14 09:00:00,0.09930342994630337
2016-07-14 10:00:00,0.41992106288671494
2016-07-14 11:00:00,0.7001528143882751
2016-07-14 12:00:00,0.8242095112800598
2016-07-14 13:00:00,0.5961162447929382
2016-07-14 14:00:00,0.43435055017471313
2016-07-14 15:00:00,0.43546950817108154
2016-07-14 16:00:00,0.4133950471878052
2016-07-14 17:00:00,0.40093326568603516
2016-07-14 18:00:00,0.38197124004364014
2016-07-14 19:00:00,0.3755161762237549
2016-07-14 20:00:00,0.3816080093383789
2016-07-14 21:00:00,0.5068498849868774
2016-07-14 22:00:00,0.6782350540161133
2016-07-14 23:00:00,0.7401100397109985
2016-07-15 00:00:00,0.6166099905967712
2016-07-15 01:00:00,1.0717420428991318
2016-07-15 02:00:00,1.3658382892608643
2016-07-15 03:00:00,1.4985467195510864
2016-07-15 04:00:00,1.1817669868469238
2016-07-15 05:00:00,1.0616734027862549
2016-07-15 06:00:00,1.1699562072753906
2016-07-15 07:00:00,1.4211297035217285
2016-07-15 08:00:00,1.758130133152008
2016-07-15 09:00:00,2.031273365020752
2016-07-15 10:00:00,2.2749645709991455
2016-07-15 11:00:00,2.3368051052093506
2016-07-15 12:00:00,2.0564568042755127
2016-07-15 13:00:00,1.7652451992034912
2016-07-15 14:00:00,1.8480033874511719
2016-07-15 15:00:00,2.3386902809143066
2016-07-15 16:00:00,2.218757152557373
2016-07-15 17:00:00,1.5915871858596802
2016-07-15 18:00:00,1.379885196685791
2016-07-15 19:00:00,1.7342071533203125
2016-07-15 20:00:00,2.0149481296539307
2016-07-15 21:00:00,2.0868029594421387
2016-07-15 22:00:00,1.6753523349761963
2016-07-15 23:00:00,1.4639726877212524
2016-07-16 00:00:00,1.4618196487426758
2016-07-16 01:00:00,2.0608882904052734
2016-07-16 02:00:00,2.3491701781749725
2016-07-16 03:00:00,2.256046086549759
2016-07-16 04:00:00,2.139697790145874
2016-07-16 05:00:00,1.9295804500579834
2016-07-16 06:00:00,1.9006908535957336
2016-07-16 07:00:00,2.042563498020172
2016-07-16 08:00:00,2.317628800868988
2016-07-16 09:00:00,2.635106325149536
2016-07-16 10:00:00,2.5127499103546143
2016-07-16 11:00:00,2.0731821060180664
2016-07-16 12:00:00,1.300187110900879
2016-07-16 13:00:00,0.7203933745622635
2016-07-16 14:00:00,0.6765213012695312
2016-07-16 15:00:00,0.6510257124900818
2016-07-16 16:00:00,0.6479277610778809
2016-07-16 17:00:00,0.7734190225601196
2016-07-16 18:00:00,1.018740177154541
2016-07-16 19:00:00,1.5011295080184937
2016-07-16 20:00:00,1.9045937061309814
2016-07-16 21:00:00,1.9727783203125
2016-07-16 22:00:00,1.682809591293335
2016-07-16 23:00:00,1.3393374681472778
2016-07-17 00:00:00,1.0885851383209229
2016-07-17 01:00:00,1.5794801712036133
2016-07-17 02:00:00,2.0465614795684814
2016-07-17 03:00:00,2.6637678146362305
2016-07-17 04:00:00,2.823187828063965
2016-07-17 05:00:00,2.6159834563732147
2016-07-17 06:00:00,2.354205161333084
2016-07-17 07:00:00,2.0807729363441467
2016-07-17 08:00:00,1.864311695098877
2016-07-17 09:00:00,1.7194601893424988
2016-07-17 10:00:00,1.6133237034082413
2016-07-17 11:00:00,1.4813896119594574
2016-07-17 12:00:00,1.2510202825069427
2016-07-17 13:00:00,0.7219427078962326
2016-07-17 14:00:00,0.6366784498095512
2016-07-17 15:00:00,0.5689226984977722
2016-07-17 16:00:00,0.4784792810678482
2016-07-17 17:00:00,0.4891042783856392
2016-07-17 18:00:00,0.6530132219195366
2016-07-17 19:00:00,0.9734230041503906
2016-07-17 20:00:00,1.414515644311905
2016-07-17 21:00:00,1.9322111010551453
2016-07-17 22:00:00,2.347493439912796
2016-07-17 23:00:00,2.5758166313171387
2016-07-18 00:00:00,2.564133644104004
2016-07-18 01:00:00,2.874457359313965
2016-07-18 02:00:00,2.9599740505218506
2016-07-18 03:00:00,3.2938132286071777
2016-07-18 04:00:00,3.5436413288116455
2016-07-18 05:00:00,3.561915397644043
2016-07-18 06:00:00,3.454660654067993
2016-07-18 07:00:00,3.217442274093628
2016-07-18 08:00:00,2.950209856033325
2016-07-18 09:00:00,2.7605397701263428
2016-07-18 10:00:00,2.8932077884674072
2016-07-18 11:00:00,2.733086585998535
2016-07-18 12:00:00,2.5267844200134277
2016-07-18 13:00:00,1.5313329696655273
2016-07-18 14:00:00,1.4062540531158447
2016-07-18 15:00:00,1.6321830749511719
2016-07-18 16:00:00,1.7458770275115967
2016-07-18 17:00:00,1.7828128337860107
2016-07-18 18:00:00,1.710031121969223
2016-07-18 19:00:00,1.642378330230713
2016-07-18 20:00:00,1.699521541595459
2016-07-18 21:00:00,1.8432223796844482
2016-07-18 22:00:00,1.9444549977779388
2016-07-18 23:00:00,2.0670832991600037
2016-07-19 00:00:00,2.2762250900268555
2016-07-19 01:00:00,3.029834508895874
2016-07-19 02:00:00,3.1078243255615234
2016-07-19 03:00:00,3.808877646923065
2016-07-19 04:00:00,4.317997455596924
2016-07-19 05:00:00,4.30512809753418
2016-07-19 06:00:00,4.205960273742676
2016-07-19 07:00:00,4.20814847946167
2016-07-19 08:00:00,4.314806938171387
2016-07-19 09:00:00,4.424985885620117
2016-07-19 10:00:00,4.35421085357666
2016-07-19 11:00:00,4.095434606075287
2016-07-19 12:00:00,3.2987375259399414
2016-07-19 13:00:00,2.2049150466918945
2016-07-19 14:00:00,1.8376033306121826
2016-07-19 15:00:00,2.0394577383995056
2016-07-19 16:00:00,2.0640335083007812
2016-07-19 17:00:00,1.9428772926330566
2016-07-19 18:00:00,1.7332117557525635
2016-07-19 19:00:00,1.6476370096206665
2016-07-19 20:00:00,1.6599173545837402
2016-07-19 21:00:00,1.757230520248413
2016-07-19 22:00:00,1.9020796716213226
2016-07-19 23:00:00,2.0396437644958496
2016-07-20 00:00:00,2.1473875045776367
2016-07-20 01:00:00,2.7610883712768555
2016-07-20 02:00:00,3.3474860191345215
2016-07-20 03:00:00,3.158700704574585
2016-07-20 04:00:00,4.199565887451172
2016-07-20 05:00:00,4.353262424468994
2016-07-20 06:00:00,4.051522254943848
2016-07-20 07:00:00,3.738265037536621
2016-07-20 08:00:00,3.527895212173462
2016-07-20 09:00:00,3.3298733234405518
2016-07-20 10:00:00,3.337435483932495
2016-07-20 11:00:00,3.0379440784454346
2016-07-20 12:00:00,1.8762192726135254
2016-07-20 13:00:00,1.5216782093048096
2016-07-20 14:00:00,1.1792948246002197
2016-07-20 15:00:00,1.1723763942718506
2016-07-20 16:00:00,1.1202236413955688
2016-07-20 17:00:00,1.0607807338237762
2016-07-20 18:00:00,1.0231677293777466
2016-07-20 19:00:00,1.0534975230693817
2016-07-20 20:00:00,1.163320541381836
2016-07-20 21:00:00,1.30563223361969
2016-07-20 22:00:00,1.5910037755966187
2016-07-20 23:00:00,1.9282651841640472
2016-07-21 00:00:00,2.257426768541336
2016-07-21 01:00:00,3.1274471282958984
2016-07-21 02:00:00,3.4021873474121094
2016-07-21 03:00:00,3.6311802864074707
2016-07-21 04:00:00,4.132579803466797
2016-07-21 05:00:00,4.146288871765137
2016-07-21 06:00:00,3.8537440299987793
2016-07-21 07:00:00,3.648376226425171
2016-07-21 08:00:00,3.3919925689697266
2016-07-21 09:00:00,3.1005609035491943
2016-07-21 10:00:00,2.554798126220703
2016-07-21 11:00:00,2.110647976398468
2016-07-21 12:00:00,1.4599566459655762
2016-07-21 13:00:00,1.116174340248108
2016-07-21 14:00:00,0.6499964594841003
2016-07-21 15:00:00,0.5751857161521912
2016-07-21 16:00:00,0.6677038669586182
2016-07-21 17:00:00,0.7974338084459305
2016-07-21 18:00:00,0.9272792339324951
2016-07-21 19:00:00,1.0432547330856323
2016-07-21 20:00:00,1.135379433631897
2016-07-21 21:00:00,1.1941547393798828
2016-07-21 22:00:00,1.194345235824585
2016-07-21 23:00:00,1.145329475402832
2016-07-22 00:00:00,1.0815701484680176
2016-07-22 01:00:00,1.426206812262535
2016-07-22 02:00:00,1.8697965145111084
2016-07-22 03:00:00,1.4343038499355316
2016-07-22 04:00:00,1.7939729690551758
2016-07-22 05:00:00,1.8922770023345947
2016-07-22 06:00:00,1.497946858406067
2016-07-22 07:00:00,0.836638331413269
2016-07-22 08:00:00,0.3743588924407959
2016-07-22 09:00:00,0.041828036308288574
2016-07-22 10:00:00,-0.057086825370788574
2016-07-22 11:00:00,-0.1639944314956665
2016-07-22 12:00:00,-0.05005240440368652
2016-07-22 13:00:00,-0.14532113075256348
2016-07-22 14:00:00,-0.3466043472290039
2016-07-22 15:00:00,-0.34713077545166016
2016-07-22 16:00:00,-0.2880830764770508
2016-07-22 17:00:00,-0.1965022087097168
2016-07-22 18:00:00,-0.11442923545837402
2016-07-22 19:00:00,-0.048024654388427734
2016-07-22 20:00:00,0.0002014636993408203
2016-07-22 21:00:00,0.04305291175842285
2016-07-22 22:00:00,0.09634661674499512
2016-07-22 23:00:00,0.19352829456329346
2016-07-23 00:00:00,0.24111723899841309
2016-07-23 01:00:00,0.41232311725616455
2016-07-23 02:00:00,0.4529660940170288
2016-07-23 03:00:00,1.381967544555664
2016-07-23 04:00:00,1.893200159072876
2016-07-23 05:00:00,1.6792280673980713
2016-07-23 06:00:00,1.0478051900863647
2016-07-23 07:00:00,0.31229209899902344
2016-07-23 08:00:00,-0.2858703136444092
2016-07-23 09:00:00,-0.7724995613098145
2016-07-23 10:00:00,-0.6928520649671555
2016-07-23 11:00:00,-0.5693185776472092
2016-07-23 12:00:00,-0.5136703252792358
2016-07-23 13:00:00,-0.38883376121520996
2016-07-23 14:00:00,-0.5715637803077698
2016-07-23 15:00:00,-0.8246614933013916
2016-07-23 16:00:00,-0.9485757350921631
2016-07-23 17:00:00,-0.8790257275104523
2016-07-23 18:00:00,-0.719458818435669
2016-07-23 19:00:00,-0.5580429434776306
2016-07-23 20:00:00,-0.451386034488678
2016-07-23 21:00:00,-0.3676409125328064
2016-07-23 22:00:00,-0.2155287265777588
2016-07-23 23:00:00,-0.1236613392829895
2016-07-24 00:00:00,-0.10451188683509827
2016-07-24 01:00:00,-0.29805952310562134
2016-07-24 02:00:00,-0.061349838972091675
2016-07-24 03:00:00,0.37136971950531006
2016-07-24 04:00:00,0.2916927933692932
2016-07-24 05:00:00,0.22955173254013062
2016-07-24 06:00:00,0.10218214988708496
2016-07-24 07:00:00,-0.027717173099517822
2016-07-24 08:00:00,-0.1322692409157753
2016-07-24 09:00:00,-0.22014546394348145
2016-07-24 10:00:00,-0.1647208333015442
2016-07-24 11:00:00,-0.11158692836761475
2016-07-24 12:00:00,-0.025074779987335205
2016-07-24 13:00:00,0.08168151788413525
2016-07-24 14:00:00,0.05114123411476612
2016-07-24 15:00:00,0.08949110098183155
2016-07-24 16:00:00,0.1460491120815277
2016-07-24 17:00:00,0.24170172214508057
2016-07-24 18:00:00,0.3458767905831337
2016-07-24 19:00:00,0.4560014009475708
2016-07-24 20:00:00,0.5572649836540222
2016-07-24 21:00:00,0.645456850528717
2016-07-24 22:00:00,0.7305939197540283
2016-07-24 23:00:00,0.7989215850830078
2016-07-25 00:00:00,0.8071190714836121
2016-07-25 01:00:00,1.3435355424880981
2016-07-25 02:00:00,1.3222821950912476
2016-07-25 03:00:00,0.9532157182693481
2016-07-25 04:00:00,0.6482716798782349
2016-07-25 05:00:00,0.625883936882019
2016-07-25 06:00:00,0.7155728340148926
2016-07-25 07:00:00,0.7485777735710144
2016-07-25 08:00:00,0.6979311034083366
2016-07-25 09:00:00,0.6467624828219414
2016-07-25 10:00:00,0.48855328653007746
2016-07-25 11:00:00,0.3175699710845947
2016-07-25 12:00:00,0.1871541440486908
2016-07-25 13:00:00,0.18491235375404358
2016-07-25 14:00:00,0.01833474636077881
2016-07-25 15:00:00,-0.0352306067943573
2016-07-25 16:00:00,-0.053600013256073
2016-07-25 17:00:00,-0.12192395329475403
2016-07-25 18:00:00,-0.20455104112625122
2016-07-25 19:00:00,-0.17632919549942017
2016-07-25 20:00:00,-0.04164600372314453
2016-07-25 21:00:00,0.10928452014923096
2016-07-25 22:00:00,0.27538299560546875
2016-07-25 23:00:00,0.4858863949775696
2016-07-26 00:00:00,0.6529543399810791
2016-07-26 01:00:00,1.0286336243152618
2016-07-26 02:00:00,1.2657151222229004
2016-07-26 03:00:00,1.7287439107894897
2016-07-26 04:00:00,1.3422738313674927
2016-07-26 05:00:00,0.6347876191139221
2016-07-26 06:00:00,-0.10985696315765381
2016-07-26 07:00:00,-0.6913298964500427
2016-07-26 08:00:00,-1.0483282804489136
2016-07-26 09:00:00,-1.2064156532287598
2016-07-26 10:00:00,-1.225999355316162
2016-07-26 11:00:00,-1.2980462312698364
2016-07-26 12:00:00,-1.2939932197332382
2016-07-26 13:00:00,-1.1329090595245361
2016-07-26 14:00:00,-0.9887765645980835
2016-07-26 15:00:00,-1.0465801060199738
2016-07-26 16:00:00,-0.8796968460083008
2016-07-26 17:00:00,-0.7045688033103943
2016-07-26 18:00:00,-0.6096480935811996
2016-07-26 19:00:00,-0.7819181680679321
2016-07-26 20:00:00,-1.3122397661209106
2016-07-26 21:00:00,-1.659733533859253
2016-07-26 22:00:00,-1.7407770156860352
2016-07-26 23:00:00,-1.7167870998382568
2016-07-27 00:00:00,-1.7934976816177368
2016-07-27 01:00:00,-2.257338523864746
2016-07-27 02:00:00,-2.7215726375579834
2016-07-27 03:00:00,-3.1156280040740967
2016-07-27 04:00:00,-3.2285263538360596
2016-07-27 05:00:00,-3.2919223308563232
2016-07-27 06:00:00,-3.175288200378418
2016-07-27 07:00:00,-3.0249319076538086
2016-07-27 08:00:00,-2.832874059677124
2016-07-27 09:00:00,-2.5548057556152344
2016-07-27 10:00:00,-2.330063819885254
2016-07-27 11:00:00,-2.088632822036743
2016-07-27 12:00:00,-1.7048404216766357
2016-07-27 13:00:00,-1.0365157425403595
2016-07-27 14:00:00,-0.7729464769363403
2016-07-27 15:00:00,-0.7648099064826965
2016-07-27 16:00:00,-0.7586771845817566
2016-07-27 17:00:00,-0.7062702775001526
2016-07-27 18:00:00,-0.6403108239173889
2016-07-27 19:00:00,-0.6013931706547737
2016-07-27 20:00:00,-0.5959195494651794
2016-07-27 21:00:00,-0.5943323969841003
2016-07-27 22:00:00,-0.5992346405982971
2016-07-27 23:00:00,-0.5357109904289246
2016-07-28 00:00:00,-0.4550647735595703
2016-07-28 01:00:00,-0.49580609798431396
2016-07-28 02:00:00,-0.18164455890655518
2016-07-28 03:00:00,-0.2071760892868042
2016-07-28 04:00:00,-0.4384969472885132
2016-07-28 05:00:00,-0.7196885347366333
2016-07-28 06:00:00,-0.8369436264038086
2016-07-28 07:00:00,-0.8740839958190918
2016-07-28 08:00:00,-0.7786893248558044
2016-07-28 09:00:00,-0.6124755144119263
2016-07-28 10:00:00,-0.445953369140625
2016-07-28 11:00:00,-0.2369478940963745
2016-07-28 12:00:00,-0.0461353063583374
2016-07-28 13:00:00,-0.008590102195739746
2016-07-28 14:00:00,-0.033939242362976074
2016-07-28 15:00:00,-0.03705108165740967
2016-07-28 16:00:00,-0.01372915506362915
2016-07-28 17:00:00,0.04054999351501465
2016-07-28 18:00:00,0.10634768009185791
2016-07-28 19:00:00,0.1533682644367218
2016-07-28 20:00:00,0.1972159817814827
2016-07-28 21:00:00,0.21889031678438187
2016-07-28 22:00:00,0.2430053949356079
2016-07-28 23:00:00,0.31337839365005493
2016-07-29 00:00:00,0.4193800091743469
2016-07-29 01:00:00,1.0833067893981934
2016-07-29 02:00:00,1.655930995941162
2016-07-29 03:00:00,1.7820976972579956
2016-07-29 04:00:00,1.4605737924575806
2016-07-29 05:00:00,0.988722413778305
2016-07-29 06:00:00,0.4654940962791443
2016-07-29 07:00:00,0.08781915716826916
2016-07-29 08:00:00,-0.07737016305327415
2016-07-29 09:00:00,-0.15841267257928848
2016-07-29 10:00:00,-0.371856153011322
2016-07-29 11:00:00,-0.5935205221176147
2016-07-29 12:00:00,-0.4264994263648987
2016-07-29 13:00:00,-0.42753632366657257
2016-07-29 14:00:00,-0.31814754009246826
2016-07-29 15:00:00,-0.2874598205089569
2016-07-29 16:00:00,-0.059870392084121704
2016-07-29 17:00:00,0.21358758211135864
2016-07-29 18:00:00,0.3996749147772789
2016-07-29 19:00:00,0.5897219777107239
2016-07-29 20:00:00,0.6941181421279907
2016-07-29 21:00:00,0.8299012184143066
2016-07-29 22:00:00,0.8563969433307648
2016-07-29 23:00:00,0.836065411567688
2016-07-30 00:00:00,0.7138077020645142
2016-07-30 01:00:00,1.16366708278656
2016-07-30 02:00:00,1.118682861328125
2016-07-30 03:00:00,0.7111475393176079
2016-07-30 04:00:00,0.6307457685470581
2016-07-30 05:00:00,0.5077517032623291
2016-07-30 06:00:00,0.32894110679626465
2016-07-30 07:00:00,0.013310551643371582
2016-07-30 08:00:00,-0.32834434509277344
2016-07-30 09:00:00,-0.5720744132995605
2016-07-30 10:00:00,-0.8229057788848877
2016-07-30 11:00:00,-0.9331223964691162
2016-07-30 12:00:00,-0.5299696922302246
2016-07-30 13:00:00,-0.5655195713043213
2016-07-30 14:00:00,-0.551551103591919
2016-07-30 15:00:00,-0.5952596664428711
2016-07-30 16:00:00,-0.5652687549591064
2016-07-30 17:00:00,-0.5533146858215332
2016-07-30 18:00:00,-0.5614511966705322
2016-07-30 19:00:00,-0.5398540496826172
2016-07-30 20:00:00,-0.4744598865509033
2016-07-30 21:00:00,-0.40428805351257324
2016-07-30 22:00:00,-0.4266548156738281
2016-07-30 23:00:00,-0.4835350513458252
2016-07-31 00:00:00,-0.5151205062866211
2016-07-31 01:00:00,-0.8152391910552979
2016-07-31 02:00:00,-0.7656733989715576
2016-07-31 03:00:00,-0.2146444320678711
2016-07-31 04:00:00,0.06694841384887695
2016-07-31 05:00:00,0.06371378898620605
2016-07-31 06:00:00,-0.021991729736328125
2016-07-31 07:00:00,-0.14011144638061523
2016-07-31 08:00:00,-0.13647198677062988
2016-07-31 09:00:00,-0.017284631729125977
2016-07-31 10:00:00,-0.18233275413513184
2016-07-31 11:00:00,-0.3707737922668457
2016-07-31 12:00:00,-0.4409332275390625
2016-07-31 13:00:00,-0.4056854248046875
2016-07-31 14:00:00,-0.37138068675994873
2016-07-31 15:00:00,-0.42162513732910156
2016-07-31 16:00:00,-0.4671320915222168
2016-07-31 17:00:00,-0.5501573085784912
2016-07-31 18:00:00,-0.5874361991882324
2016-07-31 19:00:00,-0.5304956436157227
2016-07-31 20:00:00,-0.4512580633163452
2016-07-31 21:00:00,-0.42419159412384033
2016-07-31 22:00:00,-0.2779475450515747
2016-07-31 23:00:00,-0.16972029209136963
2016-08-01 00:00:00,-0.14629900455474854
2016-08-01 01:00:00,-0.43628835678100586
2016-08-01 02:00:00,-0.6335810422897339
2016-08-01 03:00:00,-0.7152752578258514
2016-08-01 04:00:00,-1.1613175868988037
2016-08-01 05:00:00,-1.485808402299881
2016-08-01 06:00:00,-1.6974922120571136
2016-08-01 07:00:00,-1.8895349502563477
2016-08-01 08:00:00,-2.000763416290283
2016-08-01 09:00:00,-2.008400022983551
2016-08-01 10:00:00,-1.8390689492225647
2016-08-01 11:00:00,-1.6176011562347412
2016-08-01 12:00:00,-1.2882564067840576
2016-08-01 13:00:00,-0.7546782493591309
2016-08-01 14:00:00,-0.7661479711532593
2016-08-01 15:00:00,-0.8694266080856323
2016-08-01 16:00:00,-0.9679343700408936
2016-08-01 17:00:00,-1.072272539138794
2016-08-01 18:00:00,-1.112315058708191
2016-08-01 19:00:00,-1.2262719869613647
2016-08-01 20:00:00,-1.4469027519226074
2016-08-01 21:00:00,-1.6905044317245483
2016-08-01 22:00:00,-1.646580696105957
2016-08-01 23:00:00,-1.597981572151184
2016-08-02 00:00:00,-1.5193753242492676
2016-08-02 01:00:00,-2.155229330062866
2016-08-02 02:00:00,-2.2837648391723633
2016-08-02 03:00:00,-2.7310705184936523
2016-08-02 04:00:00,-2.6560134887695312
2016-08-02 05:00:00,-2.5354366302490234
2016-08-02 06:00:00,-2.6298251152038574
2016-08-02 07:00:00,-2.874458074569702
2016-08-02 08:00:00,-3.050581216812134
2016-08-02 09:00:00,-3.006991386413574
2016-08-02 10:00:00,-2.6599249839782715
2016-08-02 11:00:00,-2.1252332031726837
2016-08-02 12:00:00,-1.2516688108444214
2016-08-02 13:00:00,-0.8770769834518433
2016-08-02 14:00:00,-0.8040722608566284
2016-08-02 15:00:00,-0.799904465675354
2016-08-02 16:00:00,-0.8065065145492554
2016-08-02 17:00:00,-0.7633291482925415
2016-08-02 18:00:00,-0.7192105054855347
2016-08-02 19:00:00,-0.67128986120224
2016-08-02 20:00:00,-0.6129496693611145
2016-08-02 21:00:00,-0.6284416317939758
2016-08-02 22:00:00,-0.8644565343856812
2016-08-02 23:00:00,-1.0574510097503662
2016-08-03 00:00:00,-1.1438623666763306
2016-08-03 01:00:00,-1.6230001598596573
2016-08-03 02:00:00,-1.8275630474090576
2016-08-03 03:00:00,-2.21627214550972
2016-08-03 04:00:00,-2.3937530517578125
2016-08-03 05:00:00,-2.4237496852874756
2016-08-03 06:00:00,-2.4289028644561768
2016-08-03 07:00:00,-2.4541890621185303
2016-08-03 08:00:00,-2.4624736309051514
2016-08-03 09:00:00,-2.42922043800354
2016-08-03 10:00:00,-2.4437923431396484
2016-08-03 11:00:00,-2.0587260723114014
2016-08-03 12:00:00,-1.2820096015930176
2016-08-03 13:00:00,-1.125900387763977
2016-08-03 14:00:00,-0.6212739869952202
2016-08-03 15:00:00,-0.5090356469154358
2016-08-03 16:00:00,-0.41817378997802734
2016-08-03 17:00:00,-0.39503586292266846
2016-08-03 18:00:00,-0.46830521523952484
2016-08-03 19:00:00,-0.561843752861023
2016-08-03 20:00:00,-0.6945276260375977
2016-08-03 21:00:00,-1.1096365451812744
2016-08-03 22:00:00,-1.6589837074279785
2016-08-03 23:00:00,-2.0014467239379883
2016-08-04 00:00:00,-2.0296123027801514
2016-08-04 01:00:00,-2.0394184589385986
2016-08-04 02:00:00,-1.9669876098632812
2016-08-04 03:00:00,-2.1181711554527283
2016-08-04 04:00:00,-2.1644537448883057
2016-08-04 05:00:00,-2.029391825199127
2016-08-04 06:00:00,-1.9481782913208008
2016-08-04 07:00:00,-1.9491290748119354
2016-08-04 08:00:00,-1.8943133652210236
2016-08-04 09:00:00,-1.8034085631370544
2016-08-04 10:00:00,-1.810070514678955
2016-08-04 11:00:00,-1.870758056640625
2016-08-04 12:00:00,-1.3648152202367783
2016-08-04 13:00:00,-1.0942059755325317
2016-08-04 14:00:00,-0.6684412881731987
2016-08-04 15:00:00,-0.5683330297470093
2016-08-04 16:00:00,-0.5237004607915878
2016-08-04 17:00:00,-0.4964854121208191
2016-08-04 18:00:00,-0.4650624990463257
2016-08-04 19:00:00,-0.4324454069137573
2016-08-04 20:00:00,-0.42095237970352173
2016-08-04 21:00:00,-0.4585413932800293
2016-08-04 22:00:00,-0.4965052008628845
2016-08-04 23:00:00,-0.5846457481384277
2016-08-05 00:00:00,-0.6562141254544258
2016-08-05 01:00:00,-1.4255942106246948
2016-08-05 02:00:00,-1.5200501680374146
2016-08-05 03:00:00,-1.4924514293670654
2016-08-05 04:00:00,-1.5907528400421143
2016-08-05 05:00:00,-1.7191528379917145
2016-08-05 06:00:00,-1.7882916033267975
2016-08-05 07:00:00,-1.7755510807037354
2016-08-05 08:00:00,-1.7096897065639496
2016-08-05 09:00:00,-1.5035583078861237
2016-08-05 10:00:00,-1.3667659908533096
2016-08-05 11:00:00,-0.9341771304607391
2016-08-05 12:00:00,-0.6666760444641113
2016-08-05 13:00:00,-0.7277172207832336
2016-08-05 14:00:00,-0.7096935510635376
2016-08-05 15:00:00,-0.6890544295310974
2016-08-05 16:00:00,-0.5840165019035339
2016-08-05 17:00:00,-0.5466306805610657
2016-08-05 18:00:00,-0.5658354163169861
2016-08-05 19:00:00,-0.5883719846606255
2016-08-05 20:00:00,-0.6065389588475227
2016-08-05 21:00:00,-0.6264570355415344
2016-08-05 22:00:00,-0.6639867424964905
2016-08-05 23:00:00,-0.6713613271713257
2016-08-06 00:00:00,-0.6631902456283569
2016-08-06 01:00:00,-0.8547042608261108
2016-08-06 02:00:00,-1.313910961151123
2016-08-06 03:00:00,-1.5490165948867798
2016-08-06 04:00:00,-2.074819028377533
2016-08-06 05:00:00,-2.429173022508621
2016-08-06 06:00:00,-2.6244053542613983
2016-08-06 07:00:00,-2.694034069776535
2016-08-06 08:00:00,-2.612334281206131
2016-08-06 09:00:00,-2.43837833404541
2016-08-06 10:00:00,-1.9305987358093262
2016-08-06 11:00:00,-1.5173244625329971
2016-08-06 12:00:00,-0.8589215576648712
2016-08-06 13:00:00,-0.707347571849823
2016-08-06 14:00:00,-0.5232735872268677
2016-08-06 15:00:00,-0.5354709625244141
2016-08-06 16:00:00,-0.5263848304748535
2016-08-06 17:00:00,-0.5531144142150879
2016-08-06 18:00:00,-0.5974000692367554
2016-08-06 19:00:00,-0.6193101406097412
2016-08-06 20:00:00,-0.6412529945373535
2016-08-06 21:00:00,-0.6433672904968262
2016-08-06 22:00:00,-0.7268553972244263
2016-08-06 23:00:00,-0.7525068521499634
2016-08-07 00:00:00,-0.734786868095398
2016-08-07 01:00:00,-0.8611843585968018
2016-08-07 02:00:00,-1.564630389213562
2016-08-07 03:00:00,-1.9580824375152588
2016-08-07 04:00:00,-2.2399143874645233
2016-08-07 05:00:00,-2.4123013019561768
2016-08-07 06:00:00,-2.441645622253418
2016-08-07 07:00:00,-2.366658240556717
2016-08-07 08:00:00,-2.328416794538498
2016-08-07 09:00:00,-2.3495526015758514
2016-08-07 10:00:00,-2.183418780565262
2016-08-07 11:00:00,-1.9450485706329346
2016-08-07 12:00:00,-1.0445423126220703
2016-08-07 13:00:00,-0.7909402400255203
2016-08-07 14:00:00,-0.6868494749069214
2016-08-07 15:00:00,-0.6308436989784241
2016-08-07 16:00:00,-0.5622031539678574
2016-08-07 17:00:00,-0.5075804591178894
2016-08-07 18:00:00,-0.4949378967285156
2016-08-07 19:00:00,-0.5529025197029114
2016-08-07 20:00:00,-0.6241176128387451
2016-08-07 21:00:00,-0.6362136602401733
2016-08-07 22:00:00,-0.6797312498092651
2016-08-07 23:00:00,-0.7305845022201538
2016-08-08 00:00:00,-0.8363039493560791
2016-08-08 01:00:00,-1.5933289527893066
2016-08-08 02:00:00,-1.9415135383605957
2016-08-08 03:00:00,-2.658771276473999
2016-08-08 04:00:00,-2.895289421081543
2016-08-08 05:00:00,-2.9226553440093994
2016-08-08 06:00:00,-2.7703778743743896
2016-08-08 07:00:00,-2.561314344406128
2016-08-08 08:00:00,-2.356860876083374
2016-08-08 09:00:00,-2.1445231437683105
2016-08-08 10:00:00,-2.168089359998703
2016-08-08 11:00:00,-2.065329521894455
2016-08-08 12:00:00,-1.6818230152130127
2016-08-08 13:00:00,-1.0527903586626053
2016-08-08 14:00:00,-0.7355622053146362
2016-08-08 15:00:00,-0.699627161026001
2016-08-08 16:00:00,-0.6676729321479797
2016-08-08 17:00:00,-0.619263768196106
2016-08-08 18:00:00,-0.6028656959533691
2016-08-08 19:00:00,-0.6520133018493652
2016-08-08 20:00:00,-0.8221886157989502
2016-08-08 21:00:00,-1.0746541321277618
2016-08-08 22:00:00,-1.040826678276062
2016-08-08 23:00:00,-0.9720690548419952
2016-08-09 00:00:00,-0.9564318954944611
2016-08-09 01:00:00,-1.5988956689834595
2016-08-09 02:00:00,-2.097635716199875
2016-08-09 03:00:00,-2.4817771911621094
2016-08-09 04:00:00,-2.660485029220581
2016-08-09 05:00:00,-2.6607277393341064
2016-08-09 06:00:00,-2.6503632068634033
2016-08-09 07:00:00,-2.6079022884368896
2016-08-09 08:00:00,-2.51651668548584
2016-08-09 09:00:00,-2.3909246921539307
2016-08-09 10:00:00,-2.0956318378448486
2016-08-09 11:00:00,-1.6984941959381104
2016-08-09 12:00:00,-0.8609578609466553
2016-08-09 13:00:00,-0.6697633266448975
2016-08-09 14:00:00,-0.5275912284851074
2016-08-09 15:00:00,-0.545825719833374
2016-08-09 16:00:00,-0.6822566986083984
2016-08-09 17:00:00,-0.746417760848999
2016-08-09 18:00:00,-0.6840076446533203
2016-08-09 19:00:00,-0.5831508636474609
2016-08-09 20:00:00,-0.5065724849700928
2016-08-09 21:00:00,-0.39525938034057617
2016-08-09 22:00:00,-0.29730963706970215
2016-08-09 23:00:00,-0.23470401763916016
2016-08-10 00:00:00,-0.35794639587402344
2016-08-10 01:00:00,-0.8138837814331055
2016-08-10 02:00:00,-1.2350513935089111
2016-08-10 03:00:00,-1.8180780410766602
2016-08-10 04:00:00,-2.5646708011627197
2016-08-10 05:00:00,-3.2418770790100098
2016-08-10 06:00:00,-3.722111701965332
2016-08-10 07:00:00,-3.9869298338890076
2016-08-10 08:00:00,-3.993112564086914
2016-08-10 09:00:00,-3.7856812477111816
2016-08-10 10:00:00,-3.3865408897399902
2016-08-10 11:00:00,-2.787365674972534
2016-08-10 12:00:00,-2.2237026691436768
2016-08-10 13:00:00,-1.3274017572402954
2016-08-10 14:00:00,-1.190844178199768
2016-08-10 15:00:00,-1.2812563180923462
2016-08-10 16:00:00,-1.354988694190979
2016-08-10 17:00:00,-1.4308236837387085
2016-08-10 18:00:00,-1.4551751613616943
2016-08-10 19:00:00,-1.3776847124099731
2016-08-10 20:00:00,-1.3386529684066772
2016-08-10 21:00:00,-1.3262481689453125
2016-08-10 22:00:00,-1.464024543762207
2016-08-10 23:00:00,-1.4839740991592407
2016-08-11 00:00:00,-1.4543673992156982
2016-08-11 01:00:00,-1.8213605880737305
2016-08-11 02:00:00,-2.155247926712036
2016-08-11 03:00:00,-2.33518648147583
2016-08-11 04:00:00,-2.593266010284424
2016-08-11 05:00:00,-2.7805211544036865
2016-08-11 06:00:00,-2.72157883644104
2016-08-11 07:00:00,-2.4334359169006348
2016-08-11 08:00:00,-1.9484430253505707
2016-08-11 09:00:00,-1.332237720489502
2016-08-11 10:00:00,-0.748423382639885
2016-08-11 11:00:00,-0.31105685234069824
2016-08-11 12:00:00,-0.005738049745559692
2016-08-11 13:00:00,0.21285134553909302
2016-08-11 14:00:00,0.3923335671424866
2016-08-11 15:00:00,0.5028210282325745
2016-08-11 16:00:00,0.5366373062133789
2016-08-11 17:00:00,0.5440800189971924
2016-08-11 18:00:00,0.5220537185668945
2016-08-11 19:00:00,0.5297034978866577
2016-08-11 20:00:00,0.5372210741043091
2016-08-11 21:00:00,0.5494130253791809
2016-08-11 22:00:00,0.49323441088199615
2016-08-11 23:00:00,0.5026355385780334
2016-08-12 00:00:00,0.600700855255127
2016-08-12 01:00:00,1.302661418914795
2016-08-12 02:00:00,1.7443958520889282
2016-08-12 03:00:00,1.8895241022109985
2016-08-12 04:00:00,1.8019349575042725
2016-08-12 05:00:00,1.5806925296783447
2016-08-12 06:00:00,1.378846287727356
2016-08-12 07:00:00,1.2374703884124756
2016-08-12 08:00:00,1.1501814126968384
2016-08-12 09:00:00,1.0981017351150513
2016-08-12 10:00:00,1.1691488027572632
2016-08-12 11:00:00,1.1767284870147705
2016-08-12 12:00:00,0.7489878684282303
2016-08-12 13:00:00,0.6906585097312927
2016-08-12 14:00:00,0.6449140906333923
2016-08-12 15:00:00,0.7139520049095154
2016-08-12 16:00:00,0.7612524032592773
2016-08-12 17:00:00,0.8918579816818237
2016-08-12 18:00:00,1.0665000677108765
2016-08-12 19:00:00,1.273280382156372
2016-08-12 20:00:00,1.5149503946304321
2016-08-12 21:00:00,1.7363615036010742
2016-08-12 22:00:00,1.702359914779663
2016-08-12 23:00:00,1.5743498802185059
2016-08-13 00:00:00,1.4182429313659668
2016-08-13 01:00:00,1.788050889968872
2016-08-13 02:00:00,1.9749338626861572
2016-08-13 03:00:00,1.5518486499786377
2016-08-13 04:00:00,1.7470665872097015
2016-08-13 05:00:00,1.5570751428604126
2016-08-13 06:00:00,1.5050984621047974
2016-08-13 07:00:00,1.5904383659362793
2016-08-13 08:00:00,1.6388075351715088
2016-08-13 09:00:00,1.6083210706710815
2016-08-13 10:00:00,1.5269739627838135
2016-08-13 11:00:00,1.2374407052993774
2016-08-13 12:00:00,0.6203702688217163
2016-08-13 13:00:00,0.7782067060470581
2016-08-13 14:00:00,0.6429934501647949
2016-08-13 15:00:00,0.7198952436447144
2016-08-13 16:00:00,0.7255969643592834
2016-08-13 17:00:00,0.6786673665046692
2016-08-13 18:00:00,0.607074499130249
2016-08-13 19:00:00,0.5706984996795654
2016-08-13 20:00:00,0.6184134483337402
2016-08-13 21:00:00,0.7402130365371704
2016-08-13 22:00:00,0.8985916972160339
2016-08-13 23:00:00,1.0509369522333145
2016-08-14 00:00:00,1.1182348728179932
2016-08-14 01:00:00,1.4463533461093903
2016-08-14 02:00:00,2.3559670448303223
2016-08-14 03:00:00,2.0625364780426025
2016-08-14 04:00:00,2.3151042461395264
2016-08-14 05:00:00,2.3746681213378906
2016-08-14 06:00:00,2.1910198032855988
2016-08-14 07:00:00,1.9589042663574219
2016-08-14 08:00:00,1.8374277353286743
2016-08-14 09:00:00,1.7813136577606201
2016-08-14 10:00:00,1.484764814376831
2016-08-14 11:00:00,1.217677354812622
2016-08-14 12:00:00,0.7824020385742188
2016-08-14 13:00:00,0.8030290603637695
2016-08-14 14:00:00,0.5078495144844055
2016-08-14 15:00:00,0.41446731984615326
2016-08-14 16:00:00,0.4561799168586731
2016-08-14 17:00:00,0.5639400407671928
2016-08-14 18:00:00,0.6921139359474182
2016-08-14 19:00:00,0.8369942903518677
2016-08-14 20:00:00,1.0231633186340332
2016-08-14 21:00:00,1.2930212020874023
2016-08-14 22:00:00,1.7160290777683258
2016-08-14 23:00:00,2.2331537902355194
2016-08-15 00:00:00,2.64148285984993
2016-08-15 01:00:00,3.086085319519043
2016-08-15 02:00:00,3.362374782562256
2016-08-15 03:00:00,3.578474521636963
2016-08-15 04:00:00,3.693190097808838
2016-08-15 05:00:00,3.558023452758789
2016-08-15 06:00:00,3.3046350479125977
2016-08-15 07:00:00,3.0948281288146973
2016-08-15 08:00:00,2.9388840198516846
2016-08-15 09:00:00,2.8006527423858643
2016-08-15 10:00:00,2.692502975463867
2016-08-15 11:00:00,2.0388131141662598
2016-08-15 12:00:00,1.6244465112686157
2016-08-15 13:00:00,1.0648326873779297
2016-08-15 14:00:00,1.112752914428711
2016-08-15 15:00:00,1.3127894401550293
2016-08-15 16:00:00,1.5572493076324463
2016-08-15 17:00:00,1.8502198159694672
2016-08-15 18:00:00,2.174327850341797
2016-08-15 19:00:00,2.6553330421447754
2016-08-15 20:00:00,3.239945411682129
2016-08-15 21:00:00,3.554342746734619
2016-08-15 22:00:00,3.5404398441314697
2016-08-15 23:00:00,3.4151031970977783
2016-08-16 00:00:00,3.0672593116760254
2016-08-16 01:00:00,3.1246938705444336
2016-08-16 02:00:00,3.309213638305664
2016-08-16 03:00:00,3.666238307952881
2016-08-16 04:00:00,3.699629306793213
2016-08-16 05:00:00,3.4588842391967773
2016-08-16 06:00:00,3.011756181716919
2016-08-16 07:00:00,2.705461025238037
2016-08-16 08:00:00,2.546048641204834
2016-08-16 09:00:00,2.509859085083008
2016-08-16 10:00:00,2.5262205600738525
2016-08-16 11:00:00,2.129315137863159
2016-08-16 12:00:00,1.4388872385025024
2016-08-16 13:00:00,1.1014745235443115
2016-08-16 14:00:00,1.0472449958324432
2016-08-16 15:00:00,1.1766279935836792
2016-08-16 16:00:00,1.3634822368621826
2016-08-16 17:00:00,1.6382042169570923
2016-08-16 18:00:00,1.8931591510772705
2016-08-16 19:00:00,2.1507651805877686
2016-08-16 20:00:00,2.3217406272888184
2016-08-16 21:00:00,2.40168833732605
2016-08-16 22:00:00,2.259653091430664
2016-08-16 23:00:00,2.1944756507873535
2016-08-17 00:00:00,2.1832902431488037
2016-08-17 01:00:00,2.577528715133667
2016-08-17 02:00:00,2.8871254920959473
2016-08-17 03:00:00,2.6072440147399902
2016-08-17 04:00:00,2.7142906188964844
2016-08-17 05:00:00,2.158597946166992
2016-08-17 06:00:00,1.5339514017105103
2016-08-17 07:00:00,1.0204284191131592
2016-08-17 08:00:00,0.6658554151654243
2016-08-17 09:00:00,0.40188491716980934
2016-08-17 10:00:00,0.05443418025970459
2016-08-17 11:00:00,-0.11693668365478516
2016-08-17 12:00:00,-0.0537820290774107
2016-08-17 13:00:00,-0.19826404191553593
2016-08-17 14:00:00,-0.46176213026046753
2016-08-17 15:00:00,-0.5541261434555054
2016-08-17 16:00:00,-0.5482422113418579
2016-08-17 17:00:00,-0.5521845817565918
2016-08-17 18:00:00,-0.5643954873085022
2016-08-17 19:00:00,-0.5631164386868477
2016-08-17 20:00:00,-0.53802090883255
2016-08-17 21:00:00,-0.49082624912261963
2016-08-17 22:00:00,-0.3185739293694496
2016-08-17 23:00:00,-0.04094240069389343
2016-08-18 00:00:00,0.11756646633148193
2016-08-18 01:00:00,0.23487120866775513
2016-08-18 02:00:00,0.6013635396957397
2016-08-18 03:00:00,0.13823330402374268
2016-08-18 04:00:00,-0.15888917446136475
2016-08-18 05:00:00,-0.204659104347229
2016-08-18 06:00:00,-0.16276711225509644
2016-08-18 07:00:00,-0.014253735542297363
2016-08-18 08:00:00,0.30288976430892944
2016-08-18 09:00:00,0.7077285051345825
2016-08-18 10:00:00,0.8944089412689209
2016-08-18 11:00:00,0.9932533502578735
2016-08-18 12:00:00,0.5153186321258545
2016-08-18 13:00:00,0.6265832781791687
2016-08-18 14:00:00,0.643670380115509
2016-08-18 15:00:00,0.770086407661438
2016-08-18 16:00:00,0.968685656785965
2016-08-18 17:00:00,1.2012685537338257
2016-08-18 18:00:00,1.2310717105865479
2016-08-18 19:00:00,1.1047406047582626
2016-08-18 20:00:00,1.0850542783737183
2016-08-18 21:00:00,1.1379919052124023
2016-08-18 22:00:00,1.1293131113052368
2016-08-18 23:00:00,1.1112455129623413
2016-08-19 00:00:00,1.0231172889471054
2016-08-19 01:00:00,1.0581059455871582
2016-08-19 02:00:00,1.7288734912872314
2016-08-19 03:00:00,0.7805657088756561
2016-08-19 04:00:00,-0.46354377269744873
2016-08-19 05:00:00,-1.4725512266159058
2016-08-19 06:00:00,-1.7480270862579346
2016-08-19 07:00:00,-1.6069152504205704
2016-08-19 08:00:00,-1.3386035114526749
2016-08-19 09:00:00,-1.0065938234329224
2016-08-19 10:00:00,-0.3222506623715162
2016-08-19 11:00:00,0.28662605583667755
2016-08-19 12:00:00,0.3800083864480257
2016-08-19 13:00:00,0.5358140394091606
2016-08-19 14:00:00,0.4801997020840645
2016-08-19 15:00:00,0.49190688133239746
2016-08-19 16:00:00,0.3154713064432144
2016-08-19 17:00:00,0.015005022287368774
2016-08-19 18:00:00,-0.38842129334807396
2016-08-19 19:00:00,-0.6585530117154121
2016-08-19 20:00:00,-0.8385425806045532
2016-08-19 21:00:00,-0.9576132297515869
2016-08-19 22:00:00,-0.9232139587402344
2016-08-19 23:00:00,-0.8857405185699463
2016-08-20 00:00:00,-0.8657792806625366
2016-08-20 01:00:00,-1.1552575826644897
2016-08-20 02:00:00,-1.7140216827392578
2016-08-20 03:00:00,-2.9160585403442383
2016-08-20 04:00:00,-3.218196392059326
2016-08-20 05:00:00,-3.346299171447754
2016-08-20 06:00:00,-3.3328468799591064
2016-08-20 07:00:00,-3.2613089084625244
2016-08-20 08:00:00,-3.1089937686920166
2016-08-20 09:00:00,-2.8753674030303955
2016-08-20 10:00:00,-2.9287421703338623
2016-08-20 11:00:00,-2.663562774658203
2016-08-20 12:00:00,-2.0690391063690186
2016-08-20 13:00:00,-1.3457190990447998
2016-08-20 14:00:00,-1.2582310438156128
2016-08-20 15:00:00,-1.388960361480713
2016-08-20 16:00:00,-1.344257116317749
2016-08-20 17:00:00,-1.2946909666061401
2016-08-20 18:00:00,-1.2078860998153687
2016-08-20 19:00:00,-1.0899783372879028
2016-08-20 20:00:00,-0.9900426864624023
2016-08-20 21:00:00,-0.8730868101119995
2016-08-20 22:00:00,-0.9558165073394775
2016-08-20 23:00:00,-1.018195390701294
2016-08-21 00:00:00,-1.0454261302947998
2016-08-21 01:00:00,-1.79947429895401
2016-08-21 02:00:00,-2.277026414871216
2016-08-21 03:00:00,-2.8428544998168945
2016-08-21 04:00:00,-3.1540045738220215
2016-08-21 05:00:00,-3.274158000946045
2016-08-21 06:00:00,-3.2650961875915527
2016-08-21 07:00:00,-3.130434274673462
2016-08-21 08:00:00,-2.9234836101531982
2016-08-21 09:00:00,-2.6951591968536377
2016-08-21 10:00:00,-2.5364561080932617
2016-08-21 11:00:00,-2.162466526031494
2016-08-21 12:00:00,-1.5695409774780273
2016-08-21 13:00:00,-0.8898713886737823
2016-08-21 14:00:00,-0.5078606754541397
2016-08-21 15:00:00,-0.4317886605858803
2016-08-21 16:00:00,-0.35370987467467785
2016-08-21 17:00:00,-0.32490458339452744
2016-08-21 18:00:00,-0.3474852815270424
2016-08-21 19:00:00,-0.3972395658493042
2016-08-21 20:00:00,-0.41105812788009644
2016-08-21 21:00:00,-0.3745916485786438
2016-08-21 22:00:00,-0.39895862340927124
2016-08-21 23:00:00,-0.43481606245040894
2016-08-22 00:00:00,-0.4775298833847046
2016-08-22 01:00:00,-0.6908019036054611
2016-08-22 02:00:00,-1.2182471752166748
2016-08-22 03:00:00,-1.9256470203399658
2016-08-22 04:00:00,-2.108991861343384
2016-08-22 05:00:00,-2.1136498749256134
2016-08-22 06:00:00,-1.9621422290802002
2016-08-22 07:00:00,-1.6764125972986221
2016-08-22 08:00:00,-1.3611257076263428
2016-08-22 09:00:00,-1.133829116821289
2016-08-22 10:00:00,-1.3005576133728027
2016-08-22 11:00:00,-1.422052025794983
2016-08-22 12:00:00,-1.1131165027618408
2016-08-22 13:00:00,-0.8730204105377197
2016-08-22 14:00:00,-0.7732867002487183
2016-08-22 15:00:00,-0.9182101488113403
2016-08-22 16:00:00,-0.9427615404129028
2016-08-22 17:00:00,-0.883962869644165
2016-08-22 18:00:00,-0.7356772422790527
2016-08-22 19:00:00,-0.5482820272445679
2016-08-22 20:00:00,-0.5479724407196045
2016-08-22 21:00:00,-0.7024331092834473
2016-08-22 22:00:00,-0.890382707118988
2016-08-22 23:00:00,-0.861700177192688
2016-08-23 00:00:00,-0.6832873225212097
2016-08-23 01:00:00,-0.7253750637173653
2016-08-23 02:00:00,-0.7871305868029594
2016-08-23 03:00:00,-0.659820094704628
2016-08-23 04:00:00,-0.9818236827850342
2016-08-23 05:00:00,-1.2662842571735382
2016-08-23 06:00:00,-1.469873994588852
2016-08-23 07:00:00,-1.5947125554084778
2016-08-23 08:00:00,-1.5869725346565247
2016-08-23 09:00:00,-1.4521622136235237
2016-08-23 10:00:00,-1.0178750827908516
2016-08-23 11:00:00,-0.6083935350179672
2016-08-23 12:00:00,-0.3849550485610962
2016-08-23 13:00:00,-0.15763773769140244
2016-08-23 14:00:00,-0.09947123937308788
2016-08-23 15:00:00,-0.07977430894970894
2016-08-23 16:00:00,-0.09714034013450146
2016-08-23 17:00:00,-0.15754133462905884
2016-08-23 18:00:00,-0.2658283933997154
2016-08-23 19:00:00,-0.40467963367700577
2016-08-23 20:00:00,-0.5395150035619736
2016-08-23 21:00:00,-0.729296401143074
2016-08-23 22:00:00,-1.04473277926445
2016-08-23 23:00:00,-1.378159999847412
2016-08-24 00:00:00,-1.5970569550991058
2016-08-24 01:00:00,-2.0682425796985626
2016-08-24 02:00:00,-2.369688034057617
2016-08-24 03:00:00,-3.3173987865448
2016-08-24 04:00:00,-4.6017656326293945
2016-08-24 05:00:00,-5.421668529510498
2016-08-24 06:00:00,-5.4957380294799805
2016-08-24 07:00:00,-5.326355934143066
2016-08-24 08:00:00,-5.043639183044434
2016-08-24 09:00:00,-4.669896602630615
2016-08-24 10:00:00,-4.115292549133301
2016-08-24 11:00:00,-3.49552059173584
2016-08-24 12:00:00,-2.657947540283203
2016-08-24 13:00:00,-1.3980964422225952
2016-08-24 14:00:00,-1.0071598291397095
2016-08-24 15:00:00,-0.9882640540599823
2016-08-24 16:00:00,-0.9807210266590118
2016-08-24 17:00:00,-1.0521713495254517
2016-08-24 18:00:00,-1.1214418411254883
2016-08-24 19:00:00,-1.1305160820484161
2016-08-24 20:00:00,-1.0504660904407501
2016-08-24 21:00:00,-0.9089865237474442
2016-08-24 22:00:00,-0.7940347641706467
2016-08-24 23:00:00,-0.7131495475769043
2016-08-25 00:00:00,-0.6936008483171463
2016-08-25 01:00:00,-1.0108883082866669
2016-08-25 02:00:00,-1.3236072063446045
2016-08-25 03:00:00,-1.1018747091293335
2016-08-25 04:00:00,-1.1777589321136475
2016-08-25 05:00:00,-1.3415729999542236
2016-08-25 06:00:00,-1.41934072971344
2016-08-25 07:00:00,-1.4251748323440552
2016-08-25 08:00:00,-1.3607882261276245
2016-08-25 09:00:00,-1.2262940406799316
2016-08-25 10:00:00,-1.0290416479110718
2016-08-25 11:00:00,-0.7305992841720581
2016-08-25 12:00:00,-0.4272892475128174
2016-08-25 13:00:00,-0.15536880493164062
2016-08-25 14:00:00,-0.018726468086242676
2016-08-25 15:00:00,0.10850226879119873
2016-08-25 16:00:00,0.1746046543121338
2016-08-25 17:00:00,0.2395087480545044
2016-08-25 18:00:00,0.3179816007614136
2016-08-25 19:00:00,0.44182777404785156
2016-08-25 20:00:00,0.5421581268310547
2016-08-25 21:00:00,0.6122317314147949
2016-08-25 22:00:00,0.6518932580947876
2016-08-25 23:00:00,0.7095072269439697
2016-08-26 00:00:00,0.7552899122238159
2016-08-26 01:00:00,1.0001091957092285
2016-08-26 02:00:00,1.5244154930114746
2016-08-26 03:00:00,0.7589931488037109
2016-08-26 04:00:00,-0.10692507028579712
2016-08-26 05:00:00,-0.7580856084823608
2016-08-26 06:00:00,-1.1409547477960587
2016-08-26 07:00:00,-1.3203866481781006
2016-08-26 08:00:00,-1.3574494123458862
2016-08-26 09:00:00,-1.2981337308883667
2016-08-26 10:00:00,-1.1557998657226562
2016-08-26 11:00:00,-0.9107480049133301
2016-08-26 12:00:00,-0.5568363070487976
2016-08-26 13:00:00,-0.4793776869773865
2016-08-26 14:00:00,-0.4496511220932007
2016-08-26 15:00:00,-0.49151289463043213
2016-08-26 16:00:00,-0.5456575751304626
2016-08-26 17:00:00,-0.5748269557952881
2016-08-26 18:00:00,-0.5691394209861755
2016-08-26 19:00:00,-0.5571489334106445
2016-08-26 20:00:00,-0.5545895099639893
2016-08-26 21:00:00,-0.5718822479248047
2016-08-26 22:00:00,-0.6342699527740479
2016-08-26 23:00:00,-0.767676591873169
2016-08-27 00:00:00,-0.96403968334198
2016-08-27 01:00:00,-1.5418097972869873
2016-08-27 02:00:00,-2.058923691511154
2016-08-27 03:00:00,-2.5738720893859863
2016-08-27 04:00:00,-3.002645254135132
2016-08-27 05:00:00,-3.0583834648132324
2016-08-27 06:00:00,-2.939877510070801
2016-08-27 07:00:00,-2.747548818588257
2016-08-27 08:00:00,-2.559347152709961
2016-08-27 09:00:00,-2.380613088607788
2016-08-27 10:00:00,-2.3331170082092285
2016-08-27 11:00:00,-2.03926944732666
2016-08-27 12:00:00,-1.3697998523712158
2016-08-27 13:00:00,-0.8996033370494843
2016-08-27 14:00:00,-0.5688307881355286
2016-08-27 15:00:00,-0.4624258279800415
2016-08-27 16:00:00,-0.40261948108673096
2016-08-27 17:00:00,-0.38597649335861206
2016-08-27 18:00:00,-0.42051076889038086
2016-08-27 19:00:00,-0.4775354862213135
2016-08-27 20:00:00,-0.5107910633087158
2016-08-27 21:00:00,-0.5969364047050476
2016-08-27 22:00:00,-0.7395609617233276
2016-08-27 23:00:00,-0.8272919058799744
2016-08-28 00:00:00,-0.8569601774215698
2016-08-28 01:00:00,-0.9534759521484375
2016-08-28 02:00:00,-1.724976658821106
2016-08-28 03:00:00,-1.6295576095581055
2016-08-28 04:00:00,-1.827333927154541
2016-08-28 05:00:00,-2.043867588043213
2016-08-28 06:00:00,-2.212951213121414
2016-08-28 07:00:00,-2.2683193385601044
2016-08-28 08:00:00,-2.203915596008301
2016-08-28 09:00:00,-2.0566826462745667
2016-08-28 10:00:00,-1.749945491552353
2016-08-28 11:00:00,-1.3120554685592651
2016-08-28 12:00:00,-0.6825394630432129
2016-08-28 13:00:00,-0.31195068359375
2016-08-28 14:00:00,-0.07803821563720703
2016-08-28 15:00:00,0.09341901540756226
2016-08-28 16:00:00,0.25039589405059814
2016-08-28 17:00:00,0.36178749799728394
2016-08-28 18:00:00,0.4355316162109375
2016-08-28 19:00:00,0.4642621874809265
2016-08-28 20:00:00,0.4695485234260559
2016-08-28 21:00:00,0.43691563606262207
2016-08-28 22:00:00,0.34720611572265625
2016-08-28 23:00:00,0.2768770456314087
2016-08-29 00:00:00,0.22344529256224632
2016-08-29 01:00:00,0.1962372064590454
2016-08-29 02:00:00,0.18108755350112915
2016-08-29 03:00:00,-0.07726800441741943
2016-08-29 04:00:00,-0.6241885423660278
2016-08-29 05:00:00,-0.8272021263837814
2016-08-29 06:00:00,-0.8392558395862579
2016-08-29 07:00:00,-0.7191404104232788
2016-08-29 08:00:00,-0.5188178569078445
2016-08-29 09:00:00,-0.2732628509402275
2016-08-29 10:00:00,0.04480455815792084
2016-08-29 11:00:00,0.1609421968460083
2016-08-29 12:00:00,0.15029650926589966
2016-08-29 13:00:00,0.21276092529296875
2016-08-29 14:00:00,0.23563575744628906
2016-08-29 15:00:00,0.24923813343048096
2016-08-29 16:00:00,0.2758098244667053
2016-08-29 17:00:00,0.30474984645843506
2016-08-29 18:00:00,0.2110884189605713
2016-08-29 19:00:00,0.06437397003173828
2016-08-29 20:00:00,-0.0033960342407226562
2016-08-29 21:00:00,-0.008202075958251953
2016-08-29 22:00:00,0.03933906555175781
2016-08-29 23:00:00,0.12096548080444336
2016-08-30 00:00:00,0.23366916179656982
2016-08-30 01:00:00,0.22667062282562256
2016-08-30 02:00:00,0.652959942817688
2016-08-30 03:00:00,0.8213770389556885
2016-08-30 04:00:00,0.7182897329330444
2016-08-30 05:00:00,0.32605040073394775
2016-08-30 06:00:00,-0.26169097423553467
2016-08-30 07:00:00,-0.7157681584358215
2016-08-30 08:00:00,-0.9958896785974503
2016-08-30 09:00:00,-1.1090526431798935
2016-08-30 10:00:00,-0.8526935577392578
2016-08-30 11:00:00,-0.44843971729278564
2016-08-30 12:00:00,-0.0606684684753418
2016-08-30 13:00:00,0.08554711937904358
2016-08-30 14:00:00,0.2239568531513214
2016-08-30 15:00:00,0.35371941328048706
2016-08-30 16:00:00,0.25957971811294556
2016-08-30 17:00:00,0.13186395168304443
2016-08-30 18:00:00,-0.012693695724010468
2016-08-30 19:00:00,-0.1505916714668274
2016-08-30 20:00:00,-0.2767333760857582
2016-08-30 21:00:00,-0.39634185284376144
2016-08-30 22:00:00,-0.44279909133911133
2016-08-30 23:00:00,-0.5009425282478333
2016-08-31 00:00:00,-0.5743504911661148
2016-08-31 01:00:00,-0.7378671169281006
2016-08-31 02:00:00,-1.599650502204895
2016-08-31 03:00:00,-1.6401350498199463
2016-08-31 04:00:00,-1.7248149812221527
2016-08-31 05:00:00,-1.921354353427887
2016-08-31 06:00:00,-2.0434629917144775
2016-08-31 07:00:00,-2.157014787197113
2016-08-31 08:00:00,-2.228463113307953
2016-08-31 09:00:00,-2.202840805053711
2016-08-31 10:00:00,-2.2169141471385956
2016-08-31 11:00:00,-1.9811162650585175
2016-08-31 12:00:00,-1.4737207889556885
2016-08-31 13:00:00,-0.8333901166915894
2016-08-31 14:00:00,-0.6660791635513306
2016-08-31 15:00:00,-0.637511134147644
2016-08-31 16:00:00,-0.614130437374115
2016-08-31 17:00:00,-0.5625373125076294
2016-08-31 18:00:00,-0.463520884513855
2016-08-31 19:00:00,-0.3537909984588623
2016-08-31 20:00:00,-0.2941114902496338
2016-08-31 21:00:00,-0.3107382655143738
2016-08-31 22:00:00,-0.33942800760269165
2016-08-31 23:00:00,-0.3687290549278259
2016-09-01 00:00:00,-0.3494769334793091
2016-09-01 01:00:00,-0.23360508680343628
2016-09-01 02:00:00,-0.023556113243103027
2016-09-01 03:00:00,0.4473721571266651
2016-09-01 04:00:00,0.5056017264723778
2016-09-01 05:00:00,0.5859564617276192
2016-09-01 06:00:00,0.6550790071487427
2016-09-01 07:00:00,0.6927687674760818
2016-09-01 08:00:00,0.7521367482841015
2016-09-01 09:00:00,0.8323623724281788
2016-09-01 10:00:00,0.7922530621290207
2016-09-01 11:00:00,0.8407309502363205
2016-09-01 12:00:00,0.5117182731628418
2016-09-01 13:00:00,0.6501790881156921
2016-09-01 14:00:00,0.5824335217475891
2016-09-01 15:00:00,0.613381564617157
2016-09-01 16:00:00,0.6041790321469307
2016-09-01 17:00:00,0.6153690814971924
2016-09-01 18:00:00,0.6419834494590759
2016-09-01 19:00:00,0.7151134014129639
2016-09-01 20:00:00,0.8621299266815186
2016-09-01 21:00:00,1.0621895790100098
2016-09-01 22:00:00,1.2647181749343872
2016-09-01 23:00:00,1.4385768175125122
2016-09-02 00:00:00,1.6109659671783447
2016-09-02 01:00:00,1.9283180236816406
2016-09-02 02:00:00,2.8295724391937256
2016-09-02 03:00:00,2.6219663619995117
2016-09-02 04:00:00,3.2035346031188965
2016-09-02 05:00:00,3.109818696975708
2016-09-02 06:00:00,3.002504825592041
2016-09-02 07:00:00,2.9518704414367676
2016-09-02 08:00:00,2.9631309509277344
2016-09-02 09:00:00,2.961775779724121
2016-09-02 10:00:00,3.1127867698669434
2016-09-02 11:00:00,2.7074790000915527
2016-09-02 12:00:00,1.8298261165618896
2016-09-02 13:00:00,1.5365909337997437
2016-09-02 14:00:00,1.8599570989608765
2016-09-02 15:00:00,2.2394661903381348
2016-09-02 16:00:00,2.159963607788086
2016-09-02 17:00:00,2.0069611072540283
2016-09-02 18:00:00,1.8499553203582764
2016-09-02 19:00:00,1.7209935188293457
2016-09-02 20:00:00,1.6278154850006104
2016-09-02 21:00:00,1.608924150466919
2016-09-02 22:00:00,1.8427507877349854
2016-09-02 23:00:00,2.1367428302764893
2016-09-03 00:00:00,2.3911468982696533
2016-09-03 01:00:00,2.7978343963623047
2016-09-03 02:00:00,3.467818021774292
2016-09-03 03:00:00,3.4513843059539795
2016-09-03 04:00:00,4.209424912929535
2016-09-03 05:00:00,4.498711585998535
2016-09-03 06:00:00,4.458354949951172
2016-09-03 07:00:00,4.3040876388549805
2016-09-03 08:00:00,4.115113258361816
2016-09-03 09:00:00,3.909336268901825
2016-09-03 10:00:00,3.673429489135742
2016-09-03 11:00:00,2.848918914794922
2016-09-03 12:00:00,1.9146344661712646
2016-09-03 13:00:00,1.173140287399292
2016-09-03 14:00:00,1.182131052017212
2016-09-03 15:00:00,1.222876787185669
2016-09-03 16:00:00,1.3072643280029297
2016-09-03 17:00:00,1.4071319103240967
2016-09-03 18:00:00,1.5315309762954712
2016-09-03 19:00:00,1.700860857963562
2016-09-03 20:00:00,1.897942066192627
2016-09-03 21:00:00,2.1079723834991455
2016-09-03 22:00:00,2.3450653553009033
2016-09-03 23:00:00,2.5702884197235107
2016-09-04 00:00:00,2.66579008102417
2016-09-04 01:00:00,2.884214162826538
2016-09-04 02:00:00,3.3374648094177246
2016-09-04 03:00:00,3.3146066665649414
2016-09-04 04:00:00,3.706411361694336
2016-09-04 05:00:00,3.7166056632995605
2016-09-04 06:00:00,3.458935260772705
2016-09-04 07:00:00,3.2277817726135254
2016-09-04 08:00:00,3.0580830574035645
2016-09-04 09:00:00,2.8801116943359375
2016-09-04 10:00:00,2.6733474731445312
2016-09-04 11:00:00,2.288710594177246
2016-09-04 12:00:00,1.3636846542358398
2016-09-04 13:00:00,0.8664720058441162
2016-09-04 14:00:00,0.8834763765335083
2016-09-04 15:00:00,0.8936562538146973
2016-09-04 16:00:00,0.9895293712615967
2016-09-04 17:00:00,1.1837806701660156
2016-09-04 18:00:00,1.4371683597564697
2016-09-04 19:00:00,1.816178560256958
2016-09-04 20:00:00,2.216785192489624
2016-09-04 21:00:00,2.499543219804764
2016-09-04 22:00:00,2.7088122367858887
2016-09-04 23:00:00,2.669269561767578
2016-09-05 00:00:00,2.5904719829559326
2016-09-05 01:00:00,2.7807626724243164
2016-09-05 02:00:00,3.3411622047424316
2016-09-05 03:00:00,3.742109775543213
2016-09-05 04:00:00,3.9600170850753784
2016-09-05 05:00:00,3.63236665725708
2016-09-05 06:00:00,3.2251205444335938
2016-09-05 07:00:00,2.924466133117676
2016-09-05 08:00:00,2.7218735218048096
2016-09-05 09:00:00,2.555284023284912
2016-09-05 10:00:00,2.5108582973480225
2016-09-05 11:00:00,2.217210054397583
2016-09-05 12:00:00,1.40234375
2016-09-05 13:00:00,0.8937926292419434
2016-09-05 14:00:00,0.9229620695114136
2016-09-05 15:00:00,0.9925991296768188
2016-09-05 16:00:00,1.1450196504592896
2016-09-05 17:00:00,1.357123851776123
2016-09-05 18:00:00,1.640802025794983
2016-09-05 19:00:00,1.9872159957885742
2016-09-05 20:00:00,2.3231923580169678
2016-09-05 21:00:00,2.5030264854431152
2016-09-05 22:00:00,2.646711826324463
2016-09-05 23:00:00,2.764939785003662
2016-09-06 00:00:00,2.868241786956787
2016-09-06 01:00:00,3.0576210021972656
2016-09-06 02:00:00,3.4290175437927246
2016-09-06 03:00:00,4.183883249759674
2016-09-06 04:00:00,4.494636058807373
2016-09-06 05:00:00,4.2173004150390625
2016-09-06 06:00:00,3.838514804840088
2016-09-06 07:00:00,3.5552279949188232
2016-09-06 08:00:00,3.3167781829833984
2016-09-06 09:00:00,3.1152901649475098
2016-09-06 10:00:00,3.0369515419006348
2016-09-06 11:00:00,2.632680892944336
2016-09-06 12:00:00,1.788266897201538
2016-09-06 13:00:00,1.0862936973571777
2016-09-06 14:00:00,1.1489766836166382
2016-09-06 15:00:00,1.3017687797546387
2016-09-06 16:00:00,1.419797420501709
2016-09-06 17:00:00,1.5452089309692383
2016-09-06 18:00:00,1.6234956979751587
2016-09-06 19:00:00,1.686489462852478
2016-09-06 20:00:00,1.7223782539367676
2016-09-06 21:00:00,1.7941901683807373
2016-09-06 22:00:00,2.03994083404541
2016-09-06 23:00:00,2.2628841400146484
2016-09-07 00:00:00,2.4147441387176514
2016-09-07 01:00:00,2.7489869594573975
2016-09-07 02:00:00,3.241528034210205
2016-09-07 03:00:00,3.111959457397461
2016-09-07 04:00:00,4.159520149230957
2016-09-07 05:00:00,3.889410972595215
2016-09-07 06:00:00,3.5543980598449707
2016-09-07 07:00:00,3.302943229675293
2016-09-07 08:00:00,3.2079293727874756
2016-09-07 09:00:00,3.1735410690307617
2016-09-07 10:00:00,2.9651694297790527
2016-09-07 11:00:00,2.609412670135498
2016-09-07 12:00:00,1.6544098854064941
2016-09-07 13:00:00,0.9930132627487183
2016-09-07 14:00:00,1.0734575986862183
2016-09-07 15:00:00,1.1535592079162598
2016-09-07 16:00:00,1.204659104347229
2016-09-07 17:00:00,1.2475661039352417
2016-09-07 18:00:00,1.2992299795150757
2016-09-07 19:00:00,1.3818104267120361
2016-09-07 20:00:00,1.5040546655654907
2016-09-07 21:00:00,1.6584750413894653
2016-09-07 22:00:00,1.869096040725708
2016-09-07 23:00:00,2.0859992504119873
2016-09-08 00:00:00,2.290971279144287
2016-09-08 01:00:00,2.6077120304107666
2016-09-08 02:00:00,3.1524033546447754
2016-09-08 03:00:00,2.9503414630889893
2016-09-08 04:00:00,4.0462493896484375
2016-09-08 05:00:00,3.7468802332878113
2016-09-08 06:00:00,3.483293056488037
2016-09-08 07:00:00,3.3197832107543945
2016-09-08 08:00:00,3.1865787506103516
2016-09-08 09:00:00,3.079683303833008
2016-09-08 10:00:00,2.8980464935302734
2016-09-08 11:00:00,2.5054211616516113
2016-09-08 12:00:00,1.6608444452285767
2016-09-08 13:00:00,0.9995282888412476
2016-09-08 14:00:00,1.0739182233810425
2016-09-08 15:00:00,1.1783089637756348
2016-09-08 16:00:00,1.2765869945287704
2016-09-08 17:00:00,1.3624989986419678
2016-09-08 18:00:00,1.4345297813415527
2016-09-08 19:00:00,1.5100021362304688
2016-09-08 20:00:00,1.5951695442199707
2016-09-08 21:00:00,1.6958071291446686
2016-09-08 22:00:00,1.8043016493320465
2016-09-08 23:00:00,1.9297281801700592
2016-09-09 00:00:00,2.081343859434128
2016-09-09 01:00:00,2.41519832611084
2016-09-09 02:00:00,3.2820398807525635
2016-09-09 03:00:00,3.2812681198120117
2016-09-09 04:00:00,4.323974132537842
2016-09-09 05:00:00,4.04683119058609
2016-09-09 06:00:00,3.561055898666382
2016-09-09 07:00:00,3.2012088298797607
2016-09-09 08:00:00,3.010348081588745
2016-09-09 09:00:00,2.927074909210205
2016-09-09 10:00:00,2.869692325592041
2016-09-09 11:00:00,2.530357837677002
2016-09-09 12:00:00,1.8239569664001465
2016-09-09 13:00:00,1.118963599205017
2016-09-09 14:00:00,1.2498992532491684
2016-09-09 15:00:00,1.4018906354904175
2016-09-09 16:00:00,1.4663478136062622
2016-09-09 17:00:00,1.4870964288711548
2016-09-09 18:00:00,1.482795000076294
2016-09-09 19:00:00,1.4856822490692139
2016-09-09 20:00:00,1.4912662506103516
2016-09-09 21:00:00,1.504644751548767
2016-09-09 22:00:00,1.7787165641784668
2016-09-09 23:00:00,2.1092262268066406
2016-09-10 00:00:00,2.455068349838257
2016-09-10 01:00:00,2.8341712951660156
2016-09-10 02:00:00,3.449991226196289
2016-09-10 03:00:00,4.068865776062012
2016-09-10 04:00:00,4.3482160568237305
2016-09-10 05:00:00,3.914572060108185
2016-09-10 06:00:00,3.4245710372924805
2016-09-10 07:00:00,3.149042844772339
2016-09-10 08:00:00,2.9142112731933594
2016-09-10 09:00:00,2.738633871078491
2016-09-10 10:00:00,2.8222813606262207
2016-09-10 11:00:00,2.4750747680664062
2016-09-10 12:00:00,1.8270751237869263
2016-09-10 13:00:00,1.0096898078918457
2016-09-10 14:00:00,1.0821163654327393
2016-09-10 15:00:00,1.133596658706665
2016-09-10 16:00:00,1.1913435459136963
2016-09-10 17:00:00,1.2473948001861572
2016-09-10 18:00:00,1.314521312713623
2016-09-10 19:00:00,1.417173981666565
2016-09-10 20:00:00,1.5717365741729736
2016-09-10 21:00:00,1.8285388946533203
2016-09-10 22:00:00,2.1788718700408936
2016-09-10 23:00:00,2.437490940093994
2016-09-11 00:00:00,2.663966178894043
2016-09-11 01:00:00,2.850106716156006
2016-09-11 02:00:00,3.2305588722229004
2016-09-11 03:00:00,2.9164390563964844
2016-09-11 04:00:00,3.8309664726257324
2016-09-11 05:00:00,3.147494077682495
2016-09-11 06:00:00,2.4932384490966797
2016-09-11 07:00:00,2.254115581512451
2016-09-11 08:00:00,2.1277336478233337
2016-09-11 09:00:00,2.144085645675659
2016-09-11 10:00:00,2.188154250383377
2016-09-11 11:00:00,2.0100802779197693
2016-09-11 12:00:00,1.3763941526412964
2016-09-11 13:00:00,0.8037858009338379
2016-09-11 14:00:00,0.8439592719078064
2016-09-11 15:00:00,0.8082840442657471
2016-09-11 16:00:00,0.8719505071640015
2016-09-11 17:00:00,0.9897240400314331
2016-09-11 18:00:00,1.1154874563217163
2016-09-11 19:00:00,1.2431998252868652
2016-09-11 20:00:00,1.418541669845581
2016-09-11 21:00:00,1.6706534624099731
2016-09-11 22:00:00,1.9983868598937988
2016-09-11 23:00:00,2.262201279401779
2016-09-12 00:00:00,2.37386155128479
2016-09-12 01:00:00,2.54923152923584
2016-09-12 02:00:00,3.219111442565918
2016-09-12 03:00:00,3.0530471801757812
2016-09-12 04:00:00,3.8451056480407715
2016-09-12 05:00:00,3.38089656829834
2016-09-12 06:00:00,2.8700690269470215
2016-09-12 07:00:00,2.8173673152923584
2016-09-12 08:00:00,2.696746587753296
2016-09-12 09:00:00,2.8693151473999023
2016-09-12 10:00:00,2.6596317291259766
2016-09-12 11:00:00,2.2416958808898926
2016-09-12 12:00:00,1.5223815441131592
2016-09-12 13:00:00,0.8160140514373779
2016-09-12 14:00:00,0.8743830323219299
2016-09-12 15:00:00,0.8932177573442459
2016-09-12 16:00:00,0.9487735033035278
2016-09-12 17:00:00,0.9960659742355347
2016-09-12 18:00:00,1.0066425800323486
2016-09-12 19:00:00,1.0070002377033234
2016-09-12 20:00:00,1.0120196640491486
2016-09-12 21:00:00,1.0098357200622559
2016-09-12 22:00:00,0.9995924532413483
2016-09-12 23:00:00,0.9902187585830688
2016-09-13 00:00:00,0.978232353925705
2016-09-13 01:00:00,0.9627422094345093
2016-09-13 02:00:00,2.0869686603546143
2016-09-13 03:00:00,1.6896356344223022
2016-09-13 04:00:00,1.6373239755630493
2016-09-13 05:00:00,1.2498050928115845
2016-09-13 06:00:00,1.0709662437438965
2016-09-13 07:00:00,1.0982205867767334
2016-09-13 08:00:00,1.1937775611877441
2016-09-13 09:00:00,1.2486413717269897
2016-09-13 10:00:00,1.1731336116790771
2016-09-13 11:00:00,1.1066168546676636
2016-09-13 12:00:00,0.7765070199966431
2016-09-13 13:00:00,0.5224507451057434
2016-09-13 14:00:00,0.46158671379089355
2016-09-13 15:00:00,0.31048524379730225
2016-09-13 16:00:00,0.16027629375457764
2016-09-13 17:00:00,0.08246356248855591
2016-09-13 18:00:00,0.049963176250457764
2016-09-13 19:00:00,0.05306369066238403
2016-09-13 20:00:00,0.09826838970184326
2016-09-13 21:00:00,0.17780065722763538
2016-09-13 22:00:00,0.3472892250865698
2016-09-13 23:00:00,0.4822486788034439
2016-09-14 00:00:00,0.5230238512158394
2016-09-14 01:00:00,0.47943115234375
2016-09-14 02:00:00,0.5749979615211487
2016-09-14 03:00:00,0.2065126895904541
2016-09-14 04:00:00,-0.2747409353032708
2016-09-14 05:00:00,-0.3626796528697014
2016-09-14 06:00:00,-0.39892326295375824
2016-09-14 07:00:00,-0.43491512537002563
2016-09-14 08:00:00,-0.49632054567337036
2016-09-14 09:00:00,-0.5646575838327408
2016-09-14 10:00:00,-0.32517755031585693
2016-09-14 11:00:00,-0.16905099153518677
2016-09-14 12:00:00,-0.004616498947143555
2016-09-14 13:00:00,0.05866461992263794
2016-09-14 14:00:00,0.1885697841644287
2016-09-14 15:00:00,0.4020814895629883
2016-09-14 16:00:00,0.5605781078338623
2016-09-14 17:00:00,0.7020003795623779
2016-09-14 18:00:00,0.7589540481567383
2016-09-14 19:00:00,0.7849189639091492
2016-09-14 20:00:00,0.8222480416297913
2016-09-14 21:00:00,0.8562315702438354
2016-09-14 22:00:00,0.8323895931243896
2016-09-14 23:00:00,0.7997841835021973
2016-09-15 00:00:00,0.7839065790176392
2016-09-15 01:00:00,0.7779996991157532
2016-09-15 02:00:00,1.5543010234832764
2016-09-15 03:00:00,1.4810469150543213
2016-09-15 04:00:00,1.1408419460058212
2016-09-15 05:00:00,1.1379346996545792
2016-09-15 06:00:00,1.2092523723840714
2016-09-15 07:00:00,1.3134268522262573
2016-09-15 08:00:00,1.440199375152588
2016-09-15 09:00:00,1.5788254737854004
2016-09-15 10:00:00,1.633367896080017
2016-09-15 11:00:00,1.5141900777816772
2016-09-15 12:00:00,1.1175508499145508
2016-09-15 13:00:00,0.6821933388710022
2016-09-15 14:00:00,0.7835093140602112
2016-09-15 15:00:00,0.8358981609344482
2016-09-15 16:00:00,0.8647095561027527
2016-09-15 17:00:00,0.8855172991752625
2016-09-15 18:00:00,0.8941894769668579
2016-09-15 19:00:00,0.8847095370292664
2016-09-15 20:00:00,0.8529327511787415
2016-09-15 21:00:00,0.8051739931106567
2016-09-15 22:00:00,0.7756578326225281
2016-09-15 23:00:00,0.7793333530426025
2016-09-16 00:00:00,0.8004641532897949
2016-09-16 01:00:00,0.8139987587928772
2016-09-16 02:00:00,1.1938673257827759
2016-09-16 03:00:00,1.3657861948013306
2016-09-16 04:00:00,1.0914708375930786
2016-09-16 05:00:00,0.9921039044857025
2016-09-16 06:00:00,1.112880453467369
2016-09-16 07:00:00,1.2750172764062881
2016-09-16 08:00:00,1.4255759716033936
2016-09-16 09:00:00,1.5109797716140747
2016-09-16 10:00:00,1.523139238357544
2016-09-16 11:00:00,1.3471369594335556
2016-09-16 12:00:00,1.0234370231628418
2016-09-16 13:00:00,0.6777341365814209
2016-09-16 14:00:00,0.7499484419822693
2016-09-16 15:00:00,0.8158338069915771
2016-09-16 16:00:00,0.8326114416122437
2016-09-16 17:00:00,0.8501126170158386
2016-09-16 18:00:00,0.8713766932487488
2016-09-16 19:00:00,0.8770065903663635
2016-09-16 20:00:00,0.8634036183357239
2016-09-16 21:00:00,0.8383008241653442
2016-09-16 22:00:00,0.8454574346542358
2016-09-16 23:00:00,0.8563218116760254
2016-09-17 00:00:00,0.860146164894104
2016-09-17 01:00:00,0.852735698223114
2016-09-17 02:00:00,1.198415756225586
2016-09-17 03:00:00,1.16416597366333
2016-09-17 04:00:00,0.7311233282089233
2016-09-17 05:00:00,0.23137998580932617
2016-09-17 06:00:00,0.11191236972808838
2016-09-17 07:00:00,0.15392136573791504
2016-09-17 08:00:00,0.2749474048614502
2016-09-17 09:00:00,0.40303146839141846
2016-09-17 10:00:00,0.4780282974243164
2016-09-17 11:00:00,0.4963369369506836
2016-09-17 12:00:00,0.4209432601928711
2016-09-17 13:00:00,0.340969443321228
2016-09-17 14:00:00,0.27057385444641113
2016-09-17 15:00:00,0.22935068607330322
2016-09-17 16:00:00,0.12385392189025879
2016-09-17 17:00:00,0.07636654376983643
2016-09-17 18:00:00,0.04556870460510254
2016-09-17 19:00:00,0.0093156099319458
2016-09-17 20:00:00,-0.01968705654144287
2016-09-17 21:00:00,-0.04274618625640869
2016-09-17 22:00:00,0.032670557498931885
2016-09-17 23:00:00,0.13121843338012695
2016-09-18 00:00:00,0.2543189525604248
2016-09-18 01:00:00,0.377072811126709
2016-09-18 02:00:00,0.6103899478912354
2016-09-18 03:00:00,0.7320907115936279
2016-09-18 04:00:00,-0.1567838191986084
2016-09-18 05:00:00,-0.8693006038665771
2016-09-18 06:00:00,-1.0372295677661896
2016-09-18 07:00:00,-1.0670563876628876
2016-09-18 08:00:00,-1.0329265892505646
2016-09-18 09:00:00,-0.9722632169723511
2016-09-18 10:00:00,-0.7327548265457153
2016-09-18 11:00:00,-0.5255653858184814
2016-09-18 12:00:00,-0.2692272663116455
2016-09-18 13:00:00,-0.13879024982452393
2016-09-18 14:00:00,-0.06505817174911499
2016-09-18 15:00:00,0.03178737312555313
2016-09-18 16:00:00,0.02766895294189453
2016-09-18 17:00:00,0.07066458463668823
2016-09-18 18:00:00,0.15414685010910034
2016-09-18 19:00:00,0.2637823820114136
2016-09-18 20:00:00,0.39265109598636627
2016-09-18 21:00:00,0.5221627950668335
2016-09-18 22:00:00,0.6285764053463936
2016-09-18 23:00:00,0.7191325351595879
2016-09-19 00:00:00,0.7612401843070984
2016-09-19 01:00:00,0.753577470779419
2016-09-19 02:00:00,1.456802248954773
2016-09-19 03:00:00,1.1064887046813965
2016-09-19 04:00:00,0.6938843727111816
2016-09-19 05:00:00,0.14984983950853348
2016-09-19 06:00:00,-0.026520319283008575
2016-09-19 07:00:00,0.030721202492713928
2016-09-19 08:00:00,0.22363615036010742
2016-09-19 09:00:00,0.44840456545352936
2016-09-19 10:00:00,0.43066394329071045
2016-09-19 11:00:00,0.4157986044883728
2016-09-19 12:00:00,0.31996262446045876
2016-09-19 13:00:00,0.09663665294647217
2016-09-19 14:00:00,-0.12451483868062496
2016-09-19 15:00:00,-0.23218107223510742
2016-09-19 16:00:00,-0.14611542224884033
2016-09-19 17:00:00,-0.04008907079696655
2016-09-19 18:00:00,0.04858601093292236
2016-09-19 19:00:00,0.12827235460281372
2016-09-19 20:00:00,0.20872575044631958
2016-09-19 21:00:00,0.3052288889884949
2016-09-19 22:00:00,0.36049044132232666
2016-09-19 23:00:00,0.4118647575378418
2016-09-20 00:00:00,0.4771236181259155
2016-09-20 01:00:00,0.5562633872032166
2016-09-20 02:00:00,0.7723343968391418
2016-09-20 03:00:00,0.5326265096664429
2016-09-20 04:00:00,0.41714590787887573
2016-09-20 05:00:00,0.2090892791748047
2016-09-20 06:00:00,-0.06300485134124756
2016-09-20 07:00:00,-0.23804199695587158
2016-09-20 08:00:00,-0.3355381488800049
2016-09-20 09:00:00,-0.4231680631637573
2016-09-20 10:00:00,-0.1580277681350708
2016-09-20 11:00:00,0.08252823352813721
2016-09-20 12:00:00,0.20484185218811035
2016-09-20 13:00:00,0.10638469457626343
2016-09-20 14:00:00,-0.06633502244949341
2016-09-20 15:00:00,-0.16651076078414917
2016-09-20 16:00:00,-0.1375851035118103
2016-09-20 17:00:00,-0.030315667390823364
2016-09-20 18:00:00,0.08363622054457664
2016-09-20 19:00:00,0.166031364351511
2016-09-20 20:00:00,0.2453702613711357
2016-09-20 21:00:00,0.33808666467666626
2016-09-20 22:00:00,0.31711649894714355
2016-09-20 23:00:00,0.17909228801727295
2016-09-21 00:00:00,-0.09209892153739929
2016-09-21 01:00:00,-0.394362211227417
2016-09-21 02:00:00,-0.915922075510025
2016-09-21 03:00:00,-1.2652539014816284
2016-09-21 04:00:00,-1.5024009943008423
2016-09-21 05:00:00,-1.3472851514816284
2016-09-21 06:00:00,-1.1534101963043213
2016-09-21 07:00:00,-0.9442416429519653
2016-09-21 08:00:00,-0.7737816572189331
2016-09-21 09:00:00,-0.7042208164930344
2016-09-21 10:00:00,-0.8265223801136017
2016-09-21 11:00:00,-0.8385299444198608
2016-09-21 12:00:00,-0.6424083635210991
2016-09-21 13:00:00,-0.5688281655311584
2016-09-21 14:00:00,-0.6737961769104004
2016-09-21 15:00:00,-0.7664618939161301
2016-09-21 16:00:00,-0.8530240505933762
2016-09-21 17:00:00,-0.870153620839119
2016-09-21 18:00:00,-0.7836678773164749
2016-09-21 19:00:00,-0.599144697189331
2016-09-21 20:00:00,-0.3579074740409851
2016-09-21 21:00:00,-0.1858108639717102
2016-09-21 22:00:00,-0.16433507204055786
2016-09-21 23:00:00,-0.20411303639411926
2016-09-22 00:00:00,-0.23728251457214355
2016-09-22 01:00:00,-0.2819712162017822
2016-09-22 02:00:00,-0.7733638882637024
2016-09-22 03:00:00,-0.8387899696826935
2016-09-22 04:00:00,-0.7584550455212593
2016-09-22 05:00:00,-0.8924927711486816
2016-09-22 06:00:00,-0.9369954988360405
2016-09-22 07:00:00,-0.9122669622302055
2016-09-22 08:00:00,-0.8405022472143173
2016-09-22 09:00:00,-0.7301612198352814
2016-09-22 10:00:00,-0.7215830832719803
2016-09-22 11:00:00,-0.6027386151254177
2016-09-22 12:00:00,-0.37886761128902435
2016-09-22 13:00:00,-0.19484009593725204
2016-09-22 14:00:00,-0.20522606372833252
2016-09-22 15:00:00,-0.20658594369888306
2016-09-22 16:00:00,-0.22524521499872208
2016-09-22 17:00:00,-0.22190958634018898
2016-09-22 18:00:00,-0.22287177667021751
2016-09-22 19:00:00,-0.24837476387619972
2016-09-22 20:00:00,-0.2582016959786415
2016-09-22 21:00:00,-0.19737911224365234
2016-09-22 22:00:00,0.04469597339630127
2016-09-22 23:00:00,0.226809561252594
2016-09-23 00:00:00,0.3180462718009949
2016-09-23 01:00:00,0.32590804249048233
2016-09-23 02:00:00,0.29202666133642197
2016-09-23 03:00:00,-0.43846066296100616
2016-09-23 04:00:00,-0.4758908748626709
2016-09-23 05:00:00,-0.2438513245433569
2016-09-23 06:00:00,0.025310546159744263
2016-09-23 07:00:00,0.26796406507492065
2016-09-23 08:00:00,0.5403528809547424
2016-09-23 09:00:00,0.8334537819027901
2016-09-23 10:00:00,0.7916543558239937
2016-09-23 11:00:00,0.758029505610466
2016-09-23 12:00:00,0.5427974611520767
2016-09-23 13:00:00,0.3341057449579239
2016-09-23 14:00:00,0.18533241748809814
2016-09-23 15:00:00,0.0178147554397583
2016-09-23 16:00:00,-0.18512112088501453
2016-09-23 17:00:00,-0.33372629433870316
2016-09-23 18:00:00,-0.393612265586853
2016-09-23 19:00:00,-0.37617578357458115
2016-09-23 20:00:00,-0.2973439171910286
2016-09-23 21:00:00,-0.19037392735481262
2016-09-23 22:00:00,-0.05368763208389282
2016-09-23 23:00:00,0.020683735609054565
2016-09-24 00:00:00,0.04007682204246521
2016-09-24 01:00:00,0.02361316978931427
2016-09-24 02:00:00,-0.06583435740321875
2016-09-24 03:00:00,-0.34551623463630676
2016-09-24 04:00:00,-1.0711052417755127
2016-09-24 05:00:00,-1.2126288414001465
2016-09-24 06:00:00,-1.197779893875122
2016-09-24 07:00:00,-1.1157283633947372
2016-09-24 08:00:00,-0.9939834922552109
2016-09-24 09:00:00,-0.8821886777877808
2016-09-24 10:00:00,-0.6760134696960449
2016-09-24 11:00:00,-0.498065710067749
2016-09-24 12:00:00,-0.31779205799102783
2016-09-24 13:00:00,-0.2471529245376587
2016-09-24 14:00:00,-0.23195266723632812
2016-09-24 15:00:00,-0.18265986442565918
2016-09-24 16:00:00,-0.09973281621932983
2016-09-24 17:00:00,0.02016967535018921
2016-09-24 18:00:00,0.1580614447593689
2016-09-24 19:00:00,0.29792606830596924
2016-09-24 20:00:00,0.4337969422340393
2016-09-24 21:00:00,0.5250340551137924
2016-09-24 22:00:00,0.49485647678375244
2016-09-24 23:00:00,0.4825790524482727
2016-09-25 00:00:00,0.4575713276863098
2016-09-25 01:00:00,0.41065118461847305
2016-09-25 02:00:00,0.7629235982894897
2016-09-25 03:00:00,0.2359970510005951
2016-09-25 04:00:00,-0.7125422358512878
2016-09-25 05:00:00,-0.9458509683609009
2016-09-25 06:00:00,-0.8916212320327759
2016-09-25 07:00:00,-0.725031852722168
2016-09-25 08:00:00,-0.47800886631011963
2016-09-25 09:00:00,-0.1833566427230835
2016-09-25 10:00:00,0.23304128646850586
2016-09-25 11:00:00,0.5456080436706543
2016-09-25 12:00:00,0.5341006517410278
2016-09-25 13:00:00,0.4323922395706177
2016-09-25 14:00:00,0.48505282402038574
2016-09-25 15:00:00,0.538049042224884
2016-09-25 16:00:00,0.5468818545341492
2016-09-25 17:00:00,0.5574041604995728
2016-09-25 18:00:00,0.5750861763954163
2016-09-25 19:00:00,0.5878946185112
2016-09-25 20:00:00,0.603484146296978
2016-09-25 21:00:00,0.622957818210125
2016-09-25 22:00:00,0.6373235583305359
2016-09-25 23:00:00,0.6223316788673401
2016-09-26 00:00:00,0.5774840116500854
2016-09-26 01:00:00,0.5362145304679871
2016-09-26 02:00:00,0.8208233118057251
2016-09-26 03:00:00,0.7199997901916504
2016-09-26 04:00:00,0.322129487991333
2016-09-26 05:00:00,0.36354994773864746
2016-09-26 06:00:00,0.6160488128662109
2016-09-26 07:00:00,0.9037635326385498
2016-09-26 08:00:00,1.1242461204528809
2016-09-26 09:00:00,1.2386248111724854
2016-09-26 10:00:00,1.1263165473937988
2016-09-26 11:00:00,0.9505365192890167
2016-09-26 12:00:00,0.5410827994346619
2016-09-26 13:00:00,0.17122775316238403
2016-09-26 14:00:00,-0.2072085738182068
2016-09-26 15:00:00,-0.4818856120109558
2016-09-26 16:00:00,-0.46273351088166237
2016-09-26 17:00:00,-0.31867915019392967
2016-09-26 18:00:00,-0.17418786883354187
2016-09-26 19:00:00,-0.06565958261489868
2016-09-26 20:00:00,0.06161099672317505
2016-09-26 21:00:00,0.19625580310821533
2016-09-26 22:00:00,0.31666338443756104
2016-09-26 23:00:00,0.39168083667755127
2016-09-27 00:00:00,0.4069024920463562
2016-09-27 01:00:00,0.34473562240600586
2016-09-27 02:00:00,0.5134934782981873
2016-09-27 03:00:00,0.012724041938781738
2016-09-27 04:00:00,0.013164043426513672
2016-09-27 05:00:00,0.07921665906906128
2016-09-27 06:00:00,0.35131120681762695
2016-09-27 07:00:00,0.6777889728546143
2016-09-27 08:00:00,1.0004528760910034
2016-09-27 09:00:00,1.2525051832199097
2016-09-27 10:00:00,1.3284103721380234
2016-09-27 11:00:00,1.1251178979873657
2016-09-27 12:00:00,0.4523159861564636
2016-09-27 13:00:00,0.09267532825469971
2016-09-27 14:00:00,-0.27459579706192017
2016-09-27 15:00:00,-0.5755290985107422
2016-09-27 16:00:00,-0.7571226358413696
2016-09-27 17:00:00,-0.7572449445724487
2016-09-27 18:00:00,-0.5828807353973389
2016-09-27 19:00:00,-0.39980173110961914
2016-09-27 20:00:00,-0.21050727367401123
2016-09-27 21:00:00,-0.018587946891784668
2016-09-27 22:00:00,0.10144484043121338
2016-09-27 23:00:00,0.19231414794921875
2016-09-28 00:00:00,0.2288827896118164
2016-09-28 01:00:00,0.17586231231689453
2016-09-28 02:00:00,0.09111738204956055
2016-09-28 03:00:00,-0.0049991607666015625
2016-09-28 04:00:00,0.0953758955001831
2016-09-28 05:00:00,0.564582884311676
2016-09-28 06:00:00,0.8098477125167847
2016-09-28 07:00:00,0.96827033162117
2016-09-28 08:00:00,1.1126074641942978
2016-09-28 09:00:00,1.1906064748764038
2016-09-28 10:00:00,0.9883020371198654
2016-09-28 11:00:00,0.6533365249633789
2016-09-28 12:00:00,0.18503081798553467
2016-09-28 13:00:00,-0.25867652893066406
2016-09-28 14:00:00,-0.6264751553535461
2016-09-28 15:00:00,-0.820857048034668
2016-09-28 16:00:00,-0.8550891876220703
2016-09-28 17:00:00,-0.8372399806976318
2016-09-28 18:00:00,-0.7783969640731812
2016-09-28 19:00:00,-0.7025620937347412
2016-09-28 20:00:00,-0.6281570196151733
2016-09-28 21:00:00,-0.5534896850585938
2016-09-28 22:00:00,-0.5623166561126709
2016-09-28 23:00:00,-0.5756258964538574
2016-09-29 00:00:00,-0.565943717956543
2016-09-29 01:00:00,-0.514775276184082
2016-09-29 02:00:00,-0.8178596496582031
2016-09-29 03:00:00,-0.8430905342102051
2016-09-29 04:00:00,-0.8126413822174072
2016-09-29 05:00:00,-0.5332478284835815
2016-09-29 06:00:00,-0.20907127857208252
2016-09-29 07:00:00,0.04919886589050293
2016-09-29 08:00:00,0.22521758079528809
2016-09-29 09:00:00,0.3020200729370117
2016-09-29 10:00:00,0.26761412620544434
2016-09-29 11:00:00,0.2126360535621643
2016-09-29 12:00:00,0.05978471040725708
2016-09-29 13:00:00,-0.18581604212522507
2016-09-29 14:00:00,-0.39575619250535965
2016-09-29 15:00:00,-0.4975767694413662
2016-09-29 16:00:00,-0.4124587308615446
2016-09-29 17:00:00,-0.29876285046339035
2016-09-29 18:00:00,-0.19065164402127266
2016-09-29 19:00:00,-0.08880144357681274
2016-09-29 20:00:00,0.03253692388534546
2016-09-29 21:00:00,0.17279690504074097
2016-09-29 22:00:00,0.2939364016056061
2016-09-29 23:00:00,0.3913939595222473
2016-09-30 00:00:00,0.45703164488077164
2016-09-30 01:00:00,0.5061305165290833
2016-09-30 02:00:00,0.6884880512952805
2016-09-30 03:00:00,0.7248169183731079
2016-09-30 04:00:00,0.03500652313232422
2016-09-30 05:00:00,-0.1823602318763733
2016-09-30 06:00:00,-0.06968545913696289
2016-09-30 07:00:00,0.09564119577407837
2016-09-30 08:00:00,0.21551507711410522
2016-09-30 09:00:00,0.2621917948126793
2016-09-30 10:00:00,0.30272676795721054
2016-09-30 11:00:00,0.3253929018974304
2016-09-30 12:00:00,0.23671244829893112
2016-09-30 13:00:00,0.2340061031281948
2016-09-30 14:00:00,0.28303951025009155
2016-09-30 15:00:00,0.35594000667333603
2016-09-30 16:00:00,0.3466015085577965
2016-09-30 17:00:00,0.340080501511693
2016-09-30 18:00:00,0.3015265502035618
2016-09-30 19:00:00,0.23479878902435303
2016-09-30 20:00:00,0.14987847208976746
2016-09-30 21:00:00,0.09586817026138306
2016-09-30 22:00:00,0.039744824171066284
2016-09-30 23:00:00,-0.03572690486907959
2016-10-01 00:00:00,-0.15722662210464478
2016-10-01 01:00:00,-0.3376373052597046
2016-10-01 02:00:00,-0.7666683197021484
2016-10-01 03:00:00,-1.105364203453064
2016-10-01 04:00:00,-1.273709774017334
2016-10-01 05:00:00,-1.0673451274633408
2016-10-01 06:00:00,-0.5935008935630322
2016-10-01 07:00:00,-0.01479148119688034
2016-10-01 08:00:00,0.523554801940918
2016-10-01 09:00:00,0.9727175161242485
2016-10-01 10:00:00,0.795399472117424
2016-10-01 11:00:00,0.6378487758338451
2016-10-01 12:00:00,0.4079814590513706
2016-10-01 13:00:00,0.32380878552794456
2016-10-01 14:00:00,0.3186923861503601
2016-10-01 15:00:00,0.3343687057495117
2016-10-01 16:00:00,0.37654636800289154
2016-10-01 17:00:00,0.3753180503845215
2016-10-01 18:00:00,0.23565953969955444
2016-10-01 19:00:00,0.033382952213287354
2016-10-01 20:00:00,-0.13614106178283691
2016-10-01 21:00:00,-0.20368951559066772
2016-10-01 22:00:00,-0.25811630487442017
2016-10-01 23:00:00,-0.3175978660583496
2016-10-02 00:00:00,-0.4323168992996216
2016-10-02 01:00:00,-0.5506666898727417
2016-10-02 02:00:00,-0.9913762807846069
2016-10-02 03:00:00,-1.263983130455017
2016-10-02 04:00:00,-1.4034316539764404
2016-10-02 05:00:00,-1.3753230422735214
2016-10-02 06:00:00,-1.3279526084661484
2016-10-02 07:00:00,-1.2239473015069962
2016-10-02 08:00:00,-1.1385068744421005
2016-10-02 09:00:00,-1.068609207868576
2016-10-02 10:00:00,-0.8617906495928764
2016-10-02 11:00:00,-0.5031571798026562
2016-10-02 12:00:00,-0.06822764873504639
2016-10-02 13:00:00,0.27850549668073654
2016-10-02 14:00:00,0.49298012256622314
2016-10-02 15:00:00,0.6348759531974792
2016-10-02 16:00:00,0.7290246486663818
2016-10-02 17:00:00,0.8280035257339478
2016-10-02 18:00:00,0.8982915431261063
2016-10-02 19:00:00,0.929064467549324
2016-10-02 20:00:00,0.927783727645874
2016-10-02 21:00:00,0.9029191732406616
2016-10-02 22:00:00,0.8347753882408142
2016-10-02 23:00:00,0.7979600429534912
2016-10-03 00:00:00,0.7765908241271973
2016-10-03 01:00:00,0.756929874420166
2016-10-03 02:00:00,1.3429462760686874
2016-10-03 03:00:00,1.0095266997814178
2016-10-03 04:00:00,0.26704782247543335
2016-10-03 05:00:00,-0.01944291591644287
2016-10-03 06:00:00,-0.03935915231704712
2016-10-03 07:00:00,0.12325364351272583
2016-10-03 08:00:00,0.3614696264266968
2016-10-03 09:00:00,0.6044416427612305
2016-10-03 10:00:00,0.7051531076431274
2016-10-03 11:00:00,0.7648516856133938
2016-10-03 12:00:00,0.451748862862587
2016-10-03 13:00:00,0.5465525388717651
2016-10-03 14:00:00,0.6437055543065071
2016-10-03 15:00:00,0.7205275893211365
2016-10-03 16:00:00,0.7118424251675606
2016-10-03 17:00:00,0.6862717270851135
2016-10-03 18:00:00,0.6498975157737732
2016-10-03 19:00:00,0.6087931394577026
2016-10-03 20:00:00,0.5715244971215725
2016-10-03 21:00:00,0.5294337272644043
2016-10-03 22:00:00,0.5244226418435574
2016-10-03 23:00:00,0.492610827088356
2016-10-04 00:00:00,0.4535740613937378
2016-10-04 01:00:00,0.41460472345352173
2016-10-04 02:00:00,0.5605913363397121
2016-10-04 03:00:00,0.46779394149780273
2016-10-04 04:00:00,0.7263526916503906
2016-10-04 05:00:00,0.7231646701693535
2016-10-04 06:00:00,0.7059947997331619
2016-10-04 07:00:00,0.7810245007276535
2016-10-04 08:00:00,0.9346396923065186
2016-10-04 09:00:00,1.1007230132818222
2016-10-04 10:00:00,1.0001096725463867
2016-10-04 11:00:00,0.7681855708360672
2016-10-04 12:00:00,0.5480028539896011
2016-10-04 13:00:00,0.5973880141973495
2016-10-04 14:00:00,0.6414710879325867
2016-10-04 15:00:00,0.6684335470199585
2016-10-04 16:00:00,0.7562100291252136
2016-10-04 17:00:00,0.7782211303710938
2016-10-04 18:00:00,0.7425185441970825
2016-10-04 19:00:00,0.6900689005851746
2016-10-04 20:00:00,0.6476030945777893
2016-10-04 21:00:00,0.6298030614852905
2016-10-04 22:00:00,0.5625412464141846
2016-10-04 23:00:00,0.5352773517370224
2016-10-05 00:00:00,0.5340202450752258
2016-10-05 01:00:00,0.5591027736663818
2016-10-05 02:00:00,1.1194053888320923
2016-10-05 03:00:00,1.2199786901474
2016-10-05 04:00:00,1.387318730354309
2016-10-05 05:00:00,1.0026151835918427
2016-10-05 06:00:00,0.6068767458200455
2016-10-05 07:00:00,0.5052395388484001
2016-10-05 08:00:00,0.6228291541337967
2016-10-05 09:00:00,0.7902825325727463
2016-10-05 10:00:00,1.0310720205307007
2016-10-05 11:00:00,1.0765374898910522
2016-10-05 12:00:00,0.7064850330352783
2016-10-05 13:00:00,0.6857874989509583
2016-10-05 14:00:00,0.7829435467720032
2016-10-05 15:00:00,0.8587098866701126
2016-10-05 16:00:00,0.8209671974182129
2016-10-05 17:00:00,0.7815876007080078
2016-10-05 18:00:00,0.7452539801597595
2016-10-05 19:00:00,0.7125229835510254
2016-10-05 20:00:00,0.6809836626052856
2016-10-05 21:00:00,0.657745897769928
2016-10-05 22:00:00,0.685544490814209
2016-10-05 23:00:00,0.7116889357566833
2016-10-06 00:00:00,0.7276549935340881
2016-10-06 01:00:00,0.7283861041069031
2016-10-06 02:00:00,1.2228217124938965
2016-10-06 03:00:00,1.264021873474121
2016-10-06 04:00:00,0.9938759356737137
2016-10-06 05:00:00,0.40317704528570175
2016-10-06 06:00:00,0.09698259830474854
2016-10-06 07:00:00,0.07955306768417358
2016-10-06 08:00:00,0.1918024942278862
2016-10-06 09:00:00,0.30857718735933304
2016-10-06 10:00:00,0.4330311417579651
2016-10-06 11:00:00,0.5629557371139526
2016-10-06 12:00:00,0.3957340121269226
2016-10-06 13:00:00,0.5945836305618286
2016-10-06 14:00:00,0.7504914999008179
2016-10-06 15:00:00,0.8293958306312561
2016-10-06 16:00:00,0.8217617273330688
2016-10-06 17:00:00,0.8786482810974121
2016-10-06 18:00:00,0.967195987701416
2016-10-06 19:00:00,1.0529599338769913
2016-10-06 20:00:00,1.1203147172927856
2016-10-06 21:00:00,1.1617743968963623
2016-10-06 22:00:00,1.132305383682251
2016-10-06 23:00:00,1.0944608449935913
2016-10-07 00:00:00,1.056714653968811
2016-10-07 01:00:00,1.0337326526641846
2016-10-07 02:00:00,1.7565683424472809
2016-10-07 03:00:00,1.9658475518226624
2016-10-07 04:00:00,1.8362255096435547
2016-10-07 05:00:00,1.4339524507522583
2016-10-07 06:00:00,1.4174299389123917
2016-10-07 07:00:00,1.6163798868656158
2016-10-07 08:00:00,1.816758245229721
2016-10-07 09:00:00,1.9290351867675781
2016-10-07 10:00:00,1.869837999343872
2016-10-07 11:00:00,1.6733289957046509
2016-10-07 12:00:00,0.718886137008667
2016-10-07 13:00:00,0.8076229691505432
2016-10-07 14:00:00,0.8926795125007629
2016-10-07 15:00:00,0.9631209820508957
2016-10-07 16:00:00,1.0270371437072754
2016-10-07 17:00:00,1.0668288469314575
2016-10-07 18:00:00,1.087311029434204
2016-10-07 19:00:00,1.0934170484542847
2016-10-07 20:00:00,1.0872471332550049
2016-10-07 21:00:00,1.0779050588607788
2016-10-07 22:00:00,1.0357197523117065
2016-10-07 23:00:00,0.9975407421588898
2016-10-08 00:00:00,0.9566738605499268
2016-10-08 01:00:00,0.9115927219390869
2016-10-08 02:00:00,0.6868265271186829
2016-10-08 03:00:00,1.276357650756836
2016-10-08 04:00:00,1.1702607870101929
2016-10-08 05:00:00,1.454836130142212
2016-10-08 06:00:00,1.4676686525344849
2016-10-08 07:00:00,1.5250332355499268
2016-10-08 08:00:00,1.6118419170379639
2016-10-08 09:00:00,1.710911512374878
2016-10-08 10:00:00,1.8259902000427246
2016-10-08 11:00:00,1.6649510860443115
2016-10-08 12:00:00,0.6817478537559509
2016-10-08 13:00:00,0.7934495806694031
2016-10-08 14:00:00,0.859106719493866
2016-10-08 15:00:00,0.9435073137283325
2016-10-08 16:00:00,1.0345640182495117
2016-10-08 17:00:00,1.096519947052002
2016-10-08 18:00:00,1.1233935356140137
2016-10-08 19:00:00,1.1311655044555664
2016-10-08 20:00:00,1.1358120441436768
2016-10-08 21:00:00,1.1392714977264404
2016-10-08 22:00:00,1.105376124382019
2016-10-08 23:00:00,1.0715727806091309
2016-10-09 00:00:00,1.0274877548217773
2016-10-09 01:00:00,0.9644534587860107
2016-10-09 02:00:00,0.5989083051681519
2016-10-09 03:00:00,1.144121766090393
2016-10-09 04:00:00,0.6548173874616623
2016-10-09 05:00:00,1.1348494291305542
2016-10-09 06:00:00,0.9416432827711105
2016-10-09 07:00:00,0.8873540163040161
2016-10-09 08:00:00,0.9465218782424927
2016-10-09 09:00:00,1.0458043813705444
2016-10-09 10:00:00,1.3783228397369385
2016-10-09 11:00:00,1.4597094058990479
2016-10-09 12:00:00,0.6164407134056091
2016-10-09 13:00:00,0.7596200108528137
2016-10-09 14:00:00,0.7447709441184998
2016-10-09 15:00:00,0.768642008304596
2016-10-09 16:00:00,0.8323390483856201
2016-10-09 17:00:00,0.8937292098999023
2016-10-09 18:00:00,0.9409513473510742
2016-10-09 19:00:00,0.9573716670274734
2016-10-09 20:00:00,0.9546172022819519
2016-10-09 21:00:00,0.9405463933944702
2016-10-09 22:00:00,0.95420341193676
2016-10-09 23:00:00,0.9507369995117188
2016-10-10 00:00:00,0.9406989812850952
2016-10-10 01:00:00,0.9419171512126923
2016-10-10 02:00:00,0.9393681287765503
2016-10-10 03:00:00,1.823948472738266
2016-10-10 04:00:00,2.08109313249588
2016-10-10 05:00:00,2.10589599609375
2016-10-10 06:00:00,1.9581608772277832
2016-10-10 07:00:00,1.9372872710227966
2016-10-10 08:00:00,2.0006942749023438
2016-10-10 09:00:00,2.0377705693244934
2016-10-10 10:00:00,2.031864106655121
2016-10-10 11:00:00,1.8802859783172607
2016-10-10 12:00:00,0.7337253093719482
2016-10-10 13:00:00,0.797041654586792
2016-10-10 14:00:00,0.8209031820297241
2016-10-10 15:00:00,0.8825244456529617
2016-10-10 16:00:00,0.9317519217729568
2016-10-10 17:00:00,0.9909852296113968
2016-10-10 18:00:00,1.041270837187767
2016-10-10 19:00:00,1.0770599842071533
2016-10-10 20:00:00,1.095988154411316
2016-10-10 21:00:00,1.0952614545822144
2016-10-10 22:00:00,1.115405797958374
2016-10-10 23:00:00,1.1221191883087158
2016-10-11 00:00:00,1.1407159566879272
2016-10-11 01:00:00,1.1633028984069824
2016-10-11 02:00:00,1.3160277605056763
2016-10-11 03:00:00,2.4835381507873535
2016-10-11 04:00:00,2.2838265895843506
2016-10-11 05:00:00,2.930739164352417
2016-10-11 06:00:00,2.9759891033172607
2016-10-11 07:00:00,3.121265411376953
2016-10-11 08:00:00,3.282569169998169
2016-10-11 09:00:00,3.400397777557373
2016-10-11 10:00:00,3.3402419090270996
2016-10-11 11:00:00,2.917914390563965
2016-10-11 12:00:00,1.1514408737421036
2016-10-11 13:00:00,1.173046588897705
2016-10-11 14:00:00,1.1744499206542969
2016-10-11 15:00:00,1.1924121379852295
2016-10-11 16:00:00,1.2123284339904785
2016-10-11 17:00:00,1.24749755859375
2016-10-11 18:00:00,1.2754827737808228
2016-10-11 19:00:00,1.2940475940704346
2016-10-11 20:00:00,1.3092601299285889
2016-10-11 21:00:00,1.3240175247192383
2016-10-11 22:00:00,1.3833818435668945
2016-10-11 23:00:00,1.4275131225585938
2016-10-12 00:00:00,1.4189624786376953
2016-10-12 01:00:00,1.3809120655059814
2016-10-12 02:00:00,1.4505608081817627
2016-10-12 03:00:00,2.6021368503570557
2016-10-12 04:00:00,2.1844141483306885
2016-10-12 05:00:00,2.950950860977173
2016-10-12 06:00:00,3.062295913696289
2016-10-12 07:00:00,3.1869568824768066
2016-10-12 08:00:00,3.2354865074157715
2016-10-12 09:00:00,3.2039802074432373
2016-10-12 10:00:00,3.2165212631225586
2016-10-12 11:00:00,2.790407657623291
2016-10-12 12:00:00,1.1160420179367065
2016-10-12 13:00:00,1.2077072858810425
2016-10-12 14:00:00,1.2670873403549194
2016-10-12 15:00:00,1.3617970943450928
2016-10-12 16:00:00,1.4709689617156982
2016-10-12 17:00:00,1.5930631160736084
2016-10-12 18:00:00,1.7021398544311523
2016-10-12 19:00:00,1.771671861410141
2016-10-12 20:00:00,1.7981716096401215
2016-10-12 21:00:00,1.796496868133545
2016-10-12 22:00:00,1.7078170776367188
2016-10-12 23:00:00,1.6215307712554932
2016-10-13 00:00:00,1.5348801612854004
2016-10-13 01:00:00,1.4641367197036743
2016-10-13 02:00:00,1.519454836845398
2016-10-13 03:00:00,2.822166681289673
2016-10-13 04:00:00,2.718827724456787
2016-10-13 05:00:00,3.4990828037261963
2016-10-13 06:00:00,3.6108668446540833
2016-10-13 07:00:00,3.5958425402641296
2016-10-13 08:00:00,3.5592098236083984
2016-10-13 09:00:00,3.4784812927246094
2016-10-13 10:00:00,3.2780754566192627
2016-10-13 11:00:00,2.7325353622436523
2016-10-13 12:00:00,1.0876027345657349
2016-10-13 13:00:00,1.1720669269561768
2016-10-13 14:00:00,1.20488703250885
2016-10-13 15:00:00,1.255051851272583
2016-10-13 16:00:00,1.299080729484558
2016-10-13 17:00:00,1.339179277420044
2016-10-13 18:00:00,1.3353204727172852
2016-10-13 19:00:00,1.2743680477142334
2016-10-13 20:00:00,1.210013508796692
2016-10-13 21:00:00,1.1694728136062622
2016-10-13 22:00:00,1.2229268550872803
2016-10-13 23:00:00,1.250545859336853
2016-10-14 00:00:00,1.2712658643722534
2016-10-14 01:00:00,1.3259333372116089
2016-10-14 02:00:00,1.6062846183776855
2016-10-14 03:00:00,2.911161184310913
2016-10-14 04:00:00,2.3423349857330322
2016-10-14 05:00:00,3.376985549926758
2016-10-14 06:00:00,3.263962507247925
2016-10-14 07:00:00,3.069004774093628
2016-10-14 08:00:00,2.8331446647644043
2016-10-14 09:00:00,2.5637505054473877
2016-10-14 10:00:00,2.3838696479797363
2016-10-14 11:00:00,1.9135351181030273
2016-10-14 12:00:00,0.7329450845718384
2016-10-14 13:00:00,1.0009033232927322
2016-10-14 14:00:00,1.0670892000198364
2016-10-14 15:00:00,1.1269458532333374
2016-10-14 16:00:00,1.1707438230514526
2016-10-14 17:00:00,1.1867314577102661
2016-10-14 18:00:00,1.1725481748580933
2016-10-14 19:00:00,1.1345362663269043
2016-10-14 20:00:00,1.0814139991998672
2016-10-14 21:00:00,1.027282491326332
2016-10-14 22:00:00,0.9665206670761108
2016-10-14 23:00:00,0.9529933482408524
2016-10-15 00:00:00,1.0009077787399292
2016-10-15 01:00:00,1.0825676769018173
2016-10-15 02:00:00,1.014320582151413
2016-10-15 03:00:00,2.458219289779663
2016-10-15 04:00:00,2.0533504486083984
2016-10-15 05:00:00,3.131226062774658
2016-10-15 06:00:00,3.0222995281219482
2016-10-15 07:00:00,2.8057363033294678
2016-10-15 08:00:00,2.663128614425659
2016-10-15 09:00:00,2.5064597129821777
2016-10-15 10:00:00,2.388479232788086
2016-10-15 11:00:00,1.7807395458221436
2016-10-15 12:00:00,0.7527685761451721
2016-10-15 13:00:00,1.02692511677742
2016-10-15 14:00:00,1.1037122011184692
2016-10-15 15:00:00,1.1899917125701904
2016-10-15 16:00:00,1.267814040184021
2016-10-15 17:00:00,1.3054368495941162
2016-10-15 18:00:00,1.3108839988708496
2016-10-15 19:00:00,1.3116427659988403
2016-10-15 20:00:00,1.311957597732544
2016-10-15 21:00:00,1.315144419670105
2016-10-15 22:00:00,1.212414026260376
2016-10-15 23:00:00,1.1125292778015137
2016-10-16 00:00:00,1.021890640258789
2016-10-16 01:00:00,0.9472226649522781
2016-10-16 02:00:00,0.7586321830749512
2016-10-16 03:00:00,1.4060428142547607
2016-10-16 04:00:00,1.3437061309814453
2016-10-16 05:00:00,2.5521881580352783
2016-10-16 06:00:00,2.5629446506500244
2016-10-16 07:00:00,2.4600203037261963
2016-10-16 08:00:00,2.395169258117676
2016-10-16 09:00:00,2.3484811782836914
2016-10-16 10:00:00,2.1405892968177795
2016-10-16 11:00:00,1.6577904224395752
2016-10-16 12:00:00,0.4877588748931885
2016-10-16 13:00:00,0.4727013111114502
2016-10-16 14:00:00,0.34136325120925903
2016-10-16 15:00:00,0.2793951630592346
2016-10-16 16:00:00,0.4667593240737915
2016-10-16 17:00:00,0.6824058294296265
2016-10-16 18:00:00,0.8822962790727615
2016-10-16 19:00:00,1.0253383815288544
2016-10-16 20:00:00,1.112804651260376
2016-10-16 21:00:00,1.1493923664093018
2016-10-16 22:00:00,1.12636137008667
2016-10-16 23:00:00,1.1109116077423096
2016-10-17 00:00:00,1.1134521961212158
2016-10-17 01:00:00,1.1324384212493896
2016-10-17 02:00:00,0.985366702079773
2016-10-17 03:00:00,2.1992647647857666
2016-10-17 04:00:00,1.9569959044456482
2016-10-17 05:00:00,2.5743725299835205
2016-10-17 06:00:00,2.51434326171875
2016-10-17 07:00:00,2.431910514831543
2016-10-17 08:00:00,2.3456292152404785
2016-10-17 09:00:00,2.223012924194336
2016-10-17 10:00:00,2.1179866790771484
2016-10-17 11:00:00,1.7069915533065796
2016-10-17 12:00:00,0.6465224027633667
2016-10-17 13:00:00,0.8026172518730164
2016-10-17 14:00:00,0.8352094143629074
2016-10-17 15:00:00,0.9135055989027023
2016-10-17 16:00:00,1.0185322761535645
2016-10-17 17:00:00,1.112160325050354
2016-10-17 18:00:00,1.1664361953735352
2016-10-17 19:00:00,1.1815911531448364
2016-10-17 20:00:00,1.1834501028060913
2016-10-17 21:00:00,1.1852052211761475
2016-10-17 22:00:00,1.176254391670227
2016-10-17 23:00:00,1.1632318496704102
2016-10-18 00:00:00,1.1435927152633667
2016-10-18 01:00:00,1.119770884513855
2016-10-18 02:00:00,0.9419094324111938
2016-10-18 03:00:00,1.949972152709961
2016-10-18 04:00:00,1.451267957687378
2016-10-18 05:00:00,2.215747833251953
2016-10-18 06:00:00,2.242584228515625
2016-10-18 07:00:00,2.233564853668213
2016-10-18 08:00:00,2.1756772994995117
2016-10-18 09:00:00,2.0409297943115234
2016-10-18 10:00:00,1.975017786026001
2016-10-18 11:00:00,1.6075886487960815
2016-10-18 12:00:00,0.5084114074707031
2016-10-18 13:00:00,0.5487960577011108
2016-10-18 14:00:00,0.5093727707862854
2016-10-18 15:00:00,0.5559238195419312
2016-10-18 16:00:00,0.5879087448120117
2016-10-18 17:00:00,0.6864461898803711
2016-10-18 18:00:00,0.809920608997345
2016-10-18 19:00:00,0.9282493591308594
2016-10-18 20:00:00,1.0730129480361938
2016-10-18 21:00:00,1.188084602355957
2016-10-18 22:00:00,1.2425974607467651
2016-10-18 23:00:00,1.2554298639297485
2016-10-19 00:00:00,1.2653486728668213
2016-10-19 01:00:00,1.2586734294891357
2016-10-19 02:00:00,1.0943939536809921
2016-10-19 03:00:00,2.1324665546417236
2016-10-19 04:00:00,1.4149005264043808
2016-10-19 05:00:00,2.356877565383911
2016-10-19 06:00:00,2.405592679977417
2016-10-19 07:00:00,2.221402406692505
2016-10-19 08:00:00,2.073678731918335
2016-10-19 09:00:00,1.9541682600975037
2016-10-19 10:00:00,2.0291666984558105
2016-10-19 11:00:00,1.6227413415908813
2016-10-19 12:00:00,0.6282210350036621
2016-10-19 13:00:00,0.7986640930175781
2016-10-19 14:00:00,0.885863333940506
2016-10-19 15:00:00,1.030656784772873
2016-10-19 16:00:00,1.1102974712848663
2016-10-19 17:00:00,1.1844874620437622
2016-10-19 18:00:00,1.2174203395843506
2016-10-19 19:00:00,1.2196577787399292
2016-10-19 20:00:00,1.2074642181396484
2016-10-19 21:00:00,1.2007652521133423
2016-10-19 22:00:00,1.232560396194458
2016-10-19 23:00:00,1.2794368267059326
2016-10-20 00:00:00,1.3374276161193848
2016-10-20 01:00:00,1.373848557472229
2016-10-20 02:00:00,1.485033631324768
2016-10-20 03:00:00,2.4925477504730225
2016-10-20 04:00:00,1.8234261870384216
2016-10-20 05:00:00,3.285734176635742
2016-10-20 06:00:00,3.6376936435699463
2016-10-20 07:00:00,3.7035484313964844
2016-10-20 08:00:00,3.6898958683013916
2016-10-20 09:00:00,3.6502573490142822
2016-10-20 10:00:00,3.395752191543579
2016-10-20 11:00:00,2.8329081535339355
2016-10-20 12:00:00,1.097003698348999
2016-10-20 13:00:00,1.261753797531128
2016-10-20 14:00:00,1.3087570667266846
2016-10-20 15:00:00,1.3511993885040283
2016-10-20 16:00:00,1.3871303796768188
2016-10-20 17:00:00,1.3877345323562622
2016-10-20 18:00:00,1.3518251180648804
2016-10-20 19:00:00,1.3029794692993164
2016-10-20 20:00:00,1.2515517473220825
2016-10-20 21:00:00,1.2080777883529663
2016-10-20 22:00:00,1.2290173768997192
2016-10-20 23:00:00,1.294738531112671
2016-10-21 00:00:00,1.3887232542037964
2016-10-21 01:00:00,1.4571566581726074
2016-10-21 02:00:00,1.736154317855835
2016-10-21 03:00:00,2.704315185546875
2016-10-21 04:00:00,2.059901237487793
2016-10-21 05:00:00,3.1713333129882812
2016-10-21 06:00:00,3.2586278915405273
2016-10-21 07:00:00,3.071720600128174
2016-10-21 08:00:00,2.9564990997314453
2016-10-21 09:00:00,2.9095911979675293
2016-10-21 10:00:00,2.902327060699463
2016-10-21 11:00:00,2.468259572982788
2016-10-21 12:00:00,0.9946461915969849
2016-10-21 13:00:00,1.1133813858032227
2016-10-21 14:00:00,1.0982825458049774
2016-10-21 15:00:00,1.090885877609253
2016-10-21 16:00:00,1.0561089366674423
2016-10-21 17:00:00,1.0189958810806274
2016-10-21 18:00:00,0.974614143371582
2016-10-21 19:00:00,0.9250001311302185
2016-10-21 20:00:00,0.8818250298500061
2016-10-21 21:00:00,0.8711138963699341
2016-10-21 22:00:00,1.033461093902588
2016-10-21 23:00:00,1.2063474655151367
2016-10-22 00:00:00,1.4018912315368652
2016-10-22 01:00:00,1.6386816501617432
2016-10-22 02:00:00,2.2256150245666504
2016-10-22 03:00:00,3.6827096939086914
2016-10-22 04:00:00,3.163132429122925
2016-10-22 05:00:00,4.360367774963379
2016-10-22 06:00:00,4.285445213317871
2016-10-22 07:00:00,4.0200804471969604
2016-10-22 08:00:00,3.82523375749588
2016-10-22 09:00:00,3.673203229904175
2016-10-22 10:00:00,3.5419914722442627
2016-10-22 11:00:00,2.9903435707092285
2016-10-22 12:00:00,1.2340174913406372
2016-10-22 13:00:00,1.2769649028778076
2016-10-22 14:00:00,1.3266301155090332
2016-10-22 15:00:00,1.4143332242965698
2016-10-22 16:00:00,1.4296048879623413
2016-10-22 17:00:00,1.4442367553710938
2016-10-22 18:00:00,1.4556634426116943
2016-10-22 19:00:00,1.4460105895996094
2016-10-22 20:00:00,1.3991589546203613
2016-10-22 21:00:00,1.3281059265136719
2016-10-22 22:00:00,1.3676948547363281
2016-10-22 23:00:00,1.3945488929748535
2016-10-23 00:00:00,1.4200735092163086
2016-10-23 01:00:00,1.4643235206604004
2016-10-23 02:00:00,1.7515565156936646
2016-10-23 03:00:00,3.0652711391448975
2016-10-23 04:00:00,2.6286919116973877
2016-10-23 05:00:00,3.8522043228149414
2016-10-23 06:00:00,4.073081016540527
2016-10-23 07:00:00,4.223097801208496
2016-10-23 08:00:00,4.3323588371276855
2016-10-23 09:00:00,4.324506759643555
2016-10-23 10:00:00,4.169299125671387
2016-10-23 11:00:00,3.3269381523132324
2016-10-23 12:00:00,1.5014193058013916
2016-10-23 13:00:00,1.503567099571228
2016-10-23 14:00:00,1.572784185409546
2016-10-23 15:00:00,1.6508464813232422
2016-10-23 16:00:00,1.6036286354064941
2016-10-23 17:00:00,1.5567219257354736
2016-10-23 18:00:00,1.5081865787506104
2016-10-23 19:00:00,1.4598219394683838
2016-10-23 20:00:00,1.415770173072815
2016-10-23 21:00:00,1.3818955421447754
2016-10-23 22:00:00,1.447858452796936
2016-10-23 23:00:00,1.5214228630065918
2016-10-24 00:00:00,1.5722277164459229
2016-10-24 01:00:00,1.5808920860290527
2016-10-24 02:00:00,1.657322883605957
2016-10-24 03:00:00,3.134873628616333
2016-10-24 04:00:00,2.7009072303771973
2016-10-24 05:00:00,3.7729644775390625
2016-10-24 06:00:00,3.929269790649414
2016-10-24 07:00:00,3.780416488647461
2016-10-24 08:00:00,3.6805672645568848
2016-10-24 09:00:00,3.5147042274475098
2016-10-24 10:00:00,3.3626832962036133
2016-10-24 11:00:00,2.695033311843872
2016-10-24 12:00:00,1.044081449508667
2016-10-24 13:00:00,1.1388452053070068
2016-10-24 14:00:00,1.1696217060089111
2016-10-24 15:00:00,1.215958595275879
2016-10-24 16:00:00,1.2858415842056274
2016-10-24 17:00:00,1.3579914569854736
2016-10-24 18:00:00,1.419666051864624
2016-10-24 19:00:00,1.4772608280181885
2016-10-24 20:00:00,1.537418246269226
2016-10-24 21:00:00,1.5954525470733643
2016-10-24 22:00:00,1.574418306350708
2016-10-24 23:00:00,1.533111333847046
2016-10-25 00:00:00,1.4708251953125
2016-10-25 01:00:00,1.4044475555419922
2016-10-25 02:00:00,1.6836977154016495
2016-10-25 03:00:00,2.332281082868576
2016-10-25 04:00:00,2.0219602584838867
2016-10-25 05:00:00,3.736771583557129
2016-10-25 06:00:00,3.723750114440918
2016-10-25 07:00:00,3.670220375061035
2016-10-25 08:00:00,3.6529853343963623
2016-10-25 09:00:00,3.6404364109039307
2016-10-25 10:00:00,3.4672584533691406
2016-10-25 11:00:00,3.0770649909973145
2016-10-25 12:00:00,1.1100287437438965
2016-10-25 13:00:00,1.0550248622894287
2016-10-25 14:00:00,0.9923547506332397
2016-10-25 15:00:00,0.9670728445053101
2016-10-25 16:00:00,1.0105650424957275
2016-10-25 17:00:00,1.0638375282287598
2016-10-25 18:00:00,1.1113238334655762
2016-10-25 19:00:00,1.1445796489715576
2016-10-25 20:00:00,1.1589643955230713
2016-10-25 21:00:00,1.1592342853546143
2016-10-25 22:00:00,1.1844953298568726
2016-10-25 23:00:00,1.1978868246078491
2016-10-26 00:00:00,1.2084674835205078
2016-10-26 01:00:00,1.2128643989562988
2016-10-26 02:00:00,1.1310395002365112
2016-10-26 03:00:00,2.3433656990528107
2016-10-26 04:00:00,2.052892506122589
2016-10-26 05:00:00,2.6219253540039062
2016-10-26 06:00:00,2.8168230056762695
2016-10-26 07:00:00,2.7338380813598633
2016-10-26 08:00:00,2.6508724689483643
2016-10-26 09:00:00,2.5530083179473877
2016-10-26 10:00:00,2.352837324142456
2016-10-26 11:00:00,1.5028371810913086
2016-10-26 12:00:00,0.6930487751960754
2016-10-26 13:00:00,0.7860614657402039
2016-10-26 14:00:00,0.788375198841095
2016-10-26 15:00:00,0.8543177843093872
2016-10-26 16:00:00,0.9916304349899292
2016-10-26 17:00:00,1.1318814754486084
2016-10-26 18:00:00,1.2251322269439697
2016-10-26 19:00:00,1.2645822763442993
2016-10-26 20:00:00,1.2593581676483154
2016-10-26 21:00:00,1.2318973541259766
2016-10-26 22:00:00,1.179008960723877
2016-10-26 23:00:00,1.1125080585479736
2016-10-27 00:00:00,1.028375506401062
2016-10-27 01:00:00,0.9394775629043579
2016-10-27 02:00:00,0.8277130722999573
2016-10-27 03:00:00,1.6403985023498535
2016-10-27 04:00:00,1.356763243675232
2016-10-27 05:00:00,2.1327163875102997
2016-10-27 06:00:00,2.376205235719681
2016-10-27 07:00:00,2.5076560974121094
2016-10-27 08:00:00,2.7719552516937256
2016-10-27 09:00:00,3.0263237953186035
2016-10-27 10:00:00,2.993971347808838
2016-10-27 11:00:00,1.9177842140197754
2016-10-27 12:00:00,1.0468863248825073
2016-10-27 13:00:00,1.1118669509887695
2016-10-27 14:00:00,1.137284517288208
2016-10-27 15:00:00,1.1722853183746338
2016-10-27 16:00:00,1.2160189151763916
2016-10-27 17:00:00,1.2282843589782715
2016-10-27 18:00:00,1.2173266410827637
2016-10-27 19:00:00,1.204546332359314
2016-10-27 20:00:00,1.2077871561050415
2016-10-27 21:00:00,1.218947410583496
2016-10-27 22:00:00,1.2193427085876465
2016-10-27 23:00:00,1.2370890378952026
2016-10-28 00:00:00,1.2740049362182617
2016-10-28 01:00:00,1.3161044120788574
2016-10-28 02:00:00,1.332666277885437
2016-10-28 03:00:00,2.7629096508026123
2016-10-28 04:00:00,2.2789013385772705
2016-10-28 05:00:00,2.608912944793701
2016-10-28 06:00:00,2.8444790840148926
2016-10-28 07:00:00,2.604973793029785
2016-10-28 08:00:00,2.457613468170166
2016-10-28 09:00:00,2.315434217453003
2016-10-28 10:00:00,2.2745654582977295
2016-10-28 11:00:00,0.9450108706951141
2016-10-28 12:00:00,1.0262982845306396
2016-10-28 13:00:00,1.251847743988037
2016-10-28 14:00:00,1.3277255296707153
2016-10-28 15:00:00,1.373215675354004
2016-10-28 16:00:00,1.384969711303711
2016-10-28 17:00:00,1.378814697265625
2016-10-28 18:00:00,1.3475902080535889
2016-10-28 19:00:00,1.2876497507095337
2016-10-28 20:00:00,1.2275711297988892
2016-10-28 21:00:00,1.1585054397583008
2016-10-28 22:00:00,0.8736402988433838
2016-10-28 23:00:00,0.3855609893798828
2016-10-29 00:00:00,-0.19638007879257202
2016-10-29 01:00:00,-0.6046764850616455
2016-10-29 02:00:00,-0.7566450834274292
2016-10-29 03:00:00,-1.0220264196395874
2016-10-29 04:00:00,-0.8969163447618484
2016-10-29 05:00:00,-0.585886999964714
2016-10-29 06:00:00,0.24322877824306488
2016-10-29 07:00:00,0.5342557281255722
2016-10-29 08:00:00,0.5752008110284805
2016-10-29 09:00:00,0.5330473333597183
2016-10-29 10:00:00,0.4194612503051758
2016-10-29 11:00:00,0.22676557302474976
2016-10-29 12:00:00,-0.14295917376875877
2016-10-29 13:00:00,-0.4614233560860157
2016-10-29 14:00:00,-0.7400378920137882
2016-10-29 15:00:00,-0.8947583138942719
2016-10-29 16:00:00,-0.942102313041687
2016-10-29 17:00:00,-0.9497289657592773
2016-10-29 18:00:00,-0.9119212180376053
2016-10-29 19:00:00,-0.815100908279419
2016-10-29 20:00:00,-0.7318339347839355
2016-10-29 21:00:00,-0.5950155183672905
2016-10-29 22:00:00,-0.4276178851723671
2016-10-29 23:00:00,-0.1840701699256897
2016-10-30 00:00:00,0.039969027042388916
2016-10-30 01:00:00,0.12469756603240967
2016-10-30 02:00:00,0.10737389326095581
2016-10-30 03:00:00,0.025837600231170654
2016-10-30 04:00:00,-0.26626986265182495
2016-10-30 05:00:00,-0.5414331555366516
2016-10-30 06:00:00,-0.7204544469714165
2016-10-30 07:00:00,-0.602464634925127
2016-10-30 08:00:00,-0.27886056527495384
2016-10-30 09:00:00,0.04439651966094971
2016-10-30 10:00:00,0.262151837348938
2016-10-30 11:00:00,0.1045846939086914
2016-10-30 12:00:00,0.11694002151489258
2016-10-30 13:00:00,0.020346879959106445
2016-10-30 14:00:00,-0.14294219017028809
2016-10-30 15:00:00,-0.31956052780151367
2016-10-30 16:00:00,-0.4400383234024048
2016-10-30 17:00:00,-0.5513674020767212
2016-10-30 18:00:00,-0.6326764225959778
2016-10-30 19:00:00,-0.6895906329154968
2016-10-30 20:00:00,-0.7050263285636902
2016-10-30 21:00:00,-0.6761849522590637
2016-10-30 22:00:00,-0.6659346893429756
2016-10-30 23:00:00,-0.6333825513720512
2016-10-31 00:00:00,-0.5827192664146423
2016-10-31 01:00:00,-0.5512881278991699
2016-10-31 02:00:00,-0.43477102369070053
2016-10-31 03:00:00,-0.4022398628294468
2016-10-31 04:00:00,-0.3798341527581215
2016-10-31 05:00:00,-0.3885650038719177
2016-10-31 06:00:00,0.005354344844818115
2016-10-31 07:00:00,0.12476825714111328
2016-10-31 08:00:00,0.20721465349197388
2016-10-31 09:00:00,0.26448577642440796
2016-10-31 10:00:00,0.4033101797103882
2016-10-31 11:00:00,0.19368577003479004
2016-10-31 12:00:00,0.1978147029876709
2016-10-31 13:00:00,0.20695996284484863
2016-10-31 14:00:00,0.20887690782546997
2016-10-31 15:00:00,0.2471250295639038
2016-10-31 16:00:00,0.2874141335487366
2016-10-31 17:00:00,0.35261690616607666
2016-10-31 18:00:00,0.43446528911590576
2016-10-31 19:00:00,0.505781352519989
2016-10-31 20:00:00,0.5678744316101074
2016-10-31 21:00:00,0.6414589881896973
2016-10-31 22:00:00,0.6560896635055542
2016-10-31 23:00:00,0.6939059495925903
2016-11-01 00:00:00,0.7514963150024414
2016-11-01 01:00:00,0.809605598449707
2016-11-01 02:00:00,0.8077590465545654
2016-11-01 03:00:00,0.6124765872955322
2016-11-01 04:00:00,1.244612693786621
2016-11-01 05:00:00,0.9482398629188538
2016-11-01 06:00:00,0.8284945487976074
2016-11-01 07:00:00,0.7028170824050903
2016-11-01 08:00:00,0.7564353942871094
2016-11-01 09:00:00,0.8828520700335503
2016-11-01 10:00:00,1.020489327609539
2016-11-01 11:00:00,0.47172869741916656
2016-11-01 12:00:00,0.5869684219360352
2016-11-01 13:00:00,0.7494325190782547
2016-11-01 14:00:00,0.8385796546936035
2016-11-01 15:00:00,0.9145811796188354
2016-11-01 16:00:00,1.0184350162744522
2016-11-01 17:00:00,1.0613391399383545
2016-11-01 18:00:00,1.04707670211792
2016-11-01 19:00:00,1.0010641813278198
2016-11-01 20:00:00,0.9482929706573486
2016-11-01 21:00:00,0.9210686683654785
2016-11-01 22:00:00,0.8275959491729736
2016-11-01 23:00:00,0.7843443155288696
2016-11-02 00:00:00,0.818087100982666
2016-11-02 01:00:00,0.8975160121917725
2016-11-02 02:00:00,0.9111391305923462
2016-11-02 03:00:00,0.5804574489593506
2016-11-02 04:00:00,1.2611920833587646
2016-11-02 05:00:00,0.9479661583900452
2016-11-02 06:00:00,0.6367741972208023
2016-11-02 07:00:00,0.3040398955345154
2016-11-02 08:00:00,0.2760077938437462
2016-11-02 09:00:00,0.31316015869379044
2016-11-02 10:00:00,0.3787284344434738
2016-11-02 11:00:00,0.2840178459882736
2016-11-02 12:00:00,0.20999032258987427
2016-11-02 13:00:00,0.26483941078186035
2016-11-02 14:00:00,0.33785516023635864
2016-11-02 15:00:00,0.45837825536727905
2016-11-02 16:00:00,0.5346114486455917
2016-11-02 17:00:00,0.5979119539260864
2016-11-02 18:00:00,0.6513048410415649
2016-11-02 19:00:00,0.6797806620597839
2016-11-02 20:00:00,0.6956674456596375
2016-11-02 21:00:00,0.7444274425506592
2016-11-02 22:00:00,0.7794561982154846
2016-11-02 23:00:00,0.8169842958450317
2016-11-03 00:00:00,0.844771146774292
2016-11-03 01:00:00,0.8568869233131409
2016-11-03 02:00:00,0.8026532530784607
2016-11-03 03:00:00,1.1365506649017334
2016-11-03 04:00:00,1.0741909742355347
2016-11-03 05:00:00,0.179969884455204
2016-11-03 06:00:00,-0.7834825962781906
2016-11-03 07:00:00,-0.8703374415636063
2016-11-03 08:00:00,-0.7821191549301147
2016-11-03 09:00:00,-0.5604334324598312
2016-11-03 10:00:00,-0.19756734371185303
2016-11-03 11:00:00,0.20656967163085938
2016-11-03 12:00:00,0.46118927001953125
2016-11-03 13:00:00,0.7480175495147705
2016-11-03 14:00:00,0.877779483795166
2016-11-03 15:00:00,0.9814499616622925
2016-11-03 16:00:00,1.0267070531845093
2016-11-03 17:00:00,1.082069754600525
2016-11-03 18:00:00,1.1179389953613281
2016-11-03 19:00:00,1.1068750619888306
2016-11-03 20:00:00,1.0774331092834473
2016-11-03 21:00:00,1.0457559823989868
2016-11-03 22:00:00,1.0672197341918945
2016-11-03 23:00:00,1.0695521831512451
2016-11-04 00:00:00,1.0678163766860962
2016-11-04 01:00:00,1.0776436179876328
2016-11-04 02:00:00,1.041581630706787
2016-11-04 03:00:00,2.2006285190582275
2016-11-04 04:00:00,1.7936382293701172
2016-11-04 05:00:00,1.8972532749176025
2016-11-04 06:00:00,1.6495287418365479
2016-11-04 07:00:00,1.4700386673212051
2016-11-04 08:00:00,1.427652582526207
2016-11-04 09:00:00,1.4102173000574112
2016-11-04 10:00:00,1.587900161743164
2016-11-04 11:00:00,0.8299536257982254
2016-11-04 12:00:00,0.9480228424072266
2016-11-04 13:00:00,1.0926358550786972
2016-11-04 14:00:00,1.1437312364578247
2016-11-04 15:00:00,1.1873745918273926
2016-11-04 16:00:00,1.1887186765670776
2016-11-04 17:00:00,1.1819484233856201
2016-11-04 18:00:00,1.1705728769302368
2016-11-04 19:00:00,1.158919095993042
2016-11-04 20:00:00,1.159018874168396
2016-11-04 21:00:00,1.173362135887146
2016-11-04 22:00:00,1.191746711730957
2016-11-04 23:00:00,1.1961185932159424
2016-11-05 00:00:00,1.186643362045288
2016-11-05 01:00:00,1.1720502376556396
2016-11-05 02:00:00,1.0779864937067032
2016-11-05 03:00:00,1.069985643029213
2016-11-05 04:00:00,2.0734732151031494
2016-11-05 05:00:00,1.8724665641784668
2016-11-05 06:00:00,2.6176092624664307
2016-11-05 07:00:00,2.6608333587646484
2016-11-05 08:00:00,2.665022373199463
2016-11-05 09:00:00,2.418649196624756
2016-11-05 10:00:00,2.4758241176605225
2016-11-05 11:00:00,1.0374026596546173
2016-11-05 12:00:00,0.8230863809585571
2016-11-05 13:00:00,0.9156155288219452
2016-11-05 14:00:00,0.9968289136886597
2016-11-05 15:00:00,1.0965780019760132
2016-11-05 16:00:00,1.2063875198364258
2016-11-05 17:00:00,1.2335293292999268
2016-11-05 18:00:00,1.1891400814056396
2016-11-05 19:00:00,1.091174840927124
2016-11-05 20:00:00,0.962954044342041
2016-11-05 21:00:00,0.8570233583450317
2016-11-05 22:00:00,0.7376734614372253
2016-11-05 23:00:00,0.6900345087051392
2016-11-06 00:00:00,0.7006509900093079
2016-11-06 01:00:00,0.7110781669616699
2016-11-06 02:00:00,0.6549054980278015
2016-11-06 03:00:00,0.6348326653242111
2016-11-06 04:00:00,0.8945246934890747
2016-11-06 05:00:00,0.8458619117736816
2016-11-06 06:00:00,1.8693907856941223
2016-11-06 07:00:00,2.0545303225517273
2016-11-06 08:00:00,2.191635549068451
2016-11-06 09:00:00,2.2872512340545654
2016-11-06 10:00:00,2.0840537548065186
2016-11-06 11:00:00,0.7660913467407227
2016-11-06 12:00:00,0.7957898452877998
2016-11-06 13:00:00,0.8208234384655952
2016-11-06 14:00:00,0.7982755154371262
2016-11-06 15:00:00,0.7943289279937744
2016-11-06 16:00:00,0.9070664644241333
2016-11-06 17:00:00,1.0105610191822052
2016-11-06 18:00:00,1.0905873775482178
2016-11-06 19:00:00,1.1546046882867813
2016-11-06 20:00:00,1.2037174701690674
2016-11-06 21:00:00,1.2570500373840332
2016-11-06 22:00:00,1.1955640316009521
2016-11-06 23:00:00,1.1084496974945068
2016-11-07 00:00:00,0.9959069490432739
2016-11-07 01:00:00,0.8776974678039551
2016-11-07 02:00:00,0.7360395193099976
2016-11-07 03:00:00,0.9600045382976532
2016-11-07 04:00:00,1.4864649772644043
2016-11-07 05:00:00,1.834566593170166
2016-11-07 06:00:00,3.0980775356292725
2016-11-07 07:00:00,3.4858198165893555
2016-11-07 08:00:00,3.79647159576416
2016-11-07 09:00:00,3.967228412628174
2016-11-07 10:00:00,3.8555386662483215
2016-11-07 11:00:00,2.681783676147461
2016-11-07 12:00:00,1.4887688159942627
2016-11-07 13:00:00,1.5217205286026
2016-11-07 14:00:00,1.5651663541793823
2016-11-07 15:00:00,1.6350024938583374
2016-11-07 16:00:00,1.7394728660583496
2016-11-07 17:00:00,1.8371777534484863
2016-11-07 18:00:00,1.919869989156723
2016-11-07 19:00:00,1.9934046268463135
2016-11-07 20:00:00,2.1188290119171143
2016-11-07 21:00:00,2.2160470485687256
2016-11-07 22:00:00,2.3073599338531494
2016-11-07 23:00:00,2.3198626041412354
2016-11-08 00:00:00,2.2384066581726074
2016-11-08 01:00:00,2.043823480606079
2016-11-08 02:00:00,2.0514285564422607
2016-11-08 03:00:00,3.061812162399292
2016-11-08 04:00:00,2.8415942192077637
2016-11-08 05:00:00,3.307276725769043
2016-11-08 06:00:00,4.3623576164245605
2016-11-08 07:00:00,4.323868691921234
2016-11-08 08:00:00,4.263981342315674
2016-11-08 09:00:00,4.10825777053833
2016-11-08 10:00:00,3.1394858360290527
2016-11-08 11:00:00,1.5172693729400635
2016-11-08 12:00:00,1.3567516803741455
2016-11-08 13:00:00,1.4426827430725098
2016-11-08 14:00:00,1.4995149374008179
2016-11-08 15:00:00,1.5635300874710083
2016-11-08 16:00:00,1.6050838232040405
2016-11-08 17:00:00,1.6467698812484741
2016-11-08 18:00:00,1.6882174015045166
2016-11-08 19:00:00,1.7035726308822632
2016-11-08 20:00:00,1.6844639778137207
2016-11-08 21:00:00,1.6331000328063965
2016-11-08 22:00:00,1.5969200134277344
2016-11-08 23:00:00,1.5485249757766724
2016-11-09 00:00:00,1.533890724182129
2016-11-09 01:00:00,1.5432369709014893
2016-11-09 02:00:00,1.6158665418624878
2016-11-09 03:00:00,3.1481895446777344
2016-11-09 04:00:00,2.824187755584717
2016-11-09 05:00:00,2.3372771739959717
2016-11-09 06:00:00,3.222578763961792
2016-11-09 07:00:00,2.7685000896453857
2016-11-09 08:00:00,2.5632150173187256
2016-11-09 09:00:00,2.4643380641937256
2016-11-09 10:00:00,2.389366388320923
2016-11-09 11:00:00,0.9996227920055389
2016-11-09 12:00:00,1.2841192483901978
2016-11-09 13:00:00,1.4112802743911743
2016-11-09 14:00:00,1.4478895664215088
2016-11-09 15:00:00,1.4950754642486572
2016-11-09 16:00:00,1.5275731086730957
2016-11-09 17:00:00,1.5560976266860962
2016-11-09 18:00:00,1.5761961936950684
2016-11-09 19:00:00,1.5792133808135986
2016-11-09 20:00:00,1.5584608316421509
2016-11-09 21:00:00,1.5152078866958618
2016-11-09 22:00:00,1.4164137840270996
2016-11-09 23:00:00,1.3146584033966064
2016-11-10 00:00:00,1.237539529800415
2016-11-10 01:00:00,1.1971549987792969
2016-11-10 02:00:00,1.1412725448608398
2016-11-10 03:00:00,2.1196699738502502
2016-11-10 04:00:00,1.817373275756836
2016-11-10 05:00:00,1.3297188431024551
2016-11-10 06:00:00,1.722939133644104
2016-11-10 07:00:00,1.52008056640625
2016-11-10 08:00:00,1.4808518886566162
2016-11-10 09:00:00,1.5769782066345215
2016-11-10 10:00:00,1.636763572692871
2016-11-10 11:00:00,0.6864753365516663
2016-11-10 12:00:00,0.769011065363884
2016-11-10 13:00:00,0.5633442997932434
2016-11-10 14:00:00,0.3782060742378235
2016-11-10 15:00:00,0.20983105897903442
2016-11-10 16:00:00,0.12932038307189941
2016-11-10 17:00:00,0.13038629293441772
2016-11-10 18:00:00,0.22350746393203735
2016-11-10 19:00:00,0.3413633704185486
2016-11-10 20:00:00,0.4091266393661499
2016-11-10 21:00:00,0.45626091957092285
2016-11-10 22:00:00,0.38518011569976807
2016-11-10 23:00:00,0.24155819416046143
2016-11-11 00:00:00,-0.0029269754886627197
2016-11-11 01:00:00,-0.26064902544021606
2016-11-11 02:00:00,-0.49373316764831543
2016-11-11 03:00:00,-0.40222859010100365
2016-11-11 04:00:00,-0.9479114711284637
2016-11-11 05:00:00,-0.9087879657745361
2016-11-11 06:00:00,-0.7161816358566284
2016-11-11 07:00:00,-0.7703652381896973
2016-11-11 08:00:00,-0.7033190801739693
2016-11-11 09:00:00,-0.5796704441308975
2016-11-11 10:00:00,-0.5598343759775162
2016-11-11 11:00:00,-0.3991120010614395
2016-11-11 12:00:00,-0.7861783541738987
2016-11-11 13:00:00,-0.9421962574124336
2016-11-11 14:00:00,-0.9792754575610161
2016-11-11 15:00:00,-0.9388523250818253
2016-11-11 16:00:00,-0.8725839927792549
2016-11-11 17:00:00,-0.7952704429626465
2016-11-11 18:00:00,-0.7572981044650078
2016-11-11 19:00:00,-0.7118549346923828
2016-11-11 20:00:00,-0.6468424797058105
2016-11-11 21:00:00,-0.6014668345451355
2016-11-11 22:00:00,-0.5073691606521606
2016-11-11 23:00:00,-0.4069499000906944
2016-11-12 00:00:00,-0.3284677267074585
2016-11-12 01:00:00,-0.2921599745750427
2016-11-12 02:00:00,-0.2536027431488037
2016-11-12 03:00:00,-0.2885165214538574
2016-11-12 04:00:00,-0.2765916585922241
2016-11-12 05:00:00,-0.24527406692504883
2016-11-12 06:00:00,-0.22439807653427124
2016-11-12 07:00:00,-0.24483025074005127
2016-11-12 08:00:00,-0.08019721508026123
2016-11-12 09:00:00,0.12322628498077393
2016-11-12 10:00:00,0.0197523832321167
2016-11-12 11:00:00,-0.082619309425354
2016-11-12 12:00:00,-0.34772467613220215
2016-11-12 13:00:00,-0.5793793201446533
2016-11-12 14:00:00,-0.7438845634460449
2016-11-12 15:00:00,-0.8479664325714111
2016-11-12 16:00:00,-0.9220110177993774
2016-11-12 17:00:00,-0.9251894652843475
2016-11-12 18:00:00,-0.8857786655426025
2016-11-12 19:00:00,-0.8174876570701599
2016-11-12 20:00:00,-0.7495403289794922
2016-11-12 21:00:00,-0.6945244073867798
2016-11-12 22:00:00,-0.5435171127319336
2016-11-12 23:00:00,-0.42124319076538086
2016-11-13 00:00:00,-0.3600860834121704
2016-11-13 01:00:00,-0.3889836072921753
2016-11-13 02:00:00,-0.4430776834487915
2016-11-13 03:00:00,-0.4208482503890991
2016-11-13 04:00:00,-0.675324559211731
2016-11-13 05:00:00,-0.37979888916015625
2016-11-13 06:00:00,-0.1412588357925415
2016-11-13 07:00:00,-0.10765218734741211
2016-11-13 08:00:00,0.01154482364654541
2016-11-13 09:00:00,0.20678579807281494
2016-11-13 10:00:00,0.5719402432441711
2016-11-13 11:00:00,0.5456931740045547
2016-11-13 12:00:00,0.8598181009292603
2016-11-13 13:00:00,1.0306520462036133
2016-11-13 14:00:00,1.0719016790390015
2016-11-13 15:00:00,1.0848312377929688
2016-11-13 16:00:00,1.0821970850229263
2016-11-13 17:00:00,1.0606068074703217
2016-11-13 18:00:00,1.0105270445346832
2016-11-13 19:00:00,0.9227060377597809
2016-11-13 20:00:00,0.8133363723754883
2016-11-13 21:00:00,0.715063214302063
2016-11-13 22:00:00,0.6412979960441589
2016-11-13 23:00:00,0.6035472750663757
2016-11-14 00:00:00,0.5998364090919495
2016-11-14 01:00:00,0.6379698514938354
2016-11-14 02:00:00,0.6888630986213684
2016-11-14 03:00:00,0.6126374006271362
2016-11-14 04:00:00,0.9619816541671753
2016-11-14 05:00:00,0.9112886190414429
2016-11-14 06:00:00,1.1031537055969238
2016-11-14 07:00:00,1.2674100399017334
2016-11-14 08:00:00,1.4362868070602417
2016-11-14 09:00:00,1.5063629299402237
2016-11-14 10:00:00,1.5178045332431793
2016-11-14 11:00:00,0.7900770902633667
2016-11-14 12:00:00,0.8242229297757149
2016-11-14 13:00:00,0.8714127540588379
2016-11-14 14:00:00,0.8708420991897583
2016-11-14 15:00:00,0.8980319574475288
2016-11-14 16:00:00,0.9889445602893829
2016-11-14 17:00:00,1.0514954328536987
2016-11-14 18:00:00,1.0627646446228027
2016-11-14 19:00:00,1.0246778726577759
2016-11-14 20:00:00,0.9593944549560547
2016-11-14 21:00:00,0.8897585868835449
2016-11-14 22:00:00,0.7863680124282837
2016-11-14 23:00:00,0.7050542235374451
2016-11-15 00:00:00,0.646933913230896
2016-11-15 01:00:00,0.6324301958084106
2016-11-15 02:00:00,0.6342065930366516
2016-11-15 03:00:00,0.772936224937439
2016-11-15 04:00:00,1.0447394996881485
2016-11-15 05:00:00,1.0348488986492157
2016-11-15 06:00:00,1.3645896017551422
2016-11-15 07:00:00,1.4692790508270264
2016-11-15 08:00:00,1.5404187142848969
2016-11-15 09:00:00,1.6557490825653076
2016-11-15 10:00:00,1.64113450050354
2016-11-15 11:00:00,0.8136215209960938
2016-11-15 12:00:00,0.8379608392715454
2016-11-15 13:00:00,0.9240998029708862
2016-11-15 14:00:00,0.9318507164716721
2016-11-15 15:00:00,0.937390923500061
2016-11-15 16:00:00,0.9504631757736206
2016-11-15 17:00:00,0.9100226908922195
2016-11-15 18:00:00,0.826581284403801
2016-11-15 19:00:00,0.742355465888977
2016-11-15 20:00:00,0.6637699007987976
2016-11-15 21:00:00,0.6032632663846016
2016-11-15 22:00:00,0.5726482793688774
2016-11-15 23:00:00,0.595128059387207
2016-11-16 00:00:00,0.686369001865387
2016-11-16 01:00:00,0.7709396332502365
2016-11-16 02:00:00,0.8101048022508621
2016-11-16 03:00:00,1.2740123271942139
2016-11-16 04:00:00,1.5908862352371216
2016-11-16 05:00:00,1.601874589920044
2016-11-16 06:00:00,2.4792475402355194
2016-11-16 07:00:00,2.5082221031188965
2016-11-16 08:00:00,2.4764645099639893
2016-11-16 09:00:00,2.545438051223755
2016-11-16 10:00:00,2.5600149631500244
2016-11-16 11:00:00,1.406707376241684
2016-11-16 12:00:00,1.0561003684997559
2016-11-16 13:00:00,1.240085855126381
2016-11-16 14:00:00,1.3824931383132935
2016-11-16 15:00:00,1.4971109628677368
2016-11-16 16:00:00,1.5449241399765015
2016-11-16 17:00:00,1.5534418821334839
2016-11-16 18:00:00,1.538652777671814
2016-11-16 19:00:00,1.491574764251709
2016-11-16 20:00:00,1.4166325330734253
2016-11-16 21:00:00,1.347461223602295
2016-11-16 22:00:00,1.3279365301132202
2016-11-16 23:00:00,1.3334505558013916
2016-11-17 00:00:00,1.3760945796966553
2016-11-17 01:00:00,1.4713245630264282
2016-11-17 02:00:00,1.6953328847885132
2016-11-17 03:00:00,3.2764899730682373
2016-11-17 04:00:00,3.017469644546509
2016-11-17 05:00:00,3.3227381706237793
2016-11-17 06:00:00,4.217167794704437
2016-11-17 07:00:00,4.221534252166748
2016-11-17 08:00:00,4.235164701938629
2016-11-17 09:00:00,4.1803388595581055
2016-11-17 10:00:00,3.962915599346161
2016-11-17 11:00:00,2.1596508622169495
2016-11-17 12:00:00,1.597259283065796
2016-11-17 13:00:00,1.7510676383972168
2016-11-17 14:00:00,1.892258733510971
2016-11-17 15:00:00,1.9913893342018127
2016-11-17 16:00:00,2.0259934067726135
2016-11-17 17:00:00,2.0130147635936737
2016-11-17 18:00:00,1.9545579850673676
2016-11-17 19:00:00,1.8847904205322266
2016-11-17 20:00:00,1.8349210023880005
2016-11-17 21:00:00,1.7777818441390991
2016-11-17 22:00:00,1.752897024154663
2016-11-17 23:00:00,1.6542633771896362
2016-11-18 00:00:00,1.5605943202972412
2016-11-18 01:00:00,1.5128986835479736
2016-11-18 02:00:00,1.5296738147735596
2016-11-18 03:00:00,3.0113987922668457
2016-11-18 04:00:00,2.509418249130249
2016-11-18 05:00:00,2.1759114265441895
2016-11-18 06:00:00,3.164982795715332
2016-11-18 07:00:00,3.111332416534424
2016-11-18 08:00:00,3.1126065254211426
2016-11-18 09:00:00,3.119997262954712
2016-11-18 10:00:00,3.150756359100342
2016-11-18 11:00:00,1.4428002834320068
2016-11-18 12:00:00,1.3946303129196167
2016-11-18 13:00:00,1.5461828708648682
2016-11-18 14:00:00,1.681912899017334
2016-11-18 15:00:00,1.8394463062286377
2016-11-18 16:00:00,1.8441239595413208
2016-11-18 17:00:00,1.791679859161377
2016-11-18 18:00:00,1.6587694883346558
2016-11-18 19:00:00,1.4736106395721436
2016-11-18 20:00:00,1.2738986015319824
2016-11-18 21:00:00,1.0934994220733643
2016-11-18 22:00:00,1.0342909097671509
2016-11-18 23:00:00,1.034425973892212
2016-11-19 00:00:00,1.0956329107284546
2016-11-19 01:00:00,1.1954835653305054
2016-11-19 02:00:00,1.2208075523376465
2016-11-19 03:00:00,2.4738895893096924
2016-11-19 04:00:00,2.3369078636169434
2016-11-19 05:00:00,1.776788592338562
2016-11-19 06:00:00,2.4599344730377197
2016-11-19 07:00:00,2.328473061323166
2016-11-19 08:00:00,2.2843375205993652
2016-11-19 09:00:00,2.1782872676849365
2016-11-19 10:00:00,2.0304548740386963
2016-11-19 11:00:00,0.6923577785491943
2016-11-19 12:00:00,0.8664033114910126
2016-11-19 13:00:00,0.7174583673477173
2016-11-19 14:00:00,0.5806400328874588
2016-11-19 15:00:00,0.5235872864723206
2016-11-19 16:00:00,0.5725722312927246
2016-11-19 17:00:00,0.5291283130645752
2016-11-19 18:00:00,0.36348748207092285
2016-11-19 19:00:00,0.010197877883911133
2016-11-19 20:00:00,-0.43094754219055176
2016-11-19 21:00:00,-0.7140674591064453
2016-11-19 22:00:00,-0.7735302448272705
2016-11-19 23:00:00,-0.6378622055053711
2016-11-20 00:00:00,-0.29717350006103516
2016-11-20 01:00:00,0.0585709810256958
2016-11-20 02:00:00,0.29998016357421875
2016-11-20 03:00:00,0.2980409860610962
2016-11-20 04:00:00,0.48987823724746704
2016-11-20 05:00:00,-0.18686425685882568
2016-11-20 06:00:00,0.5771372318267822
2016-11-20 07:00:00,0.45478761196136475
2016-11-20 08:00:00,0.47498583793640137
2016-11-20 09:00:00,0.3779425621032715
2016-11-20 10:00:00,0.5351946800947189
2016-11-20 11:00:00,0.1686927080154419
2016-11-20 12:00:00,-0.060109496116638184
2016-11-20 13:00:00,-0.2880622148513794
2016-11-20 14:00:00,-0.43026256561279297
2016-11-20 15:00:00,-0.4486124515533447
2016-11-20 16:00:00,-0.7071993350982666
2016-11-20 17:00:00,-0.876410722732544
2016-11-20 18:00:00,-1.0240947008132935
2016-11-20 19:00:00,-1.114253282546997
2016-11-20 20:00:00,-1.1493969112634659
2016-11-20 21:00:00,-1.1491847187280655
2016-11-20 22:00:00,-0.9663839638233185
2016-11-20 23:00:00,-0.7290902733802795
2016-11-21 00:00:00,-0.4056454300880432
2016-11-21 01:00:00,-0.18162643909454346
2016-11-21 02:00:00,-0.04073166847229004
2016-11-21 03:00:00,0.06121349334716797
2016-11-21 04:00:00,0.12252664566040039
2016-11-21 05:00:00,0.1766861081123352
2016-11-21 06:00:00,1.4564027786254883
2016-11-21 07:00:00,1.7445205748081207
2016-11-21 08:00:00,1.7033658623695374
2016-11-21 09:00:00,1.5101217329502106
2016-11-21 10:00:00,1.5078311115503311
2016-11-21 11:00:00,0.6021428108215332
2016-11-21 12:00:00,0.9845705032348633
2016-11-21 13:00:00,1.1051981449127197
2016-11-21 14:00:00,1.1709749549627304
2016-11-21 15:00:00,1.2151674032211304
2016-11-21 16:00:00,1.2506656497716904
2016-11-21 17:00:00,1.2249333709478378
2016-11-21 18:00:00,1.2138848155736923
2016-11-21 19:00:00,1.2168285995721817
2016-11-21 20:00:00,1.252777338027954
2016-11-21 21:00:00,1.3042049407958984
2016-11-21 22:00:00,1.3496406078338623
2016-11-21 23:00:00,1.3501570224761963
2016-11-22 00:00:00,1.2743427753448486
2016-11-22 01:00:00,1.2202422618865967
2016-11-22 02:00:00,1.1756377220153809
2016-11-22 03:00:00,2.1323740482330322
2016-11-22 04:00:00,2.339223861694336
2016-11-22 05:00:00,2.368450164794922
2016-11-22 06:00:00,3.2354166507720947
2016-11-22 07:00:00,3.2110867500305176
2016-11-22 08:00:00,3.4137823581695557
2016-11-22 09:00:00,3.706666648387909
2016-11-22 10:00:00,3.738131523132324
2016-11-22 11:00:00,2.527924060821533
2016-11-22 12:00:00,1.38539719581604
2016-11-22 13:00:00,1.4960074424743652
2016-11-22 14:00:00,1.6541731357574463
2016-11-22 15:00:00,1.8807377815246582
2016-11-22 16:00:00,1.8790911734104156
2016-11-22 17:00:00,1.7662039995193481
2016-11-22 18:00:00,1.6480991840362549
2016-11-22 19:00:00,1.5759236812591553
2016-11-22 20:00:00,1.5039310455322266
2016-11-22 21:00:00,1.4170262813568115
2016-11-22 22:00:00,1.5601056814193726
2016-11-22 23:00:00,1.7078304290771484
2016-11-23 00:00:00,1.7166647911071777
2016-11-23 01:00:00,1.6511030197143555
2016-11-23 02:00:00,1.7730909585952759
2016-11-23 03:00:00,3.399061679840088
2016-11-23 04:00:00,2.9076499938964844
2016-11-23 05:00:00,2.3393750190734863
2016-11-23 06:00:00,3.1925549507141113
2016-11-23 07:00:00,2.881232261657715
2016-11-23 08:00:00,3.138657569885254
2016-11-23 09:00:00,3.146470308303833
2016-11-23 10:00:00,2.8887760639190674
2016-11-23 11:00:00,1.196897029876709
2016-11-23 12:00:00,1.1866577863693237
2016-11-23 13:00:00,1.187159314751625
2016-11-23 14:00:00,1.1232806295156479
2016-11-23 15:00:00,1.036892056465149
2016-11-23 16:00:00,0.9400263279676437
2016-11-23 17:00:00,0.8839324712753296
2016-11-23 18:00:00,0.8137771487236023
2016-11-23 19:00:00,0.7504204511642456
2016-11-23 20:00:00,0.6654104590415955
2016-11-23 21:00:00,0.6522320508956909
2016-11-23 22:00:00,0.7425087690353394
2016-11-23 23:00:00,0.8457804918289185
2016-11-24 00:00:00,0.9834815263748169
2016-11-24 01:00:00,1.1242761611938477
2016-11-24 02:00:00,1.285331130027771
2016-11-24 03:00:00,2.3050787448883057
2016-11-24 04:00:00,2.835796594619751
2016-11-24 05:00:00,2.702380418777466
2016-11-24 06:00:00,3.713895797729492
2016-11-24 07:00:00,3.6022720336914062
2016-11-24 08:00:00,3.5083870887756348
2016-11-24 09:00:00,3.6014609336853027
2016-11-24 10:00:00,3.605623245239258
2016-11-24 11:00:00,2.2817118167877197
2016-11-24 12:00:00,1.5829670429229736
2016-11-24 13:00:00,1.733337789773941
2016-11-24 14:00:00,1.8720784187316895
2016-11-24 15:00:00,1.9583515524864197
2016-11-24 16:00:00,1.8649933338165283
2016-11-24 17:00:00,1.8079216480255127
2016-11-24 18:00:00,1.7455754280090332
2016-11-24 19:00:00,1.6630103588104248
2016-11-24 20:00:00,1.5690559148788452
2016-11-24 21:00:00,1.5178571939468384
2016-11-24 22:00:00,1.713392734527588
2016-11-24 23:00:00,1.9157231450080872
2016-11-25 00:00:00,2.049433171749115
2016-11-25 01:00:00,2.137806236743927
2016-11-25 02:00:00,2.363350600004196
2016-11-25 03:00:00,3.5316739082336426
2016-11-25 04:00:00,3.4539108276367188
2016-11-25 05:00:00,4.003817558288574
2016-11-25 06:00:00,4.397233009338379
2016-11-25 07:00:00,4.4330058097839355
2016-11-25 08:00:00,4.506775796413422
2016-11-25 09:00:00,4.511549472808838
2016-11-25 10:00:00,4.54666805267334
2016-11-25 11:00:00,3.9676454663276672
2016-11-25 12:00:00,2.5841732025146484
2016-11-25 13:00:00,2.943960666656494
2016-11-25 14:00:00,3.393951654434204
2016-11-25 15:00:00,3.590487003326416
2016-11-25 16:00:00,3.209712028503418
2016-11-25 17:00:00,3.074187994003296
2016-11-25 18:00:00,3.1419119834899902
2016-11-25 19:00:00,3.1518936157226562
2016-11-25 20:00:00,3.011885166168213
2016-11-25 21:00:00,2.790131092071533
2016-11-25 22:00:00,2.915430784225464
2016-11-25 23:00:00,2.8411998748779297
2016-11-26 00:00:00,2.8316166400909424
2016-11-26 01:00:00,2.839113712310791
2016-11-26 02:00:00,3.053816556930542
2016-11-26 03:00:00,3.946981906890869
2016-11-26 04:00:00,3.7250916957855225
2016-11-26 05:00:00,4.766001224517822
2016-11-26 06:00:00,4.468044757843018
2016-11-26 07:00:00,4.049073696136475
2016-11-26 08:00:00,3.8754194378852844
2016-11-26 09:00:00,3.884563446044922
2016-11-26 10:00:00,3.8933984637260437
2016-11-26 11:00:00,3.2025811672210693
2016-11-26 12:00:00,1.6366010904312134
2016-11-26 13:00:00,1.7746751308441162
2016-11-26 14:00:00,1.9460058212280273
2016-11-26 15:00:00,2.105907678604126
2016-11-26 16:00:00,2.1260616779327393
2016-11-26 17:00:00,2.1167662143707275
2016-11-26 18:00:00,2.020573616027832
2016-11-26 19:00:00,1.9372496604919434
2016-11-26 20:00:00,1.828183650970459
2016-11-26 21:00:00,1.6881552934646606
2016-11-26 22:00:00,1.7694594860076904
2016-11-26 23:00:00,1.8342320919036865
2016-11-27 00:00:00,1.8920972347259521
2016-11-27 01:00:00,1.9956226348876953
2016-11-27 02:00:00,2.2707507610321045
2016-11-27 03:00:00,3.731621026992798
2016-11-27 04:00:00,3.295462131500244
2016-11-27 05:00:00,3.6398527026176453
2016-11-27 06:00:00,4.437748908996582
2016-11-27 07:00:00,4.390609264373779
2016-11-27 08:00:00,4.365620136260986
2016-11-27 09:00:00,4.379090309143066
2016-11-27 10:00:00,4.384976387023926
2016-11-27 11:00:00,3.6232829093933105
2016-11-27 12:00:00,1.9319369792938232
2016-11-27 13:00:00,2.1574790477752686
2016-11-27 14:00:00,2.4544734954833984
2016-11-27 15:00:00,2.7170512676239014
2016-11-27 16:00:00,2.870375633239746
2016-11-27 17:00:00,2.980724334716797
2016-11-27 18:00:00,3.0331952571868896
2016-11-27 19:00:00,3.0163023471832275
2016-11-27 20:00:00,2.9212400913238525
2016-11-27 21:00:00,2.817732095718384
2016-11-27 22:00:00,2.8612618446350098
2016-11-27 23:00:00,2.8041586875915527
2016-11-28 00:00:00,2.7202649116516113
2016-11-28 01:00:00,2.671808958053589
2016-11-28 02:00:00,2.8127987384796143
2016-11-28 03:00:00,3.8238229751586914
2016-11-28 04:00:00,3.150615930557251
2016-11-28 05:00:00,3.6176986694335938
2016-11-28 06:00:00,4.207993507385254
2016-11-28 07:00:00,4.022351264953613
2016-11-28 08:00:00,3.8352810740470886
2016-11-28 09:00:00,3.62111234664917
2016-11-28 10:00:00,3.4280285835266113
2016-11-28 11:00:00,2.172372817993164
2016-11-28 12:00:00,1.274172067642212
2016-11-28 13:00:00,1.3771772384643555
2016-11-28 14:00:00,1.3967618942260742
2016-11-28 15:00:00,1.3780972957611084
2016-11-28 16:00:00,1.3581738471984863
2016-11-28 17:00:00,1.3501675128936768
2016-11-28 18:00:00,1.316035509109497
2016-11-28 19:00:00,1.265401840209961
2016-11-28 20:00:00,1.2127002477645874
2016-11-28 21:00:00,1.1593691110610962
2016-11-28 22:00:00,1.1048185676336288
2016-11-28 23:00:00,1.070894479751587
2016-11-29 00:00:00,1.0447114706039429
2016-11-29 01:00:00,1.0364896059036255
2016-11-29 02:00:00,1.0193355083465576
2016-11-29 03:00:00,1.1735490560531616
2016-11-29 04:00:00,1.1575244665145874
2016-11-29 05:00:00,0.6162588596343994
2016-11-29 06:00:00,1.1894605159759521
2016-11-29 07:00:00,1.2245526313781738
2016-11-29 08:00:00,1.2231245040893555
2016-11-29 09:00:00,1.1888433694839478
2016-11-29 10:00:00,1.0018394142389297
2016-11-29 11:00:00,0.27420318126678467
2016-11-29 12:00:00,-0.030417799949645996
2016-11-29 13:00:00,-0.46486878395080566
2016-11-29 14:00:00,-0.8846950531005859
2016-11-29 15:00:00,-1.1851634979248047
2016-11-29 16:00:00,-1.2554924488067627
2016-11-29 17:00:00,-1.175825595855713
2016-11-29 18:00:00,-0.9720275700092316
2016-11-29 19:00:00,-0.6959875226020813
2016-11-29 20:00:00,-0.38821154460310936
2016-11-29 21:00:00,-0.09077373147010803
2016-11-29 22:00:00,-0.10422253608703613
2016-11-29 23:00:00,-0.2687443494796753
2016-11-30 00:00:00,-0.6089810132980347
2016-11-30 01:00:00,-0.952980637550354
2016-11-30 02:00:00,-1.045700192451477
2016-11-30 03:00:00,-1.7301594018936157
2016-11-30 04:00:00,-2.138154983520508
2016-11-30 05:00:00,-1.9752225279808044
2016-11-30 06:00:00,-1.7977941036224365
2016-11-30 07:00:00,-1.5986459255218506
2016-11-30 08:00:00,-1.3318443298339844
2016-11-30 09:00:00,-1.0109814405441284
2016-11-30 10:00:00,-0.677940845489502
2016-11-30 11:00:00,-0.30347514152526855
2016-11-30 12:00:00,-0.4935483932495117
2016-11-30 13:00:00,-0.5881009101867676
2016-11-30 14:00:00,-0.6132329702377319
2016-11-30 15:00:00,-0.6182148456573486
2016-11-30 16:00:00,-0.6243672370910645
2016-11-30 17:00:00,-0.6219948530197144
2016-11-30 18:00:00,-0.6117590665817261
2016-11-30 19:00:00,-0.585464358329773
2016-11-30 20:00:00,-0.5829906463623047
2016-11-30 21:00:00,-0.6665960550308228
2016-11-30 22:00:00,-0.7796574831008911
2016-11-30 23:00:00,-0.8382691144943237
2016-12-01 00:00:00,-0.8710154891014099
2016-12-01 01:00:00,-0.9371747374534607
2016-12-01 02:00:00,-0.9087877869606018
2016-12-01 03:00:00,-0.6208122968673706
2016-12-01 04:00:00,-1.0871517658233643
2016-12-01 05:00:00,-0.6212733387947083
2016-12-01 06:00:00,-0.8470866233110428
2016-12-01 07:00:00,-0.6686410456895828
2016-12-01 08:00:00,-0.21820519119501114
2016-12-01 09:00:00,0.3933970481157303
2016-12-01 10:00:00,0.7652057409286499
2016-12-01 11:00:00,0.5111908316612244
2016-12-01 12:00:00,0.829364188015461
2016-12-01 13:00:00,0.8765331581234932
2016-12-01 14:00:00,0.9169918298721313
2016-12-01 15:00:00,0.9183502197265625
2016-12-01 16:00:00,0.8655144050717354
2016-12-01 17:00:00,0.8439197540283203
2016-12-01 18:00:00,0.86470627784729
2016-12-01 19:00:00,0.9293020963668823
2016-12-01 20:00:00,0.9822287112474442
2016-12-01 21:00:00,0.9905066043138504
2016-12-01 22:00:00,0.9581252336502075
2016-12-01 23:00:00,0.9258739948272705
2016-12-02 00:00:00,0.8726816177368164
2016-12-02 01:00:00,0.7968128323554993
2016-12-02 02:00:00,0.7356389760971069
2016-12-02 03:00:00,0.5103282332420349
2016-12-02 04:00:00,1.2490909099578857
2016-12-02 05:00:00,1.291671872138977
2016-12-02 06:00:00,1.5163134336471558
2016-12-02 07:00:00,1.5602218955755234
2016-12-02 08:00:00,1.6857558190822601
2016-12-02 09:00:00,1.7630877494812012
2016-12-02 10:00:00,1.796755075454712
2016-12-02 11:00:00,0.7354187965393066
2016-12-02 12:00:00,1.0790903717279434
2016-12-02 13:00:00,1.222974419593811
2016-12-02 14:00:00,1.2927981615066528
2016-12-02 15:00:00,1.3602523803710938
2016-12-02 16:00:00,1.44756281375885
2016-12-02 17:00:00,1.505860447883606
2016-12-02 18:00:00,1.5173206329345703
2016-12-02 19:00:00,1.494375467300415
2016-12-02 20:00:00,1.4405851364135742
2016-12-02 21:00:00,1.3950414657592773
2016-12-02 22:00:00,1.377964735031128
2016-12-02 23:00:00,1.3252053260803223
2016-12-03 00:00:00,1.0816833823919296
2016-12-03 01:00:00,1.0803141742944717
2016-12-03 02:00:00,1.0576545000076294
2016-12-03 03:00:00,2.0792782306671143
2016-12-03 04:00:00,2.119091272354126
2016-12-03 05:00:00,1.9175287187099457
2016-12-03 06:00:00,2.3478806018829346
2016-12-03 07:00:00,2.1313934326171875
2016-12-03 08:00:00,2.3399641811847687
2016-12-03 09:00:00,2.7132766246795654
2016-12-03 10:00:00,2.3313002586364746
2016-12-03 11:00:00,0.9377753734588623
2016-12-03 12:00:00,1.145007386803627
2016-12-03 13:00:00,1.2024226188659668
2016-12-03 14:00:00,1.2258055210113525
2016-12-03 15:00:00,1.1821298599243164
2016-12-03 16:00:00,1.1863744109869003
2016-12-03 17:00:00,1.2078020572662354
2016-12-03 18:00:00,1.211804986000061
2016-12-03 19:00:00,1.2079442739486694
2016-12-03 20:00:00,1.1944823265075684
2016-12-03 21:00:00,1.1529748439788818
2016-12-03 22:00:00,1.0387120246887207
2016-12-03 23:00:00,1.0103516578674316
2016-12-04 00:00:00,1.0968717336654663
2016-12-04 01:00:00,1.1894384622573853
2016-12-04 02:00:00,1.217064619064331
2016-12-04 03:00:00,1.223630428314209
2016-12-04 04:00:00,2.112016439437866
2016-12-04 05:00:00,1.754122257232666
2016-12-04 06:00:00,2.3286902606487274
2016-12-04 07:00:00,2.349152088165283
2016-12-04 08:00:00,2.4529227912425995
2016-12-04 09:00:00,2.4400012493133545
2016-12-04 10:00:00,2.2778754234313965
2016-12-04 11:00:00,0.8132033348083496
2016-12-04 12:00:00,1.1013402938842773
2016-12-04 13:00:00,1.1933953911066055
2016-12-04 14:00:00,1.249783992767334
2016-12-04 15:00:00,1.3049728870391846
2016-12-04 16:00:00,1.302679181098938
2016-12-04 17:00:00,1.2692461013793945
2016-12-04 18:00:00,1.2029399871826172
2016-12-04 19:00:00,1.1189885139465332
2016-12-04 20:00:00,1.0460278987884521
2016-12-04 21:00:00,1.0110009014606476
2016-12-04 22:00:00,1.068729043006897
2016-12-04 23:00:00,1.1234835386276245
2016-12-05 00:00:00,1.1723113059997559
2016-12-05 01:00:00,1.2179725170135498
2016-12-05 02:00:00,1.2439961433410645
2016-12-05 03:00:00,1.9357476234436035
2016-12-05 04:00:00,2.4876456260681152
2016-12-05 05:00:00,2.0824620723724365
2016-12-05 06:00:00,2.9667577743530273
2016-12-05 07:00:00,2.9896295070648193
2016-12-05 08:00:00,3.054976224899292
2016-12-05 09:00:00,3.111663818359375
2016-12-05 10:00:00,3.023470401763916
2016-12-05 11:00:00,1.2450404167175293
2016-12-05 12:00:00,1.256782054901123
2016-12-05 13:00:00,1.3623075485229492
2016-12-05 14:00:00,1.4074275493621826
2016-12-05 15:00:00,1.423568606376648
2016-12-05 16:00:00,1.3943617343902588
2016-12-05 17:00:00,1.3533005714416504
2016-12-05 18:00:00,1.2849383354187012
2016-12-05 19:00:00,1.1316828727722168
2016-12-05 20:00:00,0.8977874517440796
2016-12-05 21:00:00,0.6455472111701965
2016-12-05 22:00:00,0.4402066469192505
2016-12-05 23:00:00,0.2988741993904114
2016-12-06 00:00:00,0.21216648817062378
2016-12-06 01:00:00,0.1805148720741272
2016-12-06 02:00:00,0.20006471872329712
2016-12-06 03:00:00,0.23016571998596191
2016-12-06 04:00:00,0.29616498947143555
2016-12-06 05:00:00,0.14520934224128723
2016-12-06 06:00:00,0.32417696341872215
2016-12-06 07:00:00,0.5223037600517273
2016-12-06 08:00:00,0.8566675633192062
2016-12-06 09:00:00,1.137045606970787
2016-12-06 10:00:00,1.3318991512060165
2016-12-06 11:00:00,0.5998439788818359
2016-12-06 12:00:00,0.8859042674303055
2016-12-06 13:00:00,0.8912067413330078
2016-12-06 14:00:00,0.8242261409759521
2016-12-06 15:00:00,0.6908936500549316
2016-12-06 16:00:00,0.3027985729277134
2016-12-06 17:00:00,-0.0785592645406723
2016-12-06 18:00:00,-0.3352448660880327
2016-12-06 19:00:00,-0.4705009460449219
2016-12-06 20:00:00,-0.6266043186187744
2016-12-06 21:00:00,-0.7706692218780518
2016-12-06 22:00:00,-0.6320611238479614
2016-12-06 23:00:00,-0.2161208987236023
2016-12-07 00:00:00,0.3359103500843048
2016-12-07 01:00:00,0.6340146064758301
2016-12-07 02:00:00,0.8170056939125061
2016-12-07 03:00:00,0.7488311529159546
2016-12-07 04:00:00,1.4280834197998047
2016-12-07 05:00:00,1.2131268978118896
2016-12-07 06:00:00,1.2804431915283203
2016-12-07 07:00:00,1.2469369173049927
2016-12-07 08:00:00,1.3410208225250244
2016-12-07 09:00:00,1.4215497076511383
2016-12-07 10:00:00,1.382469654083252
2016-12-07 11:00:00,0.5414028167724609
2016-12-07 12:00:00,0.6751123666763306
2016-12-07 13:00:00,0.5947149991989136
2016-12-07 14:00:00,0.5290530920028687
2016-12-07 15:00:00,0.535491943359375
2016-12-07 16:00:00,0.6536334753036499
2016-12-07 17:00:00,0.8896898776292801
2016-12-07 18:00:00,1.0799970775842667
2016-12-07 19:00:00,1.2052220106124878
2016-12-07 20:00:00,1.260709285736084
2016-12-07 21:00:00,1.2756049633026123
2016-12-07 22:00:00,1.227196216583252
2016-12-07 23:00:00,1.1891767978668213
2016-12-08 00:00:00,1.1459903717041016
2016-12-08 01:00:00,1.0896271467208862
2016-12-08 02:00:00,1.029741644859314
2016-12-08 03:00:00,0.6244685649871826
2016-12-08 04:00:00,1.3822710514068604
2016-12-08 05:00:00,1.0313742011785507
2016-12-08 06:00:00,1.2195972204208374
2016-12-08 07:00:00,1.0508431196212769
2016-12-08 08:00:00,0.9863336086273193
2016-12-08 09:00:00,0.9763710498809814
2016-12-08 10:00:00,0.9110221862792969
2016-12-08 11:00:00,0.420727014541626
2016-12-08 12:00:00,0.4415990114212036
2016-12-08 13:00:00,0.36549246311187744
2016-12-08 14:00:00,0.3058813810348511
2016-12-08 15:00:00,0.223069429397583
2016-12-08 16:00:00,0.15329456329345703
2016-12-08 17:00:00,0.11538910865783691
2016-12-08 18:00:00,0.1007770299911499
2016-12-08 19:00:00,0.15168344974517822
2016-12-08 20:00:00,0.28507840633392334
2016-12-08 21:00:00,0.4522312879562378
2016-12-08 22:00:00,0.6139652729034424
2016-12-08 23:00:00,0.7372556924819946
2016-12-09 00:00:00,0.8234153240919113
2016-12-09 01:00:00,0.9016901254653931
2016-12-09 02:00:00,0.9777849912643433
2016-12-09 03:00:00,0.7443798780441284
2016-12-09 04:00:00,1.2971599102020264
2016-12-09 05:00:00,0.556649386882782
2016-12-09 06:00:00,0.4603610634803772
2016-12-09 07:00:00,0.22881728410720825
2016-12-09 08:00:00,0.01298048347234726
2016-12-09 09:00:00,-0.06716163270175457
2016-12-09 10:00:00,0.340444203466177
2016-12-09 11:00:00,0.2941868267953396
2016-12-09 12:00:00,0.2795436978340149
2016-12-09 13:00:00,0.12515686452388763
2016-12-09 14:00:00,-0.10758966207504272
2016-12-09 15:00:00,-0.4206090569496155
2016-12-09 16:00:00,-0.5689796358346939
2016-12-09 17:00:00,-0.5404454320669174
2016-12-09 18:00:00,-0.563660740852356
2016-12-09 19:00:00,-0.6093443632125854
2016-12-09 20:00:00,-0.5338988285511732
2016-12-09 21:00:00,-0.5234302431344986
2016-12-09 22:00:00,-0.5429537892341614
2016-12-09 23:00:00,-0.5299659408628941
2016-12-10 00:00:00,-0.5604899004101753
2016-12-10 01:00:00,-0.632668562233448
2016-12-10 02:00:00,-0.6653209328651428
2016-12-10 03:00:00,-0.5013929605484009
2016-12-10 04:00:00,-1.3327455520629883
2016-12-10 05:00:00,-1.4666368961334229
2016-12-10 06:00:00,-0.8067578971385956
2016-12-10 07:00:00,-0.2382984757423401
2016-12-10 08:00:00,0.10399490594863892
2016-12-10 09:00:00,0.3502603694796562
2016-12-10 10:00:00,0.4897946175187826
2016-12-10 11:00:00,0.12394127994775772
2016-12-10 12:00:00,-0.15527479350566864
2016-12-10 13:00:00,-0.39416625909507275
2016-12-10 14:00:00,-0.578421838581562
2016-12-10 15:00:00,-0.6733595132827759
2016-12-10 16:00:00,-0.6880004405975342
2016-12-10 17:00:00,-0.5961830019950867
2016-12-10 18:00:00,-0.4206150770187378
2016-12-10 19:00:00,-0.1871119737625122
2016-12-10 20:00:00,0.05548965930938721
2016-12-10 21:00:00,0.26870083808898926
2016-12-10 22:00:00,0.5044140815734863
2016-12-10 23:00:00,0.6576018333435059
2016-12-11 00:00:00,0.66286301612854
2016-12-11 01:00:00,0.4216417074203491
2016-12-11 02:00:00,0.06026136875152588
2016-12-11 03:00:00,-0.04270899295806885
2016-12-11 04:00:00,-0.679776668548584
2016-12-11 05:00:00,-0.4535694122314453
2016-12-11 06:00:00,0.805724024772644
2016-12-11 07:00:00,1.5102474689483643
2016-12-11 08:00:00,1.837186336517334
2016-12-11 09:00:00,2.1106996536254883
2016-12-11 10:00:00,2.1902027428150177
2016-12-11 11:00:00,1.160857915878296
2016-12-11 12:00:00,1.1795135736465454
2016-12-11 13:00:00,1.1812580823898315
2016-12-11 14:00:00,1.0766143798828125
2016-12-11 15:00:00,0.9687144458293915
2016-12-11 16:00:00,0.9562794864177704
2016-12-11 17:00:00,0.95192751288414
2016-12-11 18:00:00,0.9270519018173218
2016-12-11 19:00:00,0.8796456307172775
2016-12-11 20:00:00,0.8351949453353882
2016-12-11 21:00:00,0.7842207551002502
2016-12-11 22:00:00,0.7122957110404968
2016-12-11 23:00:00,0.6507648825645447
2016-12-12 00:00:00,0.608398325741291
2016-12-12 01:00:00,0.6103127002716064
2016-12-12 02:00:00,0.6280290484428406
2016-12-12 03:00:00,0.9468410015106201
2016-12-12 04:00:00,0.9749162495136261
2016-12-12 05:00:00,0.8375002890825272
2016-12-12 06:00:00,2.6194844245910645
2016-12-12 07:00:00,3.2423057556152344
2016-12-12 08:00:00,3.4380720257759094
2016-12-12 09:00:00,3.210611581802368
2016-12-12 10:00:00,2.9569902420043945
2016-12-12 11:00:00,1.6076393127441406
2016-12-12 12:00:00,1.07514488697052
2016-12-12 13:00:00,1.0702955722808838
2016-12-12 14:00:00,1.0471702814102173
2016-12-12 15:00:00,1.0536062717437744
2016-12-12 16:00:00,1.0914661884307861
2016-12-12 17:00:00,1.1257582902908325
2016-12-12 18:00:00,1.0636881589889526
2016-12-12 19:00:00,0.9431501626968384
2016-12-12 20:00:00,0.7666634917259216
2016-12-12 21:00:00,0.5600686073303223
2016-12-12 22:00:00,0.4307873845100403
2016-12-12 23:00:00,0.3846222013235092
2016-12-13 00:00:00,0.4347485899925232
2016-12-13 01:00:00,0.5788865685462952
2016-12-13 02:00:00,0.7469677925109863
2016-12-13 03:00:00,0.8339833095669746
2016-12-13 04:00:00,2.014997720718384
2016-12-13 05:00:00,2.0781266689300537
2016-12-13 06:00:00,3.125277519226074
2016-12-13 07:00:00,3.1662564277648926
2016-12-13 08:00:00,3.1682708263397217
2016-12-13 09:00:00,3.131347894668579
2016-12-13 10:00:00,2.8315985202789307
2016-12-13 11:00:00,1.605893850326538
2016-12-13 12:00:00,0.9682329893112183
2016-12-13 13:00:00,0.9220270663499832
2016-12-13 14:00:00,0.8788377046585083
2016-12-13 15:00:00,0.8352241441607475
2016-12-13 16:00:00,0.8020944595336914
2016-12-13 17:00:00,0.7518329620361328
2016-12-13 18:00:00,0.7138113528490067
2016-12-13 19:00:00,0.6898441314697266
2016-12-13 20:00:00,0.6904816180467606
2016-12-13 21:00:00,0.7174728363752365
2016-12-13 22:00:00,0.7439706325531006
2016-12-13 23:00:00,0.7786306142807007
2016-12-14 00:00:00,0.7806447744369507
2016-12-14 01:00:00,0.7680286169052124
2016-12-14 02:00:00,0.8048715591430664
2016-12-14 03:00:00,1.3067130148410797
2016-12-14 04:00:00,2.041900157928467
2016-12-14 05:00:00,2.148159980773926
2016-12-14 06:00:00,3.3325629234313965
2016-12-14 07:00:00,3.4268245697021484
2016-12-14 08:00:00,3.4188270568847656
2016-12-14 09:00:00,3.412832498550415
2016-12-14 10:00:00,3.23136568069458
2016-12-14 11:00:00,2.0533840656280518
2016-12-14 12:00:00,1.2909150123596191
2016-12-14 13:00:00,1.4054596424102783
2016-12-14 14:00:00,1.5092778205871582
2016-12-14 15:00:00,1.5822133123874664
2016-12-14 16:00:00,1.5893452167510986
2016-12-14 17:00:00,1.5528020858764648
2016-12-14 18:00:00,1.542603850364685
2016-12-14 19:00:00,1.546212911605835
2016-12-14 20:00:00,1.5218639373779297
2016-12-14 21:00:00,1.4990755319595337
2016-12-14 22:00:00,1.6144323348999023
2016-12-14 23:00:00,1.677969217300415
2016-12-15 00:00:00,1.6488720178604126
2016-12-15 01:00:00,1.5963687896728516
2016-12-15 02:00:00,1.74031662940979
2016-12-15 03:00:00,3.3133091926574707
2016-12-15 04:00:00,2.689531087875366
2016-12-15 05:00:00,3.3355462551116943
2016-12-15 06:00:00,3.89351749420166
2016-12-15 07:00:00,3.615054130554199
2016-12-15 08:00:00,3.581294536590576
2016-12-15 09:00:00,3.5607964992523193
2016-12-15 10:00:00,3.3175766468048096
2016-12-15 11:00:00,1.6009129285812378
2016-12-15 12:00:00,1.236402153968811
2016-12-15 13:00:00,1.3026243448257446
2016-12-15 14:00:00,1.3455206155776978
2016-12-15 15:00:00,1.3854947090148926
2016-12-15 16:00:00,1.4237438440322876
2016-12-15 17:00:00,1.4219709634780884
2016-12-15 18:00:00,1.3950669765472412
2016-12-15 19:00:00,1.348888874053955
2016-12-15 20:00:00,1.3025729656219482
2016-12-15 21:00:00,1.301068663597107
2016-12-15 22:00:00,1.2744734287261963
2016-12-15 23:00:00,1.25095796585083
2016-12-16 00:00:00,1.2383489608764648
2016-12-16 01:00:00,1.2153422832489014
2016-12-16 02:00:00,1.175577998161316
2016-12-16 03:00:00,1.1351876556873322
2016-12-16 04:00:00,1.6763615608215332
2016-12-16 05:00:00,1.5676243305206299
2016-12-16 06:00:00,1.892794132232666
2016-12-16 07:00:00,1.8823680877685547
2016-12-16 08:00:00,1.8957417011260986
2016-12-16 09:00:00,1.8797878324985504
2016-12-16 10:00:00,1.8632316589355469
2016-12-16 11:00:00,0.6703172326087952
2016-12-16 12:00:00,0.9447276294231415
2016-12-16 13:00:00,0.961471825838089
2016-12-16 14:00:00,0.9823622554540634
2016-12-16 15:00:00,1.016964316368103
2016-12-16 16:00:00,1.0032130479812622
2016-12-16 17:00:00,0.9921284914016724
2016-12-16 18:00:00,0.9763448238372803
2016-12-16 19:00:00,0.9647284746170044
2016-12-16 20:00:00,0.9466683864593506
2016-12-16 21:00:00,0.939455509185791
2016-12-16 22:00:00,0.906074047088623
2016-12-16 23:00:00,0.9083192348480225
2016-12-17 00:00:00,0.9353883266448975
2016-12-17 01:00:00,0.984493687748909
2016-12-17 02:00:00,1.003227710723877
2016-12-17 03:00:00,1.7494221329689026
2016-12-17 04:00:00,1.9648813605308533
2016-12-17 05:00:00,1.86667001247406
2016-12-17 06:00:00,2.5279116928577423
2016-12-17 07:00:00,2.5966837406158447
2016-12-17 08:00:00,2.639820098876953
2016-12-17 09:00:00,2.6739883422851562
2016-12-17 10:00:00,2.5586483478546143
2016-12-17 11:00:00,0.9066869765520096
2016-12-17 12:00:00,1.1376261860132217
2016-12-17 13:00:00,1.1194110065698624
2016-12-17 14:00:00,1.0613410472869873
2016-12-17 15:00:00,1.0224878787994385
2016-12-17 16:00:00,1.0386327505111694
2016-12-17 17:00:00,1.0368584394454956
2016-12-17 18:00:00,0.9728130102157593
2016-12-17 19:00:00,0.8839273452758789
2016-12-17 20:00:00,0.8512320518493652
2016-12-17 21:00:00,0.880499005317688
2016-12-17 22:00:00,0.8615601062774658
2016-12-17 23:00:00,0.8690696954727173
2016-12-18 00:00:00,0.8994688987731934
2016-12-18 01:00:00,0.9952949285507202
2016-12-18 02:00:00,1.0403469800949097
2016-12-18 03:00:00,1.4280915260314941
2016-12-18 04:00:00,2.117947608232498
2016-12-18 05:00:00,1.7837977409362793
2016-12-18 06:00:00,2.2053043842315674
2016-12-18 07:00:00,2.0020198225975037
2016-12-18 08:00:00,1.9288673400878906
2016-12-18 09:00:00,1.986287534236908
2016-12-18 10:00:00,1.9883264899253845
2016-12-18 11:00:00,0.7824525833129883
2016-12-18 12:00:00,1.1369389295578003
2016-12-18 13:00:00,1.1941561549901962
2016-12-18 14:00:00,1.1930589526891708
2016-12-18 15:00:00,1.182323694229126
2016-12-18 16:00:00,1.1816522926092148
2016-12-18 17:00:00,1.1935319900512695
2016-12-18 18:00:00,1.1941356658935547
2016-12-18 19:00:00,1.1421629190444946
2016-12-18 20:00:00,1.0715242624282837
2016-12-18 21:00:00,1.02933669090271
2016-12-18 22:00:00,1.0237163305282593
2016-12-18 23:00:00,1.049034595489502
2016-12-19 00:00:00,1.1164450645446777
2016-12-19 01:00:00,1.222135305404663
2016-12-19 02:00:00,1.3548967838287354
2016-12-19 03:00:00,2.556501865386963
2016-12-19 04:00:00,2.765187978744507
2016-12-19 05:00:00,2.503033399581909
2016-12-19 06:00:00,3.157543659210205
2016-12-19 07:00:00,3.1411843299865723
2016-12-19 08:00:00,3.3439438343048096
2016-12-19 09:00:00,3.4675192832946777
2016-12-19 10:00:00,3.315669059753418
2016-12-19 11:00:00,1.4667116403579712
2016-12-19 12:00:00,1.5601792335510254
2016-12-19 13:00:00,1.7607746124267578
2016-12-19 14:00:00,1.8985370695590973
2016-12-19 15:00:00,1.968466341495514
2016-12-19 16:00:00,2.027615785598755
2016-12-19 17:00:00,2.1011857390403748
2016-12-19 18:00:00,2.1779151260852814
2016-12-19 19:00:00,2.236362934112549
2016-12-19 20:00:00,2.2376623153686523
2016-12-19 21:00:00,2.200059175491333
2016-12-19 22:00:00,2.226160556077957
2016-12-19 23:00:00,2.213204860687256
2016-12-20 00:00:00,2.147942006587982
2016-12-20 01:00:00,2.1132843494415283
2016-12-20 02:00:00,2.181431531906128
2016-12-20 03:00:00,3.353148937225342
2016-12-20 04:00:00,3.340141534805298
2016-12-20 05:00:00,3.364527940750122
2016-12-20 06:00:00,4.632559299468994
2016-12-20 07:00:00,4.840272426605225
2016-12-20 08:00:00,4.945953369140625
2016-12-20 09:00:00,4.9191813468933105
2016-12-20 10:00:00,4.671916484832764
2016-12-20 11:00:00,3.137268543243408
2016-12-20 12:00:00,1.9042763710021973
2016-12-20 13:00:00,2.2119832038879395
2016-12-20 14:00:00,2.545804023742676
2016-12-20 15:00:00,2.866281270980835
2016-12-20 16:00:00,2.9040637016296387
2016-12-20 17:00:00,2.9598546028137207
2016-12-20 18:00:00,2.883561611175537
2016-12-20 19:00:00,2.779494047164917
2016-12-20 20:00:00,2.720932722091675
2016-12-20 21:00:00,2.5404088497161865
2016-12-20 22:00:00,2.720231533050537
2016-12-20 23:00:00,2.8068530559539795
2016-12-21 00:00:00,2.7960205078125
2016-12-21 01:00:00,2.8241891860961914
2016-12-21 02:00:00,2.855648994445801
2016-12-21 03:00:00,3.798834800720215
2016-12-21 04:00:00,3.206432580947876
2016-12-21 05:00:00,3.172192096710205
2016-12-21 06:00:00,4.585996627807617
2016-12-21 07:00:00,4.484983444213867
2016-12-21 08:00:00,4.414216995239258
2016-12-21 09:00:00,4.3156819343566895
2016-12-21 10:00:00,4.256879806518555
2016-12-21 11:00:00,2.535762310028076
2016-12-21 12:00:00,1.7460917234420776
2016-12-21 13:00:00,2.01330828666687
2016-12-21 14:00:00,2.2833080291748047
2016-12-21 15:00:00,2.526773452758789
2016-12-21 16:00:00,2.5160508155822754
2016-12-21 17:00:00,2.435220241546631
2016-12-21 18:00:00,2.257290840148926
2016-12-21 19:00:00,1.9817349910736084
2016-12-21 20:00:00,1.6893521547317505
2016-12-21 21:00:00,1.494367241859436
2016-12-21 22:00:00,1.4960343837738037
2016-12-21 23:00:00,1.491796612739563
2016-12-22 00:00:00,1.4186699390411377
2016-12-22 01:00:00,1.3142082691192627
2016-12-22 02:00:00,1.1933646202087402
2016-12-22 03:00:00,2.227221727371216
2016-12-22 04:00:00,1.7351858615875244
2016-12-22 05:00:00,1.5112308263778687
2016-12-22 06:00:00,1.733640193939209
2016-12-22 07:00:00,1.9550368785858154
2016-12-22 08:00:00,2.134876012802124
2016-12-22 09:00:00,2.3083133697509766
2016-12-22 10:00:00,2.1750247478485107
2016-12-22 11:00:00,0.7810035347938538
2016-12-22 12:00:00,1.1212007999420166
2016-12-22 13:00:00,1.2880228757858276
2016-12-22 14:00:00,1.3971278667449951
2016-12-22 15:00:00,1.434191107749939
2016-12-22 16:00:00,1.415860652923584
2016-12-22 17:00:00,1.3576819896697998
2016-12-22 18:00:00,1.2285212278366089
2016-12-22 19:00:00,0.9788233041763306
2016-12-22 20:00:00,0.659186840057373
2016-12-22 21:00:00,0.3769669532775879
2016-12-22 22:00:00,0.2905319929122925
2016-12-22 23:00:00,0.3105919361114502
2016-12-23 00:00:00,0.39662086963653564
2016-12-23 01:00:00,0.46964550018310547
2016-12-23 02:00:00,0.5868254899978638
2016-12-23 03:00:00,0.4886389970779419
2016-12-23 04:00:00,1.023844838142395
2016-12-23 05:00:00,0.961004376411438
2016-12-23 06:00:00,1.4807506799697876
2016-12-23 07:00:00,1.5499247312545776
2016-12-23 08:00:00,1.6637934744358063
2016-12-23 09:00:00,1.829972505569458
2016-12-23 10:00:00,1.9569326043128967
2016-12-23 11:00:00,0.7592349052429199
2016-12-23 12:00:00,1.1097042560577393
2016-12-23 13:00:00,0.9708125591278076
2016-12-23 14:00:00,0.8031686544418335
2016-12-23 15:00:00,0.663668155670166
2016-12-23 16:00:00,0.6384695768356323
2016-12-23 17:00:00,0.5287375450134277
2016-12-23 18:00:00,0.3208822011947632
2016-12-23 19:00:00,0.09245383739471436
2016-12-23 20:00:00,0.014587640762329102
2016-12-23 21:00:00,-0.12684953212738037
2016-12-23 22:00:00,-0.5078191757202148
2016-12-23 23:00:00,-0.7684067487716675
2016-12-24 00:00:00,-0.8173173666000366
2016-12-24 01:00:00,-0.570512056350708
2016-12-24 02:00:00,-0.4435075521469116
2016-12-24 03:00:00,-0.30566298961639404
2016-12-24 04:00:00,-0.5587011575698853
2016-12-24 05:00:00,-0.7890040874481201
2016-12-24 06:00:00,-0.9692647457122803
2016-12-24 07:00:00,-1.1588754653930664
2016-12-24 08:00:00,-1.024827241897583
2016-12-24 09:00:00,-0.8272382020950317
2016-12-24 10:00:00,-0.9108578860759735
2016-12-24 11:00:00,-0.5841411352157593
2016-12-24 12:00:00,-1.0318692028522491
2016-12-24 13:00:00,-1.1948579549789429
2016-12-24 14:00:00,-1.2768505811691284
2016-12-24 15:00:00,-1.3155617713928223
2016-12-24 16:00:00,-1.2522867918014526
2016-12-24 17:00:00,-1.1550530195236206
2016-12-24 18:00:00,-1.0307080745697021
2016-12-24 19:00:00,-0.9360119849443436
2016-12-24 20:00:00,-0.9083096981048584
2016-12-24 21:00:00,-0.856606125831604
2016-12-24 22:00:00,-0.84344732016325
2016-12-24 23:00:00,-0.8395243883132935
2016-12-25 00:00:00,-0.926455020904541
2016-12-25 01:00:00,-0.9510500580072403
2016-12-25 02:00:00,-0.8748571872711182
2016-12-25 03:00:00,-1.5019620954990387
2016-12-25 04:00:00,-1.391930565237999
2016-12-25 05:00:00,-0.9353790134191513
2016-12-25 06:00:00,-0.21139049530029297
2016-12-25 07:00:00,0.3791917562484741
2016-12-25 08:00:00,1.0933642387390137
2016-12-25 09:00:00,1.6010310649871826
2016-12-25 10:00:00,1.9551687240600586
2016-12-25 11:00:00,0.9950003623962402
2016-12-25 12:00:00,1.2427021265029907
2016-12-25 13:00:00,1.3063949942588806
2016-12-25 14:00:00,1.2173328399658203
2016-12-25 15:00:00,1.247715711593628
2016-12-25 16:00:00,1.1930638551712036
2016-12-25 17:00:00,1.1746090650558472
2016-12-25 18:00:00,1.290853500366211
2016-12-25 19:00:00,1.3216958045959473
2016-12-25 20:00:00,1.4548847675323486
2016-12-25 21:00:00,1.6649978160858154
2016-12-25 22:00:00,1.8463767766952515
2016-12-25 23:00:00,1.913231611251831
2016-12-26 00:00:00,1.6716983318328857
2016-12-26 01:00:00,1.4705947637557983
2016-12-26 02:00:00,1.2979066371917725
2016-12-26 03:00:00,1.976311445236206
2016-12-26 04:00:00,1.8099716901779175
2016-12-26 05:00:00,1.8062145709991455
2016-12-26 06:00:00,2.1491034030914307
2016-12-26 07:00:00,2.610281229019165
2016-12-26 08:00:00,3.0411133766174316
2016-12-26 09:00:00,3.453683853149414
2016-12-26 10:00:00,3.442448616027832
2016-12-26 11:00:00,1.8624362349510193
2016-12-26 12:00:00,1.5028328895568848
2016-12-26 13:00:00,1.6718724966049194
2016-12-26 14:00:00,1.8445495665073395
2016-12-26 15:00:00,2.0898719131946564
2016-12-26 16:00:00,2.188023090362549
2016-12-26 17:00:00,1.9853854775428772
2016-12-26 18:00:00,1.7423151731491089
2016-12-26 19:00:00,1.5073587894439697
2016-12-26 20:00:00,1.3436105251312256
2016-12-26 21:00:00,1.2504563331604004
2016-12-26 22:00:00,1.298781394958496
2016-12-26 23:00:00,1.3441764116287231
2016-12-27 00:00:00,1.343750238418579
2016-12-27 01:00:00,1.3648364543914795
2016-12-27 02:00:00,1.4437451362609863
2016-12-27 03:00:00,2.7871172428131104
2016-12-27 04:00:00,2.427299976348877
2016-12-27 05:00:00,2.0979535579681396
2016-12-27 06:00:00,2.9803080558776855
2016-12-27 07:00:00,2.685971975326538
2016-12-27 08:00:00,2.454344719648361
2016-12-27 09:00:00,2.2500548362731934
2016-12-27 10:00:00,2.2632691860198975
2016-12-27 11:00:00,0.8435313105583191
2016-12-27 12:00:00,1.0722611099481583
2016-12-27 13:00:00,1.0888538360595703
2016-12-27 14:00:00,1.073226198554039
2016-12-27 15:00:00,1.0707645416259766
2016-12-27 16:00:00,1.1352283954620361
2016-12-27 17:00:00,1.1766208410263062
2016-12-27 18:00:00,1.1482895612716675
2016-12-27 19:00:00,1.1073442697525024
2016-12-27 20:00:00,1.0611889362335205
2016-12-27 21:00:00,1.0440236330032349
2016-12-27 22:00:00,1.0808213949203491
2016-12-27 23:00:00,1.1715247631072998
2016-12-28 00:00:00,1.2655951976776123
2016-12-28 01:00:00,1.2908031940460205
2016-12-28 02:00:00,1.2975528240203857
2016-12-28 03:00:00,1.5014073848724365
2016-12-28 04:00:00,2.266536235809326
2016-12-28 05:00:00,2.0250924229621887
2016-12-28 06:00:00,2.3671624660491943
2016-12-28 07:00:00,2.151700735092163
2016-12-28 08:00:00,2.015334576368332
2016-12-28 09:00:00,1.8774490356445312
2016-12-28 10:00:00,1.8822996616363525
2016-12-28 11:00:00,0.7056069374084473
2016-12-28 12:00:00,1.0792402029037476
2016-12-28 13:00:00,1.1232454776763916
2016-12-28 14:00:00,1.1463520526885986
2016-12-28 15:00:00,1.1263772249221802
2016-12-28 16:00:00,0.9262642860412598
2016-12-28 17:00:00,0.5919653177261353
2016-12-28 18:00:00,0.1635608673095703
2016-12-28 19:00:00,-0.21249735355377197
2016-12-28 20:00:00,-0.4885063171386719
2016-12-28 21:00:00,-0.7341070175170898
2016-12-28 22:00:00,-0.7690213918685913
2016-12-28 23:00:00,-0.7405141592025757
2016-12-29 00:00:00,-0.7579361200332642
2016-12-29 01:00:00,-0.7956252545118332
2016-12-29 02:00:00,-0.8069130182266235
2016-12-29 03:00:00,-0.8648603409528732
2016-12-29 04:00:00,-1.6961318254470825
2016-12-29 05:00:00,-1.597284197807312
2016-12-29 06:00:00,-1.1948007345199585
2016-12-29 07:00:00,-1.1852369159460068
2016-12-29 08:00:00,-1.2578871250152588
2016-12-29 09:00:00,-1.412093997001648
2016-12-29 10:00:00,-1.036757469177246
2016-12-29 11:00:00,-0.6739459037780762
2016-12-29 12:00:00,-1.013835683465004
2016-12-29 13:00:00,-1.218030333518982
2016-12-29 14:00:00,-1.2423009872436523
2016-12-29 15:00:00,-1.2216346263885498
2016-12-29 16:00:00,-1.2002990245819092
2016-12-29 17:00:00,-1.146742820739746
2016-12-29 18:00:00,-1.0662629753351212
2016-12-29 19:00:00,-0.987849235534668
2016-12-29 20:00:00,-0.9360367059707642
2016-12-29 21:00:00,-0.9136837720870972
2016-12-29 22:00:00,-0.9305574893951416
2016-12-29 23:00:00,-0.9583812952041626
2016-12-30 00:00:00,-0.9922832250595093
2016-12-30 01:00:00,-1.0136083364486694
2016-12-30 02:00:00,-1.0327719449996948
2016-12-30 03:00:00,-1.7137483358383179
2016-12-30 04:00:00,-2.0295965671539307
2016-12-30 05:00:00,-1.7300881147384644
2016-12-30 06:00:00,-1.8057026863098145
2016-12-30 07:00:00,-1.5833898782730103
2016-12-30 08:00:00,-1.3607573509216309
2016-12-30 09:00:00,-1.2046245336532593
2016-12-30 10:00:00,-1.3049752712249756
2016-12-30 11:00:00,-0.6552963182330132
2016-12-30 12:00:00,-0.955528661608696
2016-12-30 13:00:00,-1.055356964468956
2016-12-30 14:00:00,-1.1276261657476425
2016-12-30 15:00:00,-1.1756669282913208
2016-12-30 16:00:00,-1.1735183000564575
2016-12-30 17:00:00,-1.1605021953582764
2016-12-30 18:00:00,-1.1325228214263916
2016-12-30 19:00:00,-1.1030621528625488
2016-12-30 20:00:00,-1.0730493068695068
2016-12-30 21:00:00,-1.0219288170337677
2016-12-30 22:00:00,-1.0048358738422394
2016-12-30 23:00:00,-0.9869894534349442
2016-12-31 00:00:00,-0.9859315156936646
2016-12-31 01:00:00,-1.0106467008590698
2016-12-31 02:00:00,-1.0290808975696564
2016-12-31 03:00:00,-1.748103380203247
2016-12-31 04:00:00,-1.8212275505065918
2016-12-31 05:00:00,-1.7638499736785889
2016-12-31 06:00:00,-1.945897251367569
2016-12-31 07:00:00,-1.7035715579986572
2016-12-31 08:00:00,-1.486572027206421
2016-12-31 09:00:00,-1.3854596614837646
2016-12-31 10:00:00,-1.107928305864334
2016-12-31 11:00:00,-0.7968037575483322
2016-12-31 12:00:00,-1.1140975952148438
2016-12-31 13:00:00,-1.2491455227136612
2016-12-31 14:00:00,-1.2988144159317017
2016-12-31 15:00:00,-1.2925462871789932
2016-12-31 16:00:00,-1.2035914659500122
2016-12-31 17:00:00,-1.117918610572815
2016-12-31 18:00:00,-1.056050181388855
2016-12-31 19:00:00,-1.0124675035476685
2016-12-31 20:00:00,-0.9940250813961029
2016-12-31 21:00:00,-0.9725020229816437
2016-12-31 22:00:00,-1.0243372917175293
2016-12-31 23:00:00,-1.0571666955947876
2017-01-01 00:00:00,-1.0682425498962402
2017-01-01 01:00:00,-1.048047050833702
2017-01-01 02:00:00,-0.9958562850952148
2017-01-01 03:00:00,-1.3570952415466309
2017-01-01 04:00:00,-1.616294026374817
2017-01-01 05:00:00,-1.6589469909667969
2017-01-01 06:00:00,-2.0903916358947754
2017-01-01 07:00:00,-1.8951404094696045
2017-01-01 08:00:00,-1.5959769487380981
2017-01-01 09:00:00,-1.3487564325332642
2017-01-01 10:00:00,-1.1692818403244019
2017-01-01 11:00:00,-0.36176133155822754
2017-01-01 12:00:00,-0.2166505828499794
2017-01-01 13:00:00,0.10768619179725647
2017-01-01 14:00:00,0.3940703794360161
2017-01-01 15:00:00,0.605069225654006
2017-01-01 16:00:00,0.7518622875213623
2017-01-01 17:00:00,0.7297105193138123
2017-01-01 18:00:00,0.5871012210845947
2017-01-01 19:00:00,0.41159602999687195
2017-01-01 20:00:00,0.2292056679725647
2017-01-01 21:00:00,0.06185680627822876
2017-01-01 22:00:00,-0.08744412660598755
2017-01-01 23:00:00,-0.20453784614801407
2017-01-02 00:00:00,-0.2710374817252159
2017-01-02 01:00:00,-0.31500305980443954
2017-01-02 02:00:00,-0.36375298351049423
2017-01-02 03:00:00,-0.21104693412780762
2017-01-02 04:00:00,-0.5005014538764954
2017-01-02 05:00:00,-1.2245272397994995
2017-01-02 06:00:00,-1.8422391414642334
2017-01-02 07:00:00,-1.7772949934005737
2017-01-02 08:00:00,-1.5231261253356934
2017-01-02 09:00:00,-1.1586187183856964
2017-01-02 10:00:00,-0.7184949368238449
2017-01-02 11:00:00,-0.07325392961502075
2017-01-02 12:00:00,0.3562251329421997
2017-01-02 13:00:00,0.6438465714454651
2017-01-02 14:00:00,0.8048247694969177
2017-01-02 15:00:00,0.8981080055236816
2017-01-02 16:00:00,0.9044075459241867
2017-01-02 17:00:00,0.8759267926216125
2017-01-02 18:00:00,0.8171055316925049
2017-01-02 19:00:00,0.7198666334152222
2017-01-02 20:00:00,0.6537926197052002
2017-01-02 21:00:00,0.664735734462738
2017-01-02 22:00:00,0.6171606183052063
2017-01-02 23:00:00,0.5991782546043396
2017-01-03 00:00:00,0.6138137578964233
2017-01-03 01:00:00,0.6225851774215698
2017-01-03 02:00:00,0.6086822152137756
2017-01-03 03:00:00,1.209639549255371
2017-01-03 04:00:00,1.037190318107605
2017-01-03 05:00:00,0.7873789072036743
2017-01-03 06:00:00,0.5691694039851427
2017-01-03 07:00:00,0.6897551231086254
2017-01-03 08:00:00,0.8651028871536255
2017-01-03 09:00:00,1.1730613708496094
2017-01-03 10:00:00,1.4326286315917969
2017-01-03 11:00:00,1.247411847114563
2017-01-03 12:00:00,0.951641708612442
2017-01-03 13:00:00,0.9949063062667847
2017-01-03 14:00:00,1.0030379444360733
2017-01-03 15:00:00,1.0045215934515
2017-01-03 16:00:00,1.029362216591835
2017-01-03 17:00:00,1.0566456466913223
2017-01-03 18:00:00,1.0821514129638672
2017-01-03 19:00:00,1.0844714492559433
2017-01-03 20:00:00,1.059454083442688
2017-01-03 21:00:00,1.0241097211837769
2017-01-03 22:00:00,0.9639250934123993
2017-01-03 23:00:00,0.8769767880439758
2017-01-04 00:00:00,0.8334835767745972
2017-01-04 01:00:00,0.7924101948738098
2017-01-04 02:00:00,0.7399547100067139
2017-01-04 03:00:00,0.4115309715270996
2017-01-04 04:00:00,0.928961992263794
2017-01-04 05:00:00,0.7773974388837814
2017-01-04 06:00:00,0.7608967609703541
2017-01-04 07:00:00,0.8344129398465157
2017-01-04 08:00:00,0.9486420229077339
2017-01-04 09:00:00,0.9905732870101929
2017-01-04 10:00:00,0.95717453956604
2017-01-04 11:00:00,0.3086872324347496
2017-01-04 12:00:00,0.2015151008963585
2017-01-04 13:00:00,-0.014379799365997314
2017-01-04 14:00:00,-0.14105123281478882
2017-01-04 15:00:00,-0.18230849504470825
2017-01-04 16:00:00,-0.08775556087493896
2017-01-04 17:00:00,0.08085513114929199
2017-01-04 18:00:00,0.2654165029525757
2017-01-04 19:00:00,0.3868780583143234
2017-01-04 20:00:00,0.39098258316516876
2017-01-04 21:00:00,0.2912997007369995
2017-01-04 22:00:00,0.10030138492584229
2017-01-04 23:00:00,0.023627638816833496
2017-01-05 00:00:00,0.022532343864440918
2017-01-05 01:00:00,0.04563701152801514
2017-01-05 02:00:00,0.08876049518585205
2017-01-05 03:00:00,0.11350274085998535
2017-01-05 04:00:00,0.5831990242004395
2017-01-05 05:00:00,0.9288500547409058
2017-01-05 06:00:00,1.4407302141189575
2017-01-05 07:00:00,1.6476184129714966
2017-01-05 08:00:00,1.8423548936843872
2017-01-05 09:00:00,1.9489166736602783
2017-01-05 10:00:00,1.9097228050231934
2017-01-05 11:00:00,0.7031924724578857
2017-01-05 12:00:00,1.0124647617340088
2017-01-05 13:00:00,0.9330925941467285
2017-01-05 14:00:00,0.7499327659606934
2017-01-05 15:00:00,0.5695750713348389
2017-01-05 16:00:00,0.295623779296875
2017-01-05 17:00:00,-0.00142669677734375
2017-01-05 18:00:00,-0.31114423274993896
2017-01-05 19:00:00,-0.5248908996582031
2017-01-05 20:00:00,-0.7743848562240601
2017-01-05 21:00:00,-0.9919153451919556
2017-01-05 22:00:00,-1.136089563369751
2017-01-05 23:00:00,-1.1368794292211533
2017-01-06 00:00:00,-1.0910764932632446
2017-01-06 01:00:00,-1.057115912437439
2017-01-06 02:00:00,-0.9816460609436035
2017-01-06 03:00:00,-1.7210633754730225
2017-01-06 04:00:00,-1.3934340476989746
2017-01-06 05:00:00,-1.5595793724060059
2017-01-06 06:00:00,-1.080848440527916
2017-01-06 07:00:00,-0.7157125920057297
2017-01-06 08:00:00,-0.6699537038803101
2017-01-06 09:00:00,-0.6815922278910875
2017-01-06 10:00:00,-0.646614208817482
2017-01-06 11:00:00,-0.33049411326646805
2017-01-06 12:00:00,-0.26035219291225076
2017-01-06 13:00:00,-0.14429742842912674
2017-01-06 14:00:00,0.054403066635131836
2017-01-06 15:00:00,0.21445845812559128
2017-01-06 16:00:00,0.43317911215126514
2017-01-06 17:00:00,0.7258778810501099
2017-01-06 18:00:00,0.9001205936074257
2017-01-06 19:00:00,0.8215837180614471
2017-01-06 20:00:00,0.6609781980514526
2017-01-06 21:00:00,0.4753464609384537
2017-01-06 22:00:00,0.12447845935821533
2017-01-06 23:00:00,-0.21002036333084106
2017-01-07 00:00:00,-0.5052400827407837
2017-01-07 01:00:00,-0.771774172782898
2017-01-07 02:00:00,-1.212889552116394
2017-01-07 03:00:00,-2.8170392513275146
2017-01-07 04:00:00,-3.08133602142334
2017-01-07 05:00:00,-3.320335865020752
2017-01-07 06:00:00,-2.6089444011449814
2017-01-07 07:00:00,-1.731064811348915
2017-01-07 08:00:00,-0.956421822309494
2017-01-07 09:00:00,-0.4146694988012314
2017-01-07 10:00:00,-0.04745352268218994
2017-01-07 11:00:00,-0.015486598014831543
2017-01-07 12:00:00,-0.37839794158935547
2017-01-07 13:00:00,-0.7015912234783173
2017-01-07 14:00:00,-1.087294191122055
2017-01-07 15:00:00,-1.2566580176353455
2017-01-07 16:00:00,-1.4222416281700134
2017-01-07 17:00:00,-1.474586009979248
2017-01-07 18:00:00,-1.2453219890594482
2017-01-07 19:00:00,-1.232940912246704
2017-01-07 20:00:00,-1.239372968673706
2017-01-07 21:00:00,-1.2034404277801514
2017-01-07 22:00:00,-1.1288155317306519
2017-01-07 23:00:00,-1.0600987672805786
2017-01-08 00:00:00,-1.009697437286377
2017-01-08 01:00:00,-0.9954004287719727
2017-01-08 02:00:00,-0.9716154336929321
2017-01-08 03:00:00,-1.7673174440860748
2017-01-08 04:00:00,-1.3143055438995361
2017-01-08 05:00:00,-1.0553464740514755
2017-01-08 06:00:00,-0.22309303283691406
2017-01-08 07:00:00,0.3016217350959778
2017-01-08 08:00:00,0.6168298125267029
2017-01-08 09:00:00,0.8746777325868607
2017-01-08 10:00:00,0.9137172698974609
2017-01-08 11:00:00,0.7094938158988953
2017-01-08 12:00:00,0.45087873935699463
2017-01-08 13:00:00,0.3751474618911743
2017-01-08 14:00:00,0.3119269609451294
2017-01-08 15:00:00,0.2945420742034912
2017-01-08 16:00:00,0.33961403369903564
2017-01-08 17:00:00,0.36113619804382324
2017-01-08 18:00:00,0.33707308769226074
2017-01-08 19:00:00,0.2869858741760254
2017-01-08 20:00:00,0.25542521476745605
2017-01-08 21:00:00,0.23358631134033203
2017-01-08 22:00:00,0.1854686737060547
2017-01-08 23:00:00,0.197573721408844
2017-01-09 00:00:00,0.2521588206291199
2017-01-09 01:00:00,0.3563556671142578
2017-01-09 02:00:00,0.46268969774246216
2017-01-09 03:00:00,1.130386471748352
2017-01-09 04:00:00,1.196792110800743
2017-01-09 05:00:00,1.655637264251709
2017-01-09 06:00:00,1.8928784728050232
2017-01-09 07:00:00,2.0793778896331787
2017-01-09 08:00:00,2.2769641876220703
2017-01-09 09:00:00,2.4776320457458496
2017-01-09 10:00:00,2.501753330230713
2017-01-09 11:00:00,2.1375293731689453
2017-01-09 12:00:00,1.0510327965021133
2017-01-09 13:00:00,1.136335864663124
2017-01-09 14:00:00,1.1769520044326782
2017-01-09 15:00:00,1.1895000785589218
2017-01-09 16:00:00,1.2040410041809082
2017-01-09 17:00:00,1.2183842658996582
2017-01-09 18:00:00,1.231754794716835
2017-01-09 19:00:00,1.2169595956802368
2017-01-09 20:00:00,1.1670485734939575
2017-01-09 21:00:00,1.1706475019454956
2017-01-09 22:00:00,1.2159937620162964
2017-01-09 23:00:00,1.2710916996002197
2017-01-10 00:00:00,1.3145695924758911
2017-01-10 01:00:00,1.3305833339691162
2017-01-10 02:00:00,1.3794413805007935
2017-01-10 03:00:00,2.918376922607422
2017-01-10 04:00:00,2.6059842109680176
2017-01-10 05:00:00,3.0946388244628906
2017-01-10 06:00:00,3.254767417907715
2017-01-10 07:00:00,3.252562999725342
2017-01-10 08:00:00,3.3380064964294434
2017-01-10 09:00:00,3.316818952560425
2017-01-10 10:00:00,3.3344597816467285
2017-01-10 11:00:00,2.7185723781585693
2017-01-10 12:00:00,1.402055025100708
2017-01-10 13:00:00,1.523086428642273
2017-01-10 14:00:00,1.6178241968154907
2017-01-10 15:00:00,1.7108021676540375
2017-01-10 16:00:00,1.6683475971221924
2017-01-10 17:00:00,1.6278384923934937
2017-01-10 18:00:00,1.5859559774398804
2017-01-10 19:00:00,1.5109268426895142
2017-01-10 20:00:00,1.431011438369751
2017-01-10 21:00:00,1.3425623178482056
2017-01-10 22:00:00,1.309393048286438
2017-01-10 23:00:00,1.281435251235962
2017-01-11 00:00:00,1.2411229610443115
2017-01-11 01:00:00,1.2113384008407593
2017-01-11 02:00:00,1.2182836532592773
2017-01-11 03:00:00,2.6364693641662598
2017-01-11 04:00:00,2.3480405807495117
2017-01-11 05:00:00,2.6768503189086914
2017-01-11 06:00:00,3.174567699432373
2017-01-11 07:00:00,3.3247084617614746
2017-01-11 08:00:00,3.4018394947052
2017-01-11 09:00:00,3.319912910461426
2017-01-11 10:00:00,3.1067261695861816
2017-01-11 11:00:00,2.126963108778
2017-01-11 12:00:00,1.1673228740692139
2017-01-11 13:00:00,1.241887092590332
2017-01-11 14:00:00,1.2920308113098145
2017-01-11 15:00:00,1.3551002740859985
2017-01-11 16:00:00,1.397679090499878
2017-01-11 17:00:00,1.42617666721344
2017-01-11 18:00:00,1.442873477935791
2017-01-11 19:00:00,1.4677975177764893
2017-01-11 20:00:00,1.4922385215759277
2017-01-11 21:00:00,1.5019066333770752
2017-01-11 22:00:00,1.490395426750183
2017-01-11 23:00:00,1.4858847856521606
2017-01-12 00:00:00,1.4549814462661743
2017-01-12 01:00:00,1.3790175914764404
2017-01-12 02:00:00,1.299956202507019
2017-01-12 03:00:00,2.3528990745544434
2017-01-12 04:00:00,2.3252639770507812
2017-01-12 05:00:00,2.386626958847046
2017-01-12 06:00:00,2.6149744987487793
2017-01-12 07:00:00,2.2799969017505646
2017-01-12 08:00:00,1.9835731387138367
2017-01-12 09:00:00,1.7390523850917816
2017-01-12 10:00:00,1.5834197998046875
2017-01-12 11:00:00,0.5886217355728149
2017-01-12 12:00:00,0.8529896810650826
2017-01-12 13:00:00,1.0059557110071182
2017-01-12 14:00:00,1.0727512687444687
2017-01-12 15:00:00,1.101115345954895
2017-01-12 16:00:00,1.0817222744226456
2017-01-12 17:00:00,1.031689628958702
2017-01-12 18:00:00,0.9920071363449097
2017-01-12 19:00:00,0.9271838366985321
2017-01-12 20:00:00,0.9372274577617645
2017-01-12 21:00:00,1.0456218719482422
2017-01-12 22:00:00,1.1196696758270264
2017-01-12 23:00:00,1.18752920627594
2017-01-13 00:00:00,1.196780800819397
2017-01-13 01:00:00,1.2051796913146973
2017-01-13 02:00:00,1.1656960248947144
2017-01-13 03:00:00,1.5646402835845947
2017-01-13 04:00:00,1.9552135467529297
2017-01-13 05:00:00,2.1256825923919678
2017-01-13 06:00:00,1.9940159320831299
2017-01-13 07:00:00,1.8836910724639893
2017-01-13 08:00:00,1.8273918628692627
2017-01-13 09:00:00,1.8040268421173096
2017-01-13 10:00:00,1.6500055938959122
2017-01-13 11:00:00,0.5742181539535522
2017-01-13 12:00:00,0.758410818874836
2017-01-13 13:00:00,0.7081352546811104
2017-01-13 14:00:00,0.6509339399635792
2017-01-13 15:00:00,0.6201575584709644
2017-01-13 16:00:00,0.640998475253582
2017-01-13 17:00:00,0.6634455174207687
2017-01-13 18:00:00,0.6899048164486885
2017-01-13 19:00:00,0.6648880243301392
2017-01-13 20:00:00,0.5710646957159042
2017-01-13 21:00:00,0.4774094969034195
2017-01-13 22:00:00,0.41315674781799316
2017-01-13 23:00:00,0.38545074313879013
2017-01-14 00:00:00,0.39582395926117897
2017-01-14 01:00:00,0.47590791434049606
2017-01-14 02:00:00,0.6104928851127625
2017-01-14 03:00:00,0.6541140079498291
2017-01-14 04:00:00,1.293143391609192
2017-01-14 05:00:00,1.1844561100006104
2017-01-14 06:00:00,1.1308172941207886
2017-01-14 07:00:00,0.9361635744571686
2017-01-14 08:00:00,0.7747324742376804
2017-01-14 09:00:00,0.8386648874729872
2017-01-14 10:00:00,0.8633649796247482
2017-01-14 11:00:00,0.4415452480316162
2017-01-14 12:00:00,0.7188487499952316
2017-01-14 13:00:00,0.7550276517868042
2017-01-14 14:00:00,0.7088036090135574
2017-01-14 15:00:00,0.6440767049789429
2017-01-14 16:00:00,0.6557552367448807
2017-01-14 17:00:00,0.6030051112174988
2017-01-14 18:00:00,0.5984494090080261
2017-01-14 19:00:00,0.7231156229972839
2017-01-14 20:00:00,0.8264765739440918
2017-01-14 21:00:00,0.8593358993530273
2017-01-14 22:00:00,0.5731622576713562
2017-01-14 23:00:00,0.44544410705566406
2017-01-15 00:00:00,0.5086784958839417
2017-01-15 01:00:00,0.7082879543304443
2017-01-15 02:00:00,0.811415433883667
2017-01-15 03:00:00,1.1882264614105225
2017-01-15 04:00:00,1.407134309411049
2017-01-15 05:00:00,1.0410372018814087
2017-01-15 06:00:00,0.769028902053833
2017-01-15 07:00:00,0.5256855487823486
2017-01-15 08:00:00,0.40627986192703247
2017-01-15 09:00:00,0.25729525089263916
2017-01-15 10:00:00,0.01942121982574463
2017-01-15 11:00:00,-0.14254260063171387
2017-01-15 12:00:00,-0.45440423488616943
2017-01-15 13:00:00,-0.7491732835769653
2017-01-15 14:00:00,-0.9425753355026245
2017-01-15 15:00:00,-1.0810946226119995
2017-01-15 16:00:00,-1.0777605772018433
2017-01-15 17:00:00,-1.0599807500839233
2017-01-15 18:00:00,-1.0355950593948364
2017-01-15 19:00:00,-0.9126145392656326
2017-01-15 20:00:00,-0.6716886162757874
2017-01-15 21:00:00,-0.28007322549819946
2017-01-15 22:00:00,0.042217910289764404
2017-01-15 23:00:00,0.31944888830184937
2017-01-16 00:00:00,0.5052394270896912
2017-01-16 01:00:00,0.594169020652771
2017-01-16 02:00:00,0.618242971599102
2017-01-16 03:00:00,1.2979704141616821
2017-01-16 04:00:00,1.2583832740783691
2017-01-16 05:00:00,1.6913343369960785
2017-01-16 06:00:00,2.5150043964385986
2017-01-16 07:00:00,2.6698081493377686
2017-01-16 08:00:00,2.825150966644287
2017-01-16 09:00:00,2.866021156311035
2017-01-16 10:00:00,2.891108274459839
2017-01-16 11:00:00,2.3423824310302734
2017-01-16 12:00:00,1.3054124116897583
2017-01-16 13:00:00,1.4880051612854004
2017-01-16 14:00:00,1.6289660930633545
2017-01-16 15:00:00,1.60121288895607
2017-01-16 16:00:00,1.5184575319290161
2017-01-16 17:00:00,1.469074010848999
2017-01-16 18:00:00,1.4585151672363281
2017-01-16 19:00:00,1.4723255634307861
2017-01-16 20:00:00,1.5489413738250732
2017-01-16 21:00:00,1.5901923179626465
2017-01-16 22:00:00,1.4212554693222046
2017-01-16 23:00:00,1.2243521213531494
2017-01-17 00:00:00,1.101138949394226
2017-01-17 01:00:00,1.056439995765686
2017-01-17 02:00:00,1.1197551488876343
2017-01-17 03:00:00,2.293982982635498
2017-01-17 04:00:00,2.1059467792510986
2017-01-17 05:00:00,2.5225021839141846
2017-01-17 06:00:00,2.232147216796875
2017-01-17 07:00:00,2.1102857291698456
2017-01-17 08:00:00,2.0979423820972443
2017-01-17 09:00:00,2.1367673575878143
2017-01-17 10:00:00,2.1925394535064697
2017-01-17 11:00:00,2.0406188666820526
2017-01-17 12:00:00,1.014182448387146
2017-01-17 13:00:00,1.11034095287323
2017-01-17 14:00:00,1.06705904006958
2017-01-17 15:00:00,0.983458399772644
2017-01-17 16:00:00,0.9025198221206665
2017-01-17 17:00:00,0.812263011932373
2017-01-17 18:00:00,0.7418328523635864
2017-01-17 19:00:00,0.6980990171432495
2017-01-17 20:00:00,0.6552351713180542
2017-01-17 21:00:00,0.5867311954498291
2017-01-17 22:00:00,0.5885539054870605
2017-01-17 23:00:00,0.6062382459640503
2017-01-18 00:00:00,0.5594260692596436
2017-01-18 01:00:00,0.4715554714202881
2017-01-18 02:00:00,0.37164878845214844
2017-01-18 03:00:00,0.6444028615951538
2017-01-18 04:00:00,0.49544262886047363
2017-01-18 05:00:00,0.509956955909729
2017-01-18 06:00:00,0.8785701096057892
2017-01-18 07:00:00,1.2000101804733276
2017-01-18 08:00:00,1.458112359046936
2017-01-18 09:00:00,1.6061832904815674
2017-01-18 10:00:00,1.6116243302822113
2017-01-18 11:00:00,1.5392858982086182
2017-01-18 12:00:00,0.9067655801773071
2017-01-18 13:00:00,0.9472380876541138
2017-01-18 14:00:00,1.009704351425171
2017-01-18 15:00:00,1.0253835916519165
2017-01-18 16:00:00,0.9886211156845093
2017-01-18 17:00:00,0.9197088479995728
2017-01-18 18:00:00,0.8251544237136841
2017-01-18 19:00:00,0.7929000854492188
2017-01-18 20:00:00,0.7455333471298218
2017-01-18 21:00:00,0.7179684638977051
2017-01-18 22:00:00,0.708777666091919
2017-01-18 23:00:00,0.7482450008392334
2017-01-19 00:00:00,0.8419119119644165
2017-01-19 01:00:00,0.9739152193069458
2017-01-19 02:00:00,1.2853184938430786
2017-01-19 03:00:00,1.9903183579444885
2017-01-19 04:00:00,1.8534953594207764
2017-01-19 05:00:00,2.0728490352630615
2017-01-19 06:00:00,2.1553738117218018
2017-01-19 07:00:00,2.2277181148529053
2017-01-19 08:00:00,2.2500376403331757
2017-01-19 09:00:00,2.3501617908477783
2017-01-19 10:00:00,2.5401439666748047
2017-01-19 11:00:00,2.4986188411712646
2017-01-19 12:00:00,1.2335140705108643
2017-01-19 13:00:00,1.44137442111969
2017-01-19 14:00:00,1.5765076577663422
2017-01-19 15:00:00,1.557115077972412
2017-01-19 16:00:00,1.49055016040802
2017-01-19 17:00:00,1.4830161333084106
2017-01-19 18:00:00,1.5130730867385864
2017-01-19 19:00:00,1.4569445848464966
2017-01-19 20:00:00,1.5110177993774414
2017-01-19 21:00:00,1.6251943111419678
2017-01-19 22:00:00,1.5271681547164917
2017-01-19 23:00:00,1.582824945449829
2017-01-20 00:00:00,1.627967357635498
2017-01-20 01:00:00,1.54444420337677
2017-01-20 02:00:00,1.7299740314483643
2017-01-20 03:00:00,2.6213088035583496
2017-01-20 04:00:00,2.2747581005096436
2017-01-20 05:00:00,2.7156946659088135
2017-01-20 06:00:00,2.4855231940746307
2017-01-20 07:00:00,2.470120668411255
2017-01-20 08:00:00,2.704899311065674
2017-01-20 09:00:00,2.868795394897461
2017-01-20 10:00:00,2.850318670272827
2017-01-20 11:00:00,2.438961982727051
2017-01-20 12:00:00,1.2965424060821533
2017-01-20 13:00:00,1.4445757865905762
2017-01-20 14:00:00,1.478993535041809
2017-01-20 15:00:00,1.5164178609848022
2017-01-20 16:00:00,1.4792895317077637
2017-01-20 17:00:00,1.4707911014556885
2017-01-20 18:00:00,1.4893172979354858
2017-01-20 19:00:00,1.4543237686157227
2017-01-20 20:00:00,1.3212478160858154
2017-01-20 21:00:00,1.244253396987915
2017-01-20 22:00:00,1.372218370437622
2017-01-20 23:00:00,1.3854312896728516
2017-01-21 00:00:00,1.3136346340179443
2017-01-21 01:00:00,1.3645164966583252
2017-01-21 02:00:00,1.3954005241394043
2017-01-21 03:00:00,2.2887349128723145
2017-01-21 04:00:00,1.8020119667053223
2017-01-21 05:00:00,1.5399741232395172
2017-01-21 06:00:00,1.873934268951416
2017-01-21 07:00:00,1.6718989312648773
2017-01-21 08:00:00,1.8357433378696442
2017-01-21 09:00:00,1.8127632141113281
2017-01-21 10:00:00,1.3039219379425049
2017-01-21 11:00:00,0.7700768113136292
2017-01-21 12:00:00,0.9993808269500732
2017-01-21 13:00:00,1.0522291660308838
2017-01-21 14:00:00,1.0526738464832306
2017-01-21 15:00:00,1.0598880052566528
2017-01-21 16:00:00,1.062294363975525
2017-01-21 17:00:00,1.1013314723968506
2017-01-21 18:00:00,1.0224053859710693
2017-01-21 19:00:00,0.8170286417007446
2017-01-21 20:00:00,0.5542095750570297
2017-01-21 21:00:00,0.38392239809036255
2017-01-21 22:00:00,0.18685591220855713
2017-01-21 23:00:00,0.10597118735313416
2017-01-22 00:00:00,0.11324602365493774
2017-01-22 01:00:00,0.08403629250824451
2017-01-22 02:00:00,-0.02206936478614807
2017-01-22 03:00:00,-0.28231340646743774
2017-01-22 04:00:00,-0.26094114407896996
2017-01-22 05:00:00,0.10331982746720314
2017-01-22 06:00:00,0.6696728318929672
2017-01-22 07:00:00,1.0753661394119263
2017-01-22 08:00:00,1.4890624284744263
2017-01-22 09:00:00,1.6533986032009125
2017-01-22 10:00:00,1.6578800678253174
2017-01-22 11:00:00,1.3574838638305664
2017-01-22 12:00:00,0.7947016209363937
2017-01-22 13:00:00,0.8377698659896851
2017-01-22 14:00:00,0.8335359543561935
2017-01-22 15:00:00,0.8128595799207687
2017-01-22 16:00:00,0.7608420848846436
2017-01-22 17:00:00,0.7152491807937622
2017-01-22 18:00:00,0.6580172777175903
2017-01-22 19:00:00,0.5338163375854492
2017-01-22 20:00:00,0.4134718179702759
2017-01-22 21:00:00,0.4006105661392212
2017-01-22 22:00:00,0.5283869504928589
2017-01-22 23:00:00,0.573783278465271
2017-01-23 00:00:00,0.5268998742103577
2017-01-23 01:00:00,0.4623252749443054
2017-01-23 02:00:00,0.47536031156778336
2017-01-23 03:00:00,1.3125007301568985
2017-01-23 04:00:00,1.398684024810791
2017-01-23 05:00:00,1.9713549613952637
2017-01-23 06:00:00,2.4025232791900635
2017-01-23 07:00:00,2.537188768386841
2017-01-23 08:00:00,2.86506986618042
2017-01-23 09:00:00,3.007737398147583
2017-01-23 10:00:00,2.769463539123535
2017-01-23 11:00:00,2.2380409240722656
2017-01-23 12:00:00,0.7170201539993286
2017-01-23 13:00:00,0.44487082958221436
2017-01-23 14:00:00,0.5325374603271484
2017-01-23 15:00:00,0.5982084274291992
2017-01-23 16:00:00,0.4274078607559204
2017-01-23 17:00:00,0.1685645580291748
2017-01-23 18:00:00,0.10012567043304443
2017-01-23 19:00:00,0.30521512031555176
2017-01-23 20:00:00,0.43705785274505615
2017-01-23 21:00:00,0.4762324094772339
2017-01-23 22:00:00,0.5438764095306396
2017-01-23 23:00:00,0.6593789458274841
2017-01-24 00:00:00,0.7125821113586426
2017-01-24 01:00:00,0.6959097981452942
2017-01-24 02:00:00,0.651768147945404
2017-01-24 03:00:00,1.256685510277748
2017-01-24 04:00:00,1.1096761226654053
2017-01-24 05:00:00,1.813211441040039
2017-01-24 06:00:00,2.151472806930542
2017-01-24 07:00:00,1.957298457622528
2017-01-24 08:00:00,1.6672524511814117
2017-01-24 09:00:00,1.3843898624181747
2017-01-24 10:00:00,1.0186283588409424
2017-01-24 11:00:00,0.3337525874376297
2017-01-24 12:00:00,-0.32446253299713135
2017-01-24 13:00:00,-0.6237244606018066
2017-01-24 14:00:00,-0.7642230540513992
2017-01-24 15:00:00,-0.8860687911510468
2017-01-24 16:00:00,-1.007540225982666
2017-01-24 17:00:00,-1.0358216911554337
2017-01-24 18:00:00,-1.0088179111480713
2017-01-24 19:00:00,-0.9973028898239136
2017-01-24 20:00:00,-1.041502594947815
2017-01-24 21:00:00,-1.0725070238113403
2017-01-24 22:00:00,-1.0663269758224487
2017-01-24 23:00:00,-1.0593417882919312
2017-01-25 00:00:00,-1.0571119785308838
2017-01-25 01:00:00,-1.0204275846481323
2017-01-25 02:00:00,-1.06047785282135
2017-01-25 03:00:00,-2.0614795684814453
2017-01-25 04:00:00,-1.9137821197509766
2017-01-25 05:00:00,-1.9671261310577393
2017-01-25 06:00:00,-2.0278502106666565
2017-01-25 07:00:00,-2.0662903785705566
2017-01-25 08:00:00,-2.1165487468242645
2017-01-25 09:00:00,-2.180072546005249
2017-01-25 10:00:00,-2.160691261291504
2017-01-25 11:00:00,-1.6465849876403809
2017-01-25 12:00:00,-0.9683874845504761
2017-01-25 13:00:00,-1.1476354598999023
2017-01-25 14:00:00,-1.3537336587905884
2017-01-25 15:00:00,-1.4764710664749146
2017-01-25 16:00:00,-1.4453119039535522
2017-01-25 17:00:00,-1.3070731163024902
2017-01-25 18:00:00,-1.1769838333129883
2017-01-25 19:00:00,-1.2437307685613632
2017-01-25 20:00:00,-1.4133360385894775
2017-01-25 21:00:00,-1.4018301963806152
2017-01-25 22:00:00,-1.2531588077545166
2017-01-25 23:00:00,-1.2044129520654678
2017-01-26 00:00:00,-1.2815897315740585
2017-01-26 01:00:00,-1.390350118279457
2017-01-26 02:00:00,-1.7893481850624084
2017-01-26 03:00:00,-2.6149284839630127
2017-01-26 04:00:00,-2.581329345703125
2017-01-26 05:00:00,-2.848421812057495
2017-01-26 06:00:00,-2.8122243881225586
2017-01-26 07:00:00,-2.0521259903907776
2017-01-26 08:00:00,-1.0547285228967667
2017-01-26 09:00:00,-0.19748306274414062
2017-01-26 10:00:00,0.5728857517242432
2017-01-26 11:00:00,1.531165873631835
2017-01-26 12:00:00,2.422419250011444
2017-01-26 13:00:00,3.0936374366283417
2017-01-26 14:00:00,3.60060977935791
2017-01-26 15:00:00,2.705878496170044
2017-01-26 16:00:00,2.2126714885234833
2017-01-26 17:00:00,3.2908997535705566
2017-01-26 18:00:00,1.65851429104805
2017-01-26 19:00:00,0.8105325028300285
2017-01-26 20:00:00,1.5937871932983398
2017-01-26 21:00:00,2.527298927307129
2017-01-26 22:00:00,1.566085010766983
2017-01-26 23:00:00,0.680212676525116
2017-01-27 00:00:00,0.6644920036196709
2017-01-27 01:00:00,0.6906927824020386
2017-01-27 02:00:00,0.6785662025213242
2017-01-27 03:00:00,1.511212944984436
2017-01-27 04:00:00,2.0226833820343018
2017-01-27 05:00:00,2.6255855560302734
2017-01-27 06:00:00,2.7078185081481934
2017-01-27 07:00:00,2.5066988468170166
2017-01-27 08:00:00,2.2192571461200714
2017-01-27 09:00:00,2.030325710773468
2017-01-27 10:00:00,1.8731260299682617
2017-01-27 11:00:00,1.5419658422470093
2017-01-27 12:00:00,0.5575958415865898
2017-01-27 13:00:00,0.6239792704582214
2017-01-27 14:00:00,0.7513816952705383
2017-01-27 15:00:00,0.8350406885147095
2017-01-27 16:00:00,0.9037690162658691
2017-01-27 17:00:00,0.9674647152423859
2017-01-27 18:00:00,0.9843615293502808
2017-01-27 19:00:00,1.0105416774749756
2017-01-27 20:00:00,1.0507441759109497
2017-01-27 21:00:00,1.1152877807617188
2017-01-27 22:00:00,1.0669676065444946
2017-01-27 23:00:00,0.9879285097122192
2017-01-28 00:00:00,0.8859392404556274
2017-01-28 01:00:00,0.8108373880386353
2017-01-28 02:00:00,0.845630407333374
2017-01-28 03:00:00,1.965733140707016
2017-01-28 04:00:00,1.9983230233192444
2017-01-28 05:00:00,2.0778245627880096
2017-01-28 06:00:00,2.211959332227707
2017-01-28 07:00:00,2.427828788757324
2017-01-28 08:00:00,2.6364355087280273
2017-01-28 09:00:00,2.8271708488464355
2017-01-28 10:00:00,2.8241395950317383
2017-01-28 11:00:00,2.5938756465911865
2017-01-28 12:00:00,1.2244382053613663
2017-01-28 13:00:00,1.3997492790222168
2017-01-28 14:00:00,1.521134614944458
2017-01-28 15:00:00,1.5891070365905762
2017-01-28 16:00:00,1.7616280615329742
2017-01-28 17:00:00,1.7197725772857666
2017-01-28 18:00:00,1.773993730545044
2017-01-28 19:00:00,1.8094151020050049
2017-01-28 20:00:00,1.8445731103420258
2017-01-28 21:00:00,1.674230694770813
2017-01-28 22:00:00,1.8253631591796875
2017-01-28 23:00:00,2.005279064178467
2017-01-29 00:00:00,1.981410950422287
2017-01-29 01:00:00,2.067713975906372
2017-01-29 02:00:00,2.6133577823638916
2017-01-29 03:00:00,3.1708321571350098
2017-01-29 04:00:00,2.8422117233276367
2017-01-29 05:00:00,3.3573832511901855
2017-01-29 06:00:00,3.2736430168151855
2017-01-29 07:00:00,3.2707908153533936
2017-01-29 08:00:00,3.308716297149658
2017-01-29 09:00:00,3.3442270755767822
2017-01-29 10:00:00,3.234935998916626
2017-01-29 11:00:00,2.6921396255493164
2017-01-29 12:00:00,1.280725121498108
2017-01-29 13:00:00,1.3947914838790894
2017-01-29 14:00:00,1.379076361656189
2017-01-29 15:00:00,1.2911909818649292
2017-01-29 16:00:00,1.2432371377944946
2017-01-29 17:00:00,1.215591549873352
2017-01-29 18:00:00,1.2190159559249878
2017-01-29 19:00:00,1.2151093482971191
2017-01-29 20:00:00,1.209904670715332
2017-01-29 21:00:00,1.1988228559494019
2017-01-29 22:00:00,1.1454648971557617
2017-01-29 23:00:00,1.0769017934799194
2017-01-30 00:00:00,0.9991310834884644
2017-01-30 01:00:00,0.940190315246582
2017-01-30 02:00:00,0.886915385723114
2017-01-30 03:00:00,1.8161139488220215
2017-01-30 04:00:00,1.4842894077301025
2017-01-30 05:00:00,1.7183427810668945
2017-01-30 06:00:00,1.6407074928283691
2017-01-30 07:00:00,1.6893720626831055
2017-01-30 08:00:00,1.8212365210056305
2017-01-30 09:00:00,2.044142484664917
2017-01-30 10:00:00,2.1584165394306183
2017-01-30 11:00:00,1.651611328125
2017-01-30 12:00:00,0.8293846398591995
2017-01-30 13:00:00,0.6588262394070625
2017-01-30 14:00:00,0.4207291826605797
2017-01-30 15:00:00,0.27055662870407104
2017-01-30 16:00:00,0.231098473072052
2017-01-30 17:00:00,0.22734224796295166
2017-01-30 18:00:00,0.2646806016564369
2017-01-30 19:00:00,0.3081403747200966
2017-01-30 20:00:00,0.3341478109359741
2017-01-30 21:00:00,0.3452853560447693
2017-01-30 22:00:00,0.27154597640037537
2017-01-30 23:00:00,0.23756611347198486
2017-01-31 00:00:00,0.2419337034225464
2017-01-31 01:00:00,0.3080046772956848
2017-01-31 02:00:00,0.40059179067611694
2017-01-31 03:00:00,1.0280388593673706
2017-01-31 04:00:00,1.178505539894104
2017-01-31 05:00:00,1.794477939605713
2017-01-31 06:00:00,1.961310863494873
2017-01-31 07:00:00,2.120728075504303
2017-01-31 08:00:00,2.369043618440628
2017-01-31 09:00:00,2.6435582637786865
2017-01-31 10:00:00,2.6952178478240967
2017-01-31 11:00:00,2.3151237964630127
2017-01-31 12:00:00,1.0095692574977875
2017-01-31 13:00:00,1.0536466985940933
2017-01-31 14:00:00,1.0808610916137695
2017-01-31 15:00:00,1.0983752012252808
2017-01-31 16:00:00,1.1111512184143066
2017-01-31 17:00:00,1.1153872162103653
2017-01-31 18:00:00,1.1150742769241333
2017-01-31 19:00:00,1.0990088135004044
2017-01-31 20:00:00,1.0579774379730225
2017-01-31 21:00:00,0.9890852272510529
2017-01-31 22:00:00,0.9074398279190063
2017-01-31 23:00:00,0.8637225180864334
2017-02-01 00:00:00,0.8423054218292236
2017-02-01 01:00:00,0.8285297900438309
2017-02-01 02:00:00,0.8419144153594971
2017-02-01 03:00:00,1.9786579608917236
2017-02-01 04:00:00,1.7704458236694336
2017-02-01 05:00:00,2.2617759704589844
2017-02-01 06:00:00,2.46738338470459
2017-02-01 07:00:00,2.5558650493621826
2017-02-01 08:00:00,2.5488672256469727
2017-02-01 09:00:00,2.3831357955932617
2017-02-01 10:00:00,2.2797787189483643
2017-02-01 11:00:00,1.929069995880127
2017-02-01 12:00:00,0.9096468687057495
2017-02-01 13:00:00,1.062421441078186
2017-02-01 14:00:00,1.0731523036956787
2017-02-01 15:00:00,1.048917531967163
2017-02-01 16:00:00,0.9437263011932373
2017-02-01 17:00:00,0.8055574893951416
2017-02-01 18:00:00,0.6167945861816406
2017-02-01 19:00:00,0.41519665718078613
2017-02-01 20:00:00,0.24208641052246094
2017-02-01 21:00:00,0.12530887126922607
2017-02-01 22:00:00,0.10207319259643555
2017-02-01 23:00:00,0.12222576141357422
2017-02-02 00:00:00,0.1322237253189087
2017-02-02 01:00:00,0.16929566860198975
2017-02-02 02:00:00,0.20260679721832275
2017-02-02 03:00:00,0.37246406078338623
2017-02-02 04:00:00,0.29531562328338623
2017-02-02 05:00:00,0.5210822820663452
2017-02-02 06:00:00,0.750257134437561
2017-02-02 07:00:00,0.9349915981292725
2017-02-02 08:00:00,1.0541545152664185
2017-02-02 09:00:00,1.0445556640625
2017-02-02 10:00:00,1.1295802593231201
2017-02-02 11:00:00,1.1041923761367798
2017-02-02 12:00:00,0.7092523574829102
2017-02-02 13:00:00,0.7457132339477539
2017-02-02 14:00:00,0.6040501594543457
2017-02-02 15:00:00,0.45108819007873535
2017-02-02 16:00:00,0.30186939239501953
2017-02-02 17:00:00,0.22423887252807617
2017-02-02 18:00:00,0.21245992183685303
2017-02-02 19:00:00,0.22153019905090332
2017-02-02 20:00:00,0.20642447471618652
2017-02-02 21:00:00,0.20861411094665527
2017-02-02 22:00:00,0.27524733543395996
2017-02-02 23:00:00,0.3264838457107544
2017-02-03 00:00:00,0.3602069616317749
2017-02-03 01:00:00,0.3831735849380493
2017-02-03 02:00:00,0.37117552757263184
2017-02-03 03:00:00,0.8335572481155396
2017-02-03 04:00:00,0.6739658117294312
2017-02-03 05:00:00,1.2504222393035889
2017-02-03 06:00:00,1.537055492401123
2017-02-03 07:00:00,1.7547028064727783
2017-02-03 08:00:00,1.9799208045005798
2017-02-03 09:00:00,2.146479845046997
2017-02-03 10:00:00,2.2033820152282715
2017-02-03 11:00:00,1.6674752235412598
2017-02-03 12:00:00,0.7872519493103027
2017-02-03 13:00:00,0.517019510269165
2017-02-03 14:00:00,0.04458439350128174
2017-02-03 15:00:00,-0.3464759588241577
2017-02-03 16:00:00,-0.6786684542894363
2017-02-03 17:00:00,-0.92658331990242
2017-02-03 18:00:00,-1.0259499698877335
2017-02-03 19:00:00,-1.1109044700860977
2017-02-03 20:00:00,-1.155457854270935
2017-02-03 21:00:00,-1.1288878917694092
2017-02-03 22:00:00,-1.0806118249893188
2017-02-03 23:00:00,-1.0311198234558105
2017-02-04 00:00:00,-0.9967868328094482
2017-02-04 01:00:00,-0.994737982749939
2017-02-04 02:00:00,-0.9902615547180176
2017-02-04 03:00:00,-1.9243597984313965
2017-02-04 04:00:00,-1.6882003843784332
2017-02-04 05:00:00,-1.6976399421691895
2017-02-04 06:00:00,-1.8051843047142029
2017-02-04 07:00:00,-1.9050565361976624
2017-02-04 08:00:00,-2.0984601378440857
2017-02-04 09:00:00,-2.3463852405548096
2017-02-04 10:00:00,-2.6799299716949463
2017-02-04 11:00:00,-2.569669723510742
2017-02-04 12:00:00,-1.4780092239379883
2017-02-04 13:00:00,-1.740262895822525
2017-02-04 14:00:00,-2.1475813388824463
2017-02-04 15:00:00,-2.4931931495666504
2017-02-04 16:00:00,-2.812589645385742
2017-02-04 17:00:00,-3.0202736854553223
2017-02-04 18:00:00,-2.8051609992980957
2017-02-04 19:00:00,-2.379326105117798
2017-02-04 20:00:00,-1.738755702972412
2017-02-04 21:00:00,-1.3961780071258545
2017-02-04 22:00:00,-1.2353286743164062
2017-02-04 23:00:00,-1.1601555347442627
2017-02-05 00:00:00,-1.2372812032699585
2017-02-05 01:00:00,-1.1516886949539185
2017-02-05 02:00:00,-1.4634466171264648
2017-02-05 03:00:00,-1.6244003772735596
2017-02-05 04:00:00,-1.2463730573654175
2017-02-05 05:00:00,-1.2119004726409912
2017-02-05 06:00:00,-0.9695135354995728
2017-02-05 07:00:00,-0.29678869247436523
2017-02-05 08:00:00,0.3043355718255043
2017-02-05 09:00:00,0.5386126413941383
2017-02-05 10:00:00,0.36315204203128815
2017-02-05 11:00:00,0.012162774801254272
2017-02-05 12:00:00,-0.1252058520913124
2017-02-05 13:00:00,-0.24992062151432037
2017-02-05 14:00:00,-0.3437005281448364
2017-02-05 15:00:00,-0.4249188229441643
2017-02-05 16:00:00,-0.3672783523797989
2017-02-05 17:00:00,-0.284026600420475
2017-02-05 18:00:00,-0.1191563606262207
2017-02-05 19:00:00,0.11929041147232056
2017-02-05 20:00:00,0.38420333713293076
2017-02-05 21:00:00,0.6507882997393608
2017-02-05 22:00:00,0.9065346270799637
2017-02-05 23:00:00,1.1530731916427612
2017-02-06 00:00:00,1.4747744798660278
2017-02-06 01:00:00,1.8653312623500824
2017-02-06 02:00:00,2.484776020050049
2017-02-06 03:00:00,2.682013511657715
2017-02-06 04:00:00,2.5346641540527344
2017-02-06 05:00:00,2.63769268989563
2017-02-06 06:00:00,2.545130491256714
2017-02-06 07:00:00,2.743195056915283
2017-02-06 08:00:00,3.160353660583496
2017-02-06 09:00:00,3.5148520469665527
2017-02-06 10:00:00,3.447903871536255
2017-02-06 11:00:00,3.0761845111846924
2017-02-06 12:00:00,1.3538177013397217
2017-02-06 13:00:00,1.2774066776037216
2017-02-06 14:00:00,1.1724827140569687
2017-02-06 15:00:00,1.0789378881454468
2017-02-06 16:00:00,1.219895362854004
2017-02-06 17:00:00,1.4014912843704224
2017-02-06 18:00:00,1.3624255657196045
2017-02-06 19:00:00,1.3135533332824707
2017-02-06 20:00:00,1.2952419519424438
2017-02-06 21:00:00,1.2425897121429443
2017-02-06 22:00:00,1.2622902393341064
2017-02-06 23:00:00,1.3572372198104858
2017-02-07 00:00:00,1.5125768184661865
2017-02-07 01:00:00,1.4170944690704346
2017-02-07 02:00:00,1.8266537189483643
2017-02-07 03:00:00,2.4789507389068604
2017-02-07 04:00:00,2.251840829849243
2017-02-07 05:00:00,3.0020864009857178
2017-02-07 06:00:00,2.9215469360351562
2017-02-07 07:00:00,2.883733034133911
2017-02-07 08:00:00,2.908729076385498
2017-02-07 09:00:00,2.9157512187957764
2017-02-07 10:00:00,2.8896937370300293
2017-02-07 11:00:00,2.585751533508301
2017-02-07 12:00:00,1.0866650342941284
2017-02-07 13:00:00,1.1930577754974365
2017-02-07 14:00:00,1.154321551322937
2017-02-07 15:00:00,1.091144323348999
2017-02-07 16:00:00,1.1243492364883423
2017-02-07 17:00:00,1.1812925338745117
2017-02-07 18:00:00,1.220258116722107
2017-02-07 19:00:00,1.2110307067632675
2017-02-07 20:00:00,1.1856194734573364
2017-02-07 21:00:00,1.115627646446228
2017-02-07 22:00:00,0.9953510463237762
2017-02-07 23:00:00,0.8610386848449707
2017-02-08 00:00:00,0.7436569333076477
2017-02-08 01:00:00,0.6598854064941406
2017-02-08 02:00:00,0.5847426652908325
2017-02-08 03:00:00,1.163597822189331
2017-02-08 04:00:00,0.8200282603502274
2017-02-08 05:00:00,0.9010324031114578
2017-02-08 06:00:00,1.4100664854049683
2017-02-08 07:00:00,2.0515944957733154
2017-02-08 08:00:00,2.409179449081421
2017-02-08 09:00:00,2.717459201812744
2017-02-08 10:00:00,2.5557034015655518
2017-02-08 11:00:00,1.9628915786743164
2017-02-08 12:00:00,0.8385530263185501
2017-02-08 13:00:00,0.588672561571002
2017-02-08 14:00:00,0.19536727666854858
2017-02-08 15:00:00,0.020495116710662842
2017-02-08 16:00:00,0.04486364126205444
2017-02-08 17:00:00,0.09086990356445312
2017-02-08 18:00:00,0.12410765886306763
2017-02-08 19:00:00,0.14792931079864502
2017-02-08 20:00:00,0.19407951831817627
2017-02-08 21:00:00,0.29170477390289307
2017-02-08 22:00:00,0.34872329235076904
2017-02-08 23:00:00,0.43545210361480713
2017-02-09 00:00:00,0.53937828540802
2017-02-09 01:00:00,0.6356772780418396
2017-02-09 02:00:00,0.6763390302658081
2017-02-09 03:00:00,1.6314071416854858
2017-02-09 04:00:00,1.7855428457260132
2017-02-09 05:00:00,2.7067418098449707
2017-02-09 06:00:00,2.929075002670288
2017-02-09 07:00:00,3.175222635269165
2017-02-09 08:00:00,3.3516249656677246
2017-02-09 09:00:00,3.402776002883911
2017-02-09 10:00:00,3.1873292922973633
2017-02-09 11:00:00,2.7571563720703125
2017-02-09 12:00:00,1.1688861846923828
2017-02-09 13:00:00,1.1657085418701172
2017-02-09 14:00:00,1.2063342332839966
2017-02-09 15:00:00,1.2558128833770752
2017-02-09 16:00:00,1.3453199863433838
2017-02-09 17:00:00,1.435694694519043
2017-02-09 18:00:00,1.50950288772583
2017-02-09 19:00:00,1.5297150611877441
2017-02-09 20:00:00,1.5099217891693115
2017-02-09 21:00:00,1.4664803743362427
2017-02-09 22:00:00,1.5039113759994507
2017-02-09 23:00:00,1.5049149990081787
2017-02-10 00:00:00,1.487685203552246
2017-02-10 01:00:00,1.4797790050506592
2017-02-10 02:00:00,2.1293258666992188
2017-02-10 03:00:00,2.5581724643707275
2017-02-10 04:00:00,2.2529730796813965
2017-02-10 05:00:00,2.509528160095215
2017-02-10 06:00:00,2.3098433017730713
2017-02-10 07:00:00,2.3021371364593506
2017-02-10 08:00:00,2.4540421962738037
2017-02-10 09:00:00,2.606355667114258
2017-02-10 10:00:00,2.67191219329834
2017-02-10 11:00:00,2.535365343093872
2017-02-10 12:00:00,1.1424413919448853
2017-02-10 13:00:00,1.2646019458770752
2017-02-10 14:00:00,1.2816402912139893
2017-02-10 15:00:00,1.2409608364105225
2017-02-10 16:00:00,1.194554328918457
2017-02-10 17:00:00,1.1987947225570679
2017-02-10 18:00:00,1.2171136140823364
2017-02-10 19:00:00,1.226905345916748
2017-02-10 20:00:00,1.2246954441070557
2017-02-10 21:00:00,1.2266520261764526
2017-02-10 22:00:00,1.2320448160171509
2017-02-10 23:00:00,1.2058815956115723
2017-02-11 00:00:00,1.1221287250518799
2017-02-11 01:00:00,0.9862082004547119
2017-02-11 02:00:00,0.8538234233856201
2017-02-11 03:00:00,1.447791576385498
2017-02-11 04:00:00,1.168308138847351
2017-02-11 05:00:00,0.9105043709278107
2017-02-11 06:00:00,0.427820086479187
2017-02-11 07:00:00,0.4043540954589844
2017-02-11 08:00:00,0.5830690860748291
2017-02-11 09:00:00,0.777276873588562
2017-02-11 10:00:00,0.7963840961456299
2017-02-11 11:00:00,0.8560987710952759
2017-02-11 12:00:00,0.7463743686676025
2017-02-11 13:00:00,0.9720586538314819
2017-02-11 14:00:00,1.0259559154510498
2017-02-11 15:00:00,0.9630489349365234
2017-02-11 16:00:00,0.8450491428375244
2017-02-11 17:00:00,0.6779459714889526
2017-02-11 18:00:00,0.5564922094345093
2017-02-11 19:00:00,0.483414888381958
2017-02-11 20:00:00,0.41123437881469727
2017-02-11 21:00:00,0.36923307180404663
2017-02-11 22:00:00,0.27112722396850586
2017-02-11 23:00:00,0.193977952003479
2017-02-12 00:00:00,0.19824856519699097
2017-02-12 01:00:00,0.18342053890228271
2017-02-12 02:00:00,0.02979147434234619
2017-02-12 03:00:00,-0.13019216060638428
2017-02-12 04:00:00,0.14674866199493408
2017-02-12 05:00:00,-0.753962516784668
2017-02-12 06:00:00,-0.7861461043357849
2017-02-12 07:00:00,-0.45113617181777954
2017-02-12 08:00:00,0.009656369686126709
2017-02-12 09:00:00,0.560342013835907
2017-02-12 10:00:00,0.7893902063369751
2017-02-12 11:00:00,0.859982967376709
2017-02-12 12:00:00,0.6795574501156807
2017-02-12 13:00:00,0.8627936840057373
2017-02-12 14:00:00,0.8402443677186966
2017-02-12 15:00:00,0.8148423358798027
2017-02-12 16:00:00,0.7904475927352905
2017-02-12 17:00:00,0.7947438955307007
2017-02-12 18:00:00,0.7816126346588135
2017-02-12 19:00:00,0.7483916878700256
2017-02-12 20:00:00,0.7352325320243835
2017-02-12 21:00:00,0.665863037109375
2017-02-12 22:00:00,0.5634390115737915
2017-02-12 23:00:00,0.5380189418792725
2017-02-13 00:00:00,0.6157788038253784
2017-02-13 01:00:00,0.6764048337936401
2017-02-13 02:00:00,0.7497773170471191
2017-02-13 03:00:00,1.6044247150421143
2017-02-13 04:00:00,1.7461019456386566
2017-02-13 05:00:00,1.6892011165618896
2017-02-13 06:00:00,1.3918578624725342
2017-02-13 07:00:00,1.6060901880264282
2017-02-13 08:00:00,1.8920091688632965
2017-02-13 09:00:00,2.212607353925705
2017-02-13 10:00:00,2.399765968322754
2017-02-13 11:00:00,2.264112025499344
2017-02-13 12:00:00,1.0689475536346436
2017-02-13 13:00:00,1.2644090801477432
2017-02-13 14:00:00,1.358336329460144
2017-02-13 15:00:00,1.3697007894515991
2017-02-13 16:00:00,1.2843056917190552
2017-02-13 17:00:00,1.2784523963928223
2017-02-13 18:00:00,1.3696918487548828
2017-02-13 19:00:00,1.5309312343597412
2017-02-13 20:00:00,1.4068130254745483
2017-02-13 21:00:00,1.2277297973632812
2017-02-13 22:00:00,1.2076709270477295
2017-02-13 23:00:00,1.173081398010254
2017-02-14 00:00:00,1.008530169725418
2017-02-14 01:00:00,0.960502102971077
2017-02-14 02:00:00,1.2883198261260986
2017-02-14 03:00:00,2.3070807456970215
2017-02-14 04:00:00,1.9257546365261078
2017-02-14 05:00:00,2.657395362854004
2017-02-14 06:00:00,2.556950330734253
2017-02-14 07:00:00,2.0807647705078125
2017-02-14 08:00:00,1.7050867080688477
2017-02-14 09:00:00,1.9537670612335205
2017-02-14 10:00:00,2.359398365020752
2017-02-14 11:00:00,2.413623571395874
2017-02-14 12:00:00,1.2141780853271484
2017-02-14 13:00:00,1.472834825515747
2017-02-14 14:00:00,1.4792938232421875
2017-02-14 15:00:00,1.5125737190246582
2017-02-14 16:00:00,1.4650695323944092
2017-02-14 17:00:00,1.4808437824249268
2017-02-14 18:00:00,1.4424831867218018
2017-02-14 19:00:00,1.3565185070037842
2017-02-14 20:00:00,1.280279278755188
2017-02-14 21:00:00,1.2112077474594116
2017-02-14 22:00:00,1.1761714220046997
2017-02-14 23:00:00,1.1222281455993652
2017-02-15 00:00:00,1.016769528388977
2017-02-15 01:00:00,0.9952231645584106
2017-02-15 02:00:00,1.0048216581344604
2017-02-15 03:00:00,2.1214227378368378
2017-02-15 04:00:00,1.8369877338409424
2017-02-15 05:00:00,2.621476173400879
2017-02-15 06:00:00,2.6929919719696045
2017-02-15 07:00:00,2.5771331787109375
2017-02-15 08:00:00,2.4974710941314697
2017-02-15 09:00:00,2.532902956008911
2017-02-15 10:00:00,2.5834543704986572
2017-02-15 11:00:00,2.2889223396778107
2017-02-15 12:00:00,0.9887981414794922
2017-02-15 13:00:00,1.1756470203399658
2017-02-15 14:00:00,1.2363359928131104
2017-02-15 15:00:00,1.2803709506988525
2017-02-15 16:00:00,1.3327586650848389
2017-02-15 17:00:00,1.3804808855056763
2017-02-15 18:00:00,1.3521512746810913
2017-02-15 19:00:00,1.3540585041046143
2017-02-15 20:00:00,1.4009127616882324
2017-02-15 21:00:00,1.326979637145996
2017-02-15 22:00:00,1.3153287172317505
2017-02-15 23:00:00,1.5227354764938354
2017-02-16 00:00:00,1.5204583406448364
2017-02-16 01:00:00,1.552795171737671
2017-02-16 02:00:00,2.0818769931793213
2017-02-16 03:00:00,2.5935826301574707
2017-02-16 04:00:00,2.185947895050049
2017-02-16 05:00:00,3.125664710998535
2017-02-16 06:00:00,3.327431380748749
2017-02-16 07:00:00,3.439681053161621
2017-02-16 08:00:00,3.5852667689323425
2017-02-16 09:00:00,3.611923396587372
2017-02-16 10:00:00,3.569089889526367
2017-02-16 11:00:00,3.365993022918701
2017-02-16 12:00:00,1.7518006265163422
2017-02-16 13:00:00,1.683208703994751
2017-02-16 14:00:00,1.871142864227295
2017-02-16 15:00:00,1.9707865715026855
2017-02-16 16:00:00,2.0075318813323975
2017-02-16 17:00:00,1.8329193592071533
2017-02-16 18:00:00,1.6937817335128784
2017-02-16 19:00:00,1.7581833899021149
2017-02-16 20:00:00,1.6612261235713959
2017-02-16 21:00:00,1.692291259765625
2017-02-16 22:00:00,1.8122620582580566
2017-02-16 23:00:00,1.773632287979126
2017-02-17 00:00:00,1.8255304396152496
2017-02-17 01:00:00,1.8476412296295166
2017-02-17 02:00:00,2.493321657180786
2017-02-17 03:00:00,2.4660491943359375
2017-02-17 04:00:00,2.1412041187286377
2017-02-17 05:00:00,2.8446452617645264
2017-02-17 06:00:00,2.8543455600738525
2017-02-17 07:00:00,2.975121259689331
2017-02-17 08:00:00,3.069979429244995
2017-02-17 09:00:00,3.1335082054138184
2017-02-17 10:00:00,3.1091949939727783
2017-02-17 11:00:00,3.018526315689087
2017-02-17 12:00:00,1.5355346202850342
2017-02-17 13:00:00,1.5798933506011963
2017-02-17 14:00:00,1.5898443162441254
2017-02-17 15:00:00,1.4543572664260864
2017-02-17 16:00:00,1.5554243326187134
2017-02-17 17:00:00,1.7914977073669434
2017-02-17 18:00:00,1.8223289847373962
2017-02-17 19:00:00,1.5345820188522339
2017-02-17 20:00:00,1.271416649222374
2017-02-17 21:00:00,0.9831386804580688
2017-02-17 22:00:00,0.8095335960388184
2017-02-17 23:00:00,0.8752810955047607
2017-02-18 00:00:00,1.0466061681509018
2017-02-18 01:00:00,1.1405717134475708
2017-02-18 02:00:00,1.5603147745132446
2017-02-18 03:00:00,2.1985080242156982
2017-02-18 04:00:00,1.8180612325668335
2017-02-18 05:00:00,2.743438482284546
2017-02-18 06:00:00,3.262645721435547
2017-02-18 07:00:00,3.6011524200439453
2017-02-18 08:00:00,3.7216877937316895
2017-02-18 09:00:00,3.593956172466278
2017-02-18 10:00:00,3.3856849670410156
2017-02-18 11:00:00,2.8078126907348633
2017-02-18 12:00:00,1.2272179275751114
2017-02-18 13:00:00,1.2616806030273438
2017-02-18 14:00:00,1.356422781944275
2017-02-18 15:00:00,1.404845118522644
2017-02-18 16:00:00,1.4800647795200348
2017-02-18 17:00:00,1.4360613822937012
2017-02-18 18:00:00,1.2882554531097412
2017-02-18 19:00:00,1.124670296907425
2017-02-18 20:00:00,1.0275870561599731
2017-02-18 21:00:00,1.064490556716919
2017-02-18 22:00:00,1.005770206451416
2017-02-18 23:00:00,0.9811121970415115
2017-02-19 00:00:00,0.9406975507736206
2017-02-19 01:00:00,0.8812488913536072
2017-02-19 02:00:00,0.8200589418411255
2017-02-19 03:00:00,1.8355271816253662
2017-02-19 04:00:00,1.4839565753936768
2017-02-19 05:00:00,3.0150113105773926
2017-02-19 06:00:00,2.9642739295959473
2017-02-19 07:00:00,2.809276580810547
2017-02-19 08:00:00,2.7774953842163086
2017-02-19 09:00:00,2.7432355880737305
2017-02-19 10:00:00,2.805842638015747
2017-02-19 11:00:00,2.6480371952056885
2017-02-19 12:00:00,0.9907311946153641
2017-02-19 13:00:00,1.0007978677749634
2017-02-19 14:00:00,0.9103866815567017
2017-02-19 15:00:00,0.8203541785478592
2017-02-19 16:00:00,0.7052878141403198
2017-02-19 17:00:00,0.4695523977279663
2017-02-19 18:00:00,0.1250513792037964
2017-02-19 19:00:00,-0.26824402809143066
2017-02-19 20:00:00,-0.6358553171157837
2017-02-19 21:00:00,-0.7595137357711792
2017-02-19 22:00:00,-0.6823615580797195
2017-02-19 23:00:00,-0.5206714868545532
2017-02-20 00:00:00,-0.2688942551612854
2017-02-20 01:00:00,0.08606863021850586
2017-02-20 02:00:00,0.37507858127355576
2017-02-20 03:00:00,1.1460685729980469
2017-02-20 04:00:00,0.6741990447044373
2017-02-20 05:00:00,0.2402167096734047
2017-02-20 06:00:00,1.0158734321594238
2017-02-20 07:00:00,1.6067864894866943
2017-02-20 08:00:00,2.0159618854522705
2017-02-20 09:00:00,2.306147336959839
2017-02-20 10:00:00,2.5253591537475586
2017-02-20 11:00:00,2.597688674926758
2017-02-20 12:00:00,1.1361461877822876
2017-02-20 13:00:00,1.3112006187438965
2017-02-20 14:00:00,1.5466477870941162
2017-02-20 15:00:00,1.9838923811912537
2017-02-20 16:00:00,2.4506418704986572
2017-02-20 17:00:00,2.6689634323120117
2017-02-20 18:00:00,2.418882369995117
2017-02-20 19:00:00,2.015469491481781
2017-02-20 20:00:00,1.5895813703536987
2017-02-20 21:00:00,1.310168981552124
2017-02-20 22:00:00,1.2992632389068604
2017-02-20 23:00:00,1.3662340641021729
2017-02-21 00:00:00,1.4036705493927002
2017-02-21 01:00:00,1.4403462409973145
2017-02-21 02:00:00,2.5020482540130615
2017-02-21 03:00:00,2.5815980434417725
2017-02-21 04:00:00,2.247351884841919
2017-02-21 05:00:00,3.2019736766815186
2017-02-21 06:00:00,3.2129507064819336
2017-02-21 07:00:00,3.2995312213897705
2017-02-21 08:00:00,3.6339120864868164
2017-02-21 09:00:00,3.966011643409729
2017-02-21 10:00:00,4.184577465057373
2017-02-21 11:00:00,3.943777561187744
2017-02-21 12:00:00,1.7817246913909912
2017-02-21 13:00:00,1.321755051612854
2017-02-21 14:00:00,1.259283185005188
2017-02-21 15:00:00,1.118100881576538
2017-02-21 16:00:00,1.0176104307174683
2017-02-21 17:00:00,0.8778642416000366
2017-02-21 18:00:00,0.7479009553790092
2017-02-21 19:00:00,0.6113049909472466
2017-02-21 20:00:00,0.5024547576904297
2017-02-21 21:00:00,0.4539823532104492
2017-02-21 22:00:00,0.5176202058792114
2017-02-21 23:00:00,0.6272473335266113
2017-02-22 00:00:00,0.7418049573898315
2017-02-22 01:00:00,0.882025957107544
2017-02-22 02:00:00,0.8103457689285278
2017-02-22 03:00:00,1.5473600625991821
2017-02-22 04:00:00,1.3507649898529053
2017-02-22 05:00:00,1.6402239799499512
2017-02-22 06:00:00,2.0777106285095215
2017-02-22 07:00:00,2.4277124106884003
2017-02-22 08:00:00,2.67254376411438
2017-02-22 09:00:00,2.7859640419483185
2017-02-22 10:00:00,2.8316469192504883
2017-02-22 11:00:00,2.659818649291992
2017-02-22 12:00:00,1.0551384687423706
2017-02-22 13:00:00,1.0217262506484985
2017-02-22 14:00:00,1.0117756128311157
2017-02-22 15:00:00,0.988263726234436
2017-02-22 16:00:00,0.9867290258407593
2017-02-22 17:00:00,0.9761123657226562
2017-02-22 18:00:00,0.9660274982452393
2017-02-22 19:00:00,0.9331239461898804
2017-02-22 20:00:00,0.921776294708252
2017-02-22 21:00:00,0.9406487941741943
2017-02-22 22:00:00,0.9964692294597626
2017-02-22 23:00:00,1.052133783698082
2017-02-23 00:00:00,1.1209546327590942
2017-02-23 01:00:00,1.1772531121969223
2017-02-23 02:00:00,1.8144733905792236
2017-02-23 03:00:00,2.3252577781677246
2017-02-23 04:00:00,2.2638750076293945
2017-02-23 05:00:00,3.3452911376953125
2017-02-23 06:00:00,3.528644323348999
2017-02-23 07:00:00,3.8285252451896667
2017-02-23 08:00:00,4.150776386260986
2017-02-23 09:00:00,4.298026084899902
2017-02-23 10:00:00,4.281974732875824
2017-02-23 11:00:00,4.010721206665039
2017-02-23 12:00:00,2.3803060054779053
2017-02-23 13:00:00,1.7407849729061127
2017-02-23 14:00:00,1.8581598699092865
2017-02-23 15:00:00,1.9160106182098389
2017-02-23 16:00:00,1.8500266671180725
2017-02-23 17:00:00,1.761122465133667
2017-02-23 18:00:00,1.7099652290344238
2017-02-23 19:00:00,1.6330265998840332
2017-02-23 20:00:00,1.52738156914711
2017-02-23 21:00:00,1.4898321628570557
2017-02-23 22:00:00,1.5420801639556885
2017-02-23 23:00:00,1.6514241695404053
2017-02-24 00:00:00,1.8245694637298584
2017-02-24 01:00:00,2.0209338068962097
2017-02-24 02:00:00,3.196141242980957
2017-02-24 03:00:00,3.2087292671203613
2017-02-24 04:00:00,2.9860620498657227
2017-02-24 05:00:00,4.246644020080566
2017-02-24 06:00:00,4.338110506534576
2017-02-24 07:00:00,4.500269412994385
2017-02-24 08:00:00,4.69507360458374
2017-02-24 09:00:00,4.866001605987549
2017-02-24 10:00:00,4.836557865142822
2017-02-24 11:00:00,4.503810882568359
2017-02-24 12:00:00,2.908008337020874
2017-02-24 13:00:00,2.079524338245392
2017-02-24 14:00:00,2.1644182205200195
2017-02-24 15:00:00,2.22092205286026
2017-02-24 16:00:00,2.202055513858795
2017-02-24 17:00:00,2.1044105887413025
2017-02-24 18:00:00,1.8497491776943207
2017-02-24 19:00:00,1.8761626183986664
2017-02-24 20:00:00,2.0136172771453857
2017-02-24 21:00:00,2.1155333518981934
2017-02-24 22:00:00,2.2687911987304688
2017-02-24 23:00:00,2.324647694826126
2017-02-25 00:00:00,2.280566930770874
2017-02-25 01:00:00,2.255603075027466
2017-02-25 02:00:00,3.067763328552246
2017-02-25 03:00:00,3.122021436691284
2017-02-25 04:00:00,3.0385749340057373
2017-02-25 05:00:00,4.769404411315918
2017-02-25 06:00:00,4.901211261749268
2017-02-25 07:00:00,5.058269023895264
2017-02-25 08:00:00,5.18660306930542
2017-02-25 09:00:00,5.173332214355469
2017-02-25 10:00:00,4.794001579284668
2017-02-25 11:00:00,4.210980415344238
2017-02-25 12:00:00,1.8065087795257568
2017-02-25 13:00:00,1.3196604251861572
2017-02-25 14:00:00,1.1493835300207138
2017-02-25 15:00:00,0.9703202247619629
2017-02-25 16:00:00,0.8871888667345047
2017-02-25 17:00:00,0.8652231693267822
2017-02-25 18:00:00,0.9155364036560059
2017-02-25 19:00:00,1.0179708003997803
2017-02-25 20:00:00,1.1363004446029663
2017-02-25 21:00:00,1.2183490991592407
2017-02-25 22:00:00,1.267507553100586
2017-02-25 23:00:00,1.2875418663024902
2017-02-26 00:00:00,1.2467204332351685
2017-02-26 01:00:00,1.244644045829773
2017-02-26 02:00:00,1.7212116718292236
2017-02-26 03:00:00,2.6684107780456543
2017-02-26 04:00:00,2.4250006675720215
2017-02-26 05:00:00,3.3842552304267883
2017-02-26 06:00:00,3.1752796173095703
2017-02-26 07:00:00,3.178917646408081
2017-02-26 08:00:00,3.3654274940490723
2017-02-26 09:00:00,3.5416669845581055
2017-02-26 10:00:00,3.6748971939086914
2017-02-26 11:00:00,3.5183887481689453
2017-02-26 12:00:00,1.5596427917480469
2017-02-26 13:00:00,1.426910161972046
2017-02-26 14:00:00,1.448322057723999
2017-02-26 15:00:00,1.453505039215088
2017-02-26 16:00:00,1.4457552433013916
2017-02-26 17:00:00,1.4809385538101196
2017-02-26 18:00:00,1.4803855419158936
2017-02-26 19:00:00,1.428349494934082
2017-02-26 20:00:00,1.348012089729309
2017-02-26 21:00:00,1.2825850248336792
2017-02-26 22:00:00,1.212143898010254
2017-02-26 23:00:00,1.1175175905227661
2017-02-27 00:00:00,1.0590565204620361
2017-02-27 01:00:00,1.0465152263641357
2017-02-27 02:00:00,1.1554688215255737
2017-02-27 03:00:00,2.099317044019699
2017-02-27 04:00:00,1.736390471458435
2017-02-27 05:00:00,2.9816627502441406
2017-02-27 06:00:00,3.1164145469665527
2017-02-27 07:00:00,3.210231304168701
2017-02-27 08:00:00,3.2508249282836914
2017-02-27 09:00:00,3.1863691806793213
2017-02-27 10:00:00,3.0534045696258545
2017-02-27 11:00:00,2.6508328914642334
2017-02-27 12:00:00,0.752198338508606
2017-02-27 13:00:00,0.583356186747551
2017-02-27 14:00:00,0.3303050398826599
2017-02-27 15:00:00,0.13137418031692505
2017-02-27 16:00:00,-0.007729470729827881
2017-02-27 17:00:00,-0.13795417547225952
2017-02-27 18:00:00,-0.283971905708313
2017-02-27 19:00:00,-0.41827476024627686
2017-02-27 20:00:00,-0.3897022008895874
2017-02-27 21:00:00,-0.2938119173049927
2017-02-27 22:00:00,-0.08725202083587646
2017-02-27 23:00:00,0.26905620098114014
2017-02-28 00:00:00,0.5122108459472656
2017-02-28 01:00:00,0.5700730085372925
2017-02-28 02:00:00,0.49212658405303955
2017-02-28 03:00:00,0.8797443211078644
2017-02-28 04:00:00,0.8399357497692108
2017-02-28 05:00:00,1.595245748758316
2017-02-28 06:00:00,2.2251484394073486
2017-02-28 07:00:00,2.7033615112304688
2017-02-28 08:00:00,2.6693522930145264
2017-02-28 09:00:00,2.175110101699829
2017-02-28 10:00:00,1.589873880147934
2017-02-28 11:00:00,1.1182854175567627
2017-02-28 12:00:00,0.20505082607269287
2017-02-28 13:00:00,-0.05430185794830322
2017-02-28 14:00:00,-0.31791114807128906
2017-02-28 15:00:00,-0.4391988515853882
2017-02-28 16:00:00,-0.34356141090393066
2017-02-28 17:00:00,-0.22746539115905762
2017-02-28 18:00:00,-0.138458251953125
2017-02-28 19:00:00,-0.08447635173797607
2017-02-28 20:00:00,0.01801455020904541
2017-02-28 21:00:00,0.21088659763336182
2017-02-28 22:00:00,0.6108084917068481
2017-02-28 23:00:00,0.9507284164428711
2017-03-01 00:00:00,1.0665823221206665
2017-03-01 01:00:00,0.9967457056045532
2017-03-01 02:00:00,0.7811615467071533
2017-03-01 03:00:00,1.0182687044143677
2017-03-01 04:00:00,0.8474545478820801
2017-03-01 05:00:00,1.294655442237854
2017-03-01 06:00:00,1.5576026439666748
2017-03-01 07:00:00,1.8787956833839417
2017-03-01 08:00:00,2.1313118636608124
2017-03-01 09:00:00,2.361102342605591
2017-03-01 10:00:00,2.3799870014190674
2017-03-01 11:00:00,2.2456700801849365
2017-03-01 12:00:00,0.7929794788360596
2017-03-01 13:00:00,0.9541310966014862
2017-03-01 14:00:00,0.7713902741670609
2017-03-01 15:00:00,0.5763272643089294
2017-03-01 16:00:00,0.4528934359550476
2017-03-01 17:00:00,0.3423813581466675
2017-03-01 18:00:00,0.2193666473031044
2017-03-01 19:00:00,0.06542116403579712
2017-03-01 20:00:00,-0.07480514049530029
2017-03-01 21:00:00,-0.16024821996688843
2017-03-01 22:00:00,-0.2310502529144287
2017-03-01 23:00:00,-0.27003443241119385
2017-03-02 00:00:00,-0.3131679892539978
2017-03-02 01:00:00,-0.35625630617141724
2017-03-02 02:00:00,-0.35272032022476196
2017-03-02 03:00:00,-0.7543662041425705
2017-03-02 04:00:00,-0.2467627078294754
2017-03-02 05:00:00,0.76152303814888
2017-03-02 06:00:00,0.992442399263382
2017-03-02 07:00:00,1.2232524156570435
2017-03-02 08:00:00,1.515162706375122
2017-03-02 09:00:00,1.8125271797180176
2017-03-02 10:00:00,1.9459850788116455
2017-03-02 11:00:00,1.9588246941566467
2017-03-02 12:00:00,0.9915731251239777
2017-03-02 13:00:00,0.7577623128890991
2017-03-02 14:00:00,0.6967939138412476
2017-03-02 15:00:00,0.6158886551856995
2017-03-02 16:00:00,0.6035520434379578
2017-03-02 17:00:00,0.6029337048530579
2017-03-02 18:00:00,0.592372715473175
2017-03-02 19:00:00,0.5438241958618164
2017-03-02 20:00:00,0.48919016122817993
2017-03-02 21:00:00,0.4385307803750038
2017-03-02 22:00:00,0.41352981328964233
2017-03-02 23:00:00,0.38341476768255234
2017-03-03 00:00:00,0.33105015754699707
2017-03-03 01:00:00,0.25900939106941223
2017-03-03 02:00:00,0.3260594606399536
2017-03-03 03:00:00,0.43456441164016724
2017-03-03 04:00:00,0.6792068034410477
2017-03-03 05:00:00,1.1949687004089355
2017-03-03 06:00:00,1.426055908203125
2017-03-03 07:00:00,1.8981386125087738
2017-03-03 08:00:00,2.4059298038482666
2017-03-03 09:00:00,2.6855783462524414
2017-03-03 10:00:00,2.7488651275634766
2017-03-03 11:00:00,2.659193754196167
2017-03-03 12:00:00,1.7169666290283203
2017-03-03 13:00:00,1.1516904532909393
2017-03-03 14:00:00,1.0034694373607635
2017-03-03 15:00:00,0.8435618430376053
2017-03-03 16:00:00,0.8515217751264572
2017-03-03 17:00:00,0.949827715754509
2017-03-03 18:00:00,1.050189733505249
2017-03-03 19:00:00,1.097825437784195
2017-03-03 20:00:00,1.0786294639110565
2017-03-03 21:00:00,1.0180909633636475
2017-03-03 22:00:00,0.951107382774353
2017-03-03 23:00:00,0.8116306662559509
2017-03-04 00:00:00,0.6940992474555969
2017-03-04 01:00:00,0.6425142288208008
2017-03-04 02:00:00,1.3489637225866318
2017-03-04 03:00:00,1.6367579698562622
2017-03-04 04:00:00,2.147155076265335
2017-03-04 05:00:00,2.0196507573127747
2017-03-04 06:00:00,2.013125419616699
2017-03-04 07:00:00,2.329772472381592
2017-03-04 08:00:00,2.816584348678589
2017-03-04 09:00:00,3.250267267227173
2017-03-04 10:00:00,3.4250786304473877
2017-03-04 11:00:00,3.4174351692199707
2017-03-04 12:00:00,2.252835988998413
2017-03-04 13:00:00,1.3721085786819458
2017-03-04 14:00:00,1.3592642545700073
2017-03-04 15:00:00,1.252612829208374
2017-03-04 16:00:00,1.1733198165893555
2017-03-04 17:00:00,1.1549468040466309
2017-03-04 18:00:00,1.1801542043685913
2017-03-04 19:00:00,1.2101121097803116
2017-03-04 20:00:00,1.250248908996582
2017-03-04 21:00:00,1.331721305847168
2017-03-04 22:00:00,1.3548060655593872
2017-03-04 23:00:00,1.3855552673339844
2017-03-05 00:00:00,1.3774714469909668
2017-03-05 01:00:00,1.3508282899856567
2017-03-05 02:00:00,2.272886335849762
2017-03-05 03:00:00,2.188050001859665
2017-03-05 04:00:00,2.0430757999420166
2017-03-05 05:00:00,2.8405187129974365
2017-03-05 06:00:00,2.6915838718414307
2017-03-05 07:00:00,2.836958169937134
2017-03-05 08:00:00,3.1392602920532227
2017-03-05 09:00:00,3.387397050857544
2017-03-05 10:00:00,3.540881335735321
2017-03-05 11:00:00,3.488602340221405
2017-03-05 12:00:00,2.573326349258423
2017-03-05 13:00:00,1.3162591457366943
2017-03-05 14:00:00,1.284753680229187
2017-03-05 15:00:00,1.2814197689294815
2017-03-05 16:00:00,1.3217686414718628
2017-03-05 17:00:00,1.3767576217651367
2017-03-05 18:00:00,1.3861308097839355
2017-03-05 19:00:00,1.3092644214630127
2017-03-05 20:00:00,1.189520001411438
2017-03-05 21:00:00,1.0714480876922607
2017-03-05 22:00:00,1.0255016088485718
2017-03-05 23:00:00,0.9927897751331329
2017-03-06 00:00:00,0.9684256315231323
2017-03-06 01:00:00,0.9831943213939667
2017-03-06 02:00:00,1.3048429489135742
2017-03-06 03:00:00,2.184908151626587
2017-03-06 04:00:00,2.308262825012207
2017-03-06 05:00:00,3.7980000376701355
2017-03-06 06:00:00,4.049213409423828
2017-03-06 07:00:00,4.105936527252197
2017-03-06 08:00:00,4.21878719329834
2017-03-06 09:00:00,4.199401378631592
2017-03-06 10:00:00,3.9352407455444336
2017-03-06 11:00:00,3.4578750133514404
2017-03-06 12:00:00,2.114444673061371
2017-03-06 13:00:00,0.9829485714435577
2017-03-06 14:00:00,0.8523182421922684
2017-03-06 15:00:00,0.7216620892286301
2017-03-06 16:00:00,0.6004922837018967
2017-03-06 17:00:00,0.5309300869703293
2017-03-06 18:00:00,0.522614374756813
2017-03-06 19:00:00,0.5129130929708481
2017-03-06 20:00:00,0.4551665633916855
2017-03-06 21:00:00,0.323300838470459
2017-03-06 22:00:00,0.2307693362236023
2017-03-06 23:00:00,0.15347051620483398
2017-03-07 00:00:00,0.1215251088142395
2017-03-07 01:00:00,0.1964181661605835
2017-03-07 02:00:00,0.2890501022338867
2017-03-07 03:00:00,0.7755494117736816
2017-03-07 04:00:00,0.8194187879562378
2017-03-07 05:00:00,0.5657713413238525
2017-03-07 06:00:00,0.6778355836868286
2017-03-07 07:00:00,0.9765986204147339
2017-03-07 08:00:00,1.1715351343154907
2017-03-07 09:00:00,1.163517564535141
2017-03-07 10:00:00,0.9731189012527466
2017-03-07 11:00:00,0.716667652130127
2017-03-07 12:00:00,0.06253468990325928
2017-03-07 13:00:00,-0.49555444717407227
2017-03-07 14:00:00,-0.7786872386932373
2017-03-07 15:00:00,-0.9171231985092163
2017-03-07 16:00:00,-0.9668714702129364
2017-03-07 17:00:00,-1.0212435722351074
2017-03-07 18:00:00,-1.0625727474689484
2017-03-07 19:00:00,-1.076701283454895
2017-03-07 20:00:00,-0.9847036600112915
2017-03-07 21:00:00,-0.8790063261985779
2017-03-07 22:00:00,-0.8542706966400146
2017-03-07 23:00:00,-0.8496010303497314
2017-03-08 00:00:00,-0.8980553150177002
2017-03-08 01:00:00,-1.0334669351577759
2017-03-08 02:00:00,-1.6339678913354874
2017-03-08 03:00:00,-2.169256627559662
2017-03-08 04:00:00,-2.8311092853546143
2017-03-08 05:00:00,-3.0894644260406494
2017-03-08 06:00:00,-2.7036550045013428
2017-03-08 07:00:00,-1.7321156859397888
2017-03-08 08:00:00,-0.7044983059167862
2017-03-08 09:00:00,0.0414421409368515
2017-03-08 10:00:00,0.1975252628326416
2017-03-08 11:00:00,0.2595207691192627
2017-03-08 12:00:00,-0.011586315929889679
2017-03-08 13:00:00,-0.17631981521844864
2017-03-08 14:00:00,-0.5526380091905594
2017-03-08 15:00:00,-0.6937999725341797
2017-03-08 16:00:00,-0.4308775067329407
2017-03-08 17:00:00,-0.2328861951828003
2017-03-08 18:00:00,-0.1989014744758606
2017-03-08 19:00:00,-0.3199728727340698
2017-03-08 20:00:00,-0.5144179463386536
2017-03-08 21:00:00,-0.6695379018783569
2017-03-08 22:00:00,-0.7475884556770325
2017-03-08 23:00:00,-0.8907018899917603
2017-03-09 00:00:00,-1.0734158754348755
2017-03-09 01:00:00,-1.1978145837783813
2017-03-09 02:00:00,-1.874354362487793
2017-03-09 03:00:00,-2.2201284766197205
2017-03-09 04:00:00,-1.2831279784440994
2017-03-09 05:00:00,-0.23223519325256348
2017-03-09 06:00:00,0.32238124310970306
2017-03-09 07:00:00,0.7706239074468613
2017-03-09 08:00:00,1.1481654644012451
2017-03-09 09:00:00,1.4891276359558105
2017-03-09 10:00:00,1.7581112384796143
2017-03-09 11:00:00,1.830003023147583
2017-03-09 12:00:00,0.807151272892952
2017-03-09 13:00:00,0.8477907776832581
2017-03-09 14:00:00,0.5161234140396118
2017-03-09 15:00:00,0.11019396781921387
2017-03-09 16:00:00,-0.2529436945915222
2017-03-09 17:00:00,-0.44075310230255127
2017-03-09 18:00:00,-0.511608362197876
2017-03-09 19:00:00,-0.5228326916694641
2017-03-09 20:00:00,-0.6530601978302002
2017-03-09 21:00:00,-0.8234865665435791
2017-03-09 22:00:00,-0.8548552542924881
2017-03-09 23:00:00,-0.8148784935474396
2017-03-10 00:00:00,-0.810869574546814
2017-03-10 01:00:00,-0.7810129672288895
2017-03-10 02:00:00,-1.278904914855957
2017-03-10 03:00:00,-1.4586795568466187
2017-03-10 04:00:00,-1.2115908861160278
2017-03-10 05:00:00,-1.0445528030395508
2017-03-10 06:00:00,-0.8134946823120117
2017-03-10 07:00:00,-0.5815144777297974
2017-03-10 08:00:00,-0.47139430046081543
2017-03-10 09:00:00,-0.47228360176086426
2017-03-10 10:00:00,-0.09654521942138672
2017-03-10 11:00:00,0.24923843145370483
2017-03-10 12:00:00,0.019147396087646484
2017-03-10 13:00:00,-0.22189736366271973
2017-03-10 14:00:00,-0.6256086826324463
2017-03-10 15:00:00,-1.0337970554828644
2017-03-10 16:00:00,-1.3626351356506348
2017-03-10 17:00:00,-0.6851683855056763
2017-03-10 18:00:00,0.15762928128242493
2017-03-10 19:00:00,0.28881776332855225
2017-03-10 20:00:00,-0.271960973739624
2017-03-10 21:00:00,-0.5365164279937744
2017-03-10 22:00:00,-0.4825465828180313
2017-03-10 23:00:00,-0.37968621402978897
2017-03-11 00:00:00,-0.2749049700796604
2017-03-11 01:00:00,-0.06883556768298149
2017-03-11 02:00:00,0.3192993625998497
2017-03-11 03:00:00,0.745905876159668
2017-03-11 04:00:00,1.076934576034546
2017-03-11 05:00:00,1.5802733898162842
2017-03-11 06:00:00,1.992262363433838
2017-03-11 07:00:00,2.3305482864379883
2017-03-11 08:00:00,2.7249808311462402
2017-03-11 09:00:00,3.006622314453125
2017-03-11 10:00:00,3.171048641204834
2017-03-11 11:00:00,3.201814889907837
2017-03-11 12:00:00,2.288116931915283
2017-03-11 13:00:00,1.1547257900238037
2017-03-11 14:00:00,1.0700526535511017
2017-03-11 15:00:00,0.9005557298660278
2017-03-11 16:00:00,0.6471289396286011
2017-03-11 17:00:00,0.37645769119262695
2017-03-11 18:00:00,0.08721208572387695
2017-03-11 19:00:00,-0.21053194999694824
2017-03-11 20:00:00,-0.4034746289253235
2017-03-11 21:00:00,-0.48062920570373535
2017-03-11 22:00:00,-0.34160709381103516
2017-03-11 23:00:00,-0.10940265655517578
2017-03-12 00:00:00,0.08037269115447998
2017-03-12 01:00:00,0.2759290933609009
2017-03-12 02:00:00,0.3488887548446655
2017-03-12 03:00:00,0.9557313919067383
2017-03-12 04:00:00,1.8236509263515472
2017-03-12 05:00:00,2.072148382663727
2017-03-12 06:00:00,2.137369155883789
2017-03-12 07:00:00,2.2629854679107666
2017-03-12 08:00:00,2.597676992416382
2017-03-12 09:00:00,2.812513589859009
2017-03-12 10:00:00,2.8995144367218018
2017-03-12 11:00:00,2.807772397994995
2017-03-12 12:00:00,1.9796648025512695
2017-03-12 13:00:00,1.1599301099777222
2017-03-12 14:00:00,1.2700795978307724
2017-03-12 15:00:00,1.2686679363250732
2017-03-12 16:00:00,1.1203320026397705
2017-03-12 17:00:00,1.00273859500885
2017-03-12 18:00:00,0.9500824958086014
2017-03-12 19:00:00,0.9246069192886353
2017-03-12 20:00:00,0.9712560623884201
2017-03-12 21:00:00,1.0495047569274902
2017-03-12 22:00:00,1.1289167553186417
2017-03-12 23:00:00,1.220513939857483
2017-03-13 00:00:00,1.2608485221862793
2017-03-13 01:00:00,1.2766796350479126
2017-03-13 02:00:00,2.014274537563324
2017-03-13 03:00:00,2.370049476623535
2017-03-13 04:00:00,3.3176220059394836
2017-03-13 05:00:00,3.2665581703186035
2017-03-13 06:00:00,3.2249057292938232
2017-03-13 07:00:00,3.1923840045928955
2017-03-13 08:00:00,3.2187561988830566
2017-03-13 09:00:00,3.1814751625061035
2017-03-13 10:00:00,3.142855167388916
2017-03-13 11:00:00,2.993194341659546
2017-03-13 12:00:00,1.5495483875274658
2017-03-13 13:00:00,1.0993541479110718
2017-03-13 14:00:00,1.045745387673378
2017-03-13 15:00:00,0.9510233402252197
2017-03-13 16:00:00,0.9194828271865845
2017-03-13 17:00:00,0.914834052324295
2017-03-13 18:00:00,0.8974168300628662
2017-03-13 19:00:00,0.8798421621322632
2017-03-13 20:00:00,0.8817480802536011
2017-03-13 21:00:00,0.8394990414381027
2017-03-13 22:00:00,0.7118246555328369
2017-03-13 23:00:00,0.5176218599081039
2017-03-14 00:00:00,0.3516758531332016
2017-03-14 01:00:00,0.374253511428833
2017-03-14 02:00:00,0.3328908309340477
2017-03-14 03:00:00,0.7245114222168922
2017-03-14 04:00:00,1.3359117358922958
2017-03-14 05:00:00,1.612501859664917
2017-03-14 06:00:00,1.8263096809387207
2017-03-14 07:00:00,1.9429049491882324
2017-03-14 08:00:00,1.9474639892578125
2017-03-14 09:00:00,1.9193580150604248
2017-03-14 10:00:00,2.1539909839630127
2017-03-14 11:00:00,2.366635322570801
2017-03-14 12:00:00,0.8420953750610352
2017-03-14 13:00:00,0.7071817368268967
2017-03-14 14:00:00,0.5234469175338745
2017-03-14 15:00:00,0.37059619277715683
2017-03-14 16:00:00,0.2716299891471863
2017-03-14 17:00:00,0.2062806487083435
2017-03-14 18:00:00,0.1534752957522869
2017-03-14 19:00:00,0.1370304524898529
2017-03-14 20:00:00,0.17172759771347046
2017-03-14 21:00:00,0.2597164511680603
2017-03-14 22:00:00,0.39274525456130505
2017-03-14 23:00:00,0.5848637819290161
2017-03-15 00:00:00,0.7634046673774719
2017-03-15 01:00:00,0.8830692768096924
2017-03-15 02:00:00,0.8980234116315842
2017-03-15 03:00:00,1.693284273147583
2017-03-15 04:00:00,2.0223159790039062
2017-03-15 05:00:00,2.5207152366638184
2017-03-15 06:00:00,2.5836658477783203
2017-03-15 07:00:00,2.5350754261016846
2017-03-15 08:00:00,2.5195202827453613
2017-03-15 09:00:00,2.521169900894165
2017-03-15 10:00:00,2.6061921417713165
2017-03-15 11:00:00,2.571166068315506
2017-03-15 12:00:00,1.4428772032260895
2017-03-15 13:00:00,0.9334350824356079
2017-03-15 14:00:00,0.9021331071853638
2017-03-15 15:00:00,0.8248934745788574
2017-03-15 16:00:00,0.7440431118011475
2017-03-15 17:00:00,0.6364770382642746
2017-03-15 18:00:00,0.4848904609680176
2017-03-15 19:00:00,0.3336067199707031
2017-03-15 20:00:00,0.21757996082305908
2017-03-15 21:00:00,0.1447356939315796
2017-03-15 22:00:00,0.1862366795539856
2017-03-15 23:00:00,0.39945775270462036
2017-03-16 00:00:00,0.6484299898147583
2017-03-16 01:00:00,0.6417944431304932
2017-03-16 02:00:00,1.0016632080078125
2017-03-16 03:00:00,1.0161452293395996
2017-03-16 04:00:00,1.1128344535827637
2017-03-16 05:00:00,1.7547502517700195
2017-03-16 06:00:00,2.0441980063915253
2017-03-16 07:00:00,2.2811920642852783
2017-03-16 08:00:00,2.537402868270874
2017-03-16 09:00:00,2.761685609817505
2017-03-16 10:00:00,2.944991111755371
2017-03-16 11:00:00,2.9262425899505615
2017-03-16 12:00:00,1.8109731674194336
2017-03-16 13:00:00,1.0727365016937256
2017-03-16 14:00:00,1.129294753074646
2017-03-16 15:00:00,1.0865761935710907
2017-03-16 16:00:00,0.8720336407423019
2017-03-16 17:00:00,0.7166016697883606
2017-03-16 18:00:00,0.6226530075073242
2017-03-16 19:00:00,0.5890181660652161
2017-03-16 20:00:00,0.5796993896365166
2017-03-16 21:00:00,0.6010992005467415
2017-03-16 22:00:00,0.6961863785982132
2017-03-16 23:00:00,0.7437303066253662
2017-03-17 00:00:00,0.7603441476821899
2017-03-17 01:00:00,0.786333441734314
2017-03-17 02:00:00,1.6730434894561768
2017-03-17 03:00:00,1.6937044858932495
2017-03-17 04:00:00,2.500448703765869
2017-03-17 05:00:00,2.704336643218994
2017-03-17 06:00:00,2.926398277282715
2017-03-17 07:00:00,3.261096954345703
2017-03-17 08:00:00,3.5683820247650146
2017-03-17 09:00:00,3.730309009552002
2017-03-17 10:00:00,3.8569912910461426
2017-03-17 11:00:00,3.8473477363586426
2017-03-17 12:00:00,3.2042932510375977
2017-03-17 13:00:00,1.4258817434310913
2017-03-17 14:00:00,1.365544080734253
2017-03-17 15:00:00,1.2202720642089844
2017-03-17 16:00:00,1.0701014995574951
2017-03-17 17:00:00,0.9355520755052567
2017-03-17 18:00:00,0.820589229464531
2017-03-17 19:00:00,0.7230369597673416
2017-03-17 20:00:00,0.6551037281751633
2017-03-17 21:00:00,0.596198558807373
2017-03-17 22:00:00,0.5628876835107803
2017-03-17 23:00:00,0.5532289147377014
2017-03-18 00:00:00,0.5276107788085938
2017-03-18 01:00:00,0.5559688657522202
2017-03-18 02:00:00,0.8123297691345215
2017-03-18 03:00:00,1.3122717142105103
2017-03-18 04:00:00,2.1531360149383545
2017-03-18 05:00:00,2.654160737991333
2017-03-18 06:00:00,3.0186076164245605
2017-03-18 07:00:00,3.348081111907959
2017-03-18 08:00:00,3.631453037261963
2017-03-18 09:00:00,3.632652759552002
2017-03-18 10:00:00,3.3596959114074707
2017-03-18 11:00:00,3.1240711212158203
2017-03-18 12:00:00,1.437281996011734
2017-03-18 13:00:00,1.1014297008514404
2017-03-18 14:00:00,1.004562258720398
2017-03-18 15:00:00,0.8160442113876343
2017-03-18 16:00:00,0.6971027851104736
2017-03-18 17:00:00,0.643168568611145
2017-03-18 18:00:00,0.613678514957428
2017-03-18 19:00:00,0.7006560564041138
2017-03-18 20:00:00,0.843096137046814
2017-03-18 21:00:00,0.9185450375080109
2017-03-18 22:00:00,0.9815793037414551
2017-03-18 23:00:00,0.9974650144577026
2017-03-19 00:00:00,0.9655739068984985
2017-03-19 01:00:00,1.0275367498397827
2017-03-19 02:00:00,1.8452325463294983
2017-03-19 03:00:00,1.7097899913787842
2017-03-19 04:00:00,2.158883810043335
2017-03-19 05:00:00,1.9976759850978851
2017-03-19 06:00:00,2.0206985473632812
2017-03-19 07:00:00,2.2622189223766327
2017-03-19 08:00:00,2.5707452297210693
2017-03-19 09:00:00,2.8344807624816895
2017-03-19 10:00:00,2.772219181060791
2017-03-19 11:00:00,2.5308544635772705
2017-03-19 12:00:00,1.7163445949554443
2017-03-19 13:00:00,0.7988029718399048
2017-03-19 14:00:00,0.7477234154939651
2017-03-19 15:00:00,0.6824574396014214
2017-03-19 16:00:00,0.7096723318099976
2017-03-19 17:00:00,0.7751016616821289
2017-03-19 18:00:00,0.8679286241531372
2017-03-19 19:00:00,0.9914207458496094
2017-03-19 20:00:00,1.1024047136306763
2017-03-19 21:00:00,1.1957381963729858
2017-03-19 22:00:00,1.2282990217208862
2017-03-19 23:00:00,1.2335207611322403
2017-03-20 00:00:00,1.2565791606903076
2017-03-20 01:00:00,1.2133285999298096
2017-03-20 02:00:00,1.547821268439293
2017-03-20 03:00:00,2.1727004051208496
2017-03-20 04:00:00,3.2484333515167236
2017-03-20 05:00:00,3.462268114089966
2017-03-20 06:00:00,3.25510835647583
2017-03-20 07:00:00,3.2057583332061768
2017-03-20 08:00:00,3.2461485862731934
2017-03-20 09:00:00,3.580256938934326
2017-03-20 10:00:00,3.5319857597351074
2017-03-20 11:00:00,3.291304111480713
2017-03-20 12:00:00,2.312166452407837
2017-03-20 13:00:00,1.0950418710708618
2017-03-20 14:00:00,1.0904180705547333
2017-03-20 15:00:00,1.085651621222496
2017-03-20 16:00:00,1.2459677457809448
2017-03-20 17:00:00,1.4646155834197998
2017-03-20 18:00:00,1.61143159866333
2017-03-20 19:00:00,1.64833602309227
2017-03-20 20:00:00,1.561682939529419
2017-03-20 21:00:00,1.6259715557098389
2017-03-20 22:00:00,1.4512226581573486
2017-03-20 23:00:00,1.3254749774932861
2017-03-21 00:00:00,1.2155535221099854
2017-03-21 01:00:00,1.2088916301727295
2017-03-21 02:00:00,1.488769918680191
2017-03-21 03:00:00,2.245389014482498
2017-03-21 04:00:00,3.4213290214538574
2017-03-21 05:00:00,3.673706531524658
2017-03-21 06:00:00,3.6054555773735046
2017-03-21 07:00:00,3.619215667247772
2017-03-21 08:00:00,3.7770962715148926
2017-03-21 09:00:00,3.832045257091522
2017-03-21 10:00:00,3.7831971049308777
2017-03-21 11:00:00,3.566078007221222
2017-03-21 12:00:00,2.6824569702148438
2017-03-21 13:00:00,1.1265881061553955
2017-03-21 14:00:00,1.1058135032653809
2017-03-21 15:00:00,1.125324472784996
2017-03-21 16:00:00,1.1981773376464844
2017-03-21 17:00:00,1.232803463935852
2017-03-21 18:00:00,1.2154242992401123
2017-03-21 19:00:00,1.1802548170089722
2017-03-21 20:00:00,1.1226260662078857
2017-03-21 21:00:00,1.0853583812713623
2017-03-21 22:00:00,1.0407984256744385
2017-03-21 23:00:00,0.9955781698226929
2017-03-22 00:00:00,0.960486888885498
2017-03-22 01:00:00,0.9578146487474442
2017-03-22 02:00:00,1.5920342803001404
2017-03-22 03:00:00,1.8808321952819824
2017-03-22 04:00:00,2.634866237640381
2017-03-22 05:00:00,3.232163906097412
2017-03-22 06:00:00,3.91792756319046
2017-03-22 07:00:00,4.3213425278663635
2017-03-22 08:00:00,4.450591087341309
2017-03-22 09:00:00,4.406625807285309
2017-03-22 10:00:00,4.1077351570129395
2017-03-22 11:00:00,3.7237844467163086
2017-03-22 12:00:00,2.5544216334819794
2017-03-22 13:00:00,1.2292411476373672
2017-03-22 14:00:00,1.1953085660934448
2017-03-22 15:00:00,1.1501944065093994
2017-03-22 16:00:00,1.1388802528381348
2017-03-22 17:00:00,1.149415373802185
2017-03-22 18:00:00,1.2088837623596191
2017-03-22 19:00:00,1.2803741693496704
2017-03-22 20:00:00,1.3668619394302368
2017-03-22 21:00:00,1.3364177942276
2017-03-22 22:00:00,1.0490858852863312
2017-03-22 23:00:00,0.8350036144256592
2017-03-23 00:00:00,0.6367170214653015
2017-03-23 01:00:00,0.543423593044281
2017-03-23 02:00:00,0.7532612830400467
2017-03-23 03:00:00,1.0012717247009277
2017-03-23 04:00:00,1.3811562061309814
2017-03-23 05:00:00,2.0246086716651917
2017-03-23 06:00:00,2.4305165112018585
2017-03-23 07:00:00,2.72711181640625
2017-03-23 08:00:00,2.8448126316070557
2017-03-23 09:00:00,2.691294699907303
2017-03-23 10:00:00,2.515185832977295
2017-03-23 11:00:00,2.43271204829216
2017-03-23 12:00:00,1.2738978862762451
2017-03-23 13:00:00,0.8389452695846558
2017-03-23 14:00:00,0.6865410804748535
2017-03-23 15:00:00,0.5583605766296387
2017-03-23 16:00:00,0.3933648467063904
2017-03-23 17:00:00,0.34471362829208374
2017-03-23 18:00:00,0.4052109941840172
2017-03-23 19:00:00,0.48970043659210205
2017-03-23 20:00:00,0.36645061522722244
2017-03-23 21:00:00,0.017131835222244263
2017-03-23 22:00:00,0.12842658162117004
2017-03-23 23:00:00,0.4176945462822914
2017-03-24 00:00:00,0.4697360396385193
2017-03-24 01:00:00,0.5724719166755676
2017-03-24 02:00:00,1.3542799949645996
2017-03-24 03:00:00,1.527510643005371
2017-03-24 04:00:00,1.2723369002342224
2017-03-24 05:00:00,0.9933480024337769
2017-03-24 06:00:00,0.9958544075489044
2017-03-24 07:00:00,1.4137074798345566
2017-03-24 08:00:00,2.1213953495025635
2017-03-24 09:00:00,2.6241417229175568
2017-03-24 10:00:00,2.930598735809326
2017-03-24 11:00:00,3.201328754425049
2017-03-24 12:00:00,2.8399927616119385
2017-03-24 13:00:00,1.2496535629034042
2017-03-24 14:00:00,1.3498399257659912
2017-03-24 15:00:00,1.5245285034179688
2017-03-24 16:00:00,1.266313076019287
2017-03-24 17:00:00,0.986425906419754
2017-03-24 18:00:00,0.861620306968689
2017-03-24 19:00:00,0.8880597352981567
2017-03-24 20:00:00,0.9951621294021606
2017-03-24 21:00:00,1.083881139755249
2017-03-24 22:00:00,1.1213101148605347
2017-03-24 23:00:00,1.084192767739296
2017-03-25 00:00:00,1.0508041381835938
2017-03-25 01:00:00,1.07693612575531
2017-03-25 02:00:00,2.128871440887451
2017-03-25 03:00:00,2.3160767555236816
2017-03-25 04:00:00,3.3336963653564453
2017-03-25 05:00:00,3.689378261566162
2017-03-25 06:00:00,3.835430383682251
2017-03-25 07:00:00,4.026954650878906
2017-03-25 08:00:00,4.169861793518066
2017-03-25 09:00:00,4.1762542724609375
2017-03-25 10:00:00,4.217847764492035
2017-03-25 11:00:00,4.128229975700378
2017-03-25 12:00:00,3.497797966003418
2017-03-25 13:00:00,1.4065651893615723
2017-03-25 14:00:00,1.2541377544403076
2017-03-25 15:00:00,1.2161645889282227
2017-03-25 16:00:00,1.316710725426674
2017-03-25 17:00:00,1.4412240982055664
2017-03-25 18:00:00,1.4233572483062744
2017-03-25 19:00:00,1.3778178691864014
2017-03-25 20:00:00,1.4003466665744781
2017-03-25 21:00:00,1.353376641869545
2017-03-25 22:00:00,1.1853797286748886
2017-03-25 23:00:00,1.0264532566070557
2017-03-26 00:00:00,0.9686954468488693
2017-03-26 01:00:00,0.9848015606403351
2017-03-26 02:00:00,2.06660532951355
2017-03-26 03:00:00,2.2117333710193634
2017-03-26 04:00:00,3.386120319366455
2017-03-26 05:00:00,3.7248546481132507
2017-03-26 06:00:00,3.89263516664505
2017-03-26 07:00:00,4.219790458679199
2017-03-26 08:00:00,4.470661163330078
2017-03-26 09:00:00,4.561814308166504
2017-03-26 10:00:00,4.6504998207092285
2017-03-26 11:00:00,4.485072135925293
2017-03-26 12:00:00,3.9051989316940308
2017-03-26 13:00:00,2.011068105697632
2017-03-26 14:00:00,2.088092863559723
2017-03-26 15:00:00,2.2268290519714355
2017-03-26 16:00:00,2.2429511547088623
2017-03-26 17:00:00,2.207677125930786
2017-03-26 18:00:00,2.1771457195281982
2017-03-26 19:00:00,2.1425273418426514
2017-03-26 20:00:00,2.251768112182617
2017-03-26 21:00:00,2.180173635482788
2017-03-26 22:00:00,1.8262178897857666
2017-03-26 23:00:00,1.5893410444259644
2017-03-27 00:00:00,1.4853887557983398
2017-03-27 01:00:00,1.42946195602417
2017-03-27 02:00:00,2.78336763381958
2017-03-27 03:00:00,2.450348377227783
2017-03-27 04:00:00,3.4721038341522217
2017-03-27 05:00:00,3.9048538208007812
2017-03-27 06:00:00,4.112610340118408
2017-03-27 07:00:00,4.207756996154785
2017-03-27 08:00:00,4.391018867492676
2017-03-27 09:00:00,4.572734355926514
2017-03-27 10:00:00,4.786551475524902
2017-03-27 11:00:00,4.747224807739258
2017-03-27 12:00:00,4.022693157196045
2017-03-27 13:00:00,1.910219132900238
2017-03-27 14:00:00,1.928210198879242
2017-03-27 15:00:00,1.984731137752533
2017-03-27 16:00:00,2.058534860610962
2017-03-27 17:00:00,2.120269238948822
2017-03-27 18:00:00,2.1587591767311096
2017-03-27 19:00:00,2.0697121620178223
2017-03-27 20:00:00,1.8774338364601135
2017-03-27 21:00:00,1.6700491905212402
2017-03-27 22:00:00,1.4516990184783936
2017-03-27 23:00:00,1.291475772857666
2017-03-28 00:00:00,1.142836093902588
2017-03-28 01:00:00,1.0084982216358185
2017-03-28 02:00:00,1.8019973039627075
2017-03-28 03:00:00,1.3782479763031006
2017-03-28 04:00:00,2.2583474814891815
2017-03-28 05:00:00,3.3340001106262207
2017-03-28 06:00:00,3.563423812389374
2017-03-28 07:00:00,3.616269886493683
2017-03-28 08:00:00,3.659708023071289
2017-03-28 09:00:00,3.6621543765068054
2017-03-28 10:00:00,3.825064182281494
2017-03-28 11:00:00,3.8790555000305176
2017-03-28 12:00:00,3.2962417602539062
2017-03-28 13:00:00,1.1842498779296875
2017-03-28 14:00:00,1.0516399145126343
2017-03-28 15:00:00,0.9674835205078125
2017-03-28 16:00:00,1.0482840538024902
2017-03-28 17:00:00,1.1321559101343155
2017-03-28 18:00:00,1.232047200202942
2017-03-28 19:00:00,1.338384985923767
2017-03-28 20:00:00,1.4563416242599487
2017-03-28 21:00:00,1.5864534378051758
2017-03-28 22:00:00,1.639134407043457
2017-03-28 23:00:00,1.681082844734192
2017-03-29 00:00:00,1.6511814594268799
2017-03-29 01:00:00,1.572664737701416
2017-03-29 02:00:00,2.679175615310669
2017-03-29 03:00:00,2.3559696972370148
2017-03-29 04:00:00,2.8119184970855713
2017-03-29 05:00:00,3.6381747722625732
2017-03-29 06:00:00,3.9857330322265625
2017-03-29 07:00:00,4.097759246826172
2017-03-29 08:00:00,4.1087822914123535
2017-03-29 09:00:00,4.045151591300964
2017-03-29 10:00:00,3.923865795135498
2017-03-29 11:00:00,3.7480649948120117
2017-03-29 12:00:00,3.2115283012390137
2017-03-29 13:00:00,1.3997565507888794
2017-03-29 14:00:00,1.3265670537948608
2017-03-29 15:00:00,1.2082632780075073
2017-03-29 16:00:00,1.0971646308898926
2017-03-29 17:00:00,1.0535365343093872
2017-03-29 18:00:00,1.0640474557876587
2017-03-29 19:00:00,1.1149506568908691
2017-03-29 20:00:00,1.1673885583877563
2017-03-29 21:00:00,1.2015892267227173
2017-03-29 22:00:00,1.1829521656036377
2017-03-29 23:00:00,1.0191088914871216
2017-03-30 00:00:00,0.9046876430511475
2017-03-30 01:00:00,0.8233910799026489
2017-03-30 02:00:00,1.5978346765041351
2017-03-30 03:00:00,1.5511131286621094
2017-03-30 04:00:00,2.917299270629883
2017-03-30 05:00:00,3.787243366241455
2017-03-30 06:00:00,4.225043296813965
2017-03-30 07:00:00,4.438648223876953
2017-03-30 08:00:00,4.518213331699371
2017-03-30 09:00:00,4.474179744720459
2017-03-30 10:00:00,4.554068624973297
2017-03-30 11:00:00,4.412661075592041
2017-03-30 12:00:00,3.8591842651367188
2017-03-30 13:00:00,1.7653162479400635
2017-03-30 14:00:00,1.568716287612915
2017-03-30 15:00:00,1.428243637084961
2017-03-30 16:00:00,1.189632534980774
2017-03-30 17:00:00,1.0027369260787964
2017-03-30 18:00:00,0.8789980411529541
2017-03-30 19:00:00,0.8324557542800903
2017-03-30 20:00:00,0.8207963705062866
2017-03-30 21:00:00,0.7680438756942749
2017-03-30 22:00:00,0.7315362691879272
2017-03-30 23:00:00,0.7324026823043823
2017-03-31 00:00:00,0.8123722076416016
2017-03-31 01:00:00,0.9370541572570801
2017-03-31 02:00:00,2.2687215507030487
2017-03-31 03:00:00,2.5471742153167725
2017-03-31 04:00:00,2.9333012104034424
2017-03-31 05:00:00,3.067842721939087
2017-03-31 06:00:00,3.118227958679199
2017-03-31 07:00:00,3.1188483238220215
2017-03-31 08:00:00,3.105001449584961
2017-03-31 09:00:00,3.0605552196502686
2017-03-31 10:00:00,3.0404434204101562
2017-03-31 11:00:00,2.9219846725463867
2017-03-31 12:00:00,2.429031401872635
2017-03-31 13:00:00,1.083558201789856
2017-03-31 14:00:00,1.1627389192581177
2017-03-31 15:00:00,1.2304835319519043
2017-03-31 16:00:00,1.3502540588378906
2017-03-31 17:00:00,1.4375114440917969
2017-03-31 18:00:00,1.5276551246643066
2017-03-31 19:00:00,1.6289739608764648
2017-03-31 20:00:00,1.6834416389465332
2017-03-31 21:00:00,1.6715114116668701
2017-03-31 22:00:00,1.507789134979248
2017-03-31 23:00:00,1.3547000885009766
2017-04-01 00:00:00,1.2267885208129883
2017-04-01 01:00:00,1.1583527326583862
2017-04-01 02:00:00,2.3825135231018066
2017-04-01 03:00:00,2.509664297103882
2017-04-01 04:00:00,2.961941719055176
2017-04-01 05:00:00,3.1201837062835693
2017-04-01 06:00:00,3.406139373779297
2017-04-01 07:00:00,3.873965084552765
2017-04-01 08:00:00,4.283342778682709
2017-04-01 09:00:00,4.6065216064453125
2017-04-01 10:00:00,4.596956729888916
2017-04-01 11:00:00,4.355399131774902
2017-04-01 12:00:00,3.7802648544311523
2017-04-01 13:00:00,1.5227248668670654
2017-04-01 14:00:00,1.4218088388442993
2017-04-01 15:00:00,1.2981916666030884
2017-04-01 16:00:00,1.192479133605957
2017-04-01 17:00:00,1.058688148856163
2017-04-01 18:00:00,0.9453103244304657
2017-04-01 19:00:00,0.8494527339935303
2017-04-01 20:00:00,0.7497777491807938
2017-04-01 21:00:00,0.6912332028150558
2017-04-01 22:00:00,0.7706869840621948
2017-04-01 23:00:00,0.8142513781785965
2017-04-02 00:00:00,0.8503357172012329
2017-04-02 01:00:00,0.9285065680742264
2017-04-02 02:00:00,2.2762699127197266
2017-04-02 03:00:00,2.4675655364990234
2017-04-02 04:00:00,3.5365500450134277
2017-04-02 05:00:00,4.1955156326293945
2017-04-02 06:00:00,4.383796691894531
2017-04-02 07:00:00,4.370785713195801
2017-04-02 08:00:00,4.224518716335297
2017-04-02 09:00:00,4.136814177036285
2017-04-02 10:00:00,4.1633734703063965
2017-04-02 11:00:00,4.125232696533203
2017-04-02 12:00:00,3.7198574542999268
2017-04-02 13:00:00,1.5607084035873413
2017-04-02 14:00:00,1.548783779144287
2017-04-02 15:00:00,1.521427035331726
2017-04-02 16:00:00,1.5615226030349731
2017-04-02 17:00:00,1.6366453170776367
2017-04-02 18:00:00,1.6743249893188477
2017-04-02 19:00:00,1.5968464612960815
2017-04-02 20:00:00,1.463122010231018
2017-04-02 21:00:00,1.3311563730239868
2017-04-02 22:00:00,1.1009832620620728
2017-04-02 23:00:00,0.8961493968963623
2017-04-03 00:00:00,0.6745809465646744
2017-04-03 01:00:00,0.48840606212615967
2017-04-03 02:00:00,0.7216463387012482
2017-04-03 03:00:00,0.519777812063694
2017-04-03 04:00:00,1.402435228228569
2017-04-03 05:00:00,2.620724678039551
2017-04-03 06:00:00,3.222464084625244
2017-04-03 07:00:00,3.6765173077583313
2017-04-03 08:00:00,4.05308210849762
2017-04-03 09:00:00,4.062697887420654
2017-04-03 10:00:00,3.960274815559387
2017-04-03 11:00:00,3.8781129717826843
2017-04-03 12:00:00,3.3474326133728027
2017-04-03 13:00:00,1.192483440041542
2017-04-03 14:00:00,1.0912275612354279
2017-04-03 15:00:00,0.9411391019821167
2017-04-03 16:00:00,0.8470650911331177
2017-04-03 17:00:00,0.727074921131134
2017-04-03 18:00:00,0.5869238972663879
2017-04-03 19:00:00,0.44760042428970337
2017-04-03 20:00:00,0.3454325795173645
2017-04-03 21:00:00,0.2703038454055786
2017-04-03 22:00:00,0.28456318378448486
2017-04-03 23:00:00,0.4176982641220093
2017-04-04 00:00:00,0.5603728294372559
2017-04-04 01:00:00,0.56252121925354
2017-04-04 02:00:00,0.9208060503005981
2017-04-04 03:00:00,0.4791253060102463
2017-04-04 04:00:00,-0.4142063856124878
2017-04-04 05:00:00,0.4151875376701355
2017-04-04 06:00:00,1.4480915069580078
2017-04-04 07:00:00,2.0393142700195312
2017-04-04 08:00:00,2.397944688796997
2017-04-04 09:00:00,2.659151077270508
2017-04-04 10:00:00,2.3663664162158966
2017-04-04 11:00:00,1.8829641342163086
2017-04-04 12:00:00,1.13689124584198
2017-04-04 13:00:00,0.07936263084411621
2017-04-04 14:00:00,-0.34944725036621094
2017-04-04 15:00:00,-0.6685321778059006
2017-04-04 16:00:00,-0.7819730788469315
2017-04-04 17:00:00,-0.8368923366069794
2017-04-04 18:00:00,-0.8665139973163605
2017-04-04 19:00:00,-0.8911286294460297
2017-04-04 20:00:00,-0.8876518458127975
2017-04-04 21:00:00,-0.8281382247805595
2017-04-04 22:00:00,-0.7851852178573608
2017-04-04 23:00:00,-0.7847644835710526
2017-04-05 00:00:00,-0.697072297334671
2017-04-05 01:00:00,-0.45588088035583496
2017-04-05 02:00:00,-0.4572220966219902
2017-04-05 03:00:00,-0.31228282302618027
2017-04-05 04:00:00,0.13555461168289185
2017-04-05 05:00:00,0.6378487199544907
2017-04-05 06:00:00,0.515342116355896
2017-04-05 07:00:00,0.06812584400177002
2017-04-05 08:00:00,-0.36933987960219383
2017-04-05 09:00:00,-0.7540794610977173
2017-04-05 10:00:00,-1.4021538496017456
2017-04-05 11:00:00,-1.6649506986141205
2017-04-05 12:00:00,-1.666821002960205
2017-04-05 13:00:00,-1.195432186126709
2017-04-05 14:00:00,-1.489319235086441
2017-04-05 15:00:00,-1.64023756980896
2017-04-05 16:00:00,-1.5232199802994728
2017-04-05 17:00:00,-1.3177451938390732
2017-04-05 18:00:00,-0.8485936224460602
2017-04-05 19:00:00,-0.47899122536182404
2017-04-05 20:00:00,-0.5822657346725464
2017-04-05 21:00:00,-1.0241320133209229
2017-04-05 22:00:00,-1.594686508178711
2017-04-05 23:00:00,-1.9201661050319672
2017-04-06 00:00:00,-2.0918750762939453
2017-04-06 01:00:00,-2.008849173784256
2017-04-06 02:00:00,-2.6284722983837128
2017-04-06 03:00:00,-2.5238437950611115
2017-04-06 04:00:00,-1.230259895324707
2017-04-06 05:00:00,-1.1309731006622314
2017-04-06 06:00:00,-0.7293136119842529
2017-04-06 07:00:00,-0.005563020706176758
2017-04-06 08:00:00,0.7454326450824738
2017-04-06 09:00:00,1.5184204578399658
2017-04-06 10:00:00,2.49746510386467
2017-04-06 11:00:00,3.48500919342041
2017-04-06 12:00:00,3.6163759231567383
2017-04-06 13:00:00,2.7261252403259277
2017-04-06 14:00:00,3.2761216163635254
2017-04-06 15:00:00,3.4668283462524414
2017-04-06 16:00:00,2.945122718811035
2017-04-06 17:00:00,2.4999680519104004
2017-04-06 18:00:00,2.065573275089264
2017-04-06 19:00:00,1.6662895679473877
2017-04-06 20:00:00,1.2966151237487793
2017-04-06 21:00:00,0.8980118036270142
2017-04-06 22:00:00,0.5751354694366455
2017-04-06 23:00:00,0.448230504989624
2017-04-07 00:00:00,0.4082024097442627
2017-04-07 01:00:00,0.38852107524871826
2017-04-07 02:00:00,0.44549500942230225
2017-04-07 03:00:00,0.5210925340652466
2017-04-07 04:00:00,1.4748306274414062
2017-04-07 05:00:00,2.0634965896606445
2017-04-07 06:00:00,2.4048728942871094
2017-04-07 07:00:00,2.651913642883301
2017-04-07 08:00:00,2.7972261905670166
2017-04-07 09:00:00,2.7992703914642334
2017-04-07 10:00:00,2.822007417678833
2017-04-07 11:00:00,2.639479160308838
2017-04-07 12:00:00,1.2593965530395508
2017-04-07 13:00:00,0.9396028518676758
2017-04-07 14:00:00,0.8799291849136353
2017-04-07 15:00:00,0.7818608283996582
2017-04-07 16:00:00,0.7049855589866638
2017-04-07 17:00:00,0.6665375828742981
2017-04-07 18:00:00,0.6481378674507141
2017-04-07 19:00:00,0.6289031505584717
2017-04-07 20:00:00,0.6014715433120728
2017-04-07 21:00:00,0.6019102334976196
2017-04-07 22:00:00,0.5779255628585815
2017-04-07 23:00:00,0.5866889357566833
2017-04-08 00:00:00,0.6050724983215332
2017-04-08 01:00:00,0.606991708278656
2017-04-08 02:00:00,0.9827523529529572
2017-04-08 03:00:00,1.1375731229782104
2017-04-08 04:00:00,1.4179250001907349
2017-04-08 05:00:00,1.9171175956726074
2017-04-08 06:00:00,2.3151726722717285
2017-04-08 07:00:00,2.7702689170837402
2017-04-08 08:00:00,3.213423013687134
2017-04-08 09:00:00,3.5971946716308594
2017-04-08 10:00:00,3.7977895736694336
2017-04-08 11:00:00,3.7674295902252197
2017-04-08 12:00:00,3.225691080093384
2017-04-08 13:00:00,1.4591422080993652
2017-04-08 14:00:00,1.585465908050537
2017-04-08 15:00:00,1.704965591430664
2017-04-08 16:00:00,1.8021409511566162
2017-04-08 17:00:00,1.9119516611099243
2017-04-08 18:00:00,2.044317305088043
2017-04-08 19:00:00,2.1202239990234375
2017-04-08 20:00:00,2.0383567214012146
2017-04-08 21:00:00,1.896467924118042
2017-04-08 22:00:00,1.575571060180664
2017-04-08 23:00:00,1.2986636459827423
2017-04-09 00:00:00,1.0942426919937134
2017-04-09 01:00:00,1.1352378129959106
2017-04-09 02:00:00,2.0923134982585907
2017-04-09 03:00:00,2.150818794965744
2017-04-09 04:00:00,3.3410611152648926
2017-04-09 05:00:00,3.5179057121276855
2017-04-09 06:00:00,3.7006893157958984
2017-04-09 07:00:00,3.9715789556503296
2017-04-09 08:00:00,4.267404079437256
2017-04-09 09:00:00,4.426157474517822
2017-04-09 10:00:00,4.319490432739258
2017-04-09 11:00:00,4.153793454170227
2017-04-09 12:00:00,3.6991591453552246
2017-04-09 13:00:00,1.5930094718933105
2017-04-09 14:00:00,1.5843278169631958
2017-04-09 15:00:00,1.6465250253677368
2017-04-09 16:00:00,1.8387300968170166
2017-04-09 17:00:00,1.9926342964172363
2017-04-09 18:00:00,2.1142752170562744
2017-04-09 19:00:00,2.268671989440918
2017-04-09 20:00:00,2.454728603363037
2017-04-09 21:00:00,2.6354150772094727
2017-04-09 22:00:00,2.6796891689300537
2017-04-09 23:00:00,2.4456334114074707
2017-04-10 00:00:00,2.5137358009815216
2017-04-10 01:00:00,2.8177270889282227
2017-04-10 02:00:00,3.6251301765441895
2017-04-10 03:00:00,3.556584358215332
2017-04-10 04:00:00,5.122058868408203
2017-04-10 05:00:00,4.978212833404541
2017-04-10 06:00:00,4.989986419677734
2017-04-10 07:00:00,5.100610733032227
2017-04-10 08:00:00,5.246843338012695
2017-04-10 09:00:00,5.317776679992676
2017-04-10 10:00:00,5.37010383605957
2017-04-10 11:00:00,5.249557971954346
2017-04-10 12:00:00,4.679851531982422
2017-04-10 13:00:00,2.5775232315063477
2017-04-10 14:00:00,2.432917356491089
2017-04-10 15:00:00,2.5439677238464355
2017-04-10 16:00:00,2.5217537879943848
2017-04-10 17:00:00,2.398486375808716
2017-04-10 18:00:00,2.2139627933502197
2017-04-10 19:00:00,2.021134912967682
2017-04-10 20:00:00,1.9134005904197693
2017-04-10 21:00:00,1.8698210716247559
2017-04-10 22:00:00,1.906815528869629
2017-04-10 23:00:00,1.9631357789039612
2017-04-11 00:00:00,2.0736603140830994
2017-04-11 01:00:00,2.5475943088531494
2017-04-11 02:00:00,3.5991790294647217
2017-04-11 03:00:00,3.505573034286499
2017-04-11 04:00:00,5.201040267944336
2017-04-11 05:00:00,5.275498867034912
2017-04-11 06:00:00,5.149411201477051
2017-04-11 07:00:00,5.1006760597229
2017-04-11 08:00:00,5.127391815185547
2017-04-11 09:00:00,5.179817199707031
2017-04-11 10:00:00,5.107362747192383
2017-04-11 11:00:00,4.885605812072754
2017-04-11 12:00:00,4.148481369018555
2017-04-11 13:00:00,2.084435224533081
2017-04-11 14:00:00,2.1094582080841064
2017-04-11 15:00:00,2.2250120639801025
2017-04-11 16:00:00,2.0297834873199463
2017-04-11 17:00:00,1.765322208404541
2017-04-11 18:00:00,1.5428603887557983
2017-04-11 19:00:00,1.3606691360473633
2017-04-11 20:00:00,1.1712012439966202
2017-04-11 21:00:00,0.9613111019134521
2017-04-11 22:00:00,0.9795703887939453
2017-04-11 23:00:00,1.0199360847473145
2017-04-12 00:00:00,1.150088906288147
2017-04-12 01:00:00,1.3990055322647095
2017-04-12 02:00:00,2.913764715194702
2017-04-12 03:00:00,2.6447246074676514
2017-04-12 04:00:00,3.7448233366012573
2017-04-12 05:00:00,3.86993408203125
2017-04-12 06:00:00,3.6833295822143555
2017-04-12 07:00:00,3.5349385738372803
2017-04-12 08:00:00,3.5371620655059814
2017-04-12 09:00:00,3.7430710792541504
2017-04-12 10:00:00,3.8063840866088867
2017-04-12 11:00:00,3.686800718307495
2017-04-12 12:00:00,3.1152875423431396
2017-04-12 13:00:00,1.370311975479126
2017-04-12 14:00:00,1.360815405845642
2017-04-12 15:00:00,1.3548099994659424
2017-04-12 16:00:00,1.340017557144165
2017-04-12 17:00:00,1.282636046409607
2017-04-12 18:00:00,1.2279388904571533
2017-04-12 19:00:00,1.1931586265563965
2017-04-12 20:00:00,1.0917899757623672
2017-04-12 21:00:00,0.8965070247650146
2017-04-12 22:00:00,0.6658643484115601
2017-04-12 23:00:00,0.4298851490020752
2017-04-13 00:00:00,0.2802925109863281
2017-04-13 01:00:00,0.2467154860496521
2017-04-13 02:00:00,0.3413562774658203
2017-04-13 03:00:00,0.30325496196746826
2017-04-13 04:00:00,0.5920153856277466
2017-04-13 05:00:00,1.7359533309936523
2017-04-13 06:00:00,1.8118751049041748
2017-04-13 07:00:00,1.8910417556762695
2017-04-13 08:00:00,2.0583916306495667
2017-04-13 09:00:00,2.1585538387298584
2017-04-13 10:00:00,2.1128222942352295
2017-04-13 11:00:00,2.105427771806717
2017-04-13 12:00:00,1.770283818244934
2017-04-13 13:00:00,0.7663226127624512
2017-04-13 14:00:00,0.7116063833236694
2017-04-13 15:00:00,0.6389207243919373
2017-04-13 16:00:00,0.7866997718811035
2017-04-13 17:00:00,0.9425239562988281
2017-04-13 18:00:00,1.0709853172302246
2017-04-13 19:00:00,1.1574113368988037
2017-04-13 20:00:00,1.1984959840774536
2017-04-13 21:00:00,1.1964067220687866
2017-04-13 22:00:00,1.0511723756790161
2017-04-13 23:00:00,0.786098301410675
2017-04-14 00:00:00,0.315265990793705
2017-04-14 01:00:00,-0.3745388984680176
2017-04-14 02:00:00,-0.9190176725387573
2017-04-14 03:00:00,-1.6355843544006348
2017-04-14 04:00:00,-1.258221983909607
2017-04-14 05:00:00,-0.7845285013318062
2017-04-14 06:00:00,-0.2779085040092468
2017-04-14 07:00:00,0.3299172520637512
2017-04-14 08:00:00,0.998926043510437
2017-04-14 09:00:00,1.5365768671035767
2017-04-14 10:00:00,1.7155705392360687
2017-04-14 11:00:00,1.8543258607387543
2017-04-14 12:00:00,1.6158157289028168
2017-04-14 13:00:00,0.7932387590408325
2017-04-14 14:00:00,0.7160853743553162
2017-04-14 15:00:00,0.49689358472824097
2017-04-14 16:00:00,0.29322052001953125
2017-04-14 17:00:00,0.14983832091093063
2017-04-14 18:00:00,0.04580393433570862
2017-04-14 19:00:00,-0.026273638010025024
2017-04-14 20:00:00,-0.03676748275756836
2017-04-14 21:00:00,0.005912087857723236
2017-04-14 22:00:00,-0.09808486700057983
2017-04-14 23:00:00,-0.18807053193449974
2017-04-15 00:00:00,-0.1846008524298668
2017-04-15 01:00:00,-0.11791286617517471
2017-04-15 02:00:00,0.08578266948461533
2017-04-15 03:00:00,0.3739925026893616
2017-04-15 04:00:00,1.326793909072876
2017-04-15 05:00:00,2.179431229829788
2017-04-15 06:00:00,2.5493292808532715
2017-04-15 07:00:00,2.8422815799713135
2017-04-15 08:00:00,3.12893009185791
2017-04-15 09:00:00,3.350456714630127
2017-04-15 10:00:00,3.4821431636810303
2017-04-15 11:00:00,3.5200886726379395
2017-04-15 12:00:00,3.1197524070739746
2017-04-15 13:00:00,1.2671536207199097
2017-04-15 14:00:00,1.3261609077453613
2017-04-15 15:00:00,1.4372501373291016
2017-04-15 16:00:00,1.568990707397461
2017-04-15 17:00:00,1.7169933319091797
2017-04-15 18:00:00,1.7727444171905518
2017-04-15 19:00:00,1.6250309944152832
2017-04-15 20:00:00,1.3463850021362305
2017-04-15 21:00:00,1.0745558440685272
2017-04-15 22:00:00,0.8604862689971924
2017-04-15 23:00:00,0.7302754521369934
2017-04-16 00:00:00,0.6969991326332092
2017-04-16 01:00:00,0.6941477060317993
2017-04-16 02:00:00,1.2152159065008163
2017-04-16 03:00:00,1.0250233337283134
2017-04-16 04:00:00,0.819147951900959
2017-04-16 05:00:00,1.0820435285568237
2017-04-16 06:00:00,0.9567586183547974
2017-04-16 07:00:00,1.0329830944538116
2017-04-16 08:00:00,1.299957036972046
2017-04-16 09:00:00,1.6267497539520264
2017-04-16 10:00:00,2.2285873889923096
2017-04-16 11:00:00,2.5633347034454346
2017-04-16 12:00:00,2.4483256340026855
2017-04-16 13:00:00,0.9642070829868317
2017-04-16 14:00:00,1.0273401737213135
2017-04-16 15:00:00,1.0333222150802612
2017-04-16 16:00:00,1.1867082118988037
2017-04-16 17:00:00,1.2767287492752075
2017-04-16 18:00:00,1.2935128211975098
2017-04-16 19:00:00,1.2821978330612183
2017-04-16 20:00:00,1.275982141494751
2017-04-16 21:00:00,1.2745559215545654
2017-04-16 22:00:00,1.1799676418304443
2017-04-16 23:00:00,1.0391198247671127
2017-04-17 00:00:00,0.5545712187886238
2017-04-17 01:00:00,-0.23293137550354004
2017-04-17 02:00:00,-1.7011334970593452
2017-04-17 03:00:00,-2.439413547515869
2017-04-17 04:00:00,-2.8117945194244385
2017-04-17 05:00:00,-1.9465102553367615
2017-04-17 06:00:00,-1.1504422426223755
2017-04-17 07:00:00,-0.2438734769821167
2017-04-17 08:00:00,0.6659270524978638
2017-04-17 09:00:00,1.3265278339385986
2017-04-17 10:00:00,1.7015175819396973
2017-04-17 11:00:00,1.832831472158432
2017-04-17 12:00:00,1.5606716871261597
2017-04-17 13:00:00,0.3952139616012573
2017-04-17 14:00:00,0.20836257934570312
2017-04-17 15:00:00,0.06059080362319946
2017-04-17 16:00:00,-0.036895930767059326
2017-04-17 17:00:00,0.0028654932975769043
2017-04-17 18:00:00,0.1568562388420105
2017-04-17 19:00:00,0.3756305128335953
2017-04-17 20:00:00,0.5987059473991394
2017-04-17 21:00:00,0.7852218151092529
2017-04-17 22:00:00,0.9336340129375458
2017-04-17 23:00:00,0.9852949380874634
2017-04-18 00:00:00,0.8017624206840992
2017-04-18 01:00:00,0.4492378681898117
2017-04-18 02:00:00,0.3998565375804901
2017-04-18 03:00:00,0.09704086184501648
2017-04-18 04:00:00,0.45429858565330505
2017-04-18 05:00:00,2.066904306411743
2017-04-18 06:00:00,2.781751126050949
2017-04-18 07:00:00,3.3880181312561035
2017-04-18 08:00:00,3.868321418762207
2017-04-18 09:00:00,4.184814453125
2017-04-18 10:00:00,4.129627108573914
2017-04-18 11:00:00,3.9737950563430786
2017-04-18 12:00:00,3.332817316055298
2017-04-18 13:00:00,1.5506139993667603
2017-04-18 14:00:00,1.8180997371673584
2017-04-18 15:00:00,2.22220778465271
2017-04-18 16:00:00,2.9730420112609863
2017-04-18 17:00:00,3.613913059234619
2017-04-18 18:00:00,3.8978222608566284
2017-04-18 19:00:00,3.830727696418762
2017-04-18 20:00:00,3.619283676147461
2017-04-18 21:00:00,3.337590456008911
2017-04-18 22:00:00,2.7296175956726074
2017-04-18 23:00:00,2.214245319366455
2017-04-19 00:00:00,1.8741488456726074
2017-04-19 01:00:00,1.9953741431236267
2017-04-19 02:00:00,2.585001230239868
2017-04-19 03:00:00,2.347358465194702
2017-04-19 04:00:00,3.4859215021133423
2017-04-19 05:00:00,3.975158214569092
2017-04-19 06:00:00,3.8672791719436646
2017-04-19 07:00:00,3.836845278739929
2017-04-19 08:00:00,3.91544771194458
2017-04-19 09:00:00,4.03848397731781
2017-04-19 10:00:00,4.040808081626892
2017-04-19 11:00:00,3.9730453491210938
2017-04-19 12:00:00,3.5884580612182617
2017-04-19 13:00:00,1.3320361375808716
2017-04-19 14:00:00,1.2718009948730469
2017-04-19 15:00:00,1.1529118716716766
2017-04-19 16:00:00,1.11032035946846
2017-04-19 17:00:00,1.1234335899353027
2017-04-19 18:00:00,1.1843535900115967
2017-04-19 19:00:00,1.2704255729913712
2017-04-19 20:00:00,1.340489387512207
2017-04-19 21:00:00,1.3961578607559204
2017-04-19 22:00:00,1.4722912311553955
2017-04-19 23:00:00,1.608210563659668
2017-04-20 00:00:00,1.784113496541977
2017-04-20 01:00:00,2.185530662536621
2017-04-20 02:00:00,3.462258815765381
2017-04-20 03:00:00,3.0193371772766113
2017-04-20 04:00:00,3.5652589797973633
2017-04-20 05:00:00,3.418855667114258
2017-04-20 06:00:00,2.9555912017822266
2017-04-20 07:00:00,2.806195020675659
2017-04-20 08:00:00,2.910207748413086
2017-04-20 09:00:00,3.1518776416778564
2017-04-20 10:00:00,3.3650670051574707
2017-04-20 11:00:00,3.4377939701080322
2017-04-20 12:00:00,3.1826705932617188
2017-04-20 13:00:00,1.1564288139343262
2017-04-20 14:00:00,1.2201615571975708
2017-04-20 15:00:00,1.1952153444290161
2017-04-20 16:00:00,1.2458842992782593
2017-04-20 17:00:00,1.3164191246032715
2017-04-20 18:00:00,1.4073854684829712
2017-04-20 19:00:00,1.5129133462905884
2017-04-20 20:00:00,1.6686100959777832
2017-04-20 21:00:00,1.8460179269313812
2017-04-20 22:00:00,1.5478448867797852
2017-04-20 23:00:00,1.222543939948082
2017-04-21 00:00:00,0.6959725618362427
2017-04-21 01:00:00,0.333746075630188
2017-04-21 02:00:00,0.16670987010002136
2017-04-21 03:00:00,0.8420428410172462
2017-04-21 04:00:00,2.2738678604364395
2017-04-21 05:00:00,2.3529544174671173
2017-04-21 06:00:00,2.421619415283203
2017-04-21 07:00:00,2.6086533069610596
2017-04-21 08:00:00,2.830794334411621
2017-04-21 09:00:00,3.0577380657196045
2017-04-21 10:00:00,3.2421631813049316
2017-04-21 11:00:00,3.3753395080566406
2017-04-21 12:00:00,3.2488040924072266
2017-04-21 13:00:00,1.2217903137207031
2017-04-21 14:00:00,1.2453548908233643
2017-04-21 15:00:00,1.2815324068069458
2017-04-21 16:00:00,1.57021164894104
2017-04-21 17:00:00,2.0971481800079346
2017-04-21 18:00:00,2.566514253616333
2017-04-21 19:00:00,3.0111985206604004
2017-04-21 20:00:00,3.046170711517334
2017-04-21 21:00:00,2.9446847438812256
2017-04-21 22:00:00,2.194110870361328
2017-04-21 23:00:00,1.768249899148941
2017-04-22 00:00:00,1.7320621013641357
2017-04-22 01:00:00,2.1029505133628845
2017-04-22 02:00:00,3.41609525680542
2017-04-22 03:00:00,4.060587048530579
2017-04-22 04:00:00,4.072627544403076
2017-04-22 05:00:00,3.1604506373405457
2017-04-22 06:00:00,2.473600149154663
2017-04-22 07:00:00,2.1979784965515137
2017-04-22 08:00:00,2.183533191680908
2017-04-22 09:00:00,2.2961831092834473
2017-04-22 10:00:00,2.791111469268799
2017-04-22 11:00:00,3.143051862716675
2017-04-22 12:00:00,3.162292242050171
2017-04-22 13:00:00,1.2540279626846313
2017-04-22 14:00:00,1.2117652893066406
2017-04-22 15:00:00,1.1317607164382935
2017-04-22 16:00:00,1.24755859375
2017-04-22 17:00:00,1.3315808773040771
2017-04-22 18:00:00,1.3533849716186523
2017-04-22 19:00:00,1.358750343322754
2017-04-22 20:00:00,1.4110107421875
2017-04-22 21:00:00,1.651790976524353
2017-04-22 22:00:00,1.8149476051330566
2017-04-22 23:00:00,1.9354279935359955
2017-04-23 00:00:00,1.8372735977172852
2017-04-23 01:00:00,2.1625120639801025
2017-04-23 02:00:00,2.852400302886963
2017-04-23 03:00:00,3.286768913269043
2017-04-23 04:00:00,3.022134780883789
2017-04-23 05:00:00,2.7664389610290527
2017-04-23 06:00:00,2.729581356048584
2017-04-23 07:00:00,2.9316787719726562
2017-04-23 08:00:00,3.258591651916504
2017-04-23 09:00:00,3.5624051094055176
2017-04-23 10:00:00,3.716522216796875
2017-04-23 11:00:00,3.7425475120544434
2017-04-23 12:00:00,3.54819393157959
2017-04-23 13:00:00,1.5398621559143066
2017-04-23 14:00:00,1.4574213027954102
2017-04-23 15:00:00,1.490490198135376
2017-04-23 16:00:00,1.6705949306488037
2017-04-23 17:00:00,1.8535479605197906
2017-04-23 18:00:00,2.0902066230773926
2017-04-23 19:00:00,2.4937796592712402
2017-04-23 20:00:00,2.9295835494995117
2017-04-23 21:00:00,3.0030581951141357
2017-04-23 22:00:00,2.6121397018432617
2017-04-23 23:00:00,2.2798120975494385
2017-04-24 00:00:00,2.1044960021972656
2017-04-24 01:00:00,2.5698723793029785
2017-04-24 02:00:00,2.6906306743621826
2017-04-24 03:00:00,3.057741641998291
2017-04-24 04:00:00,2.8946585655212402
2017-04-24 05:00:00,2.907773494720459
2017-04-24 06:00:00,3.1163525581359863
2017-04-24 07:00:00,3.448063611984253
2017-04-24 08:00:00,3.7955374717712402
2017-04-24 09:00:00,4.075914919376373
2017-04-24 10:00:00,4.2112961411476135
2017-04-24 11:00:00,4.197393357753754
2017-04-24 12:00:00,3.995688557624817
2017-04-24 13:00:00,2.6605539321899414
2017-04-24 14:00:00,1.8268263339996338
2017-04-24 15:00:00,2.133446455001831
2017-04-24 16:00:00,2.5991950035095215
2017-04-24 17:00:00,3.0342917442321777
2017-04-24 18:00:00,3.2450170516967773
2017-04-24 19:00:00,3.2794253826141357
2017-04-24 20:00:00,3.2371716499328613
2017-04-24 21:00:00,3.129133701324463
2017-04-24 22:00:00,2.864468812942505
2017-04-24 23:00:00,2.6555700302124023
2017-04-25 00:00:00,2.5036392211914062
2017-04-25 01:00:00,2.9784915447235107
2017-04-25 02:00:00,2.895385265350342
2017-04-25 03:00:00,2.925281524658203
2017-04-25 04:00:00,3.2945637702941895
2017-04-25 05:00:00,3.8271320462226868
2017-04-25 06:00:00,4.463719844818115
2017-04-25 07:00:00,4.850212574005127
2017-04-25 08:00:00,4.973205089569092
2017-04-25 09:00:00,4.91117525100708
2017-04-25 10:00:00,4.560663223266602
2017-04-25 11:00:00,4.163460731506348
2017-04-25 12:00:00,3.625277042388916
2017-04-25 13:00:00,1.5248426496982574
2017-04-25 14:00:00,1.0836353600025177
2017-04-25 15:00:00,0.9043262451887131
2017-04-25 16:00:00,0.8533303141593933
2017-04-25 17:00:00,0.8381224870681763
2017-04-25 18:00:00,0.8978074789047241
2017-04-25 19:00:00,1.0392850637435913
2017-04-25 20:00:00,1.231961727142334
2017-04-25 21:00:00,1.4365885257720947
2017-04-25 22:00:00,1.3765870332717896
2017-04-25 23:00:00,1.3019537925720215
2017-04-26 00:00:00,1.2046666145324707
2017-04-26 01:00:00,1.176354169845581
2017-04-26 02:00:00,2.2775609493255615
2017-04-26 03:00:00,2.3289263248443604
2017-04-26 04:00:00,3.3843350410461426
2017-04-26 05:00:00,3.2770328521728516
2017-04-26 06:00:00,3.1758482456207275
2017-04-26 07:00:00,3.1837923526763916
2017-04-26 08:00:00,3.269228458404541
2017-04-26 09:00:00,3.393033981323242
2017-04-26 10:00:00,3.4071125984191895
2017-04-26 11:00:00,3.4109365940093994
2017-04-26 12:00:00,3.148393154144287
2017-04-26 13:00:00,1.0530303716659546
2017-04-26 14:00:00,1.0821213722229004
2017-04-26 15:00:00,1.0794057548046112
2017-04-26 16:00:00,1.1019335985183716
2017-04-26 17:00:00,1.1293928623199463
2017-04-26 18:00:00,1.1638212352991104
2017-04-26 19:00:00,1.2041600942611694
2017-04-26 20:00:00,1.2182154655456543
2017-04-26 21:00:00,1.1773122549057007
2017-04-26 22:00:00,1.1902732849121094
2017-04-26 23:00:00,1.2038191556930542
2017-04-27 00:00:00,1.2182456254959106
2017-04-27 01:00:00,1.3521807193756104
2017-04-27 02:00:00,2.709123373031616
2017-04-27 03:00:00,2.9548115730285645
2017-04-27 04:00:00,3.529026985168457
2017-04-27 05:00:00,3.4207122325897217
2017-04-27 06:00:00,3.1750805377960205
2017-04-27 07:00:00,3.003119707107544
2017-04-27 08:00:00,2.912806510925293
2017-04-27 09:00:00,2.927227020263672
2017-04-27 10:00:00,3.392543315887451
2017-04-27 11:00:00,3.752121925354004
2017-04-27 12:00:00,3.787080764770508
2017-04-27 13:00:00,1.7837444245815277
2017-04-27 14:00:00,1.4594063758850098
2017-04-27 15:00:00,1.4809561967849731
2017-04-27 16:00:00,1.3420014381408691
2017-04-27 17:00:00,1.202465295791626
2017-04-27 18:00:00,1.0179206132888794
2017-04-27 19:00:00,0.8232951760292053
2017-04-27 20:00:00,0.6258373260498047
2017-04-27 21:00:00,0.41739213466644287
2017-04-27 22:00:00,0.5864323377609253
2017-04-27 23:00:00,0.751462996006012
2017-04-28 00:00:00,0.9411863833665848
2017-04-28 01:00:00,1.1052641868591309
2017-04-28 02:00:00,2.9994821548461914
2017-04-28 03:00:00,3.441950559616089
2017-04-28 04:00:00,3.6852023601531982
2017-04-28 05:00:00,3.3503737449645996
2017-04-28 06:00:00,2.961885690689087
2017-04-28 07:00:00,2.7623672485351562
2017-04-28 08:00:00,2.783552646636963
2017-04-28 09:00:00,2.9357118606567383
2017-04-28 10:00:00,3.159528970718384
2017-04-28 11:00:00,3.307589054107666
2017-04-28 12:00:00,3.2955634593963623
2017-04-28 13:00:00,1.450618028640747
2017-04-28 14:00:00,1.3976792097091675
2017-04-28 15:00:00,1.5303415060043335
2017-04-28 16:00:00,1.6274852752685547
2017-04-28 17:00:00,1.6669296026229858
2017-04-28 18:00:00,1.6558359861373901
2017-04-28 19:00:00,1.6100609302520752
2017-04-28 20:00:00,1.5205544233322144
2017-04-28 21:00:00,1.4141989946365356
2017-04-28 22:00:00,1.4657431840896606
2017-04-28 23:00:00,1.5123947858810425
2017-04-29 00:00:00,1.5227742195129395
2017-04-29 01:00:00,1.7854416370391846
2017-04-29 02:00:00,2.8283193111419678
2017-04-29 03:00:00,2.4459261894226074
2017-04-29 04:00:00,2.6946310997009277
2017-04-29 05:00:00,2.208073377609253
2017-04-29 06:00:00,1.8868417739868164
2017-04-29 07:00:00,1.6884336471557617
2017-04-29 08:00:00,1.606107234954834
2017-04-29 09:00:00,1.7214043140411377
2017-04-29 10:00:00,1.9506752490997314
2017-04-29 11:00:00,2.3486194610595703
2017-04-29 12:00:00,2.483872175216675
2017-04-29 13:00:00,1.7905402183532715
2017-04-29 14:00:00,0.9804054573178291
2017-04-29 15:00:00,0.5139761045575142
2017-04-29 16:00:00,0.2890397310256958
2017-04-29 17:00:00,0.08427658304572105
2017-04-29 18:00:00,0.021947025321424007
2017-04-29 19:00:00,0.09830642864108086
2017-04-29 20:00:00,0.26953182369470596
2017-04-29 21:00:00,0.4619908183813095
2017-04-29 22:00:00,0.43485094606876373
2017-04-29 23:00:00,0.41805368661880493
2017-04-30 00:00:00,0.3354596495628357
2017-04-30 01:00:00,0.1810663938522339
2017-04-30 02:00:00,-0.437425822019577
2017-04-30 03:00:00,-0.5362541973590851
2017-04-30 04:00:00,-0.9238967597484589
2017-04-30 05:00:00,-1.2166669368743896
2017-04-30 06:00:00,-1.0185555517673492
2017-04-30 07:00:00,-0.40931105613708496
2017-04-30 08:00:00,0.4588202238082886
2017-04-30 09:00:00,1.3393642902374268
2017-04-30 10:00:00,1.9916207790374756
2017-04-30 11:00:00,2.432464152574539
2017-04-30 12:00:00,2.6758525371551514
2017-04-30 13:00:00,1.4799801111221313
2017-04-30 14:00:00,1.219314694404602
2017-04-30 15:00:00,1.221923589706421
2017-04-30 16:00:00,0.9207195043563843
2017-04-30 17:00:00,0.6146984100341797
2017-04-30 18:00:00,0.33204030990600586
2017-04-30 19:00:00,0.05068230628967285
2017-04-30 20:00:00,-0.2618734836578369
2017-04-30 21:00:00,-0.580248236656189
2017-04-30 22:00:00,-0.7130495309829712
2017-04-30 23:00:00,-0.8393158912658691
2017-05-01 00:00:00,-0.9496188163757324
2017-05-01 01:00:00,-1.0503162145614624
2017-05-01 02:00:00,-2.161717861890793
2017-05-01 03:00:00,-1.7042485177516937
2017-05-01 04:00:00,-0.7599303722381592
2017-05-01 05:00:00,0.16552412509918213
2017-05-01 06:00:00,0.8299803286790848
2017-05-01 07:00:00,1.3096275329589844
2017-05-01 08:00:00,1.7691140174865723
2017-05-01 09:00:00,2.1613075733184814
2017-05-01 10:00:00,2.1484405994415283
2017-05-01 11:00:00,2.130735397338867
2017-05-01 12:00:00,2.001984119415283
2017-05-01 13:00:00,0.6946456432342529
2017-05-01 14:00:00,1.0340744256973267
2017-05-01 15:00:00,1.1167645454406738
2017-05-01 16:00:00,1.128632664680481
2017-05-01 17:00:00,1.1100772619247437
2017-05-01 18:00:00,1.0969756841659546
2017-05-01 19:00:00,1.0508468002080917
2017-05-01 20:00:00,0.9434008598327637
2017-05-01 21:00:00,0.8485636711120605
2017-05-01 22:00:00,0.752364031970501
2017-05-01 23:00:00,0.6203302890062332
2017-05-02 00:00:00,0.47428786754608154
2017-05-02 01:00:00,0.1769888997077942
2017-05-02 02:00:00,-0.25004589557647705
2017-05-02 03:00:00,-0.5091081261634827
2017-05-02 04:00:00,-0.0999634861946106
2017-05-02 05:00:00,0.5256282091140747
2017-05-02 06:00:00,1.2362766116857529
2017-05-02 07:00:00,1.9408833980560303
2017-05-02 08:00:00,2.540066719055176
2017-05-02 09:00:00,2.9585041999816895
2017-05-02 10:00:00,2.9292612075805664
2017-05-02 11:00:00,2.904850721359253
2017-05-02 12:00:00,2.6319284439086914
2017-05-02 13:00:00,0.8815795928239822
2017-05-02 14:00:00,0.8306577503681183
2017-05-02 15:00:00,0.4488604664802551
2017-05-02 16:00:00,0.09944558143615723
2017-05-02 17:00:00,-0.21084868907928467
2017-05-02 18:00:00,-0.4404071569442749
2017-05-02 19:00:00,-0.5619832277297974
2017-05-02 20:00:00,-0.5960863828659058
2017-05-02 21:00:00,-0.6801402568817139
2017-05-02 22:00:00,-0.8145655989646912
2017-05-02 23:00:00,-0.8620564937591553
2017-05-03 00:00:00,-0.636458158493042
2017-05-03 01:00:00,-0.24031108617782593
2017-05-03 02:00:00,0.14589560218155384
2017-05-03 03:00:00,0.7634220719337463
2017-05-03 04:00:00,1.6144633293151855
2017-05-03 05:00:00,2.0329089164733887
2017-05-03 06:00:00,1.8277158811688423
2017-05-03 07:00:00,1.505147397518158
2017-05-03 08:00:00,1.411713071167469
2017-05-03 09:00:00,1.5988550037145615
2017-05-03 10:00:00,1.8016696274280548
2017-05-03 11:00:00,1.922190897166729
2017-05-03 12:00:00,1.6988858729600906
2017-05-03 13:00:00,0.5858588144183159
2017-05-03 14:00:00,0.06708897650241852
2017-05-03 15:00:00,-0.46603430062532425
2017-05-03 16:00:00,-0.9163594543933868
2017-05-03 17:00:00,-1.0394401252269745
2017-05-03 18:00:00,-0.9938375130295753
2017-05-03 19:00:00,-0.9908442236483097
2017-05-03 20:00:00,-0.9492733776569366
2017-05-03 21:00:00,-0.8834406211972237
2017-05-03 22:00:00,-0.5942406691610813
2017-05-03 23:00:00,-0.23794031143188477
2017-05-04 00:00:00,-0.3398732542991638
2017-05-04 01:00:00,-0.6324026584625244
2017-05-04 02:00:00,-0.8250555098056793
2017-05-04 03:00:00,1.2065226212143898
2017-05-04 04:00:00,2.5275497436523438
2017-05-04 05:00:00,3.2223049998283386
2017-05-04 06:00:00,3.814802646636963
2017-05-04 07:00:00,4.3364949226379395
2017-05-04 08:00:00,4.757534027099609
2017-05-04 09:00:00,5.067162990570068
2017-05-04 10:00:00,5.15093469619751
2017-05-04 11:00:00,5.084095478057861
2017-05-04 12:00:00,4.720847129821777
2017-05-04 13:00:00,2.985686779022217
2017-05-04 14:00:00,1.8063786029815674
2017-05-04 15:00:00,1.6967792510986328
2017-05-04 16:00:00,1.6478878259658813
2017-05-04 17:00:00,1.6879839897155762
2017-05-04 18:00:00,1.748926043510437
2017-05-04 19:00:00,1.7521134614944458
2017-05-04 20:00:00,1.6491812467575073
2017-05-04 21:00:00,1.53113853931427
2017-05-04 22:00:00,1.348998174071312
2017-05-04 23:00:00,1.1751060634851456
2017-05-05 00:00:00,1.0311987698078156
2017-05-05 01:00:00,1.0152759850025177
2017-05-05 02:00:00,1.7246730327606201
2017-05-05 03:00:00,1.5182278156280518
2017-05-05 04:00:00,2.672471523284912
2017-05-05 05:00:00,2.9351346492767334
2017-05-05 06:00:00,3.174422264099121
2017-05-05 07:00:00,3.360983371734619
2017-05-05 08:00:00,3.469132900238037
2017-05-05 09:00:00,3.3955190181732178
2017-05-05 10:00:00,3.7378954887390137
2017-05-05 11:00:00,4.0548476576805115
2017-05-05 12:00:00,4.177916049957275
2017-05-05 13:00:00,2.360115498304367
2017-05-05 14:00:00,1.7848820686340332
2017-05-05 15:00:00,1.8897020816802979
2017-05-05 16:00:00,1.9149537086486816
2017-05-05 17:00:00,1.9046552181243896
2017-05-05 18:00:00,1.8282792568206787
2017-05-05 19:00:00,1.6836669445037842
2017-05-05 20:00:00,1.4891669750213623
2017-05-05 21:00:00,1.2826557159423828
2017-05-05 22:00:00,0.9600154161453247
2017-05-05 23:00:00,0.6845919489860535
2017-05-06 00:00:00,0.4750322103500366
2017-05-06 01:00:00,0.21202939748764038
2017-05-06 02:00:00,-0.04060399532318115
2017-05-06 03:00:00,-0.355290949344635
2017-05-06 04:00:00,0.9445073902606964
2017-05-06 05:00:00,1.4998087882995605
2017-05-06 06:00:00,2.0398477911949158
2017-05-06 07:00:00,2.6465203762054443
2017-05-06 08:00:00,3.1094753742218018
2017-05-06 09:00:00,3.431318759918213
2017-05-06 10:00:00,3.5085959434509277
2017-05-06 11:00:00,3.479680061340332
2017-05-06 12:00:00,3.2292346954345703
2017-05-06 13:00:00,1.253282904624939
2017-05-06 14:00:00,1.0948894023895264
2017-05-06 15:00:00,1.072698712348938
2017-05-06 16:00:00,1.1334757804870605
2017-05-06 17:00:00,1.1959213018417358
2017-05-06 18:00:00,1.2308282852172852
2017-05-06 19:00:00,1.2518601417541504
2017-05-06 20:00:00,1.2798640727996826
2017-05-06 21:00:00,1.3055336475372314
2017-05-06 22:00:00,1.2633633613586426
2017-05-06 23:00:00,1.1288971900939941
2017-05-07 00:00:00,0.9175678491592407
2017-05-07 01:00:00,0.5806834101676941
2017-05-07 02:00:00,0.8275991678237915
2017-05-07 03:00:00,0.5483617335557938
2017-05-07 04:00:00,1.3148489147424698
2017-05-07 05:00:00,1.812452882528305
2017-05-07 06:00:00,2.328244209289551
2017-05-07 07:00:00,2.847160816192627
2017-05-07 08:00:00,3.3125462532043457
2017-05-07 09:00:00,3.6965413093566895
2017-05-07 10:00:00,3.8559167981147766
2017-05-07 11:00:00,3.892249584197998
2017-05-07 12:00:00,3.7028558254241943
2017-05-07 13:00:00,1.5178308486938477
2017-05-07 14:00:00,1.378220558166504
2017-05-07 15:00:00,1.3237192630767822
2017-05-07 16:00:00,1.4540436267852783
2017-05-07 17:00:00,1.570447564125061
2017-05-07 18:00:00,1.7023414373397827
2017-05-07 19:00:00,1.848874568939209
2017-05-07 20:00:00,1.986212968826294
2017-05-07 21:00:00,2.082291841506958
2017-05-07 22:00:00,1.8278815746307373
2017-05-07 23:00:00,1.6010578870773315
2017-05-08 00:00:00,1.4854896068572998
2017-05-08 01:00:00,1.6031420230865479
2017-05-08 02:00:00,2.6483359336853027
2017-05-08 03:00:00,1.7627985626459122
2017-05-08 04:00:00,2.8486876487731934
2017-05-08 05:00:00,2.438987761735916
2017-05-08 06:00:00,2.2651862502098083
2017-05-08 07:00:00,2.23184871673584
2017-05-08 08:00:00,2.3256373405456543
2017-05-08 09:00:00,2.513130933046341
2017-05-08 10:00:00,2.795949697494507
2017-05-08 11:00:00,3.157257318496704
2017-05-08 12:00:00,3.424361228942871
2017-05-08 13:00:00,1.524402141571045
2017-05-08 14:00:00,1.4929735660552979
2017-05-08 15:00:00,1.6229374408721924
2017-05-08 16:00:00,1.6657674312591553
2017-05-08 17:00:00,1.6298781633377075
2017-05-08 18:00:00,1.5357962846755981
2017-05-08 19:00:00,1.4105645418167114
2017-05-08 20:00:00,1.281265377998352
2017-05-08 21:00:00,1.194790005683899
2017-05-08 22:00:00,1.1539616584777832
2017-05-08 23:00:00,1.129233479499817
2017-05-09 00:00:00,1.0909554958343506
2017-05-09 01:00:00,1.1530274450778961
2017-05-09 02:00:00,1.4766161441802979
2017-05-09 03:00:00,1.1442206054925919
2017-05-09 04:00:00,2.9274873435497284
2017-05-09 05:00:00,3.1133298575878143
2017-05-09 06:00:00,3.1203219294548035
2017-05-09 07:00:00,3.1858377754688263
2017-05-09 08:00:00,3.3681053817272186
2017-05-09 09:00:00,3.7303112745285034
2017-05-09 10:00:00,3.7809128761291504
2017-05-09 11:00:00,4.010680556297302
2017-05-09 12:00:00,4.012712895870209
2017-05-09 13:00:00,1.7909720838069916
2017-05-09 14:00:00,1.3208129405975342
2017-05-09 15:00:00,1.1254702806472778
2017-05-09 16:00:00,1.0484182834625244
2017-05-09 17:00:00,0.9281442165374756
2017-05-09 18:00:00,0.47982895374298096
2017-05-09 19:00:00,-0.23084688186645508
2017-05-09 20:00:00,-1.2212865352630615
2017-05-09 21:00:00,-2.1226282194256783
2017-05-09 22:00:00,-2.2504263520240784
2017-05-09 23:00:00,-2.2466881275177
2017-05-10 00:00:00,-2.047300159931183
2017-05-10 01:00:00,-2.4872865676879883
2017-05-10 02:00:00,-2.9904205203056335
2017-05-10 03:00:00,-2.5010955333709717
2017-05-10 04:00:00,-1.100238561630249
2017-05-10 05:00:00,-0.24735093489289284
2017-05-10 06:00:00,0.35944409668445587
2017-05-10 07:00:00,1.0061979368329048
2017-05-10 08:00:00,1.6772743165493011
2017-05-10 09:00:00,2.311666965484619
2017-05-10 10:00:00,2.518641233444214
2017-05-10 11:00:00,2.6805450916290283
2017-05-10 12:00:00,2.7000088691711426
2017-05-10 13:00:00,1.1517608165740967
2017-05-10 14:00:00,0.9066515862941742
2017-05-10 15:00:00,0.7668602988123894
2017-05-10 16:00:00,0.4747157096862793
2017-05-10 17:00:00,0.06063014268875122
2017-05-10 18:00:00,-0.22907859086990356
2017-05-10 19:00:00,-0.4665834903717041
2017-05-10 20:00:00,-0.654956940561533
2017-05-10 21:00:00,-0.7755491435527802
2017-05-10 22:00:00,-0.6421404331922531
2017-05-10 23:00:00,-0.42550159990787506
2017-05-11 00:00:00,-0.2011660933494568
2017-05-11 01:00:00,-0.14601260423660278
2017-05-11 02:00:00,-0.20968054980039597
2017-05-11 03:00:00,0.4029654860496521
2017-05-11 04:00:00,0.2388877272605896
2017-05-11 05:00:00,0.14633750915527344
2017-05-11 06:00:00,0.3950607180595398
2017-05-11 07:00:00,0.8502830266952515
2017-05-11 08:00:00,1.409338116645813
2017-05-11 09:00:00,1.9861416816711426
2017-05-11 10:00:00,2.61344838142395
2017-05-11 11:00:00,3.0904390811920166
2017-05-11 12:00:00,3.3268024921417236
2017-05-11 13:00:00,2.395850419998169
2017-05-11 14:00:00,1.3493331670761108
2017-05-11 15:00:00,1.4325060844421387
2017-05-11 16:00:00,1.4204243421554565
2017-05-11 17:00:00,1.3577563762664795
2017-05-11 18:00:00,1.246083378791809
2017-05-11 19:00:00,1.0862772464752197
2017-05-11 20:00:00,0.895621582865715
2017-05-11 21:00:00,0.7038314417004585
2017-05-11 22:00:00,0.6314059495925903
2017-05-11 23:00:00,0.6495299339294434
2017-05-12 00:00:00,0.7245485186576843
2017-05-12 01:00:00,0.6415970921516418
2017-05-12 02:00:00,1.6046655178070068
2017-05-12 03:00:00,1.489079236984253
2017-05-12 04:00:00,0.9201206862926483
2017-05-12 05:00:00,0.8805369883775711
2017-05-12 06:00:00,0.9890289306640625
2017-05-12 07:00:00,1.1989149898290634
2017-05-12 08:00:00,1.4265887588262558
2017-05-12 09:00:00,1.6390423774719238
2017-05-12 10:00:00,1.9829559326171875
2017-05-12 11:00:00,2.2729620933532715
2017-05-12 12:00:00,2.408886194229126
2017-05-12 13:00:00,1.15822172164917
2017-05-12 14:00:00,1.0665478706359863
2017-05-12 15:00:00,1.1791244745254517
2017-05-12 16:00:00,1.4066150188446045
2017-05-12 17:00:00,1.6580039262771606
2017-05-12 18:00:00,1.868145376443863
2017-05-12 19:00:00,2.0084739327430725
2017-05-12 20:00:00,2.0063593983650208
2017-05-12 21:00:00,1.854648232460022
2017-05-12 22:00:00,1.5525375604629517
2017-05-12 23:00:00,1.2884867191314697
2017-05-13 00:00:00,1.126457691192627
2017-05-13 01:00:00,1.5632797479629517
2017-05-13 02:00:00,2.280595302581787
2017-05-13 03:00:00,2.6381633281707764
2017-05-13 04:00:00,2.826213836669922
2017-05-13 05:00:00,3.110870361328125
2017-05-13 06:00:00,3.370464324951172
2017-05-13 07:00:00,3.6240921020507812
2017-05-13 08:00:00,3.961116671562195
2017-05-13 09:00:00,4.3352742195129395
2017-05-13 10:00:00,4.576952934265137
2017-05-13 11:00:00,4.749145030975342
2017-05-13 12:00:00,4.78264045715332
2017-05-13 13:00:00,4.009907245635986
2017-05-13 14:00:00,2.3980023860931396
2017-05-13 15:00:00,2.631735324859619
2017-05-13 16:00:00,2.6176728904247284
2017-05-13 17:00:00,2.4177193641662598
2017-05-13 18:00:00,2.1350302696228027
2017-05-13 19:00:00,1.8747839033603668
2017-05-13 20:00:00,1.6617193222045898
2017-05-13 21:00:00,1.4571851789951324
2017-05-13 22:00:00,1.080819621682167
2017-05-13 23:00:00,0.7859488651156425
2017-05-14 00:00:00,0.5444833040237427
2017-05-14 01:00:00,0.4783938527107239
2017-05-14 02:00:00,0.42482783645391464
2017-05-14 03:00:00,0.8205482512712479
2017-05-14 04:00:00,2.0858094096183777
2017-05-14 05:00:00,2.5247488021850586
2017-05-14 06:00:00,2.9465012550354004
2017-05-14 07:00:00,3.4727447032928467
2017-05-14 08:00:00,4.036907136440277
2017-05-14 09:00:00,4.59744930267334
2017-05-14 10:00:00,4.958205699920654
2017-05-14 11:00:00,5.201079845428467
2017-05-14 12:00:00,5.212106704711914
2017-05-14 13:00:00,4.262691020965576
2017-05-14 14:00:00,2.4380877017974854
2017-05-14 15:00:00,2.5118329524993896
2017-05-14 16:00:00,2.3215935230255127
2017-05-14 17:00:00,2.111117124557495
2017-05-14 18:00:00,1.8394838273525238
2017-05-14 19:00:00,1.575866937637329
2017-05-14 20:00:00,1.3219627141952515
2017-05-14 21:00:00,1.071655511856079
2017-05-14 22:00:00,1.0429706424474716
2017-05-14 23:00:00,1.0626237392425537
2017-05-15 00:00:00,1.1287895441055298
2017-05-15 01:00:00,1.5526645183563232
2017-05-15 02:00:00,2.7952170372009277
2017-05-15 03:00:00,3.1018030643463135
2017-05-15 04:00:00,2.9314253330230713
2017-05-15 05:00:00,2.94665265083313
2017-05-15 06:00:00,3.021646022796631
2017-05-15 07:00:00,3.286760091781616
2017-05-15 08:00:00,3.6409263610839844
2017-05-15 09:00:00,3.9486145973205566
2017-05-15 10:00:00,4.037967681884766
2017-05-15 11:00:00,4.2239508628845215
2017-05-15 12:00:00,4.26371431350708
2017-05-15 13:00:00,2.908168315887451
2017-05-15 14:00:00,1.9324777126312256
2017-05-15 15:00:00,2.4416685104370117
2017-05-15 16:00:00,3.0232558250427246
2017-05-15 17:00:00,3.4775261878967285
2017-05-15 18:00:00,3.633297920227051
2017-05-15 19:00:00,3.614619493484497
2017-05-15 20:00:00,3.5666775703430176
2017-05-15 21:00:00,3.5123379230499268
2017-05-15 22:00:00,3.6900558471679688
2017-05-15 23:00:00,3.732638359069824
2017-05-16 00:00:00,3.6298489570617676
2017-05-16 01:00:00,3.9736313819885254
2017-05-16 02:00:00,4.040457725524902
2017-05-16 03:00:00,4.284124314785004
2017-05-16 04:00:00,3.7333269119262695
2017-05-16 05:00:00,3.405487060546875
2017-05-16 06:00:00,3.2752926349639893
2017-05-16 07:00:00,3.3377346992492676
2017-05-16 08:00:00,3.612423896789551
2017-05-16 09:00:00,3.9762690663337708
2017-05-16 10:00:00,4.2832183837890625
2017-05-16 11:00:00,4.318492412567139
2017-05-16 12:00:00,4.080688416957855
2017-05-16 13:00:00,3.389690399169922
2017-05-16 14:00:00,1.5512502193450928
2017-05-16 15:00:00,1.5072460174560547
2017-05-16 16:00:00,1.574823260307312
2017-05-16 17:00:00,1.5682083368301392
2017-05-16 18:00:00,1.5081417560577393
2017-05-16 19:00:00,1.3832619190216064
2017-05-16 20:00:00,1.225600242614746
2017-05-16 21:00:00,1.1098284870386124
2017-05-16 22:00:00,0.974990576505661
2017-05-16 23:00:00,1.0017268359661102
2017-05-17 00:00:00,1.0941767692565918
2017-05-17 01:00:00,1.8436470031738281
2017-05-17 02:00:00,2.7097649574279785
2017-05-17 03:00:00,2.5699098110198975
2017-05-17 04:00:00,2.4496021270751953
2017-05-17 05:00:00,2.351381301879883
2017-05-17 06:00:00,2.363877296447754
2017-05-17 07:00:00,2.4546446800231934
2017-05-17 08:00:00,2.6012187004089355
2017-05-17 09:00:00,2.826204299926758
2017-05-17 10:00:00,2.710449457168579
2017-05-17 11:00:00,2.730118751525879
2017-05-17 12:00:00,2.726001501083374
2017-05-17 13:00:00,2.4445228576660156
2017-05-17 14:00:00,0.9618103504180908
2017-05-17 15:00:00,1.007958173751831
2017-05-17 16:00:00,1.123987078666687
2017-05-17 17:00:00,1.2359368801116943
2017-05-17 18:00:00,1.3645571768283844
2017-05-17 19:00:00,1.4043076038360596
2017-05-17 20:00:00,1.2697811126708984
2017-05-17 21:00:00,1.0288209915161133
2017-05-17 22:00:00,0.8328797817230225
2017-05-17 23:00:00,0.6614176630973816
2017-05-18 00:00:00,0.5105292797088623
2017-05-18 01:00:00,0.5628318190574646
2017-05-18 02:00:00,0.7596498727798462
2017-05-18 03:00:00,1.587674230337143
2017-05-18 04:00:00,1.9924835562705994
2017-05-18 05:00:00,2.2455406188964844
2017-05-18 06:00:00,2.4601333141326904
2017-05-18 07:00:00,2.7265260219573975
2017-05-18 08:00:00,3.0283560752868652
2017-05-18 09:00:00,3.324528694152832
2017-05-18 10:00:00,3.5110387802124023
2017-05-18 11:00:00,3.5650296211242676
2017-05-18 12:00:00,3.359727144241333
2017-05-18 13:00:00,2.658940762281418
2017-05-18 14:00:00,0.8425168544054031
2017-05-18 15:00:00,0.5155253373086452
2017-05-18 16:00:00,0.17460203170776367
2017-05-18 17:00:00,-0.13119591772556305
2017-05-18 18:00:00,-0.3697289228439331
2017-05-18 19:00:00,-0.49027667939662933
2017-05-18 20:00:00,-0.5712422281503677
2017-05-18 21:00:00,-0.6559385061264038
2017-05-18 22:00:00,-0.5046411901712418
2017-05-18 23:00:00,-0.3189593404531479
2017-05-19 00:00:00,-0.1428046002984047
2017-05-19 01:00:00,-0.09612786769866943
2017-05-19 02:00:00,0.1395900547504425
2017-05-19 03:00:00,1.5114588886499405
2017-05-19 04:00:00,1.4811732769012451
2017-05-19 05:00:00,1.5343230962753296
2017-05-19 06:00:00,1.7565336227416992
2017-05-19 07:00:00,2.1061607003211975
2017-05-19 08:00:00,2.4400758743286133
2017-05-19 09:00:00,2.7350096702575684
2017-05-19 10:00:00,2.8663740158081055
2017-05-19 11:00:00,3.0136895179748535
2017-05-19 12:00:00,3.108058452606201
2017-05-19 13:00:00,2.646482467651367
2017-05-19 14:00:00,1.2056810855865479
2017-05-19 15:00:00,1.2551838159561157
2017-05-19 16:00:00,1.3524014949798584
2017-05-19 17:00:00,1.369930386543274
2017-05-19 18:00:00,1.3182177543640137
2017-05-19 19:00:00,1.3061413764953613
2017-05-19 20:00:00,1.375340223312378
2017-05-19 21:00:00,1.5052915811538696
2017-05-19 22:00:00,1.627614974975586
2017-05-19 23:00:00,1.5467416048049927
2017-05-20 00:00:00,1.3070393800735474
2017-05-20 01:00:00,1.8630077838897705
2017-05-20 02:00:00,1.0314012467861176
2017-05-20 03:00:00,1.7259783148765564
2017-05-20 04:00:00,2.082752674818039
2017-05-20 05:00:00,2.2794308364391327
2017-05-20 06:00:00,2.6184678077697754
2017-05-20 07:00:00,3.079737663269043
2017-05-20 08:00:00,3.573371171951294
2017-05-20 09:00:00,4.034702777862549
2017-05-20 10:00:00,4.3473992347717285
2017-05-20 11:00:00,4.515808582305908
2017-05-20 12:00:00,4.456725597381592
2017-05-20 13:00:00,3.981724739074707
2017-05-20 14:00:00,2.1805598735809326
2017-05-20 15:00:00,2.0925731658935547
2017-05-20 16:00:00,2.004753053188324
2017-05-20 17:00:00,1.9132761359214783
2017-05-20 18:00:00,1.8644897937774658
2017-05-20 19:00:00,1.8703780770301819
2017-05-20 20:00:00,1.8577517867088318
2017-05-20 21:00:00,1.8110924363136292
2017-05-20 22:00:00,1.756127119064331
2017-05-20 23:00:00,1.6197839677333832
2017-05-21 00:00:00,1.421387791633606
2017-05-21 01:00:00,1.903617948293686
2017-05-21 02:00:00,1.9534285068511963
2017-05-21 03:00:00,1.6507747173309326
2017-05-21 04:00:00,0.46768319606781006
2017-05-21 05:00:00,-0.17429041862487793
2017-05-21 06:00:00,-0.20632696151733398
2017-05-21 07:00:00,0.24556219577789307
2017-05-21 08:00:00,0.9603836536407471
2017-05-21 09:00:00,1.7611465454101562
2017-05-21 10:00:00,2.3122971057891846
2017-05-21 11:00:00,2.9669504165649414
2017-05-21 12:00:00,3.4056798815727234
2017-05-21 13:00:00,3.2981948852539062
2017-05-21 14:00:00,1.8719828128814697
2017-05-21 15:00:00,1.8003759384155273
2017-05-21 16:00:00,1.5072886943817139
2017-05-21 17:00:00,1.222537636756897
2017-05-21 18:00:00,1.026646614074707
2017-05-21 19:00:00,0.8177229166030884
2017-05-21 20:00:00,0.681240513920784
2017-05-21 21:00:00,0.777813196182251
2017-05-21 22:00:00,1.0463008880615234
2017-05-21 23:00:00,1.37124502658844
2017-05-22 00:00:00,1.6459555625915527
2017-05-22 01:00:00,2.7091381549835205
2017-05-22 02:00:00,3.1241188049316406
2017-05-22 03:00:00,2.9086508750915527
2017-05-22 04:00:00,2.655163049697876
2017-05-22 05:00:00,2.4946224689483643
2017-05-22 06:00:00,2.4384515285491943
2017-05-22 07:00:00,2.4953315258026123
2017-05-22 08:00:00,2.6177186965942383
2017-05-22 09:00:00,2.7808666229248047
2017-05-22 10:00:00,2.7175934314727783
2017-05-22 11:00:00,2.862981081008911
2017-05-22 12:00:00,2.9343626499176025
2017-05-22 13:00:00,2.3570425510406494
2017-05-22 14:00:00,1.0150883197784424
2017-05-22 15:00:00,0.9321827441453934
2017-05-22 16:00:00,0.9161086082458496
2017-05-22 17:00:00,0.9269646406173706
2017-05-22 18:00:00,0.955802321434021
2017-05-22 19:00:00,1.0246208906173706
2017-05-22 20:00:00,1.1625477075576782
2017-05-22 21:00:00,1.403352975845337
2017-05-22 22:00:00,1.6786867082118988
2017-05-22 23:00:00,1.6646231710910797
2017-05-23 00:00:00,1.5091991424560547
2017-05-23 01:00:00,2.4532268047332764
2017-05-23 02:00:00,2.1698882579803467
2017-05-23 03:00:00,1.320350170135498
2017-05-23 04:00:00,1.537888765335083
2017-05-23 05:00:00,1.844484806060791
2017-05-23 06:00:00,2.238736867904663
2017-05-23 07:00:00,2.684990167617798
2017-05-23 08:00:00,3.1470422744750977
2017-05-23 09:00:00,3.5499637126922607
2017-05-23 10:00:00,3.5369327068328857
2017-05-23 11:00:00,3.509075880050659
2017-05-23 12:00:00,3.353440523147583
2017-05-23 13:00:00,2.648859977722168
2017-05-23 14:00:00,0.8825052380561829
2017-05-23 15:00:00,0.6262214109301567
2017-05-23 16:00:00,0.5761131644248962
2017-05-23 17:00:00,0.613510251045227
2017-05-23 18:00:00,0.7419716119766235
2017-05-23 19:00:00,0.8797142505645752
2017-05-23 20:00:00,0.9647125005722046
2017-05-23 21:00:00,0.9809781312942505
2017-05-23 22:00:00,0.889680802822113
2017-05-23 23:00:00,0.7507302761077881
2017-05-24 00:00:00,0.4852607250213623
2017-05-24 01:00:00,0.12580811977386475
2017-05-24 02:00:00,-0.30456650257110596
2017-05-24 03:00:00,-0.0722622275352478
2017-05-24 04:00:00,0.07434618473052979
2017-05-24 05:00:00,0.1471877098083496
2017-05-24 06:00:00,0.24917972087860107
2017-05-24 07:00:00,0.47240012884140015
2017-05-24 08:00:00,0.8045231103897095
2017-05-24 09:00:00,1.2106187492609024
2017-05-24 10:00:00,1.6125143766403198
2017-05-24 11:00:00,2.000852108001709
2017-05-24 12:00:00,2.2368900775909424
2017-05-24 13:00:00,1.9991512298583984
2017-05-24 14:00:00,0.7718368172645569
2017-05-24 15:00:00,0.5819171667098999
2017-05-24 16:00:00,0.2962030302733183
2017-05-24 17:00:00,-0.06244111433625221
2017-05-24 18:00:00,-0.3369782119989395
2017-05-24 19:00:00,-0.4817022681236267
2017-05-24 20:00:00,-0.5068303868174553
2017-05-24 21:00:00,-0.47817277908325195
2017-05-24 22:00:00,-0.13429012149572372
2017-05-24 23:00:00,0.10837870836257935
2017-05-25 00:00:00,0.2668495178222656
2017-05-25 01:00:00,0.30580294132232666
2017-05-25 02:00:00,1.0285212993621826
2017-05-25 03:00:00,1.2564595937728882
2017-05-25 04:00:00,1.0717051327228546
2017-05-25 05:00:00,1.0872959941625595
2017-05-25 06:00:00,1.3620469570159912
2017-05-25 07:00:00,1.7981045246124268
2017-05-25 08:00:00,2.3259124755859375
2017-05-25 09:00:00,2.8705551624298096
2017-05-25 10:00:00,2.921724557876587
2017-05-25 11:00:00,2.969243049621582
2017-05-25 12:00:00,2.8698196411132812
2017-05-25 13:00:00,1.9961133003234863
2017-05-25 14:00:00,0.928180456161499
2017-05-25 15:00:00,0.9579371213912964
2017-05-25 16:00:00,0.9432295560836792
2017-05-25 17:00:00,0.8575489521026611
2017-05-25 18:00:00,0.7256362438201904
2017-05-25 19:00:00,0.5745324492454529
2017-05-25 20:00:00,0.3921806216239929
2017-05-25 21:00:00,0.19761472940444946
2017-05-25 22:00:00,0.14267218112945557
2017-05-25 23:00:00,0.10904061794281006
2017-05-26 00:00:00,0.12861663103103638
2017-05-26 01:00:00,0.13588720560073853
2017-05-26 02:00:00,0.3194813132286072
2017-05-26 03:00:00,0.4483441114425659
2017-05-26 04:00:00,0.7140364646911621
2017-05-26 05:00:00,0.9908205270767212
2017-05-26 06:00:00,1.2859796285629272
2017-05-26 07:00:00,1.667242169380188
2017-05-26 08:00:00,2.0823749899864197
2017-05-26 09:00:00,2.5471267700195312
2017-05-26 10:00:00,2.9215967655181885
2017-05-26 11:00:00,3.2310690879821777
2017-05-26 12:00:00,3.361236095428467
2017-05-26 13:00:00,2.4155426621437073
2017-05-26 14:00:00,1.2658356428146362
2017-05-26 15:00:00,1.436599850654602
2017-05-26 16:00:00,1.528923749923706
2017-05-26 17:00:00,1.4973145723342896
2017-05-26 18:00:00,1.3364213705062866
2017-05-26 19:00:00,1.1732439994812012
2017-05-26 20:00:00,1.0884829759597778
2017-05-26 21:00:00,0.9789942502975464
2017-05-26 22:00:00,0.803856611251831
2017-05-26 23:00:00,0.5901244878768921
2017-05-27 00:00:00,0.3926069736480713
2017-05-27 01:00:00,0.23740923404693604
2017-05-27 02:00:00,-0.17546749114990234
2017-05-27 03:00:00,-0.7552220821380615
2017-05-27 04:00:00,-0.22521841526031494
2017-05-27 05:00:00,0.23337697982788086
2017-05-27 06:00:00,0.6045518815517426
2017-05-27 07:00:00,1.0094471871852875
2017-05-27 08:00:00,1.5188262462615967
2017-05-27 09:00:00,2.0483278632164
2017-05-27 10:00:00,1.8601821959018707
2017-05-27 11:00:00,1.693359375
2017-05-27 12:00:00,1.383291020989418
2017-05-27 13:00:00,0.27372754365205765
2017-05-27 14:00:00,-0.36582547426223755
2017-05-27 15:00:00,-0.9643173515796661
2017-05-27 16:00:00,-1.0784984827041626
2017-05-27 17:00:00,-1.1959675550460815
2017-05-27 18:00:00,-1.2527786493301392
2017-05-27 19:00:00,-1.2688212394714355
2017-05-27 20:00:00,-1.274849072098732
2017-05-27 21:00:00,-1.3158222436904907
2017-05-27 22:00:00,-1.3509435653686523
2017-05-27 23:00:00,-1.5594542026519775
2017-05-28 00:00:00,-1.9493603110313416
2017-05-28 01:00:00,-2.8723649978637695
2017-05-28 02:00:00,-3.064685821533203
2017-05-28 03:00:00,-3.145702838897705
2017-05-28 04:00:00,-2.6537747383117676
2017-05-28 05:00:00,-1.9874718189239502
2017-05-28 06:00:00,-1.4153964519500732
2017-05-28 07:00:00,-0.9513241797685623
2017-05-28 08:00:00,-0.5989692211151123
2017-05-28 09:00:00,-0.30059027671813965
2017-05-28 10:00:00,-0.02464425563812256
2017-05-28 11:00:00,0.36491428315639496
2017-05-28 12:00:00,0.5697663277387619
2017-05-28 13:00:00,-0.05280114710330963
2017-05-28 14:00:00,-0.6471524238586426
2017-05-28 15:00:00,-1.0175504758954048
2017-05-28 16:00:00,-1.4607746601104736
2017-05-28 17:00:00,-2.1362037360668182
2017-05-28 18:00:00,-2.519810438156128
2017-05-28 19:00:00,-2.6875691413879395
2017-05-28 20:00:00,-2.7657406330108643
2017-05-28 21:00:00,-3.003443717956543
2017-05-28 22:00:00,-2.3591716289520264
2017-05-28 23:00:00,-2.2852413654327393
2017-05-29 00:00:00,-2.1364698708057404
2017-05-29 01:00:00,-2.9151906967163086
2017-05-29 02:00:00,-2.7463881969451904
2017-05-29 03:00:00,-2.452238082885742
2017-05-29 04:00:00,-2.081650495529175
2017-05-29 05:00:00,-1.8860328197479248
2017-05-29 06:00:00,-1.6656063795089722
2017-05-29 07:00:00,-1.3275079727172852
2017-05-29 08:00:00,-0.897945836186409
2017-05-29 09:00:00,-0.4181373342871666
2017-05-29 10:00:00,-0.2596714273095131
2017-05-29 11:00:00,0.1964719519019127
2017-05-29 12:00:00,0.5524640083312988
2017-05-29 13:00:00,0.4004625082015991
2017-05-29 14:00:00,-0.08703947067260742
2017-05-29 15:00:00,-0.3509652614593506
2017-05-29 16:00:00,-0.3349100351333618
2017-05-29 17:00:00,-0.32727158069610596
2017-05-29 18:00:00,-0.34281545877456665
2017-05-29 19:00:00,-0.3730356693267822
2017-05-29 20:00:00,-0.39625608921051025
2017-05-29 21:00:00,-0.42324793338775635
2017-05-29 22:00:00,-0.5120192170143127
2017-05-29 23:00:00,-0.5800126791000366
2017-05-30 00:00:00,-0.6142910718917847
2017-05-30 01:00:00,-1.1932909488677979
2017-05-30 02:00:00,-1.2053500413894653
2017-05-30 03:00:00,-1.2980109453201294
2017-05-30 04:00:00,-1.1599860191345215
2017-05-30 05:00:00,-0.8459334969520569
2017-05-30 06:00:00,-0.4052722454071045
2017-05-30 07:00:00,0.03892558813095093
2017-05-30 08:00:00,0.4651576280593872
2017-05-30 09:00:00,0.8379805088043213
2017-05-30 10:00:00,0.8880715370178223
2017-05-30 11:00:00,1.0345079898834229
2017-05-30 12:00:00,1.0519483536481857
2017-05-30 13:00:00,0.7927562072873116
2017-05-30 14:00:00,0.11991232819855213
2017-05-30 15:00:00,-0.1558874249458313
2017-05-30 16:00:00,-0.4758360981941223
2017-05-30 17:00:00,-0.8615415543317795
2017-05-30 18:00:00,-1.2949249893426895
2017-05-30 19:00:00,-1.6758897304534912
2017-05-30 20:00:00,-1.8956711292266846
2017-05-30 21:00:00,-2.0364291667938232
2017-05-30 22:00:00,-1.7884197235107422
2017-05-30 23:00:00,-1.6514605581760406
2017-05-31 00:00:00,-1.5610079765319824
2017-05-31 01:00:00,-2.6243438720703125
2017-05-31 02:00:00,-2.7707369327545166
2017-05-31 03:00:00,-2.603771686553955
2017-05-31 04:00:00,-2.371903896331787
2017-05-31 05:00:00,-2.202327251434326
2017-05-31 06:00:00,-1.971074640750885
2017-05-31 07:00:00,-1.6149876117706299
2017-05-31 08:00:00,-1.1527652591466904
2017-05-31 09:00:00,-0.6838841438293457
2017-05-31 10:00:00,-0.31163543462753296
2017-05-31 11:00:00,-0.04678899049758911
2017-05-31 12:00:00,0.06566137075424194
2017-05-31 13:00:00,0.024572908878326416
2017-05-31 14:00:00,-0.04376089572906494
2017-05-31 15:00:00,-0.1328587532043457
2017-05-31 16:00:00,-0.18375182151794434
2017-05-31 17:00:00,-0.2077096700668335
2017-05-31 18:00:00,-0.2324928641319275
2017-05-31 19:00:00,-0.3185667395591736
2017-05-31 20:00:00,-0.4642242193222046
2017-05-31 21:00:00,-0.5892543196678162
2017-05-31 22:00:00,-0.5437978506088257
2017-05-31 23:00:00,-0.5088012218475342
2017-06-01 00:00:00,-0.4763847589492798
2017-06-01 01:00:00,-0.5333250761032104
2017-06-01 02:00:00,-0.6079558730125427
2017-06-01 03:00:00,0.4074702858924866
2017-06-01 04:00:00,0.9100253582000732
2017-06-01 05:00:00,1.3041298389434814
2017-06-01 06:00:00,1.6416244506835938
2017-06-01 07:00:00,1.9894704818725586
2017-06-01 08:00:00,2.3541496098041534
2017-06-01 09:00:00,2.7817013263702393
2017-06-01 10:00:00,3.199042320251465
2017-06-01 11:00:00,3.5718047618865967
2017-06-01 12:00:00,3.750600814819336
2017-06-01 13:00:00,2.7750227451324463
2017-06-01 14:00:00,1.8709533214569092
2017-06-01 15:00:00,2.1598139107227325
2017-06-01 16:00:00,2.268603563308716
2017-06-01 17:00:00,2.262693166732788
2017-06-01 18:00:00,2.227637767791748
2017-06-01 19:00:00,2.1755740642547607
2017-06-01 20:00:00,2.0686137676239014
2017-06-01 21:00:00,1.940131664276123
2017-06-01 22:00:00,1.6429785788059235
2017-06-01 23:00:00,1.4381450414657593
2017-06-02 00:00:00,1.283423900604248
2017-06-02 01:00:00,1.3603479862213135
2017-06-02 02:00:00,2.155876189470291
2017-06-02 03:00:00,2.1961305141448975
2017-06-02 04:00:00,2.32829812169075
2017-06-02 05:00:00,2.7376670837402344
2017-06-02 06:00:00,3.202845811843872
2017-06-02 07:00:00,3.628699779510498
2017-06-02 08:00:00,3.997238278388977
2017-06-02 09:00:00,4.305207252502441
2017-06-02 10:00:00,4.471396028995514
2017-06-02 11:00:00,4.489114761352539
2017-06-02 12:00:00,4.266223967075348
2017-06-02 13:00:00,2.4423811435699463
2017-06-02 14:00:00,1.5879871845245361
2017-06-02 15:00:00,1.611786276102066
2017-06-02 16:00:00,1.8110905587673187
2017-06-02 17:00:00,2.0091331005096436
2017-06-02 18:00:00,2.2273943424224854
2017-06-02 19:00:00,2.4683983623981476
2017-06-02 20:00:00,2.6549785137176514
2017-06-02 21:00:00,2.6861791610717773
2017-06-02 22:00:00,2.232153445482254
2017-06-02 23:00:00,1.905888706445694
2017-06-03 00:00:00,1.7217309474945068
2017-06-03 01:00:00,2.4318995475769043
2017-06-03 02:00:00,3.4689183235168457
2017-06-03 03:00:00,4.013575851917267
2017-06-03 04:00:00,4.83114767074585
2017-06-03 05:00:00,4.88504695892334
2017-06-03 06:00:00,4.8700270652771
2017-06-03 07:00:00,4.86439847946167
2017-06-03 08:00:00,4.8713459968566895
2017-06-03 09:00:00,4.909922122955322
2017-06-03 10:00:00,5.172111988067627
2017-06-03 11:00:00,5.320035457611084
2017-06-03 12:00:00,5.237080097198486
2017-06-03 13:00:00,3.8819546699523926
2017-06-03 14:00:00,2.6210379600524902
2017-06-03 15:00:00,2.983598232269287
2017-06-03 16:00:00,3.104552745819092
2017-06-03 17:00:00,3.227560520172119
2017-06-03 18:00:00,3.421297073364258
2017-06-03 19:00:00,3.6350350379943848
2017-06-03 20:00:00,3.767257511615753
2017-06-03 21:00:00,3.7513575553894043
2017-06-03 22:00:00,3.587646484375
2017-06-03 23:00:00,3.161975383758545
2017-06-04 00:00:00,2.6470105946063995
2017-06-04 01:00:00,3.278160333633423
2017-06-04 02:00:00,3.157615900039673
2017-06-04 03:00:00,2.7231428623199463
2017-06-04 04:00:00,3.2679421305656433
2017-06-04 05:00:00,3.344385802745819
2017-06-04 06:00:00,3.8113688230514526
2017-06-04 07:00:00,4.442326486110687
2017-06-04 08:00:00,5.001498222351074
2017-06-04 09:00:00,5.435317516326904
2017-06-04 10:00:00,5.724809646606445
2017-06-04 11:00:00,5.819348335266113
2017-06-04 12:00:00,5.636918544769287
2017-06-04 13:00:00,4.061219692230225
2017-06-04 14:00:00,2.6035618782043457
2017-06-04 15:00:00,2.8400025367736816
2017-06-04 16:00:00,3.442816913127899
2017-06-04 17:00:00,4.144568085670471
2017-06-04 18:00:00,4.775578498840332
2017-06-04 19:00:00,5.241726875305176
2017-06-04 20:00:00,5.559094429016113
2017-06-04 21:00:00,5.71775484085083
2017-06-04 22:00:00,5.731306076049805
2017-06-04 23:00:00,5.678729057312012
2017-06-05 00:00:00,5.624566078186035
2017-06-05 01:00:00,6.148845672607422
2017-06-05 02:00:00,6.462759494781494
2017-06-05 03:00:00,7.68546736240387
2017-06-05 04:00:00,7.555963039398193
2017-06-05 05:00:00,6.935881614685059
2017-06-05 06:00:00,6.3425612449646
2017-06-05 07:00:00,5.912670612335205
2017-06-05 08:00:00,5.697842121124268
2017-06-05 09:00:00,5.568086624145508
2017-06-05 10:00:00,5.873713493347168
2017-06-05 11:00:00,6.047861576080322
2017-06-05 12:00:00,5.994300365447998
2017-06-05 13:00:00,5.029387950897217
2017-06-05 14:00:00,3.2512078285217285
2017-06-05 15:00:00,3.529759407043457
2017-06-05 16:00:00,3.632981300354004
2017-06-05 17:00:00,3.6289774775505066
2017-06-05 18:00:00,3.650012969970703
2017-06-05 19:00:00,3.747905731201172
2017-06-05 20:00:00,3.9575071930885315
2017-06-05 21:00:00,4.177659094333649
2017-06-05 22:00:00,4.23327112197876
2017-06-05 23:00:00,4.149850904941559
2017-06-06 00:00:00,4.211390912532806
2017-06-06 01:00:00,4.939579010009766
2017-06-06 02:00:00,5.79842472076416
2017-06-06 03:00:00,6.632534027099609
2017-06-06 04:00:00,6.110936641693115
2017-06-06 05:00:00,5.386003494262695
2017-06-06 06:00:00,4.7917585372924805
2017-06-06 07:00:00,4.478711128234863
2017-06-06 08:00:00,4.41761589050293
2017-06-06 09:00:00,4.433568894863129
2017-06-06 10:00:00,4.328957915306091
2017-06-06 11:00:00,4.153571605682373
2017-06-06 12:00:00,3.8837021589279175
2017-06-06 13:00:00,3.2537460327148438
2017-06-06 14:00:00,1.2715609073638916
2017-06-06 15:00:00,1.1937981843948364
2017-06-06 16:00:00,1.2872884273529053
2017-06-06 17:00:00,1.417996272444725
2017-06-06 18:00:00,1.5477068424224854
2017-06-06 19:00:00,1.6489770412445068
2017-06-06 20:00:00,1.685840219259262
2017-06-06 21:00:00,1.6261568069458008
2017-06-06 22:00:00,1.166526436805725
2017-06-06 23:00:00,0.7200008556246758
2017-06-07 00:00:00,0.12503153085708618
2017-06-07 01:00:00,-0.6347489282488823
2017-06-07 02:00:00,-2.441689044237137
2017-06-07 03:00:00,-2.579305812716484
2017-06-07 04:00:00,-2.654989719390869
2017-06-07 05:00:00,-2.414572238922119
2017-06-07 06:00:00,-2.1100221276283264
2017-06-07 07:00:00,-1.8004944324493408
2017-06-07 08:00:00,-1.4312340021133423
2017-06-07 09:00:00,-1.0402722358703613
2017-06-07 10:00:00,-0.06471741199493408
2017-06-07 11:00:00,0.7550969123840332
2017-06-07 12:00:00,1.2611135244369507
2017-06-07 13:00:00,1.289330929517746
2017-06-07 14:00:00,0.5279779434204102
2017-06-07 15:00:00,0.4858592748641968
2017-06-07 16:00:00,0.352708101272583
2017-06-07 17:00:00,0.046338438987731934
2017-06-07 18:00:00,-0.3116633892059326
2017-06-07 19:00:00,-0.6808617413043976
2017-06-07 20:00:00,-1.123132348060608
2017-06-07 21:00:00,-1.5017596185207367
2017-06-07 22:00:00,-1.445521980524063
2017-06-07 23:00:00,-1.488147497177124
2017-06-08 00:00:00,-1.4781064093112946
2017-06-08 01:00:00,-2.3493888676166534
2017-06-08 02:00:00,-2.221448689699173
2017-06-08 03:00:00,-1.1771207004785538
2017-06-08 04:00:00,-0.11023212969303131
2017-06-08 05:00:00,0.31901562958955765
2017-06-08 06:00:00,0.32295703887939453
2017-06-08 07:00:00,0.9087072685360909
2017-06-08 08:00:00,1.9791755676269531
2017-06-08 09:00:00,2.7099392414093018
2017-06-08 10:00:00,2.6745798587799072
2017-06-08 11:00:00,2.754326343536377
2017-06-08 12:00:00,2.648829460144043
2017-06-08 13:00:00,1.677530825138092
2017-06-08 14:00:00,0.7176709622144699
2017-06-08 15:00:00,0.5761791467666626
2017-06-08 16:00:00,0.7159817218780518
2017-06-08 17:00:00,0.8704131096601486
2017-06-08 18:00:00,0.9915178120136261
2017-06-08 19:00:00,1.0964893102645874
2017-06-08 20:00:00,1.1771442741155624
2017-06-08 21:00:00,1.2266387939453125
2017-06-08 22:00:00,1.093170627951622
2017-06-08 23:00:00,0.946790337562561
2017-06-09 00:00:00,0.7847095727920532
2017-06-09 01:00:00,1.150079995393753
2017-06-09 02:00:00,0.7889841049909592
2017-06-09 03:00:00,0.2084883451461792
2017-06-09 04:00:00,0.04929089546203613
2017-06-09 05:00:00,-0.00898754596710205
2017-06-09 06:00:00,0.03553736209869385
2017-06-09 07:00:00,0.20718884468078613
2017-06-09 08:00:00,0.5440950393676758
2017-06-09 09:00:00,0.9419646263122559
2017-06-09 10:00:00,1.112230509519577
2017-06-09 11:00:00,1.2935348749160767
2017-06-09 12:00:00,1.3704911470413208
2017-06-09 13:00:00,1.1419806480407715
2017-06-09 14:00:00,0.37266239523887634
2017-06-09 15:00:00,0.23650509119033813
2017-06-09 16:00:00,0.2013331949710846
2017-06-09 17:00:00,0.18524539470672607
2017-06-09 18:00:00,0.1607651710510254
2017-06-09 19:00:00,0.13354861736297607
2017-06-09 20:00:00,0.08130455017089844
2017-06-09 21:00:00,0.03297543525695801
2017-06-09 22:00:00,-0.04670572280883789
2017-06-09 23:00:00,-0.10082876682281494
2017-06-10 00:00:00,-0.1239391565322876
2017-06-10 01:00:00,-0.054471373558044434
2017-06-10 02:00:00,-0.17234516143798828
2017-06-10 03:00:00,0.5952467918395996
2017-06-10 04:00:00,0.6804009675979614
2017-06-10 05:00:00,0.6313238143920898
2017-06-10 06:00:00,0.6671186685562134
2017-06-10 07:00:00,0.8054080009460449
2017-06-10 08:00:00,1.053777813911438
2017-06-10 09:00:00,1.3746073246002197
2017-06-10 10:00:00,1.8669888973236084
2017-06-10 11:00:00,2.3588602542877197
2017-06-10 12:00:00,2.636880397796631
2017-06-10 13:00:00,2.380939245223999
2017-06-10 14:00:00,0.9214235544204712
2017-06-10 15:00:00,0.8413501381874084
2017-06-10 16:00:00,0.7584999799728394
2017-06-10 17:00:00,0.680027961730957
2017-06-10 18:00:00,0.5961732268333435
2017-06-10 19:00:00,0.5304802060127258
2017-06-10 20:00:00,0.519199788570404
2017-06-10 21:00:00,0.5288332104682922
2017-06-10 22:00:00,0.5240020155906677
2017-06-10 23:00:00,0.5192205905914307
2017-06-11 00:00:00,0.49756407737731934
2017-06-11 01:00:00,0.6835212707519531
2017-06-11 02:00:00,1.1841839402914047
2017-06-11 03:00:00,2.17404767870903
2017-06-11 04:00:00,2.780046224594116
2017-06-11 05:00:00,2.999380350112915
2017-06-11 06:00:00,3.106774091720581
2017-06-11 07:00:00,3.207496166229248
2017-06-11 08:00:00,3.4184524416923523
2017-06-11 09:00:00,3.6810708045959473
2017-06-11 10:00:00,3.5860942006111145
2017-06-11 11:00:00,3.458216965198517
2017-06-11 12:00:00,3.1822829246520996
2017-06-11 13:00:00,2.4709625244140625
2017-06-11 14:00:00,0.9242202043533325
2017-06-11 15:00:00,0.7125201299786568
2017-06-11 16:00:00,0.6938751935958862
2017-06-11 17:00:00,0.7245917320251465
2017-06-11 18:00:00,0.8104228973388672
2017-06-11 19:00:00,0.8968628644943237
2017-06-11 20:00:00,0.9442452192306519
2017-06-11 21:00:00,0.9230854958295822
2017-06-11 22:00:00,0.8988757133483887
2017-06-11 23:00:00,0.8420319557189941
2017-06-12 00:00:00,0.7675819993019104
2017-06-12 01:00:00,1.473489761352539
2017-06-12 02:00:00,1.4775779098272324
2017-06-12 03:00:00,1.1859080642461777
2017-06-12 04:00:00,1.4360642433166504
2017-06-12 05:00:00,2.0621938705444336
2017-06-12 06:00:00,2.755580425262451
2017-06-12 07:00:00,3.3778467178344727
2017-06-12 08:00:00,3.919245719909668
2017-06-12 09:00:00,4.387936592102051
2017-06-12 10:00:00,4.437166690826416
2017-06-12 11:00:00,4.415424823760986
2017-06-12 12:00:00,4.169291019439697
2017-06-12 13:00:00,3.150264024734497
2017-06-12 14:00:00,1.294691801071167
2017-06-12 15:00:00,1.0657919645309448
2017-06-12 16:00:00,1.0868555456399918
2017-06-12 17:00:00,1.1043386459350586
2017-06-12 18:00:00,1.1271302700042725
2017-06-12 19:00:00,1.1393964141607285
2017-06-12 20:00:00,1.137087345123291
2017-06-12 21:00:00,1.1149554252624512
2017-06-12 22:00:00,0.902982234954834
2017-06-12 23:00:00,0.6859785914421082
2017-06-13 00:00:00,0.4751110076904297
2017-06-13 01:00:00,0.22156500816345215
2017-06-13 02:00:00,0.07322537899017334
2017-06-13 03:00:00,1.5416712760925293
2017-06-13 04:00:00,2.585178852081299
2017-06-13 05:00:00,3.4278740882873535
2017-06-13 06:00:00,4.193475365638733
2017-06-13 07:00:00,4.8264031410217285
2017-06-13 08:00:00,5.2428975105285645
2017-06-13 09:00:00,5.432986736297607
2017-06-13 10:00:00,5.390065670013428
2017-06-13 11:00:00,5.263519763946533
2017-06-13 12:00:00,4.965295314788818
2017-06-13 13:00:00,4.123647212982178
2017-06-13 14:00:00,1.905484676361084
2017-06-13 15:00:00,1.8532145023345947
2017-06-13 16:00:00,1.8066339492797852
2017-06-13 17:00:00,1.789595603942871
2017-06-13 18:00:00,1.7876514196395874
2017-06-13 19:00:00,1.741113305091858
2017-06-13 20:00:00,1.6581676006317139
2017-06-13 21:00:00,1.570176362991333
2017-06-13 22:00:00,1.529480218887329
2017-06-13 23:00:00,1.5003435611724854
2017-06-14 00:00:00,1.4756793975830078
2017-06-14 01:00:00,2.882265567779541
2017-06-14 02:00:00,2.624361276626587
2017-06-14 03:00:00,2.9575884342193604
2017-06-14 04:00:00,3.0540966987609863
2017-06-14 05:00:00,3.1100215911865234
2017-06-14 06:00:00,3.264038562774658
2017-06-14 07:00:00,3.487856864929199
2017-06-14 08:00:00,3.7632105946540833
2017-06-14 09:00:00,4.0462493896484375
2017-06-14 10:00:00,4.299215793609619
2017-06-14 11:00:00,4.407177925109863
2017-06-14 12:00:00,4.442818641662598
2017-06-14 13:00:00,4.194333076477051
2017-06-14 14:00:00,2.9995312690734863
2017-06-14 15:00:00,3.668130874633789
2017-06-14 16:00:00,4.0318603515625
2017-06-14 17:00:00,3.9218392372131348
2017-06-14 18:00:00,3.5342721939086914
2017-06-14 19:00:00,3.1354165077209473
2017-06-14 20:00:00,3.0085551738739014
2017-06-14 21:00:00,3.0031042098999023
2017-06-14 22:00:00,2.620089530944824
2017-06-14 23:00:00,2.2510581016540527
2017-06-15 00:00:00,1.9200534224510193
2017-06-15 01:00:00,2.228504717350006
2017-06-15 02:00:00,3.1592836380004883
2017-06-15 03:00:00,4.163974225521088
2017-06-15 04:00:00,4.964818477630615
2017-06-15 05:00:00,4.862926959991455
2017-06-15 06:00:00,4.124745845794678
2017-06-15 07:00:00,3.798966407775879
2017-06-15 08:00:00,3.9433048963546753
2017-06-15 09:00:00,3.9937453269958496
2017-06-15 10:00:00,3.9795846939086914
2017-06-15 11:00:00,4.1644593477249146
2017-06-15 12:00:00,4.325726509094238
2017-06-15 13:00:00,4.071362018585205
2017-06-15 14:00:00,2.283459722995758
2017-06-15 15:00:00,2.300979346036911
2017-06-15 16:00:00,2.1665084958076477
2017-06-15 17:00:00,1.8035560548305511
2017-06-15 18:00:00,1.4327276572585106
2017-06-15 19:00:00,1.0543626844882965
2017-06-15 20:00:00,0.8158708065748215
2017-06-15 21:00:00,0.7531538009643555
2017-06-15 22:00:00,0.6989015340805054
2017-06-15 23:00:00,0.7007800340652466
2017-06-16 00:00:00,0.6347346305847168
2017-06-16 01:00:00,0.6520260572433472
2017-06-16 02:00:00,-0.18495392799377441
2017-06-16 03:00:00,-1.0881756842136383
2017-06-16 04:00:00,-0.5050616413354874
2017-06-16 05:00:00,-0.12240220606327057
2017-06-16 06:00:00,0.4857666790485382
2017-06-16 07:00:00,1.3633358627557755
2017-06-16 08:00:00,2.2177681922912598
2017-06-16 09:00:00,2.8306145668029785
2017-06-16 10:00:00,2.3109307289123535
2017-06-16 11:00:00,1.8132855892181396
2017-06-16 12:00:00,1.0971910804510117
2017-06-16 13:00:00,-0.047785788774490356
2017-06-16 14:00:00,-0.6130858659744263
2017-06-16 15:00:00,-1.0523127317428589
2017-06-16 16:00:00,-1.3418282270431519
2017-06-16 17:00:00,-1.5533413887023926
2017-06-16 18:00:00,-1.7191638946533203
2017-06-16 19:00:00,-1.8462333679199219
2017-06-16 20:00:00,-1.8901233673095703
2017-06-16 21:00:00,-1.935654103755951
2017-06-16 22:00:00,-1.7633167505264282
2017-06-16 23:00:00,-1.7133947610855103
2017-06-17 00:00:00,-1.5235991477966309
2017-06-17 01:00:00,-1.9089757800102234
2017-06-17 02:00:00,-1.9395927488803864
2017-06-17 03:00:00,-1.613647222518921
2017-06-17 04:00:00,-0.6237344741821289
2017-06-17 05:00:00,0.34741026163101196
2017-06-17 06:00:00,1.0409591495990753
2017-06-17 07:00:00,1.5417717695236206
2017-06-17 08:00:00,1.9779350757598877
2017-06-17 09:00:00,2.365023136138916
2017-06-17 10:00:00,2.5761635303497314
2017-06-17 11:00:00,2.7944703102111816
2017-06-17 12:00:00,2.845264196395874
2017-06-17 13:00:00,2.6015899181365967
2017-06-17 14:00:00,1.0401555299758911
2017-06-17 15:00:00,0.9332330226898193
2017-06-17 16:00:00,0.8690197467803955
2017-06-17 17:00:00,0.8022843599319458
2017-06-17 18:00:00,0.7682961225509644
2017-06-17 19:00:00,0.7699050903320312
2017-06-17 20:00:00,0.8166639804840088
2017-06-17 21:00:00,0.9271718263626099
2017-06-17 22:00:00,0.893735408782959
2017-06-17 23:00:00,0.6186532974243164
2017-06-18 00:00:00,0.2254684567451477
2017-06-18 01:00:00,0.0807458758354187
2017-06-18 02:00:00,0.5766639709472656
2017-06-18 03:00:00,1.61854088306427
2017-06-18 04:00:00,2.342345952987671
2017-06-18 05:00:00,2.746663808822632
2017-06-18 06:00:00,3.068696975708008
2017-06-18 07:00:00,3.4164958000183105
2017-06-18 08:00:00,3.758366107940674
2017-06-18 09:00:00,4.055778503417969
2017-06-18 10:00:00,4.212709426879883
2017-06-18 11:00:00,4.320204675197601
2017-06-18 12:00:00,4.232042372226715
2017-06-18 13:00:00,3.6322529315948486
2017-06-18 14:00:00,1.7154350280761719
2017-06-18 15:00:00,1.1188783645629883
2017-06-18 16:00:00,0.7743954658508301
2017-06-18 17:00:00,0.5216209292411804
2017-06-18 18:00:00,0.35554876923561096
2017-06-18 19:00:00,0.3683823347091675
2017-06-18 20:00:00,0.41092950105667114
2017-06-18 21:00:00,0.6293327808380127
2017-06-18 22:00:00,0.8642091453075409
2017-06-18 23:00:00,1.2262905836105347
2017-06-19 00:00:00,1.5138356685638428
2017-06-19 01:00:00,1.739279866218567
2017-06-19 02:00:00,2.2899675369262695
2017-06-19 03:00:00,2.6456961631774902
2017-06-19 04:00:00,2.8832480907440186
2017-06-19 05:00:00,3.061136245727539
2017-06-19 06:00:00,2.935666084289551
2017-06-19 07:00:00,2.825827121734619
2017-06-19 08:00:00,3.035042941570282
2017-06-19 09:00:00,3.345009505748749
2017-06-19 10:00:00,3.4603023529052734
2017-06-19 11:00:00,3.4351398944854736
2017-06-19 12:00:00,2.825850009918213
2017-06-19 13:00:00,1.2812329530715942
2017-06-19 14:00:00,0.8788588047027588
2017-06-19 15:00:00,0.695658802986145
2017-06-19 16:00:00,0.6592872142791748
2017-06-19 17:00:00,0.75813889503479
2017-06-19 18:00:00,0.8864337205886841
2017-06-19 19:00:00,1.042149305343628
2017-06-19 20:00:00,1.1727285385131836
2017-06-19 21:00:00,1.2621018886566162
2017-06-19 22:00:00,0.8995121717453003
2017-06-19 23:00:00,0.6434855461120605
2017-06-20 00:00:00,0.46059322357177734
2017-06-20 01:00:00,0.6176249980926514
2017-06-20 02:00:00,0.6257275938987732
2017-06-20 03:00:00,1.9732191562652588
2017-06-20 04:00:00,2.7084505558013916
2017-06-20 05:00:00,3.042090654373169
2017-06-20 06:00:00,3.098628282546997
2017-06-20 07:00:00,3.0093913078308105
2017-06-20 08:00:00,2.9811832904815674
2017-06-20 09:00:00,3.052096366882324
2017-06-20 10:00:00,3.089588165283203
2017-06-20 11:00:00,3.118208169937134
2017-06-20 12:00:00,2.9156928062438965
2017-06-20 13:00:00,2.1675989627838135
2017-06-20 14:00:00,0.47952836751937866
2017-06-20 15:00:00,-0.03597366809844971
2017-06-20 16:00:00,-0.3487183451652527
2017-06-20 17:00:00,-0.49437737464904785
2017-06-20 18:00:00,-0.5417718887329102
2017-06-20 19:00:00,-0.44401246309280396
2017-06-20 20:00:00,-0.22745144367218018
2017-06-20 21:00:00,0.014805316925048828
2017-06-20 22:00:00,0.18995440751314163
2017-06-20 23:00:00,0.32144215889275074
2017-06-21 00:00:00,0.3404271639883518
2017-06-21 01:00:00,0.44151999056339264
2017-06-21 02:00:00,0.4035683870315552
2017-06-21 03:00:00,0.043455300852656364
2017-06-21 04:00:00,0.27693272195756435
2017-06-21 05:00:00,0.8180086612701416
2017-06-21 06:00:00,1.5880546569824219
2017-06-21 07:00:00,2.7065291106700897
2017-06-21 08:00:00,4.286008238792419
2017-06-21 09:00:00,5.868577003479004
2017-06-21 10:00:00,6.181446075439453
2017-06-21 11:00:00,5.6325883865356445
2017-06-21 12:00:00,4.657703876495361
2017-06-21 13:00:00,3.4999006390571594
2017-06-21 14:00:00,2.2784483432769775
2017-06-21 15:00:00,2.39571475982666
2017-06-21 16:00:00,2.4408288300037384
2017-06-21 17:00:00,2.2536101043224335
2017-06-21 18:00:00,1.9745578169822693
2017-06-21 19:00:00,1.6770684719085693
2017-06-21 20:00:00,1.4416035413742065
2017-06-21 21:00:00,1.27385675907135
2017-06-21 22:00:00,1.0490528345108032
2017-06-21 23:00:00,0.8782727271318436
2017-06-22 00:00:00,0.7230608910322189
2017-06-22 01:00:00,0.9134680964052677
2017-06-22 02:00:00,0.6050388365983963
2017-06-22 03:00:00,0.9746160507202148
2017-06-22 04:00:00,1.1249277591705322
2017-06-22 05:00:00,1.4792052507400513
2017-06-22 06:00:00,2.002486288547516
2017-06-22 07:00:00,2.482025623321533
2017-06-22 08:00:00,2.8522253036499023
2017-06-22 09:00:00,3.115853786468506
2017-06-22 10:00:00,3.0898866653442383
2017-06-22 11:00:00,3.0907187461853027
2017-06-22 12:00:00,2.999189853668213
2017-06-22 13:00:00,2.4318630695343018
2017-06-22 14:00:00,1.3219983577728271
2017-06-22 15:00:00,1.3988722562789917
2017-06-22 16:00:00,1.4848082065582275
2017-06-22 17:00:00,1.4641674757003784
2017-06-22 18:00:00,1.4128984212875366
2017-06-22 19:00:00,1.366481065750122
2017-06-22 20:00:00,1.3303864002227783
2017-06-22 21:00:00,1.3167214393615723
2017-06-22 22:00:00,1.2047260999679565
2017-06-22 23:00:00,1.1271940469741821
2017-06-23 00:00:00,1.0589162111282349
2017-06-23 01:00:00,2.0558087825775146
2017-06-23 02:00:00,2.168629616498947
2017-06-23 03:00:00,1.9235546588897705
2017-06-23 04:00:00,1.8285389840602875
2017-06-23 05:00:00,1.8888390064239502
2017-06-23 06:00:00,2.170716792345047
2017-06-23 07:00:00,2.6095757484436035
2017-06-23 08:00:00,3.0741634368896484
2017-06-23 09:00:00,3.512690305709839
2017-06-23 10:00:00,3.5174765586853027
2017-06-23 11:00:00,3.4394350051879883
2017-06-23 12:00:00,3.188584566116333
2017-06-23 13:00:00,2.4900107383728027
2017-06-23 14:00:00,1.0105288326740265
2017-06-23 15:00:00,0.9278391599655151
2017-06-23 16:00:00,0.9869422614574432
2017-06-23 17:00:00,1.0099139511585236
2017-06-23 18:00:00,0.9921016693115234
2017-06-23 19:00:00,0.9360018223524094
2017-06-23 20:00:00,0.8532051593065262
2017-06-23 21:00:00,0.7704814076423645
2017-06-23 22:00:00,0.5826756954193115
2017-06-23 23:00:00,0.4075774550437927
2017-06-24 00:00:00,0.25252974033355713
2017-06-24 01:00:00,0.18823426961898804
2017-06-24 02:00:00,0.646620150655508
2017-06-24 03:00:00,0.896794892847538
2017-06-24 04:00:00,1.3040540367364883
2017-06-24 05:00:00,1.7226711213588715
2017-06-24 06:00:00,2.1435990631580353
2017-06-24 07:00:00,2.5675888061523438
2017-06-24 08:00:00,2.8902480602264404
2017-06-24 09:00:00,3.0538570880889893
2017-06-24 10:00:00,2.76015305519104
2017-06-24 11:00:00,2.4600324630737305
2017-06-24 12:00:00,2.082465648651123
2017-06-24 13:00:00,1.5107882171869278
2017-06-24 14:00:00,0.45808178186416626
2017-06-24 15:00:00,0.23532021045684814
2017-06-24 16:00:00,0.11186093091964722
2017-06-24 17:00:00,-0.09155382215976715
2017-06-24 18:00:00,-0.28660494089126587
2017-06-24 19:00:00,-0.45465487614274025
2017-06-24 20:00:00,-0.5752294138073921
2017-06-24 21:00:00,-0.6486532688140869
2017-06-24 22:00:00,-0.7300469875335693
2017-06-24 23:00:00,-0.7929052859544754
2017-06-25 00:00:00,-0.8442942351102829
2017-06-25 01:00:00,-1.7566452026367188
2017-06-25 02:00:00,-2.1190199851989746
2017-06-25 03:00:00,-1.5580394119024277
2017-06-25 04:00:00,-1.0936013385653496
2017-06-25 05:00:00,-0.7751821018755436
2017-06-25 06:00:00,-0.42845331132411957
2017-06-25 07:00:00,-0.0302162766456604
2017-06-25 08:00:00,0.3527982831001282
2017-06-25 09:00:00,0.6444263607263565
2017-06-25 10:00:00,0.8859835863113403
2017-06-25 11:00:00,1.0288498103618622
2017-06-25 12:00:00,1.0214397981762886
2017-06-25 13:00:00,0.7439476251602173
2017-06-25 14:00:00,0.32476770877838135
2017-06-25 15:00:00,0.21328973770141602
2017-06-25 16:00:00,-0.04045271873474121
2017-06-25 17:00:00,-0.37044382095336914
2017-06-25 18:00:00,-0.6628907918930054
2017-06-25 19:00:00,-0.785693347454071
2017-06-25 20:00:00,-0.851441502571106
2017-06-25 21:00:00,-0.9685409516096115
2017-06-25 22:00:00,-1.1316616386175156
2017-06-25 23:00:00,-1.3476155996322632
2017-06-26 00:00:00,-1.5302610397338867
2017-06-26 01:00:00,-2.7474722862243652
2017-06-26 02:00:00,-2.881990909576416
2017-06-26 03:00:00,-2.7645602226257324
2017-06-26 04:00:00,-2.292393922805786
2017-06-26 05:00:00,-1.6981631219387054
2017-06-26 06:00:00,-1.187766432762146
2017-06-26 07:00:00,-0.8466925621032715
2017-06-26 08:00:00,-0.6596288681030273
2017-06-26 09:00:00,-0.6027312278747559
2017-06-26 10:00:00,-0.6691715717315674
2017-06-26 11:00:00,-0.7969074249267578
2017-06-26 12:00:00,-0.968205451965332
2017-06-26 13:00:00,-1.089068055152893
2017-06-26 14:00:00,-0.6163296699523926
2017-06-26 15:00:00,-0.786887526512146
2017-06-26 16:00:00,-0.8258424997329712
2017-06-26 17:00:00,-0.8412563800811768
2017-06-26 18:00:00,-0.8395005464553833
2017-06-26 19:00:00,-0.8162031769752502
2017-06-26 20:00:00,-0.7847343683242798
2017-06-26 21:00:00,-0.7576603293418884
2017-06-26 22:00:00,-0.8597843647003174
2017-06-26 23:00:00,-0.9487186968326569
2017-06-27 00:00:00,-1.04067924618721
2017-06-27 01:00:00,-2.122680902481079
2017-06-27 02:00:00,-2.2922158539295197
2017-06-27 03:00:00,-2.380211591720581
2017-06-27 04:00:00,-2.333979606628418
2017-06-27 05:00:00,-2.2016212940216064
2017-06-27 06:00:00,-2.044635832309723
2017-06-27 07:00:00,-1.8378228545188904
2017-06-27 08:00:00,-1.6643236875534058
2017-06-27 09:00:00,-1.5504271984100342
2017-06-27 10:00:00,-1.5173712968826294
2017-06-27 11:00:00,-1.4675878286361694
2017-06-27 12:00:00,-1.392080307006836
2017-06-27 13:00:00,-1.1550164371728897
2017-06-27 14:00:00,-0.6051405668258667
2017-06-27 15:00:00,-0.6351749897003174
2017-06-27 16:00:00,-0.5956325531005859
2017-06-27 17:00:00,-0.5511589050292969
2017-06-27 18:00:00,-0.5172905921936035
2017-06-27 19:00:00,-0.5153767913579941
2017-06-27 20:00:00,-0.5700786113739014
2017-06-27 21:00:00,-0.6592442989349365
2017-06-27 22:00:00,-0.7457176446914673
2017-06-27 23:00:00,-0.7818968296051025
2017-06-28 00:00:00,-0.8721668720245361
2017-06-28 01:00:00,-1.9535083174705505
2017-06-28 02:00:00,-1.893625020980835
2017-06-28 03:00:00,-1.752821922302246
2017-06-28 04:00:00,-1.6097545623779297
2017-06-28 05:00:00,-1.533233404159546
2017-06-28 06:00:00,-1.494975209236145
2017-06-28 07:00:00,-1.3484769016504288
2017-06-28 08:00:00,-1.0890851020812988
2017-06-28 09:00:00,-0.7088396102190018
2017-06-28 10:00:00,-0.6185602694749832
2017-06-28 11:00:00,-0.43543338775634766
2017-06-28 12:00:00,-0.23595018684864044
2017-06-28 13:00:00,-0.18604153394699097
2017-06-28 14:00:00,-0.2631221413612366
2017-06-28 15:00:00,-0.2562471628189087
2017-06-28 16:00:00,-0.29181987047195435
2017-06-28 17:00:00,-0.3415161371231079
2017-06-28 18:00:00,-0.40656614303588867
2017-06-28 19:00:00,-0.6476719081401825
2017-06-28 20:00:00,-1.0844044387340546
2017-06-28 21:00:00,-1.5240392684936523
2017-06-28 22:00:00,-1.6635171175003052
2017-06-28 23:00:00,-1.7838222980499268
2017-06-29 00:00:00,-1.984381914138794
2017-06-29 01:00:00,-2.6016483306884766
2017-06-29 02:00:00,-3.2785370349884033
2017-06-29 03:00:00,-3.6330599784851074
2017-06-29 04:00:00,-3.4561362266540527
2017-06-29 05:00:00,-3.0899224281311035
2017-06-29 06:00:00,-2.547119140625
2017-06-29 07:00:00,-1.7641258239746094
2017-06-29 08:00:00,-0.9761744737625122
2017-06-29 09:00:00,-0.4031423330307007
2017-06-29 10:00:00,-0.009724259376525879
2017-06-29 11:00:00,0.23185396194458008
2017-06-29 12:00:00,0.21017241477966309
2017-06-29 13:00:00,0.06098735332489014
2017-06-29 14:00:00,-0.023837685585021973
2017-06-29 15:00:00,-0.11839485168457031
2017-06-29 16:00:00,-0.24584436416625977
2017-06-29 17:00:00,-0.29698365926742554
2017-06-29 18:00:00,-0.32596665620803833
2017-06-29 19:00:00,-0.36649471521377563
2017-06-29 20:00:00,-0.4751250743865967
2017-06-29 21:00:00,-0.5678909942507744
2017-06-29 22:00:00,-0.671312153339386
2017-06-29 23:00:00,-0.8369334936141968
2017-06-30 00:00:00,-1.0761865377426147
2017-06-30 01:00:00,-2.052147328853607
2017-06-30 02:00:00,-2.187911331653595
2017-06-30 03:00:00,-1.8903385996818542
2017-06-30 04:00:00,-1.4718711972236633
2017-06-30 05:00:00,-1.0680748298764229
2017-06-30 06:00:00,-0.6923711448907852
2017-06-30 07:00:00,-0.3480685353279114
2017-06-30 08:00:00,0.01801854372024536
2017-06-30 09:00:00,0.4011729955673218
2017-06-30 10:00:00,0.39974379539489746
2017-06-30 11:00:00,0.35842859745025635
2017-06-30 12:00:00,0.1948409080505371
2017-06-30 13:00:00,-0.058721959590911865
2017-06-30 14:00:00,-0.16008412837982178
2017-06-30 15:00:00,-0.26370787620544434
2017-06-30 16:00:00,-0.1344480738043785
2017-06-30 17:00:00,0.009289562702178955
2017-06-30 18:00:00,0.09130001068115234
2017-06-30 19:00:00,0.13909286260604858
2017-06-30 20:00:00,0.20257914066314697
2017-06-30 21:00:00,0.29199111461639404
2017-06-30 22:00:00,0.24892637878656387
2017-06-30 23:00:00,0.25836336612701416
2017-07-01 00:00:00,0.27085695415735245
2017-07-01 01:00:00,0.32775700092315674
2017-07-01 02:00:00,0.012967944145202637
2017-07-01 03:00:00,-0.772551417350769
2017-07-01 04:00:00,-0.8034024238586426
2017-07-01 05:00:00,-0.4215265363454819
2017-07-01 06:00:00,0.08262193202972412
2017-07-01 07:00:00,0.43032556772232056
2017-07-01 08:00:00,0.7009573429822922
2017-07-01 09:00:00,0.9353158473968506
2017-07-01 10:00:00,0.9723339080810547
2017-07-01 11:00:00,0.9305487871170044
2017-07-01 12:00:00,0.9091150760650635
2017-07-01 13:00:00,0.6426563858985901
2017-07-01 14:00:00,0.5569133758544922
2017-07-01 15:00:00,0.7358940839767456
2017-07-01 16:00:00,0.7477699518203735
2017-07-01 17:00:00,0.6246500015258789
2017-07-01 18:00:00,0.3950396776199341
2017-07-01 19:00:00,0.11427533626556396
2017-07-01 20:00:00,-0.06882941722869873
2017-07-01 21:00:00,-0.13549166917800903
2017-07-01 22:00:00,-0.17444247379899025
2017-07-01 23:00:00,-0.2647230066359043
2017-07-02 00:00:00,-0.3740451894700527
2017-07-02 01:00:00,-0.8870348632335663
2017-07-02 02:00:00,-0.995868444442749
2017-07-02 03:00:00,-0.8328460454940796
2017-07-02 04:00:00,-0.5727980919182301
2017-07-02 05:00:00,-0.4651247188448906
2017-07-02 06:00:00,-0.3728880286216736
2017-07-02 07:00:00,-0.15986061096191406
2017-07-02 08:00:00,0.2230585813522339
2017-07-02 09:00:00,0.5697755962610245
2017-07-02 10:00:00,0.5016814693808556
2017-07-02 11:00:00,0.4292574245482683
2017-07-02 12:00:00,0.13902181386947632
2017-07-02 13:00:00,-0.16953743994235992
2017-07-02 14:00:00,-0.31540657579898834
2017-07-02 15:00:00,-0.5312361121177673
2017-07-02 16:00:00,-0.605021134018898
2017-07-02 17:00:00,-0.5468352288007736
2017-07-02 18:00:00,-0.4301442503929138
2017-07-02 19:00:00,-0.36141103506088257
2017-07-02 20:00:00,-0.35378479957580566
2017-07-02 21:00:00,-0.4002147912979126
2017-07-02 22:00:00,-0.6011471748352051
2017-07-02 23:00:00,-0.6539459675550461
2017-07-03 00:00:00,-0.6496223211288452
2017-07-03 01:00:00,-0.6621968299150467
2017-07-03 02:00:00,-0.0926058292388916
2017-07-03 03:00:00,0.5376465320587158
2017-07-03 04:00:00,0.9554407596588135
2017-07-03 05:00:00,1.163301706314087
2017-07-03 06:00:00,1.3007924556732178
2017-07-03 07:00:00,1.4730708599090576
2017-07-03 08:00:00,1.6896181106567383
2017-07-03 09:00:00,1.9140338897705078
2017-07-03 10:00:00,2.1643006801605225
2017-07-03 11:00:00,2.2516755759716034
2017-07-03 12:00:00,2.260779619216919
2017-07-03 13:00:00,1.606006383895874
2017-07-03 14:00:00,0.9833453893661499
2017-07-03 15:00:00,1.031150460243225
2017-07-03 16:00:00,0.9704496413469315
2017-07-03 17:00:00,0.8745326995849609
2017-07-03 18:00:00,0.8311814814805984
2017-07-03 19:00:00,0.9048369377851486
2017-07-03 20:00:00,1.1634756326675415
2017-07-03 21:00:00,1.6364680528640747
2017-07-03 22:00:00,2.327331781387329
2017-07-03 23:00:00,2.6418819427490234
2017-07-04 00:00:00,2.7406156063079834
2017-07-04 01:00:00,3.3538854122161865
2017-07-04 02:00:00,4.6139631271362305
2017-07-04 03:00:00,4.49027156829834
2017-07-04 04:00:00,4.243930339813232
2017-07-04 05:00:00,4.053005695343018
2017-07-04 06:00:00,3.989494800567627
2017-07-04 07:00:00,4.009374737739563
2017-07-04 08:00:00,4.104238986968994
2017-07-04 09:00:00,4.174874782562256
2017-07-04 10:00:00,4.021022796630859
2017-07-04 11:00:00,3.7266047596931458
2017-07-04 12:00:00,2.8204476833343506
2017-07-04 13:00:00,1.6913998126983643
2017-07-04 14:00:00,0.9757442474365234
2017-07-04 15:00:00,0.8609246015548706
2017-07-04 16:00:00,0.9014850854873657
2017-07-04 17:00:00,1.2080712020397186
2017-07-04 18:00:00,1.906306266784668
2017-07-04 19:00:00,3.0867815017700195
2017-07-04 20:00:00,3.8467586636543274
2017-07-04 21:00:00,3.756925106048584
2017-07-04 22:00:00,3.376861095428467
2017-07-04 23:00:00,3.0512442588806152
2017-07-05 00:00:00,2.9931013584136963
2017-07-05 01:00:00,3.2648069858551025
2017-07-05 02:00:00,4.559641361236572
2017-07-05 03:00:00,5.5700907707214355
2017-07-05 04:00:00,5.510921955108643
2017-07-05 05:00:00,4.855542182922363
2017-07-05 06:00:00,4.021608829498291
2017-07-05 07:00:00,3.2150092124938965
2017-07-05 08:00:00,2.7012476921081543
2017-07-05 09:00:00,2.346670627593994
2017-07-05 10:00:00,2.2980322539806366
2017-07-05 11:00:00,2.1780348122119904
2017-07-05 12:00:00,1.588507890701294
2017-07-05 13:00:00,1.1023517847061157
2017-07-05 14:00:00,0.6653785109519958
2017-07-05 15:00:00,0.5596641898155212
2017-07-05 16:00:00,0.5707632899284363
2017-07-05 17:00:00,0.7545211315155029
2017-07-05 18:00:00,1.1757951974868774
2017-07-05 19:00:00,1.8604087829589844
2017-07-05 20:00:00,2.5263125896453857
2017-07-05 21:00:00,3.025752544403076
2017-07-05 22:00:00,2.7962303161621094
2017-07-05 23:00:00,2.3971128463745117
2017-07-06 00:00:00,1.9318716526031494
2017-07-06 01:00:00,2.2900047302246094
2017-07-06 02:00:00,2.2794594764709473
2017-07-06 03:00:00,2.91178035736084
2017-07-06 04:00:00,2.9431464672088623
2017-07-06 05:00:00,2.882113456726074
2017-07-06 06:00:00,2.8869009017944336
2017-07-06 07:00:00,2.7786502838134766
2017-07-06 08:00:00,2.6243553161621094
2017-07-06 09:00:00,2.387214422225952
2017-07-06 10:00:00,1.6711866855621338
2017-07-06 11:00:00,0.9950852394104004
2017-07-06 12:00:00,0.38494873046875
2017-07-06 13:00:00,0.011709541082382202
2017-07-06 14:00:00,-0.4366523064672947
2017-07-06 15:00:00,-0.7059236764907837
2017-07-06 16:00:00,-0.818382203578949
2017-07-06 17:00:00,-0.8045190572738647
2017-07-06 18:00:00,-0.6052665784955025
2017-07-06 19:00:00,-0.15483379364013672
2017-07-06 20:00:00,0.586318850517273
2017-07-06 21:00:00,1.4500389397144318
2017-07-06 22:00:00,1.7566988468170166
2017-07-06 23:00:00,1.6693141460418701
2017-07-07 00:00:00,1.5590766668319702
2017-07-07 01:00:00,2.30394646525383
2017-07-07 02:00:00,2.5210914611816406
2017-07-07 03:00:00,3.495323657989502
2017-07-07 04:00:00,2.9392342567443848
2017-07-07 05:00:00,2.4163060188293457
2017-07-07 06:00:00,2.305851936340332
2017-07-07 07:00:00,2.331690549850464
2017-07-07 08:00:00,2.3832430839538574
2017-07-07 09:00:00,2.4161055088043213
2017-07-07 10:00:00,2.1126396656036377
2017-07-07 11:00:00,1.7631443738937378
2017-07-07 12:00:00,1.3264598846435547
2017-07-07 13:00:00,0.7364903092384338
2017-07-07 14:00:00,0.1579110026359558
2017-07-07 15:00:00,-0.22835677862167358
2017-07-07 16:00:00,-0.19927197694778442
2017-07-07 17:00:00,-0.030833274126052856
2017-07-07 18:00:00,0.22492346912622452
2017-07-07 19:00:00,0.47410748898983
2017-07-07 20:00:00,0.5638803243637085
2017-07-07 21:00:00,0.6439381241798401
2017-07-07 22:00:00,0.6694813966751099
2017-07-07 23:00:00,0.7219858169555664
2017-07-08 00:00:00,0.7921237945556641
2017-07-08 01:00:00,1.5697215795516968
2017-07-08 02:00:00,1.611642986536026
2017-07-08 03:00:00,1.4415948390960693
2017-07-08 04:00:00,1.2567789554595947
2017-07-08 05:00:00,1.2489776611328125
2017-07-08 06:00:00,1.5256942510604858
2017-07-08 07:00:00,1.982247531414032
2017-07-08 08:00:00,2.457789659500122
2017-07-08 09:00:00,2.749617338180542
2017-07-08 10:00:00,2.9203040599823
2017-07-08 11:00:00,2.998157024383545
2017-07-08 12:00:00,2.7560207843780518
2017-07-08 13:00:00,2.022066593170166
2017-07-08 14:00:00,1.1813268512487411
2017-07-08 15:00:00,1.0880136638879776
2017-07-08 16:00:00,1.0098910331726074
2017-07-08 17:00:00,0.9564540684223175
2017-07-08 18:00:00,0.9666642844676971
2017-07-08 19:00:00,1.0557745695114136
2017-07-08 20:00:00,1.1530833542346954
2017-07-08 21:00:00,1.3109347820281982
2017-07-08 22:00:00,1.409269094467163
2017-07-08 23:00:00,1.6363623142242432
2017-07-09 00:00:00,1.8129627704620361
2017-07-09 01:00:00,2.690054178237915
2017-07-09 02:00:00,3.085169792175293
2017-07-09 03:00:00,3.588663101196289
2017-07-09 04:00:00,3.6809940338134766
2017-07-09 05:00:00,3.738668203353882
2017-07-09 06:00:00,3.860568046569824
2017-07-09 07:00:00,4.127915859222412
2017-07-09 08:00:00,4.244378566741943
2017-07-09 09:00:00,4.405739784240723
2017-07-09 10:00:00,4.184684753417969
2017-07-09 11:00:00,3.994204521179199
2017-07-09 12:00:00,3.407832622528076
2017-07-09 13:00:00,2.0539039969444275
2017-07-09 14:00:00,1.1568117141723633
2017-07-09 15:00:00,1.015483021736145
2017-07-09 16:00:00,0.739899754524231
2017-07-09 17:00:00,0.6134041547775269
2017-07-09 18:00:00,0.7051188498735428
2017-07-09 19:00:00,1.0227219611406326
2017-07-09 20:00:00,1.6223813593387604
2017-07-09 21:00:00,2.2036228477954865
2017-07-09 22:00:00,2.7825925052165985
2017-07-09 23:00:00,3.0003726482391357
2017-07-10 00:00:00,2.9152491092681885
2017-07-10 01:00:00,3.513434886932373
2017-07-10 02:00:00,3.878567695617676
2017-07-10 03:00:00,5.43268346786499
2017-07-10 04:00:00,5.279129505157471
2017-07-10 05:00:00,4.657609939575195
2017-07-10 06:00:00,4.0398112535476685
2017-07-10 07:00:00,3.653287887573242
2017-07-10 08:00:00,3.4115335941314697
2017-07-10 09:00:00,3.3650712966918945
2017-07-10 10:00:00,3.423509359359741
2017-07-10 11:00:00,3.328108787536621
2017-07-10 12:00:00,2.7892963886260986
2017-07-10 13:00:00,1.7828795909881592
2017-07-10 14:00:00,0.9747353047132492
2017-07-10 15:00:00,0.8563661575317383
2017-07-10 16:00:00,0.7297959327697754
2017-07-10 17:00:00,0.6529918313026428
2017-07-10 18:00:00,0.7553614377975464
2017-07-10 19:00:00,1.2672669887542725
2017-07-10 20:00:00,2.2024784088134766
2017-07-10 21:00:00,2.9113101959228516
2017-07-10 22:00:00,2.862894058227539
2017-07-10 23:00:00,2.507664918899536
2017-07-11 00:00:00,2.089801073074341
2017-07-11 01:00:00,2.400416135787964
2017-07-11 02:00:00,3.2365476489067078
2017-07-11 03:00:00,4.182105541229248
2017-07-11 04:00:00,4.243548393249512
2017-07-11 05:00:00,3.5994060039520264
2017-07-11 06:00:00,2.980142593383789
2017-07-11 07:00:00,2.5373470783233643
2017-07-11 08:00:00,2.2935163974761963
2017-07-11 09:00:00,2.1728648841381073
2017-07-11 10:00:00,1.9635213017463684
2017-07-11 11:00:00,1.6289498805999756
2017-07-11 12:00:00,0.9027773886919022
2017-07-11 13:00:00,0.48567431792616844
2017-07-11 14:00:00,0.03440675139427185
2017-07-11 15:00:00,-0.29296255111694336
2017-07-11 16:00:00,-0.4583759903907776
2017-07-11 17:00:00,-0.5790947079658508
2017-07-11 18:00:00,-0.6591756343841553
2017-07-11 19:00:00,-0.6548528671264648
2017-07-11 20:00:00,-0.5613505765795708
2017-07-11 21:00:00,-0.41515910625457764
2017-07-11 22:00:00,-0.20676696300506592
2017-07-11 23:00:00,-0.14508014172315598
2017-07-12 00:00:00,-0.12886423617601395
2017-07-12 01:00:00,-0.09312337636947632
2017-07-12 02:00:00,0.4782166928052902
2017-07-12 03:00:00,1.108534336090088
2017-07-12 04:00:00,0.805496335029602
2017-07-12 05:00:00,0.29173076152801514
2017-07-12 06:00:00,-0.23737335205078125
2017-07-12 07:00:00,-0.81097412109375
2017-07-12 08:00:00,-1.537649154663086
2017-07-12 09:00:00,-2.289630651473999
2017-07-12 10:00:00,-2.5643463134765625
2017-07-12 11:00:00,-2.681457281112671
2017-07-12 12:00:00,-2.57478666305542
2017-07-12 13:00:00,-2.172580659389496
2017-07-12 14:00:00,-1.6300842761993408
2017-07-12 15:00:00,-1.5160377323627472
2017-07-12 16:00:00,-1.4403815269470215
2017-07-12 17:00:00,-1.3121779561042786
2017-07-12 18:00:00,-1.204285979270935
2017-07-12 19:00:00,-1.1114430129528046
2017-07-12 20:00:00,-1.0115643739700317
2017-07-12 21:00:00,-0.9441065788269043
2017-07-12 22:00:00,-0.8356648683547974
2017-07-12 23:00:00,-0.7226024866104126
2017-07-13 00:00:00,-0.5714223384857178
2017-07-13 01:00:00,-0.9995715916156769
2017-07-13 02:00:00,-1.4834333658218384
2017-07-13 03:00:00,-2.1691737174987793
2017-07-13 04:00:00,-2.5586819648742676
2017-07-13 05:00:00,-2.8395965099334717
2017-07-13 06:00:00,-2.9259543418884277
2017-07-13 07:00:00,-2.8591814041137695
2017-07-13 08:00:00,-2.7500665187835693
2017-07-13 09:00:00,-2.651610851287842
2017-07-13 10:00:00,-2.7568681240081787
2017-07-13 11:00:00,-2.874171733856201
2017-07-13 12:00:00,-2.9072232246398926
2017-07-13 13:00:00,-2.4024035930633545
2017-07-13 14:00:00,-1.6215088367462158
2017-07-13 15:00:00,-1.7561190128326416
2017-07-13 16:00:00,-1.4723066091537476
2017-07-13 17:00:00,-1.2625854015350342
2017-07-13 18:00:00,-1.1870797872543335
2017-07-13 19:00:00,-1.159629225730896
2017-07-13 20:00:00,-1.1058014631271362
2017-07-13 21:00:00,-1.1094865798950195
2017-07-13 22:00:00,-1.2492375373840332
2017-07-13 23:00:00,-1.2789207696914673
2017-07-14 00:00:00,-1.3002345561981201
2017-07-14 01:00:00,-2.1776044368743896
2017-07-14 02:00:00,-3.2127177715301514
2017-07-14 03:00:00,-3.8444987535476685
2017-07-14 04:00:00,-3.9802803993225098
2017-07-14 05:00:00,-3.9488431811332703
2017-07-14 06:00:00,-3.8006889820098877
2017-07-14 07:00:00,-3.7138662338256836
2017-07-14 08:00:00,-3.7021799087524414
2017-07-14 09:00:00,-3.6017704010009766
2017-07-14 10:00:00,-3.509824752807617
2017-07-14 11:00:00,-3.293398380279541
2017-07-14 12:00:00,-2.8621370792388916
2017-07-14 13:00:00,-2.2369468212127686
2017-07-14 14:00:00,-1.0102806091308594
2017-07-14 15:00:00,-0.8387282639741898
2017-07-14 16:00:00,-0.777740478515625
2017-07-14 17:00:00,-0.7721597701311111
2017-07-14 18:00:00,-0.8388267010450363
2017-07-14 19:00:00,-0.9652707576751709
2017-07-14 20:00:00,-0.9963743984699249
2017-07-14 21:00:00,-0.9700384140014648
2017-07-14 22:00:00,-0.9019341170787811
2017-07-14 23:00:00,-0.9472109973430634
2017-07-15 00:00:00,-1.293388843536377
2017-07-15 01:00:00,-2.124476909637451
2017-07-15 02:00:00,-2.301971882581711
2017-07-15 03:00:00,-2.341719150543213
2017-07-15 04:00:00,-2.2671656608581543
2017-07-15 05:00:00,-2.3675537109375
2017-07-15 06:00:00,-2.42287278175354
2017-07-15 07:00:00,-2.441743850708008
2017-07-15 08:00:00,-2.492933750152588
2017-07-15 09:00:00,-2.5192267894744873
2017-07-15 10:00:00,-2.6531567573547363
2017-07-15 11:00:00,-2.6468629837036133
2017-07-15 12:00:00,-2.5091638565063477
2017-07-15 13:00:00,-2.112088203430176
2017-07-15 14:00:00,-1.666316270828247
2017-07-15 15:00:00,-1.7979769706726074
2017-07-15 16:00:00,-1.9658846259117126
2017-07-15 17:00:00,-2.0428519248962402
2017-07-15 18:00:00,-1.9563617706298828
2017-07-15 19:00:00,-1.9673383235931396
2017-07-15 20:00:00,-1.906179815530777
2017-07-15 21:00:00,-1.9251413345336914
2017-07-15 22:00:00,-1.9417381286621094
2017-07-15 23:00:00,-1.915358543395996
2017-07-16 00:00:00,-1.9384112358093262
2017-07-16 01:00:00,-2.4535183906555176
2017-07-16 02:00:00,-2.516772508621216
2017-07-16 03:00:00,-2.304668664932251
2017-07-16 04:00:00,-2.0921787917613983
2017-07-16 05:00:00,-1.865264654159546
2017-07-16 06:00:00,-1.5295554399490356
2017-07-16 07:00:00,-1.2856217622756958
2017-07-16 08:00:00,-1.1844728291034698
2017-07-16 09:00:00,-1.0277819633483887
2017-07-16 10:00:00,-0.7671607732772827
2017-07-16 11:00:00,-0.4526541829109192
2017-07-16 12:00:00,-0.2361088991165161
2017-07-16 13:00:00,-0.17084968090057373
2017-07-16 14:00:00,-0.009017705917358398
2017-07-16 15:00:00,0.12342262268066406
2017-07-16 16:00:00,0.2126098871231079
2017-07-16 17:00:00,0.32617712020874023
2017-07-16 18:00:00,0.3653097152709961
2017-07-16 19:00:00,0.20628702640533447
2017-07-16 20:00:00,-0.058875083923339844
2017-07-16 21:00:00,-0.32282161712646484
2017-07-16 22:00:00,-0.43088555335998535
2017-07-16 23:00:00,-0.5325967073440552
2017-07-17 00:00:00,-0.6792484521865845
2017-07-17 01:00:00,-1.6147994995117188
2017-07-17 02:00:00,-1.5440040826797485
2017-07-17 03:00:00,-1.3944127559661865
2017-07-17 04:00:00,-1.8867741227149963
2017-07-17 05:00:00,-2.5817244052886963
2017-07-17 06:00:00,-3.080669641494751
2017-07-17 07:00:00,-3.2018651962280273
2017-07-17 08:00:00,-3.0725648403167725
2017-07-17 09:00:00,-2.859957218170166
2017-07-17 10:00:00,-2.4314053058624268
2017-07-17 11:00:00,-2.0330257415771484
2017-07-17 12:00:00,-1.5207135677337646
2017-07-17 13:00:00,-1.0788824558258057
2017-07-17 14:00:00,-0.9093654155731201
2017-07-17 15:00:00,-1.1542572975158691
2017-07-17 16:00:00,-1.505792498588562
2017-07-17 17:00:00,-1.824160099029541
2017-07-17 18:00:00,-1.7246794700622559
2017-07-17 19:00:00,-1.4781979322433472
2017-07-17 20:00:00,-1.404933214187622
2017-07-17 21:00:00,-1.4320591688156128
2017-07-17 22:00:00,-1.218666672706604
2017-07-17 23:00:00,-0.9194709062576294
2017-07-18 00:00:00,-0.7479674816131592
2017-07-18 01:00:00,-1.2638726234436035
2017-07-18 02:00:00,-1.212294340133667
2017-07-18 03:00:00,-1.2801722288131714
2017-07-18 04:00:00,-1.208362340927124
2017-07-18 05:00:00,-1.3323668241500854
2017-07-18 06:00:00,-1.4434661865234375
2017-07-18 07:00:00,-1.46171236038208
2017-07-18 08:00:00,-1.2860236167907715
2017-07-18 09:00:00,-1.081590175628662
2017-07-18 10:00:00,-1.055342212319374
2017-07-18 11:00:00,-0.848906397819519
2017-07-18 12:00:00,-0.6264428496360779
2017-07-18 13:00:00,-0.3035128712654114
2017-07-18 14:00:00,-0.08249258995056152
2017-07-18 15:00:00,0.07246589660644531
2017-07-18 16:00:00,0.20168781280517578
2017-07-18 17:00:00,0.22075748443603516
2017-07-18 18:00:00,0.1690429449081421
2017-07-18 19:00:00,0.14356106519699097
2017-07-18 20:00:00,0.1345420479774475
2017-07-18 21:00:00,0.11647540330886841
2017-07-18 22:00:00,0.033875346183776855
2017-07-18 23:00:00,-0.07450646162033081
2017-07-19 00:00:00,-0.11618989706039429
2017-07-19 01:00:00,-0.086403489112854
2017-07-19 02:00:00,0.17907631397247314
2017-07-19 03:00:00,-0.27280867099761963
2017-07-19 04:00:00,-0.5247069001197815
2017-07-19 05:00:00,-0.48585426807403564
2017-07-19 06:00:00,-0.35799163579940796
2017-07-19 07:00:00,-0.3482029438018799
2017-07-19 08:00:00,-0.3914996385574341
2017-07-19 09:00:00,-0.45969754457473755
2017-07-19 10:00:00,-0.5236501693725586
2017-07-19 11:00:00,-0.5616676360368729
2017-07-19 12:00:00,-0.5239182114601135
2017-07-19 13:00:00,-0.38278985023498535
2017-07-19 14:00:00,-0.29910558462142944
2017-07-19 15:00:00,-0.23475861549377441
2017-07-19 16:00:00,-0.2311723828315735
2017-07-19 17:00:00,-0.2620872035622597
2017-07-19 18:00:00,-0.3077642321586609
2017-07-19 19:00:00,-0.34531736373901367
2017-07-19 20:00:00,-0.45138079300522804
2017-07-19 21:00:00,-0.6364908218383789
2017-07-19 22:00:00,-1.0095587968826294
2017-07-19 23:00:00,-1.5176842212677002
2017-07-20 00:00:00,-1.944209337234497
2017-07-20 01:00:00,-2.511319875717163
2017-07-20 02:00:00,-2.678156852722168
2017-07-20 03:00:00,-2.7381198406219482
2017-07-20 04:00:00,-2.8798675537109375
2017-07-20 05:00:00,-3.2729086875915527
2017-07-20 06:00:00,-3.4441885948181152
2017-07-20 07:00:00,-3.2690460681915283
2017-07-20 08:00:00,-2.7972195148468018
2017-07-20 09:00:00,-2.2183258533477783
2017-07-20 10:00:00,-1.8197557926177979
2017-07-20 11:00:00,-1.5204920768737793
2017-07-20 12:00:00,-1.3200852870941162
2017-07-20 13:00:00,-1.004029393196106
2017-07-20 14:00:00,-0.5370324850082397
2017-07-20 15:00:00,-0.5058029890060425
2017-07-20 16:00:00,-0.3857867121696472
2017-07-20 17:00:00,-0.3529977798461914
2017-07-20 18:00:00,-0.36025702953338623
2017-07-20 19:00:00,-0.4371318817138672
2017-07-20 20:00:00,-0.5370861291885376
2017-07-20 21:00:00,-0.6083246469497681
2017-07-20 22:00:00,-0.6800881624221802
2017-07-20 23:00:00,-0.8510583639144897
2017-07-21 00:00:00,-1.026330590248108
2017-07-21 01:00:00,-1.9946832060813904
2017-07-21 02:00:00,-2.709721565246582
2017-07-21 03:00:00,-3.1790921688079834
2017-07-21 04:00:00,-3.0278520584106445
2017-07-21 05:00:00,-2.9207332134246826
2017-07-21 06:00:00,-2.955174446105957
2017-07-21 07:00:00,-3.05234432220459
2017-07-21 08:00:00,-3.047645092010498
2017-07-21 09:00:00,-2.904158592224121
2017-07-21 10:00:00,-2.756071090698242
2017-07-21 11:00:00,-2.521831512451172
2017-07-21 12:00:00,-2.261427402496338
2017-07-21 13:00:00,-1.822312831878662
2017-07-21 14:00:00,-0.9709635972976685
2017-07-21 15:00:00,-1.044179916381836
2017-07-21 16:00:00,-1.1195114850997925
2017-07-21 17:00:00,-1.2138912677764893
2017-07-21 18:00:00,-1.4342913627624512
2017-07-21 19:00:00,-1.8064141273498535
2017-07-21 20:00:00,-2.123969793319702
2017-07-21 21:00:00,-2.28670334815979
2017-07-21 22:00:00,-2.259099245071411
2017-07-21 23:00:00,-2.1614296436309814
2017-07-22 00:00:00,-2.1225833892822266
2017-07-22 01:00:00,-2.8080010414123535
2017-07-22 02:00:00,-5.327461242675781
2017-07-22 03:00:00,-6.344897270202637
2017-07-22 04:00:00,-6.563064098358154
2017-07-22 05:00:00,-6.54388427734375
2017-07-22 06:00:00,-6.329288482666016
2017-07-22 07:00:00,-5.7482008934021
2017-07-22 08:00:00,-4.846346795558929
2017-07-22 09:00:00,-3.8014039993286133
2017-07-22 10:00:00,-3.33109188079834
2017-07-22 11:00:00,-3.0001425743103027
2017-07-22 12:00:00,-2.678514242172241
2017-07-22 13:00:00,-1.812640756368637
2017-07-22 14:00:00,-1.1354267597198486
2017-07-22 15:00:00,-1.2179992198944092
2017-07-22 16:00:00,-1.1290441751480103
2017-07-22 17:00:00,-1.3352614343166351
2017-07-22 18:00:00,-1.8165900707244873
2017-07-22 19:00:00,-2.1486382484436035
2017-07-22 20:00:00,-2.2002665996551514
2017-07-22 21:00:00,-2.1197192668914795
2017-07-22 22:00:00,-2.2711145877838135
2017-07-22 23:00:00,-2.3578782081604004
2017-07-23 00:00:00,-2.1901998817920685
2017-07-23 01:00:00,-2.895920753479004
2017-07-23 02:00:00,-3.79533052444458
2017-07-23 03:00:00,-4.478779315948486
2017-07-23 04:00:00,-4.809037685394287
2017-07-23 05:00:00,-4.976518630981445
2017-07-23 06:00:00,-5.093676567077637
2017-07-23 07:00:00,-5.0424418449401855
2017-07-23 08:00:00,-4.822661876678467
2017-07-23 09:00:00,-4.57209587097168
2017-07-23 10:00:00,-4.127342700958252
2017-07-23 11:00:00,-3.726468563079834
2017-07-23 12:00:00,-3.347252368927002
2017-07-23 13:00:00,-2.741624116897583
2017-07-23 14:00:00,-1.8637541830539703
2017-07-23 15:00:00,-2.0013909339904785
2017-07-23 16:00:00,-2.1449697017669678
2017-07-23 17:00:00,-2.102585554122925
2017-07-23 18:00:00,-2.005300998687744
2017-07-23 19:00:00,-2.0021401047706604
2017-07-23 20:00:00,-1.978471279144287
2017-07-23 21:00:00,-1.8693349361419678
2017-07-23 22:00:00,-1.7044073343276978
2017-07-23 23:00:00,-1.5018730163574219
2017-07-24 00:00:00,-1.3078463077545166
2017-07-24 01:00:00,-1.7423827648162842
2017-07-24 02:00:00,-1.959036409854889
2017-07-24 03:00:00,-2.241391658782959
2017-07-24 04:00:00,-2.880293369293213
2017-07-24 05:00:00,-3.3662548065185547
2017-07-24 06:00:00,-3.6561241149902344
2017-07-24 07:00:00,-3.7571985125541687
2017-07-24 08:00:00,-3.725785732269287
2017-07-24 09:00:00,-3.629685878753662
2017-07-24 10:00:00,-3.2847914695739746
2017-07-24 11:00:00,-3.010692596435547
2017-07-24 12:00:00,-2.6370420455932617
2017-07-24 13:00:00,-1.7708251476287842
2017-07-24 14:00:00,-1.1953896284103394
2017-07-24 15:00:00,-1.3441658020019531
2017-07-24 16:00:00,-1.405986800789833
2017-07-24 17:00:00,-1.4125718921422958
2017-07-24 18:00:00,-1.461789608001709
2017-07-24 19:00:00,-1.5394563674926758
2017-07-24 20:00:00,-1.4801700115203857
2017-07-24 21:00:00,-1.2807782888412476
2017-07-24 22:00:00,-1.2461879402399063
2017-07-24 23:00:00,-1.2185876220464706
2017-07-25 00:00:00,-1.2657585144042969
2017-07-25 01:00:00,-2.1548619270324707
2017-07-25 02:00:00,-2.49301815032959
2017-07-25 03:00:00,-3.0846779346466064
2017-07-25 04:00:00,-3.270559787750244
2017-07-25 05:00:00,-3.312204360961914
2017-07-25 06:00:00,-3.276899814605713
2017-07-25 07:00:00,-3.1850104331970215
2017-07-25 08:00:00,-3.0616726875305176
2017-07-25 09:00:00,-2.9479331970214844
2017-07-25 10:00:00,-2.8863887786865234
2017-07-25 11:00:00,-2.7986793518066406
2017-07-25 12:00:00,-2.65974497795105
2017-07-25 13:00:00,-2.1531615257263184
2017-07-25 14:00:00,-1.653679370880127
2017-07-25 15:00:00,-1.7478611469268799
2017-07-25 16:00:00,-1.6817336976528168
2017-07-25 17:00:00,-1.6586682796478271
2017-07-25 18:00:00,-1.6682193279266357
2017-07-25 19:00:00,-1.6650335788726807
2017-07-25 20:00:00,-1.7233003377914429
2017-07-25 21:00:00,-1.800545334815979
2017-07-25 22:00:00,-1.8050651550292969
2017-07-25 23:00:00,-1.574645757675171
2017-07-26 00:00:00,-1.2051903009414673
2017-07-26 01:00:00,-1.8726720809936523
2017-07-26 02:00:00,-1.6697139739990234
2017-07-26 03:00:00,-1.437462568283081
2017-07-26 04:00:00,-1.5399675369262695
2017-07-26 05:00:00,-1.6376328468322754
2017-07-26 06:00:00,-1.576122522354126
2017-07-26 07:00:00,-1.3703314065933228
2017-07-26 08:00:00,-1.0432337522506714
2017-07-26 09:00:00,-0.5983829274773598
2017-07-26 10:00:00,-0.18878644704818726
2017-07-26 11:00:00,0.07313883304595947
2017-07-26 12:00:00,0.20552831888198853
2017-07-26 13:00:00,0.15500032901763916
2017-07-26 14:00:00,0.19936400651931763
2017-07-26 15:00:00,0.2747749090194702
2017-07-26 16:00:00,0.19024008512496948
2017-07-26 17:00:00,0.1131213903427124
2017-07-26 18:00:00,0.05088937282562256
2017-07-26 19:00:00,-0.09972518682479858
2017-07-26 20:00:00,-0.3794735074043274
2017-07-26 21:00:00,-0.5966400504112244
2017-07-26 22:00:00,-0.6267908811569214
2017-07-26 23:00:00,-0.6173717975616455
2017-07-27 00:00:00,-0.6514569520950317
2017-07-27 01:00:00,-1.4313158988952637
2017-07-27 02:00:00,-1.932180404663086
2017-07-27 03:00:00,-2.1590914130210876
2017-07-27 04:00:00,-2.340805947780609
2017-07-27 05:00:00,-2.532469719648361
2017-07-27 06:00:00,-2.5916008949279785
2017-07-27 07:00:00,-2.565815895795822
2017-07-27 08:00:00,-2.482337236404419
2017-07-27 09:00:00,-2.286623239517212
2017-07-27 10:00:00,-2.0136284232139587
2017-07-27 11:00:00,-1.7770593017339706
2017-07-27 12:00:00,-1.36310875415802
2017-07-27 13:00:00,-1.1223340332508087
2017-07-27 14:00:00,-0.7849560976028442
2017-07-27 15:00:00,-0.8431487083435059
2017-07-27 16:00:00,-0.851631760597229
2017-07-27 17:00:00,-0.8185768127441406
2017-07-27 18:00:00,-0.7626175880432129
2017-07-27 19:00:00,-0.6868577003479004
2017-07-27 20:00:00,-0.6891543865203857
2017-07-27 21:00:00,-0.7619459629058838
2017-07-27 22:00:00,-0.7533704042434692
2017-07-27 23:00:00,-0.7953176498413086
2017-07-28 00:00:00,-0.9025434255599976
2017-07-28 01:00:00,-1.6814746856689453
2017-07-28 02:00:00,-2.1806352138519287
2017-07-28 03:00:00,-3.6942776441574097
2017-07-28 04:00:00,-4.007658958435059
2017-07-28 05:00:00,-4.074095249176025
2017-07-28 06:00:00,-4.071337580680847
2017-07-28 07:00:00,-3.901787757873535
2017-07-28 08:00:00,-3.6304365396499634
2017-07-28 09:00:00,-3.3537397384643555
2017-07-28 10:00:00,-3.337383449077606
2017-07-28 11:00:00,-3.298398494720459
2017-07-28 12:00:00,-3.0914700031280518
2017-07-28 13:00:00,-2.377523183822632
2017-07-28 14:00:00,-1.4670437574386597
2017-07-28 15:00:00,-1.4757049083709717
2017-07-28 16:00:00,-1.7494035959243774
2017-07-28 17:00:00,-2.0648193359375
2017-07-28 18:00:00,-1.8752675950527191
2017-07-28 19:00:00,-1.6177587509155273
2017-07-28 20:00:00,-1.7456034421920776
2017-07-28 21:00:00,-2.066615045070648
2017-07-28 22:00:00,-2.4116270542144775
2017-07-28 23:00:00,-2.517106294631958
2017-07-29 00:00:00,-2.6142818927764893
2017-07-29 01:00:00,-3.2442054748535156
2017-07-29 02:00:00,-3.802615165710449
2017-07-29 03:00:00,-4.019288659095764
2017-07-29 04:00:00,-3.948763370513916
2017-07-29 05:00:00,-3.6735658645629883
2017-07-29 06:00:00,-3.3899145126342773
2017-07-29 07:00:00,-3.1200664043426514
2017-07-29 08:00:00,-2.9025657176971436
2017-07-29 09:00:00,-2.7442617416381836
2017-07-29 10:00:00,-2.607996940612793
2017-07-29 11:00:00,-2.5141489505767822
2017-07-29 12:00:00,-2.106920003890991
2017-07-29 13:00:00,-1.715385913848877
2017-07-29 14:00:00,-1.213184580206871
2017-07-29 15:00:00,-1.2431003898382187
2017-07-29 16:00:00,-1.1441562175750732
2017-07-29 17:00:00,-1.0096814632415771
2017-07-29 18:00:00,-0.955092191696167
2017-07-29 19:00:00,-1.0186811685562134
2017-07-29 20:00:00,-1.071189284324646
2017-07-29 21:00:00,-0.9297716617584229
2017-07-29 22:00:00,-0.7574245482683182
2017-07-29 23:00:00,-0.5427711419761181
2017-07-30 00:00:00,-0.3903568387031555
2017-07-30 01:00:00,-0.7982456684112549
2017-07-30 02:00:00,-1.104683369398117
2017-07-30 03:00:00,-1.408726453781128
2017-07-30 04:00:00,-1.5265815258026123
2017-07-30 05:00:00,-1.3968124389648438
2017-07-30 06:00:00,-1.165596604347229
2017-07-30 07:00:00,-0.944724828004837
2017-07-30 08:00:00,-0.6882809400558472
2017-07-30 09:00:00,-0.34231144189834595
2017-07-30 10:00:00,0.009851954877376556
2017-07-30 11:00:00,0.39757227897644043
2017-07-30 12:00:00,0.6949837505817413
2017-07-30 13:00:00,0.7238327264785767
2017-07-30 14:00:00,0.6681074649095535
2017-07-30 15:00:00,0.8889708444476128
2017-07-30 16:00:00,0.911087267100811
2017-07-30 17:00:00,0.9101006984710693
2017-07-30 18:00:00,1.1485505104064941
2017-07-30 19:00:00,1.3407957702875137
2017-07-30 20:00:00,1.301684021949768
2017-07-30 21:00:00,1.3017353862524033
2017-07-30 22:00:00,1.2512763738632202
2017-07-30 23:00:00,1.1147819757461548
2017-07-31 00:00:00,0.9403114020824432
2017-07-31 01:00:00,1.317166805267334
2017-07-31 02:00:00,1.6608313620090485
2017-07-31 03:00:00,1.5277991443872452
2017-07-31 04:00:00,1.373168483376503
2017-07-31 05:00:00,1.1324048042297363
2017-07-31 06:00:00,0.8984543085098267
2017-07-31 07:00:00,0.6532630324363708
2017-07-31 08:00:00,0.5011416077613831
2017-07-31 09:00:00,0.47308696806430817
2017-07-31 10:00:00,0.5437762141227722
2017-07-31 11:00:00,0.651654839515686
2017-07-31 12:00:00,0.6651268601417542
2017-07-31 13:00:00,0.5035867094993591
2017-07-31 14:00:00,0.41683685779571533
2017-07-31 15:00:00,0.5911858081817627
2017-07-31 16:00:00,0.6715631484985352
2017-07-31 17:00:00,0.5300155729055405
2017-07-31 18:00:00,0.3468858227133751
2017-07-31 19:00:00,0.20188289880752563
2017-07-31 20:00:00,0.19133589416742325
2017-07-31 21:00:00,0.2636742368340492
2017-07-31 22:00:00,0.397783275693655
2017-07-31 23:00:00,0.5489933639764786
2017-08-01 00:00:00,0.7289600372314453
2017-08-01 01:00:00,1.3188273906707764
2017-08-01 02:00:00,2.099592447280884
2017-08-01 03:00:00,2.562638998031616
2017-08-01 04:00:00,2.1891987174749374
2017-08-01 05:00:00,1.8778593465685844
2017-08-01 06:00:00,1.8777336552739143
2017-08-01 07:00:00,2.085408926010132
2017-08-01 08:00:00,2.385634660720825
2017-08-01 09:00:00,2.6830630600452423
2017-08-01 10:00:00,2.864149570465088
2017-08-01 11:00:00,2.892833709716797
2017-08-01 12:00:00,2.74066162109375
2017-08-01 13:00:00,2.103759229183197
2017-08-01 14:00:00,1.5791670083999634
2017-08-01 15:00:00,1.5473408699035645
2017-08-01 16:00:00,1.6982645988464355
2017-08-01 17:00:00,1.8926958441734314
2017-08-01 18:00:00,2.0156149864196777
2017-08-01 19:00:00,2.1786686778068542
2017-08-01 20:00:00,2.148180902004242
2017-08-01 21:00:00,2.117537021636963
2017-08-01 22:00:00,2.0774784684181213
2017-08-01 23:00:00,2.0918424129486084
2017-08-02 00:00:00,2.2997677326202393
2017-08-02 01:00:00,2.9422836303710938
2017-08-02 02:00:00,3.587290585041046
2017-08-02 03:00:00,4.197963237762451
2017-08-02 04:00:00,4.081366658210754
2017-08-02 05:00:00,3.714526891708374
2017-08-02 06:00:00,3.3788487911224365
2017-08-02 07:00:00,3.13537859916687
2017-08-02 08:00:00,2.9493064880371094
2017-08-02 09:00:00,2.7338593006134033
2017-08-02 10:00:00,2.678584098815918
2017-08-02 11:00:00,2.6539881229400635
2017-08-02 12:00:00,2.1949708461761475
2017-08-02 13:00:00,1.6183184385299683
2017-08-02 14:00:00,1.1357654333114624
2017-08-02 15:00:00,1.0777418613433838
2017-08-02 16:00:00,1.098625898361206
2017-08-02 17:00:00,1.3523086309432983
2017-08-02 18:00:00,1.959073543548584
2017-08-02 19:00:00,2.7246193885803223
2017-08-02 20:00:00,3.4471216201782227
2017-08-02 21:00:00,3.862758159637451
2017-08-02 22:00:00,3.412214517593384
2017-08-02 23:00:00,3.1933836936950684
2017-08-03 00:00:00,3.104217529296875
2017-08-03 01:00:00,3.507397174835205
2017-08-03 02:00:00,4.4834699630737305
2017-08-03 03:00:00,5.0814714431762695
2017-08-03 04:00:00,4.801792144775391
2017-08-03 05:00:00,4.496742248535156
2017-08-03 06:00:00,4.286646842956543
2017-08-03 07:00:00,4.159294128417969
2017-08-03 08:00:00,4.0888819098472595
2017-08-03 09:00:00,3.996756076812744
2017-08-03 10:00:00,3.8311445713043213
2017-08-03 11:00:00,3.3966660499572754
2017-08-03 12:00:00,2.555211305618286
2017-08-03 13:00:00,1.5639760494232178
2017-08-03 14:00:00,1.268448829650879
2017-08-03 15:00:00,1.5821802616119385
2017-08-03 16:00:00,2.1902899742126465
2017-08-03 17:00:00,2.906193971633911
2017-08-03 18:00:00,3.670746326446533
2017-08-03 19:00:00,4.098023414611816
2017-08-03 20:00:00,3.954726219177246
2017-08-03 21:00:00,3.8541423678398132
2017-08-03 22:00:00,3.5906615257263184
2017-08-03 23:00:00,3.440892219543457
2017-08-04 00:00:00,3.2601871490478516
2017-08-04 01:00:00,3.3883869647979736
2017-08-04 02:00:00,4.093186855316162
2017-08-04 03:00:00,4.636003017425537
2017-08-04 04:00:00,4.32792329788208
2017-08-04 05:00:00,3.568239688873291
2017-08-04 06:00:00,2.8131654262542725
2017-08-04 07:00:00,2.3780670166015625
2017-08-04 08:00:00,2.1836373805999756
2017-08-04 09:00:00,2.048594295978546
2017-08-04 10:00:00,1.9254731237888336
2017-08-04 11:00:00,1.7361273765563965
2017-08-04 12:00:00,1.1680220365524292
2017-08-04 13:00:00,0.805389404296875
2017-08-04 14:00:00,0.5219061970710754
2017-08-04 15:00:00,0.35985247045755386
2017-08-04 16:00:00,0.3883418068289757
2017-08-04 17:00:00,0.5424098819494247
2017-08-04 18:00:00,0.864764928817749
2017-08-04 19:00:00,1.3492908477783203
2017-08-04 20:00:00,1.9751298427581787
2017-08-04 21:00:00,2.4457452297210693
2017-08-04 22:00:00,2.4844970703125
2017-08-04 23:00:00,2.2081446647644043
2017-08-05 00:00:00,1.8186314105987549
2017-08-05 01:00:00,2.186966836452484
2017-08-05 02:00:00,2.9020185470581055
2017-08-05 03:00:00,2.8580682277679443
2017-08-05 04:00:00,1.7616753578186035
2017-08-05 05:00:00,0.793250322341919
2017-08-05 06:00:00,0.4678085632622242
2017-08-05 07:00:00,0.4471490606665611
2017-08-05 08:00:00,0.4306856393814087
2017-08-05 09:00:00,0.42836906760931015
2017-08-05 10:00:00,0.6836878061294556
2017-08-05 11:00:00,0.904927134513855
2017-08-05 12:00:00,0.747739315032959
2017-08-05 13:00:00,0.6805148720741272
2017-08-05 14:00:00,0.4714811220765114
2017-08-05 15:00:00,0.48788976669311523
2017-08-05 16:00:00,0.5503212735056877
2017-08-05 17:00:00,0.6431806683540344
2017-08-05 18:00:00,0.6743392944335938
2017-08-05 19:00:00,0.6377874612808228
2017-08-05 20:00:00,0.6291261911392212
2017-08-05 21:00:00,0.7049599885940552
2017-08-05 22:00:00,0.8707696944475174
2017-08-05 23:00:00,1.0730209052562714
2017-08-06 00:00:00,1.2256453037261963
2017-08-06 01:00:00,1.746523141860962
2017-08-06 02:00:00,2.595425605773926
2017-08-06 03:00:00,2.23453426361084
2017-08-06 04:00:00,1.4268510341644287
2017-08-06 05:00:00,0.9791164100170135
2017-08-06 06:00:00,0.8322545289993286
2017-08-06 07:00:00,0.8696243166923523
2017-08-06 08:00:00,0.9320294260978699
2017-08-06 09:00:00,0.9870658367872238
2017-08-06 10:00:00,1.1028995513916016
2017-08-06 11:00:00,1.0601837635040283
2017-08-06 12:00:00,0.9119976758956909
2017-08-06 13:00:00,0.8292531967163086
2017-08-06 14:00:00,0.7798690795898438
2017-08-06 15:00:00,0.9342391490936279
2017-08-06 16:00:00,1.0076366662979126
2017-08-06 17:00:00,0.9561675786972046
2017-08-06 18:00:00,0.8634227514266968
2017-08-06 19:00:00,0.8807579278945923
2017-08-06 20:00:00,0.9912266731262207
2017-08-06 21:00:00,1.150006890296936
2017-08-06 22:00:00,1.30146062374115
2017-08-06 23:00:00,1.4512813091278076
2017-08-07 00:00:00,1.528426170349121
2017-08-07 01:00:00,1.9097976088523865
2017-08-07 02:00:00,2.4761199951171875
2017-08-07 03:00:00,2.517995595932007
2017-08-07 04:00:00,1.625124454498291
2017-08-07 05:00:00,0.968670129776001
2017-08-07 06:00:00,0.6977359801530838
2017-08-07 07:00:00,0.5626644939184189
2017-08-07 08:00:00,0.5114285908639431
2017-08-07 09:00:00,0.6401026621460915
2017-08-07 10:00:00,0.8565424289554358
2017-08-07 11:00:00,1.077911727130413
2017-08-07 12:00:00,1.1250682175159454
2017-08-07 13:00:00,0.7591426819562912
2017-08-07 14:00:00,0.41631418466567993
2017-08-07 15:00:00,0.3268718123435974
2017-08-07 16:00:00,0.27432018518447876
2017-08-07 17:00:00,0.1885237693786621
2017-08-07 18:00:00,0.07949316501617432
2017-08-07 19:00:00,0.07066619396209717
2017-08-07 20:00:00,0.11286312341690063
2017-08-07 21:00:00,0.16419082134962082
2017-08-07 22:00:00,0.12941765785217285
2017-08-07 23:00:00,0.11789022758603096
2017-08-08 00:00:00,-0.013037919998168945
2017-08-08 01:00:00,-0.25392258167266846
2017-08-08 02:00:00,-0.0007175207138061523
2017-08-08 03:00:00,-0.03389477729797363
2017-08-08 04:00:00,0.10190176963806152
2017-08-08 05:00:00,0.28771746158599854
2017-08-08 06:00:00,0.3658566474914551
2017-08-08 07:00:00,0.3132305145263672
2017-08-08 08:00:00,0.21323728561401367
2017-08-08 09:00:00,0.12468254566192627
2017-08-08 10:00:00,-0.006420254707336426
2017-08-08 11:00:00,-0.11743354797363281
2017-08-08 12:00:00,-0.14237356185913086
2017-08-08 13:00:00,-0.1309267282485962
2017-08-08 14:00:00,-0.04583919048309326
2017-08-08 15:00:00,0.06242775917053223
2017-08-08 16:00:00,0.12521147727966309
2017-08-08 17:00:00,0.1600860357284546
2017-08-08 18:00:00,0.23959529399871826
2017-08-08 19:00:00,0.3699318766593933
2017-08-08 20:00:00,0.5094091892242432
2017-08-08 21:00:00,0.5815748572349548
2017-08-08 22:00:00,0.5263748168945312
2017-08-08 23:00:00,0.4511317238211632
2017-08-09 00:00:00,0.3576565384864807
2017-08-09 01:00:00,0.3581610918045044
2017-08-09 02:00:00,0.46342194080352783
2017-08-09 03:00:00,0.1808319091796875
2017-08-09 04:00:00,0.023667216300964355
2017-08-09 05:00:00,-0.07254338264465332
2017-08-09 06:00:00,-0.16149771213531494
2017-08-09 07:00:00,-0.2801893949508667
2017-08-09 08:00:00,-0.44956719875335693
2017-08-09 09:00:00,-0.5799843072891235
2017-08-09 10:00:00,-0.4704310894012451
2017-08-09 11:00:00,-0.26902854442596436
2017-08-09 12:00:00,0.0419154167175293
2017-08-09 13:00:00,0.2957524061203003
2017-08-09 14:00:00,0.2908984422683716
2017-08-09 15:00:00,0.2891060709953308
2017-08-09 16:00:00,0.2064533531665802
2017-08-09 17:00:00,-0.061763912439346313
2017-08-09 18:00:00,-0.23722496628761292
2017-08-09 19:00:00,-0.20314016938209534
2017-08-09 20:00:00,-0.01539638638496399
2017-08-09 21:00:00,0.32941579818725586
2017-08-09 22:00:00,0.7976714372634888
2017-08-09 23:00:00,1.3223629146814346
2017-08-10 00:00:00,1.8021094799041748
2017-08-10 01:00:00,2.605104684829712
2017-08-10 02:00:00,3.3432016372680664
2017-08-10 03:00:00,4.259855270385742
2017-08-10 04:00:00,4.089755177497864
2017-08-10 05:00:00,3.6839866638183594
2017-08-10 06:00:00,3.3505239486694336
2017-08-10 07:00:00,3.193100690841675
2017-08-10 08:00:00,3.177351474761963
2017-08-10 09:00:00,3.210266351699829
2017-08-10 10:00:00,3.1880393028259277
2017-08-10 11:00:00,3.0032799243927
2017-08-10 12:00:00,2.436363458633423
2017-08-10 13:00:00,1.6003546714782715
2017-08-10 14:00:00,1.27442467212677
2017-08-10 15:00:00,1.511347770690918
2017-08-10 16:00:00,1.8219345808029175
2017-08-10 17:00:00,2.295865535736084
2017-08-10 18:00:00,2.761345148086548
2017-08-10 19:00:00,3.033444881439209
2017-08-10 20:00:00,3.7072574496269226
2017-08-10 21:00:00,3.621598720550537
2017-08-10 22:00:00,3.320951223373413
2017-08-10 23:00:00,3.2501325607299805
2017-08-11 00:00:00,3.325255870819092
2017-08-11 01:00:00,3.6557812690734863
2017-08-11 02:00:00,4.6417388916015625
2017-08-11 03:00:00,5.493717193603516
2017-08-11 04:00:00,5.315378189086914
2017-08-11 05:00:00,5.057318687438965
2017-08-11 06:00:00,4.831438064575195
2017-08-11 07:00:00,4.685832500457764
2017-08-11 08:00:00,4.655368328094482
2017-08-11 09:00:00,4.653465270996094
2017-08-11 10:00:00,4.638310432434082
2017-08-11 11:00:00,4.346813678741455
2017-08-11 12:00:00,3.632071018218994
2017-08-11 13:00:00,2.233085185289383
2017-08-11 14:00:00,1.9571454524993896
2017-08-11 15:00:00,2.392454594373703
2017-08-11 16:00:00,3.017573118209839
2017-08-11 17:00:00,3.826038360595703
2017-08-11 18:00:00,4.211404800415039
2017-08-11 19:00:00,4.031876087188721
2017-08-11 20:00:00,4.223934650421143
2017-08-11 21:00:00,4.258255958557129
2017-08-11 22:00:00,4.117614269256592
2017-08-11 23:00:00,3.9394712448120117
2017-08-12 00:00:00,3.7362256050109863
2017-08-12 01:00:00,3.634155750274658
2017-08-12 02:00:00,4.662235260009766
2017-08-12 03:00:00,5.586630344390869
2017-08-12 04:00:00,5.364837169647217
2017-08-12 05:00:00,4.965728282928467
2017-08-12 06:00:00,4.659092903137207
2017-08-12 07:00:00,4.451014518737793
2017-08-12 08:00:00,4.312512397766113
2017-08-12 09:00:00,4.228835105895996
2017-08-12 10:00:00,4.110874652862549
2017-08-12 11:00:00,3.894183337688446
2017-08-12 12:00:00,3.384345531463623
2017-08-12 13:00:00,2.3373606204986572
2017-08-12 14:00:00,1.968214899301529
2017-08-12 15:00:00,2.3970494270324707
2017-08-12 16:00:00,2.841698169708252
2017-08-12 17:00:00,3.1698436737060547
2017-08-12 18:00:00,3.380661964416504
2017-08-12 19:00:00,3.3950722217559814
2017-08-12 20:00:00,3.162134885787964
2017-08-12 21:00:00,3.043914556503296
2017-08-12 22:00:00,2.811142683029175
2017-08-12 23:00:00,2.760806083679199
2017-08-13 00:00:00,2.8297324180603027
2017-08-13 01:00:00,3.1480181217193604
2017-08-13 02:00:00,4.635808944702148
2017-08-13 03:00:00,4.9531683921813965
2017-08-13 04:00:00,4.48223876953125
2017-08-13 05:00:00,3.751478433609009
2017-08-13 06:00:00,3.098886251449585
2017-08-13 07:00:00,2.636092185974121
2017-08-13 08:00:00,2.3540470600128174
2017-08-13 09:00:00,2.1331067085266113
2017-08-13 10:00:00,1.969543218612671
2017-08-13 11:00:00,1.8280676901340485
2017-08-13 12:00:00,1.3403435945510864
2017-08-13 13:00:00,0.8573452234268188
2017-08-13 14:00:00,0.5415207147598267
2017-08-13 15:00:00,0.5668487548828125
2017-08-13 16:00:00,0.713727593421936
2017-08-13 17:00:00,1.0348089933395386
2017-08-13 18:00:00,1.4084566831588745
2017-08-13 19:00:00,1.8396944105625153
2017-08-13 20:00:00,2.1888694763183594
2017-08-13 21:00:00,2.3536806106567383
2017-08-13 22:00:00,2.4577925205230713
2017-08-13 23:00:00,2.407848358154297
2017-08-14 00:00:00,2.341954469680786
2017-08-14 01:00:00,2.719111919403076
2017-08-14 02:00:00,3.193460702896118
2017-08-14 03:00:00,2.9472670555114746
2017-08-14 04:00:00,2.300452947616577
2017-08-14 05:00:00,1.7414472103118896
2017-08-14 06:00:00,1.375550389289856
2017-08-14 07:00:00,1.1639924943447113
2017-08-14 08:00:00,1.1448988914489746
2017-08-14 09:00:00,1.2901721000671387
2017-08-14 10:00:00,1.2751463651657104
2017-08-14 11:00:00,1.2747712135314941
2017-08-14 12:00:00,1.1848177909851074
2017-08-14 13:00:00,0.7528653144836426
2017-08-14 14:00:00,0.5031490921974182
2017-08-14 15:00:00,0.5366945862770081
2017-08-14 16:00:00,0.5771178007125854
2017-08-14 17:00:00,0.5918694138526917
2017-08-14 18:00:00,0.6383249759674072
2017-08-14 19:00:00,0.7655231952667236
2017-08-14 20:00:00,0.9758824110031128
2017-08-14 21:00:00,1.2088019847869873
2017-08-14 22:00:00,1.4247093349695206
2017-08-14 23:00:00,1.5541341453790665
2017-08-15 00:00:00,1.567589282989502
2017-08-15 01:00:00,2.2350630462169647
2017-08-15 02:00:00,2.5859158039093018
2017-08-15 03:00:00,2.7323553562164307
2017-08-15 04:00:00,2.3891820907592773
2017-08-15 05:00:00,2.2745120525360107
2017-08-15 06:00:00,2.36977219581604
2017-08-15 07:00:00,2.5892744064331055
2017-08-15 08:00:00,2.814255952835083
2017-08-15 09:00:00,2.9791922569274902
2017-08-15 10:00:00,3.0051379203796387
2017-08-15 11:00:00,2.889084815979004
2017-08-15 12:00:00,2.2965354919433594
2017-08-15 13:00:00,1.3790688514709473
2017-08-15 14:00:00,0.9907470941543579
2017-08-15 15:00:00,0.9786101579666138
2017-08-15 16:00:00,1.090221181511879
2017-08-15 17:00:00,1.2751692533493042
2017-08-15 18:00:00,1.5231047868728638
2017-08-15 19:00:00,1.8336148262023926
2017-08-15 20:00:00,2.1166441440582275
2017-08-15 21:00:00,2.3765225410461426
2017-08-15 22:00:00,2.4376096725463867
2017-08-15 23:00:00,2.5485129356384277
2017-08-16 00:00:00,2.6558127403259277
2017-08-16 01:00:00,3.1909313201904297
2017-08-16 02:00:00,3.587568759918213
2017-08-16 03:00:00,4.498403549194336
2017-08-16 04:00:00,4.452751159667969
2017-08-16 05:00:00,4.19915246963501
2017-08-16 06:00:00,3.983973979949951
2017-08-16 07:00:00,3.8125383853912354
2017-08-16 08:00:00,3.647127628326416
2017-08-16 09:00:00,3.5588037967681885
2017-08-16 10:00:00,3.6553962230682373
2017-08-16 11:00:00,3.594188690185547
2017-08-16 12:00:00,3.092532157897949
2017-08-16 13:00:00,1.4873721599578857
2017-08-16 14:00:00,1.0899792909622192
2017-08-16 15:00:00,1.0806447267532349
2017-08-16 16:00:00,1.1761527061462402
2017-08-16 17:00:00,1.2071096897125244
2017-08-16 18:00:00,1.1456229537725449
2017-08-16 19:00:00,1.1458506733179092
2017-08-16 20:00:00,1.2993755340576172
2017-08-16 21:00:00,1.7528795301914215
2017-08-16 22:00:00,2.4667820930480957
2017-08-16 23:00:00,3.1467349529266357
2017-08-17 00:00:00,3.404663562774658
2017-08-17 01:00:00,3.5602025985717773
2017-08-17 02:00:00,4.088707983493805
2017-08-17 03:00:00,5.022459506988525
2017-08-17 04:00:00,4.774725437164307
2017-08-17 05:00:00,4.150272369384766
2017-08-17 06:00:00,3.5685322284698486
2017-08-17 07:00:00,3.0916824340820312
2017-08-17 08:00:00,2.7222349643707275
2017-08-17 09:00:00,2.5904767513275146
2017-08-17 10:00:00,2.534139394760132
2017-08-17 11:00:00,2.3649442195892334
2017-08-17 12:00:00,1.8440194129943848
2017-08-17 13:00:00,0.7369055151939392
2017-08-17 14:00:00,0.6467729806900024
2017-08-17 15:00:00,0.6078038290143013
2017-08-17 16:00:00,0.5904089212417603
2017-08-17 17:00:00,0.6057922840118408
2017-08-17 18:00:00,0.6281598880887032
2017-08-17 19:00:00,0.6711739376187325
2017-08-17 20:00:00,0.7504643201828003
2017-08-17 21:00:00,0.9129799604415894
2017-08-17 22:00:00,1.1133450269699097
2017-08-17 23:00:00,1.4689800441265106
2017-08-18 00:00:00,1.9207711219787598
2017-08-18 01:00:00,2.7311809062957764
2017-08-18 02:00:00,3.165548324584961
2017-08-18 03:00:00,3.3019001483917236
2017-08-18 04:00:00,2.8480536937713623
2017-08-18 05:00:00,2.1224560737609863
2017-08-18 06:00:00,1.634621262550354
2017-08-18 07:00:00,1.3384947776794434
2017-08-18 08:00:00,1.2095972448587418
2017-08-18 09:00:00,1.1595311164855957
2017-08-18 10:00:00,1.1516919285058975
2017-08-18 11:00:00,1.0074596405029297
2017-08-18 12:00:00,0.6617364883422852
2017-08-18 13:00:00,0.2093845009803772
2017-08-18 14:00:00,0.011351823806762695
2017-08-18 15:00:00,-0.2418668270111084
2017-08-18 16:00:00,-0.485673189163208
2017-08-18 17:00:00,-0.6693056225776672
2017-08-18 18:00:00,-0.7561720609664917
2017-08-18 19:00:00,-0.7711950540542603
2017-08-18 20:00:00,-0.7289849519729614
2017-08-18 21:00:00,-0.6406846642494202
2017-08-18 22:00:00,-0.5530694723129272
2017-08-18 23:00:00,-0.3936036229133606
2017-08-19 00:00:00,-0.18328112363815308
2017-08-19 01:00:00,-0.110598623752594
2017-08-19 02:00:00,-0.3795250654220581
2017-08-19 03:00:00,-1.1860737800598145
2017-08-19 04:00:00,-1.5097362995147705
2017-08-19 05:00:00,-1.737496256828308
2017-08-19 06:00:00,-1.999061644077301
2017-08-19 07:00:00,-2.12134712934494
2017-08-19 08:00:00,-2.2211830615997314
2017-08-19 09:00:00,-2.3459727466106415
2017-08-19 10:00:00,-2.387159824371338
2017-08-19 11:00:00,-2.29199481010437
2017-08-19 12:00:00,-1.8485243320465088
2017-08-19 13:00:00,-1.5704925060272217
2017-08-19 14:00:00,-1.6845386028289795
2017-08-19 15:00:00,-1.9163818359375
2017-08-19 16:00:00,-1.8958652019500732
2017-08-19 17:00:00,-1.7631137371063232
2017-08-19 18:00:00,-1.6508290767669678
2017-08-19 19:00:00,-1.5752694606781006
2017-08-19 20:00:00,-1.5393136739730835
2017-08-19 21:00:00,-1.5715928077697754
2017-08-19 22:00:00,-1.6012845039367676
2017-08-19 23:00:00,-1.5869381427764893
2017-08-20 00:00:00,-1.487152099609375
2017-08-20 01:00:00,-2.0246708393096924
2017-08-20 02:00:00,-2.2507772743701935
2017-08-20 03:00:00,-2.5262327194213867
2017-08-20 04:00:00,-2.5996110439300537
2017-08-20 05:00:00,-2.5245893001556396
2017-08-20 06:00:00,-2.2955002784729004
2017-08-20 07:00:00,-2.009843587875366
2017-08-20 08:00:00,-1.7141462862491608
2017-08-20 09:00:00,-1.4624565839767456
2017-08-20 10:00:00,-1.4298077672719955
2017-08-20 11:00:00,-1.3547102063894272
2017-08-20 12:00:00,-1.3133169412612915
2017-08-20 13:00:00,-0.9389369487762451
2017-08-20 14:00:00,-0.7575706243515015
2017-08-20 15:00:00,-0.9303320646286011
2017-08-20 16:00:00,-1.074850708246231
2017-08-20 17:00:00,-1.1701460182666779
2017-08-20 18:00:00,-1.2466957718133926
2017-08-20 19:00:00,-1.2889726161956787
2017-08-20 20:00:00,-1.3079004436731339
2017-08-20 21:00:00,-1.256140947341919
2017-08-20 22:00:00,-1.134819746017456
2017-08-20 23:00:00,-1.023530125617981
2017-08-21 00:00:00,-0.9790446758270264
2017-08-21 01:00:00,-1.8134605884552002
2017-08-21 02:00:00,-1.9957002997398376
2017-08-21 03:00:00,-2.2411890029907227
2017-08-21 04:00:00,-2.3245689868927
2017-08-21 05:00:00,-2.3480024337768555
2017-08-21 06:00:00,-2.351592540740967
2017-08-21 07:00:00,-2.260629415512085
2017-08-21 08:00:00,-2.0699713230133057
2017-08-21 09:00:00,-1.8387491703033447
2017-08-21 10:00:00,-1.7400726675987244
2017-08-21 11:00:00,-1.6101102828979492
2017-08-21 12:00:00,-1.4471232891082764
2017-08-21 13:00:00,-0.9254375696182251
2017-08-21 14:00:00,-0.725130558013916
2017-08-21 15:00:00,-0.8963587284088135
2017-08-21 16:00:00,-1.043795108795166
2017-08-21 17:00:00,-1.1478424072265625
2017-08-21 18:00:00,-1.2062855958938599
2017-08-21 19:00:00,-1.2509933412075043
2017-08-21 20:00:00,-1.3057286739349365
2017-08-21 21:00:00,-1.3384803533554077
2017-08-21 22:00:00,-1.187637448310852
2017-08-21 23:00:00,-0.8900516480207443
2017-08-22 00:00:00,-0.6407725885510445
2017-08-22 01:00:00,-0.9395661354064941
2017-08-22 02:00:00,-0.7798972055315971
2017-08-22 03:00:00,-0.6315218210220337
2017-08-22 04:00:00,-0.5359777249395847
2017-08-22 05:00:00,-0.5213972479104996
2017-08-22 06:00:00,-0.5323340445756912
2017-08-22 07:00:00,-0.5716500729322433
2017-08-22 08:00:00,-0.5556020736694336
2017-08-22 09:00:00,-0.44048619270324707
2017-08-22 10:00:00,-0.3024846315383911
2017-08-22 11:00:00,-0.17594975233078003
2017-08-22 12:00:00,-0.05282944440841675
2017-08-22 13:00:00,0.020386487245559692
2017-08-22 14:00:00,-0.02407968044281006
2017-08-22 15:00:00,-0.10153034329414368
2017-08-22 16:00:00,-0.23015490174293518
2017-08-22 17:00:00,-0.2712748348712921
2017-08-22 18:00:00,-0.36338844150304794
2017-08-22 19:00:00,-0.46427595615386963
2017-08-22 20:00:00,-0.5374188348650932
2017-08-22 21:00:00,-0.5490475967526436
2017-08-22 22:00:00,-0.4705714136362076
2017-08-22 23:00:00,-0.3891948312520981
2017-08-23 00:00:00,-0.3463436383754015
2017-08-23 01:00:00,-0.49239104613661766
2017-08-23 02:00:00,-0.5743414908647537
2017-08-23 03:00:00,-0.11609184741973877
2017-08-23 04:00:00,0.3171151280403137
2017-08-23 05:00:00,0.427465558052063
2017-08-23 06:00:00,0.33319809287786484
2017-08-23 07:00:00,0.12162613868713379
2017-08-23 08:00:00,-0.08433876186609268
2017-08-23 09:00:00,-0.16456498950719833
2017-08-23 10:00:00,-0.2547442317008972
2017-08-23 11:00:00,-0.15448402240872383
2017-08-23 12:00:00,-0.09086572006344795
2017-08-23 13:00:00,-0.18511012196540833
2017-08-23 14:00:00,-0.41573816537857056
2017-08-23 15:00:00,-0.6616451144218445
2017-08-23 16:00:00,-0.5784283876419067
2017-08-23 17:00:00,-0.425922729074955
2017-08-23 18:00:00,-0.35486942157149315
2017-08-23 19:00:00,-0.38685059547424316
2017-08-23 20:00:00,-0.5037680864334106
2017-08-23 21:00:00,-0.5364910960197449
2017-08-23 22:00:00,-0.5260428786277771
2017-08-23 23:00:00,-0.4495776891708374
2017-08-24 00:00:00,-0.43705928325653076
2017-08-24 01:00:00,-0.9596496820449829
2017-08-24 02:00:00,-1.0283392667770386
2017-08-24 03:00:00,-0.48943084478378296
2017-08-24 04:00:00,-0.16795742511749268
2017-08-24 05:00:00,-0.16862034797668457
2017-08-24 06:00:00,-0.21130698919296265
2017-08-24 07:00:00,-0.2686058282852173
2017-08-24 08:00:00,-0.2831195592880249
2017-08-24 09:00:00,-0.21914446353912354
2017-08-24 10:00:00,-0.3301534652709961
2017-08-24 11:00:00,-0.28646278381347656
2017-08-24 12:00:00,-0.10410881042480469
2017-08-24 13:00:00,-0.07703661918640137
2017-08-24 14:00:00,-0.2163681983947754
2017-08-24 15:00:00,-0.2807925343513489
2017-08-24 16:00:00,-0.27512770891189575
2017-08-24 17:00:00,-0.23365646600723267
2017-08-24 18:00:00,-0.20110327005386353
2017-08-24 19:00:00,-0.127309650182724
2017-08-24 20:00:00,0.024325530976057053
2017-08-24 21:00:00,0.19245952554047108
2017-08-24 22:00:00,0.34735608845949173
2017-08-24 23:00:00,0.49374639615416527
2017-08-25 00:00:00,0.5729437470436096
2017-08-25 01:00:00,0.5302542597055435
2017-08-25 02:00:00,0.8093396499752998
2017-08-25 03:00:00,0.03379422426223755
2017-08-25 04:00:00,-0.33352161943912506
2017-08-25 05:00:00,-0.4419727921485901
2017-08-25 06:00:00,-0.4439207911491394
2017-08-25 07:00:00,-0.38778799772262573
2017-08-25 08:00:00,-0.2120682904496789
2017-08-25 09:00:00,0.011829957365989685
2017-08-25 10:00:00,0.14403236284852028
2017-08-25 11:00:00,0.2930393200367689
2017-08-25 12:00:00,0.3063497617840767
2017-08-25 13:00:00,0.26672959327697754
2017-08-25 14:00:00,0.277010440826416
2017-08-25 15:00:00,0.30264413356781006
2017-08-25 16:00:00,0.24730205535888672
2017-08-25 17:00:00,0.1748201847076416
2017-08-25 18:00:00,0.07426249980926514
2017-08-25 19:00:00,-0.025893986225128174
2017-08-25 20:00:00,-0.11799252033233643
2017-08-25 21:00:00,-0.19105857610702515
2017-08-25 22:00:00,-0.1702480912208557
2017-08-25 23:00:00,-0.11436933279037476
2017-08-26 00:00:00,-0.04082822799682617
2017-08-26 01:00:00,0.07048386335372925
2017-08-26 02:00:00,0.39576756954193115
2017-08-26 03:00:00,0.49283367395401
2017-08-26 04:00:00,0.33676471561193466
2017-08-26 05:00:00,0.22724317759275436
2017-08-26 06:00:00,0.12415292859077454
2017-08-26 07:00:00,-0.10302048921585083
2017-08-26 08:00:00,-0.4102269560098648
2017-08-26 09:00:00,-0.6566816605627537
2017-08-26 10:00:00,-0.9416298866271973
2017-08-26 11:00:00,-1.1053459495306015
2017-08-26 12:00:00,-0.8620868921279907
2017-08-26 13:00:00,-0.5817897915840149
2017-08-26 14:00:00,-0.5729992389678955
2017-08-26 15:00:00,-0.5805668830871582
2017-08-26 16:00:00,-0.47097325325012207
2017-08-26 17:00:00,-0.31709933280944824
2017-08-26 18:00:00,-0.15560710430145264
2017-08-26 19:00:00,0.004565417766571045
2017-08-26 20:00:00,0.16868364810943604
2017-08-26 21:00:00,0.3750016689300537
2017-08-26 22:00:00,0.5206780433654785
2017-08-26 23:00:00,0.6193326711654663
2017-08-27 00:00:00,0.6565321087837219
2017-08-27 01:00:00,0.7383074760437012
2017-08-27 02:00:00,1.341880202293396
2017-08-27 03:00:00,0.10787487030029297
2017-08-27 04:00:00,-0.44023752212524414
2017-08-27 05:00:00,-0.6863987445831299
2017-08-27 06:00:00,-0.8387247323989868
2017-08-27 07:00:00,-0.9061065912246704
2017-08-27 08:00:00,-0.8937625885009766
2017-08-27 09:00:00,-0.852088451385498
2017-08-27 10:00:00,-0.665845513343811
2017-08-27 11:00:00,-0.6087954044342041
2017-08-27 12:00:00,-0.4255431890487671
2017-08-27 13:00:00,-0.34589147567749023
2017-08-27 14:00:00,-0.4055343270301819
2017-08-27 15:00:00,-0.4582059383392334
2017-08-27 16:00:00,-0.6399091482162476
2017-08-27 17:00:00,-0.7599482536315918
2017-08-27 18:00:00,-0.8824566155672073
2017-08-27 19:00:00,-0.9671551734209061
2017-08-27 20:00:00,-0.9407140016555786
2017-08-27 21:00:00,-0.927507758140564
2017-08-27 22:00:00,-0.8595070838928223
2017-08-27 23:00:00,-0.8500916957855225
2017-08-28 00:00:00,-0.8969600200653076
2017-08-28 01:00:00,-1.3914926052093506
2017-08-28 02:00:00,-1.8721469938755035
2017-08-28 03:00:00,-2.8001723289489746
2017-08-28 04:00:00,-2.9230117797851562
2017-08-28 05:00:00,-2.8624260425567627
2017-08-28 06:00:00,-2.9756593704223633
2017-08-28 07:00:00,-3.251284599304199
2017-08-28 08:00:00,-3.486811637878418
2017-08-28 09:00:00,-3.6501920223236084
2017-08-28 10:00:00,-3.7929465770721436
2017-08-28 11:00:00,-3.785620391368866
2017-08-28 12:00:00,-3.497164011001587
2017-08-28 13:00:00,-2.49690842628479
2017-08-28 14:00:00,-1.9248921871185303
2017-08-28 15:00:00,-1.9365417957305908
2017-08-28 16:00:00,-1.7608652114868164
2017-08-28 17:00:00,-1.6684905290603638
2017-08-28 18:00:00,-1.6979515552520752
2017-08-28 19:00:00,-1.7551844120025635
2017-08-28 20:00:00,-1.809690237045288
2017-08-28 21:00:00,-1.8145179748535156
2017-08-28 22:00:00,-1.7473907470703125
2017-08-28 23:00:00,-1.613141655921936
2017-08-29 00:00:00,-1.5719956159591675
2017-08-29 01:00:00,-2.0045840740203857
2017-08-29 02:00:00,-2.4553422927856445
2017-08-29 03:00:00,-3.794443368911743
2017-08-29 04:00:00,-4.284708023071289
2017-08-29 05:00:00,-4.5163421630859375
2017-08-29 06:00:00,-4.822694778442383
2017-08-29 07:00:00,-5.045070648193359
2017-08-29 08:00:00,-5.006948947906494
2017-08-29 09:00:00,-4.826509475708008
2017-08-29 10:00:00,-4.499666690826416
2017-08-29 11:00:00,-4.189411044120789
2017-08-29 12:00:00,-3.6226553916931152
2017-08-29 13:00:00,-2.190938949584961
2017-08-29 14:00:00,-1.6716376543045044
2017-08-29 15:00:00,-1.670324444770813
2017-08-29 16:00:00,-1.978895127773285
2017-08-29 17:00:00,-2.3206573128700256
2017-08-29 18:00:00,-2.5563344955444336
2017-08-29 19:00:00,-2.8318798542022705
2017-08-29 20:00:00,-2.8333563804626465
2017-08-29 21:00:00,-2.8867998123168945
2017-08-29 22:00:00,-2.8170042037963867
2017-08-29 23:00:00,-2.7829437255859375
2017-08-30 00:00:00,-2.642086982727051
2017-08-30 01:00:00,-2.867875099182129
2017-08-30 02:00:00,-3.67103910446167
2017-08-30 03:00:00,-4.07267951965332
2017-08-30 04:00:00,-4.1188154220581055
2017-08-30 05:00:00,-4.057497918605804
2017-08-30 06:00:00,-3.896168529987335
2017-08-30 07:00:00,-3.6879212856292725
2017-08-30 08:00:00,-3.446737766265869
2017-08-30 09:00:00,-3.1640684604644775
2017-08-30 10:00:00,-3.0616044998168945
2017-08-30 11:00:00,-2.832136869430542
2017-08-30 12:00:00,-2.1603195667266846
2017-08-30 13:00:00,-1.1643295288085938
2017-08-30 14:00:00,-0.9032959938049316
2017-08-30 15:00:00,-0.9941384792327881
2017-08-30 16:00:00,-1.2244546562433243
2017-08-30 17:00:00,-1.4266456365585327
2017-08-30 18:00:00,-1.556154727935791
2017-08-30 19:00:00,-1.682264804840088
2017-08-30 20:00:00,-1.724268913269043
2017-08-30 21:00:00,-1.6102712154388428
2017-08-30 22:00:00,-1.599174976348877
2017-08-30 23:00:00,-1.5886297225952148
2017-08-31 00:00:00,-1.5521321296691895
2017-08-31 01:00:00,-1.8527271747589111
2017-08-31 02:00:00,-2.353118658065796
2017-08-31 03:00:00,-2.5910463333129883
2017-08-31 04:00:00,-2.5690643787384033
2017-08-31 05:00:00,-2.6011910438537598
2017-08-31 06:00:00,-2.6416261196136475
2017-08-31 07:00:00,-2.6205639839172363
2017-08-31 08:00:00,-2.457491397857666
2017-08-31 09:00:00,-2.231660306453705
2017-08-31 10:00:00,-1.8950757384300232
2017-08-31 11:00:00,-1.5526500642299652
2017-08-31 12:00:00,-0.9106583148241043
2017-08-31 13:00:00,-0.579890787601471
2017-08-31 14:00:00,-0.5384973883628845
2017-08-31 15:00:00,-0.4579010009765625
2017-08-31 16:00:00,-0.43128418922424316
2017-08-31 17:00:00,-0.3196132183074951
2017-08-31 18:00:00,-0.10973429679870605
2017-08-31 19:00:00,0.07905620336532593
2017-08-31 20:00:00,0.2916734218597412
2017-08-31 21:00:00,0.5041126012802124
2017-08-31 22:00:00,0.7475147619843483
2017-08-31 23:00:00,0.934347353875637
2017-09-01 00:00:00,1.1823121719062328
2017-09-01 01:00:00,1.57794738560915
2017-09-01 02:00:00,2.0640334486961365
2017-09-01 03:00:00,2.422901153564453
2017-09-01 04:00:00,2.899491548538208
2017-09-01 05:00:00,3.0496034622192383
2017-09-01 06:00:00,3.0457749366760254
2017-09-01 07:00:00,2.9775571823120117
2017-09-01 08:00:00,2.7860007286071777
2017-09-01 09:00:00,2.5096216201782227
2017-09-01 10:00:00,2.2298090755939484
2017-09-01 11:00:00,1.873323380947113
2017-09-01 12:00:00,1.1397738456726074
2017-09-01 13:00:00,0.8538250476121902
2017-09-01 14:00:00,0.8143473863601685
2017-09-01 15:00:00,0.9720380753278732
2017-09-01 16:00:00,1.24003267288208
2017-09-01 17:00:00,1.5155471563339233
2017-09-01 18:00:00,1.7372965812683105
2017-09-01 19:00:00,1.8627984523773193
2017-09-01 20:00:00,1.9636776447296143
2017-09-01 21:00:00,2.0828928351402283
2017-09-01 22:00:00,1.852616399526596
2017-09-01 23:00:00,1.6670631170272827
2017-09-02 00:00:00,1.617098331451416
2017-09-02 01:00:00,1.8385720252990723
2017-09-02 02:00:00,2.4690606594085693
2017-09-02 03:00:00,3.0336949825286865
2017-09-02 04:00:00,3.455705404281616
2017-09-02 05:00:00,3.2887778282165527
2017-09-02 06:00:00,3.0622923374176025
2017-09-02 07:00:00,2.819577693939209
2017-09-02 08:00:00,2.634002685546875
2017-09-02 09:00:00,2.489309787750244
2017-09-02 10:00:00,2.4061689376831055
2017-09-02 11:00:00,2.171006917953491
2017-09-02 12:00:00,1.3676135540008545
2017-09-02 13:00:00,1.0950442552566528
2017-09-02 14:00:00,1.2709842920303345
2017-09-02 15:00:00,1.6783990859985352
2017-09-02 16:00:00,2.156422108411789
2017-09-02 17:00:00,2.4827203452587128
2017-09-02 18:00:00,2.583310127258301
2017-09-02 19:00:00,2.486806631088257
2017-09-02 20:00:00,2.2239868342876434
2017-09-02 21:00:00,1.9126651287078857
2017-09-02 22:00:00,1.728846788406372
2017-09-02 23:00:00,1.5259392261505127
2017-09-03 00:00:00,1.3569247722625732
2017-09-03 01:00:00,1.5670711994171143
2017-09-03 02:00:00,2.3611810207366943
2017-09-03 03:00:00,2.8973207473754883
2017-09-03 04:00:00,2.4824917316436768
2017-09-03 05:00:00,1.987790584564209
2017-09-03 06:00:00,1.634476661682129
2017-09-03 07:00:00,1.383087858557701
2017-09-03 08:00:00,1.2347896248102188
2017-09-03 09:00:00,1.181970477104187
2017-09-03 10:00:00,1.1683084964752197
2017-09-03 11:00:00,1.0223525762557983
2017-09-03 12:00:00,0.6548237800598145
2017-09-03 13:00:00,0.47017085552215576
2017-09-03 14:00:00,0.21133732795715332
2017-09-03 15:00:00,-0.0992116928100586
2017-09-03 16:00:00,-0.35958123207092285
2017-09-03 17:00:00,-0.5256339311599731
2017-09-03 18:00:00,-0.5866549015045166
2017-09-03 19:00:00,-0.5814136266708374
2017-09-03 20:00:00,-0.5073078870773315
2017-09-03 21:00:00,-0.3891638517379761
2017-09-03 22:00:00,-0.11264839768409729
2017-09-03 23:00:00,0.2624800130724907
2017-09-04 00:00:00,0.5607051700353622
2017-09-04 01:00:00,0.6702290773391724
2017-09-04 02:00:00,2.024523973464966
2017-09-04 03:00:00,2.0524544715881348
2017-09-04 04:00:00,2.207187205553055
2017-09-04 05:00:00,2.25940203666687
2017-09-04 06:00:00,2.3412439823150635
2017-09-04 07:00:00,2.456866502761841
2017-09-04 08:00:00,2.605138063430786
2017-09-04 09:00:00,2.685821056365967
2017-09-04 10:00:00,2.5803046226501465
2017-09-04 11:00:00,2.3222336769104004
2017-09-04 12:00:00,1.6592023372650146
2017-09-04 13:00:00,0.9111673831939697
2017-09-04 14:00:00,0.9321305751800537
2017-09-04 15:00:00,1.012954831123352
2017-09-04 16:00:00,1.190413236618042
2017-09-04 17:00:00,1.4194700717926025
2017-09-04 18:00:00,1.614065408706665
2017-09-04 19:00:00,1.7745552062988281
2017-09-04 20:00:00,1.8088980913162231
2017-09-04 21:00:00,1.755024790763855
2017-09-04 22:00:00,1.4586460590362549
2017-09-04 23:00:00,1.357733964920044
2017-09-05 00:00:00,1.395735502243042
2017-09-05 01:00:00,1.7921236753463745
2017-09-05 02:00:00,2.6572794914245605
2017-09-05 03:00:00,3.323679208755493
2017-09-05 04:00:00,3.307584762573242
2017-09-05 05:00:00,3.1704671382904053
2017-09-05 06:00:00,3.0000574588775635
2017-09-05 07:00:00,2.866600513458252
2017-09-05 08:00:00,2.764472007751465
2017-09-05 09:00:00,2.671658515930176
2017-09-05 10:00:00,2.5092146396636963
2017-09-05 11:00:00,2.287481278181076
2017-09-05 12:00:00,1.493839979171753
2017-09-05 13:00:00,0.7656345367431641
2017-09-05 14:00:00,0.7410382628440857
2017-09-05 15:00:00,0.7570103406906128
2017-09-05 16:00:00,0.7717896699905396
2017-09-05 17:00:00,0.7724530696868896
2017-09-05 18:00:00,0.7679522037506104
2017-09-05 19:00:00,0.7755642533302307
2017-09-05 20:00:00,0.791465699672699
2017-09-05 21:00:00,0.8056186437606812
2017-09-05 22:00:00,0.8406606912612915
2017-09-05 23:00:00,0.8928046226501465
2017-09-06 00:00:00,0.9764623939990997
2017-09-06 01:00:00,1.1303570568561554
2017-09-06 02:00:00,2.3707170486450195
2017-09-06 03:00:00,2.5587549209594727
2017-09-06 04:00:00,2.2688052654266357
2017-09-06 05:00:00,1.9562723636627197
2017-09-06 06:00:00,1.7944157123565674
2017-09-06 07:00:00,1.7757568359375
2017-09-06 08:00:00,1.8866386413574219
2017-09-06 09:00:00,2.069833219051361
2017-09-06 10:00:00,2.001448094844818
2017-09-06 11:00:00,1.8276500701904297
2017-09-06 12:00:00,1.124950885772705
2017-09-06 13:00:00,0.7658731341362
2017-09-06 14:00:00,0.7055827975273132
2017-09-06 15:00:00,0.6634531021118164
2017-09-06 16:00:00,0.6192556619644165
2017-09-06 17:00:00,0.5893887877464294
2017-09-06 18:00:00,0.5827426910400391
2017-09-06 19:00:00,0.603565938770771
2017-09-06 20:00:00,0.639527440071106
2017-09-06 21:00:00,0.6716743111610413
2017-09-06 22:00:00,0.7114903926849365
2017-09-06 23:00:00,0.7309507131576538
2017-09-07 00:00:00,0.7288305759429932
2017-09-07 01:00:00,0.7258480787277222
2017-09-07 02:00:00,1.7950656414031982
2017-09-07 03:00:00,1.4188109636306763
2017-09-07 04:00:00,1.331433653831482
2017-09-07 05:00:00,1.2974952459335327
2017-09-07 06:00:00,1.4609293937683105
2017-09-07 07:00:00,1.710710048675537
2017-09-07 08:00:00,1.936659574508667
2017-09-07 09:00:00,2.0656204223632812
2017-09-07 10:00:00,1.6781237125396729
2017-09-07 11:00:00,1.3297758102416992
2017-09-07 12:00:00,0.7001327276229858
2017-09-07 13:00:00,0.19061464071273804
2017-09-07 14:00:00,-0.11761641502380371
2017-09-07 15:00:00,-0.34908366203308105
2017-09-07 16:00:00,-0.46880316734313965
2017-09-07 17:00:00,-0.47829604148864746
2017-09-07 18:00:00,-0.42853307723999023
2017-09-07 19:00:00,-0.3279120922088623
2017-09-07 20:00:00,-0.18107163906097412
2017-09-07 21:00:00,-0.020171523094177246
2017-09-07 22:00:00,0.22784876823425293
2017-09-07 23:00:00,0.38961148262023926
2017-09-08 00:00:00,0.5110141038894653
2017-09-08 01:00:00,0.622328519821167
2017-09-08 02:00:00,1.6128901243209839
2017-09-08 03:00:00,1.3615715503692627
2017-09-08 04:00:00,0.866665244102478
2017-09-08 05:00:00,0.7966029644012451
2017-09-08 06:00:00,0.9741616249084473
2017-09-08 07:00:00,1.1813019514083862
2017-09-08 08:00:00,1.3560314178466797
2017-09-08 09:00:00,1.446258544921875
2017-09-08 10:00:00,1.3245980739593506
2017-09-08 11:00:00,1.192103385925293
2017-09-08 12:00:00,0.7373378276824951
2017-09-08 13:00:00,0.3199472427368164
2017-09-08 14:00:00,0.20454680919647217
2017-09-08 15:00:00,0.1310664415359497
2017-09-08 16:00:00,0.09246420860290527
2017-09-08 17:00:00,0.10216307640075684
2017-09-08 18:00:00,0.18077898025512695
2017-09-08 19:00:00,0.31461000442504883
2017-09-08 20:00:00,0.45186686515808105
2017-09-08 21:00:00,0.5622056722640991
2017-09-08 22:00:00,0.6300530433654785
2017-09-08 23:00:00,0.6940888166427612
2017-09-09 00:00:00,0.7853771448135376
2017-09-09 01:00:00,0.8995710611343384
2017-09-09 02:00:00,2.1996045112609863
2017-09-09 03:00:00,1.9776573777198792
2017-09-09 04:00:00,2.488906145095825
2017-09-09 05:00:00,2.3418493270874023
2017-09-09 06:00:00,2.1930513083934784
2017-09-09 07:00:00,2.096264600753784
2017-09-09 08:00:00,2.007223129272461
2017-09-09 09:00:00,1.8723225593566895
2017-09-09 10:00:00,1.8924202919006348
2017-09-09 11:00:00,1.6542143821716309
2017-09-09 12:00:00,1.1430847644805908
2017-09-09 13:00:00,0.5320470333099365
2017-09-09 14:00:00,0.4986135959625244
2017-09-09 15:00:00,0.5027414560317993
2017-09-09 16:00:00,0.4716280698776245
2017-09-09 17:00:00,0.3814438581466675
2017-09-09 18:00:00,0.2891991138458252
2017-09-09 19:00:00,0.2115166187286377
2017-09-09 20:00:00,0.1804736852645874
2017-09-09 21:00:00,0.20847105979919434
2017-09-09 22:00:00,0.2720557451248169
2017-09-09 23:00:00,0.341109037399292
2017-09-10 00:00:00,0.3849748373031616
2017-09-10 01:00:00,0.4009385108947754
2017-09-10 02:00:00,0.9261990785598755
2017-09-10 03:00:00,0.6975868344306946
2017-09-10 04:00:00,1.6660617589950562
2017-09-10 05:00:00,2.125366687774658
2017-09-10 06:00:00,2.1880710124969482
2017-09-10 07:00:00,2.1112175583839417
2017-09-10 08:00:00,1.9985786080360413
2017-09-10 09:00:00,1.8067917823791504
2017-09-10 10:00:00,1.5193473100662231
2017-09-10 11:00:00,0.971745491027832
2017-09-10 12:00:00,0.6140841245651245
2017-09-10 13:00:00,0.05317234992980957
2017-09-10 14:00:00,-0.31600844860076904
2017-09-10 15:00:00,-0.5641735792160034
2017-09-10 16:00:00,-0.6816262602806091
2017-09-10 17:00:00,-0.7533361315727234
2017-09-10 18:00:00,-0.8096514940261841
2017-09-10 19:00:00,-0.838807225227356
2017-09-10 20:00:00,-0.8267287015914917
2017-09-10 21:00:00,-0.7733169794082642
2017-09-10 22:00:00,-0.6636369228363037
2017-09-10 23:00:00,-0.5675106644630432
2017-09-11 00:00:00,-0.4459602711722255
2017-09-11 01:00:00,-0.2566993832588196
2017-09-11 02:00:00,0.052179694175720215
2017-09-11 03:00:00,0.479488730430603
2017-09-11 04:00:00,1.0561907291412354
2017-09-11 05:00:00,1.5340704023838043
2017-09-11 06:00:00,1.726998895406723
2017-09-11 07:00:00,1.8037312030792236
2017-09-11 08:00:00,1.8007926046848297
2017-09-11 09:00:00,1.7035489231348038
2017-09-11 10:00:00,1.580230489373207
2017-09-11 11:00:00,1.3871712684631348
2017-09-11 12:00:00,0.986464262008667
2017-09-11 13:00:00,0.4564078450202942
2017-09-11 14:00:00,0.36723577976226807
2017-09-11 15:00:00,0.3233795166015625
2017-09-11 16:00:00,0.34103190898895264
2017-09-11 17:00:00,0.37569791078567505
2017-09-11 18:00:00,0.4081764221191406
2017-09-11 19:00:00,0.41194015741348267
2017-09-11 20:00:00,0.38201141357421875
2017-09-11 21:00:00,0.33315205574035645
2017-09-11 22:00:00,0.41271841153502464
2017-09-11 23:00:00,0.5694723725318909
2017-09-12 00:00:00,0.729203462600708
2017-09-12 01:00:00,0.8829104900360107
2017-09-12 02:00:00,2.2726566791534424
2017-09-12 03:00:00,2.1897878646850586
2017-09-12 04:00:00,2.5302124321460724
2017-09-12 05:00:00,2.43721079826355
2017-09-12 06:00:00,2.239871025085449
2017-09-12 07:00:00,2.1359839141368866
2017-09-12 08:00:00,1.948608160018921
2017-09-12 09:00:00,1.7965941429138184
2017-09-12 10:00:00,1.6398943066596985
2017-09-12 11:00:00,1.3707932233810425
2017-09-12 12:00:00,0.9877354800701141
2017-09-12 13:00:00,0.38427942991256714
2017-09-12 14:00:00,0.25754835456609726
2017-09-12 15:00:00,0.12473416328430176
2017-09-12 16:00:00,0.11350083351135254
2017-09-12 17:00:00,0.224069744348526
2017-09-12 18:00:00,0.2831607162952423
2017-09-12 19:00:00,0.3763132095336914
2017-09-12 20:00:00,0.4596545696258545
2017-09-12 21:00:00,0.5415127351880074
2017-09-12 22:00:00,0.6294795274734497
2017-09-12 23:00:00,0.7142090797424316
2017-09-13 00:00:00,0.769282341003418
2017-09-13 01:00:00,0.7460559606552124
2017-09-13 02:00:00,1.4962865114212036
2017-09-13 03:00:00,1.1218295097351074
2017-09-13 04:00:00,1.3072970062494278
2017-09-13 05:00:00,1.1694526672363281
2017-09-13 06:00:00,1.0542223453521729
2017-09-13 07:00:00,0.9990308284759521
2017-09-13 08:00:00,0.9281102418899536
2017-09-13 09:00:00,0.9210982322692871
2017-09-13 10:00:00,0.9554523229598999
2017-09-13 11:00:00,0.8680517971515656
2017-09-13 12:00:00,0.5704455934464931
2017-09-13 13:00:00,0.14662721706554294
2017-09-13 14:00:00,-0.11476882174611092
2017-09-13 15:00:00,-0.3571818396449089
2017-09-13 16:00:00,-0.4725559800863266
2017-09-13 17:00:00,-0.5557198524475098
2017-09-13 18:00:00,-0.6080836653709412
2017-09-13 19:00:00,-0.6275478005409241
2017-09-13 20:00:00,-0.6032056212425232
2017-09-13 21:00:00,-0.5220464468002319
2017-09-13 22:00:00,-0.4990863800048828
2017-09-13 23:00:00,-0.4432508945465088
2017-09-14 00:00:00,-0.37578392028808594
2017-09-14 01:00:00,-0.3180263042449951
2017-09-14 02:00:00,-0.3602275848388672
2017-09-14 03:00:00,-0.1924901008605957
2017-09-14 04:00:00,0.18369895219802856
2017-09-14 05:00:00,0.3651347756385803
2017-09-14 06:00:00,0.5278155878186226
2017-09-14 07:00:00,0.6949006393551826
2017-09-14 08:00:00,0.8693905770778656
2017-09-14 09:00:00,1.0502329170703888
2017-09-14 10:00:00,0.9942817687988281
2017-09-14 11:00:00,0.9078159332275391
2017-09-14 12:00:00,0.5991000086069107
2017-09-14 13:00:00,0.18644008040428162
2017-09-14 14:00:00,0.011982619762420654
2017-09-14 15:00:00,-0.15023568272590637
2017-09-14 16:00:00,-0.22066814452409744
2017-09-14 17:00:00,-0.2592480331659317
2017-09-14 18:00:00,-0.2831450109370053
2017-09-14 19:00:00,-0.2911859378218651
2017-09-14 20:00:00,-0.2515984494239092
2017-09-14 21:00:00,-0.15603548288345337
2017-09-14 22:00:00,0.07627825438976288
2017-09-14 23:00:00,0.36787563748657703
2017-09-15 00:00:00,0.5996342897415161
2017-09-15 01:00:00,0.682753324508667
2017-09-15 02:00:00,1.7229945659637451
2017-09-15 03:00:00,1.668592929840088
2017-09-15 04:00:00,1.7710537910461426
2017-09-15 05:00:00,1.4449564218521118
2017-09-15 06:00:00,1.1656060367822647
2017-09-15 07:00:00,1.0349774211645126
2017-09-15 08:00:00,0.9805324375629425
2017-09-15 09:00:00,0.9402750730514526
2017-09-15 10:00:00,0.9185004532337189
2017-09-15 11:00:00,0.7020086795091629
2017-09-15 12:00:00,0.5556820034980774
2017-09-15 13:00:00,0.20787084102630615
2017-09-15 14:00:00,0.07179725170135498
2017-09-15 15:00:00,-0.06519901752471924
2017-09-15 16:00:00,-0.19478988647460938
2017-09-15 17:00:00,-0.2648242712020874
2017-09-15 18:00:00,-0.28342151641845703
2017-09-15 19:00:00,-0.24818944931030273
2017-09-15 20:00:00,-0.1337277889251709
2017-09-15 21:00:00,0.040280938148498535
2017-09-15 22:00:00,0.28679049015045166
2017-09-15 23:00:00,0.5012966394424438
2017-09-16 00:00:00,0.6322231218218803
2017-09-16 01:00:00,0.678675651550293
2017-09-16 02:00:00,1.596808671951294
2017-09-16 03:00:00,1.339043140411377
2017-09-16 04:00:00,0.9637287855148315
2017-09-16 05:00:00,0.5441268682479858
2017-09-16 06:00:00,0.3648688793182373
2017-09-16 07:00:00,0.4726869463920593
2017-09-16 08:00:00,0.7036219835281372
2017-09-16 09:00:00,0.8713182210922241
2017-09-16 10:00:00,1.1895636320114136
2017-09-16 11:00:00,1.1421829462051392
2017-09-16 12:00:00,0.990801215171814
2017-09-16 13:00:00,0.5803121328353882
2017-09-16 14:00:00,0.6740212440490723
2017-09-16 15:00:00,0.8400392532348633
2017-09-16 16:00:00,0.8733243942260742
2017-09-16 17:00:00,0.8558642417192459
2017-09-16 18:00:00,0.7739697098731995
2017-09-16 19:00:00,0.6401689052581787
2017-09-16 20:00:00,0.46828752756118774
2017-09-16 21:00:00,0.2990981936454773
2017-09-16 22:00:00,0.316455602645874
2017-09-16 23:00:00,0.4616638645529747
2017-09-17 00:00:00,0.7567996978759766
2017-09-17 01:00:00,1.0942111015319824
2017-09-17 02:00:00,2.224443197250366
2017-09-17 03:00:00,2.497365951538086
2017-09-17 04:00:00,2.466421127319336
2017-09-17 05:00:00,2.0675927996635437
2017-09-17 06:00:00,1.7158749103546143
2017-09-17 07:00:00,1.6093766689300537
2017-09-17 08:00:00,1.5881092548370361
2017-09-17 09:00:00,1.5590056478977203
2017-09-17 10:00:00,1.506279245018959
2017-09-17 11:00:00,1.316667065024376
2017-09-17 12:00:00,1.0542658567428589
2017-09-17 13:00:00,0.5528891086578369
2017-09-17 14:00:00,0.5729321241378784
2017-09-17 15:00:00,0.5984388589859009
2017-09-17 16:00:00,0.6236279010772705
2017-09-17 17:00:00,0.6748344898223877
2017-09-17 18:00:00,0.71804279088974
2017-09-17 19:00:00,0.7659072875976562
2017-09-17 20:00:00,0.8490567207336426
2017-09-17 21:00:00,0.9779654741287231
2017-09-17 22:00:00,1.067149043083191
2017-09-17 23:00:00,1.141117811203003
2017-09-18 00:00:00,1.1842002868652344
2017-09-18 01:00:00,1.2138071060180664
2017-09-18 02:00:00,2.126921206712723
2017-09-18 03:00:00,1.8774791657924652
2017-09-18 04:00:00,1.8051913976669312
2017-09-18 05:00:00,1.9893944263458252
2017-09-18 06:00:00,1.8501663208007812
2017-09-18 07:00:00,1.756197452545166
2017-09-18 08:00:00,1.7684763967990875
2017-09-18 09:00:00,1.815481185913086
2017-09-18 10:00:00,1.790494441986084
2017-09-18 11:00:00,1.4656763076782227
2017-09-18 12:00:00,1.0867913663387299
2017-09-18 13:00:00,0.6610550954937935
2017-09-18 14:00:00,0.6375364661216736
2017-09-18 15:00:00,0.5942002534866333
2017-09-18 16:00:00,0.5450420379638672
2017-09-18 17:00:00,0.5236289501190186
2017-09-18 18:00:00,0.5080142021179199
2017-09-18 19:00:00,0.4827389717102051
2017-09-18 20:00:00,0.43443894386291504
2017-09-18 21:00:00,0.3742440938949585
2017-09-18 22:00:00,0.3052613139152527
2017-09-18 23:00:00,0.2595440745353699
2017-09-19 00:00:00,0.2743110656738281
2017-09-19 01:00:00,0.3405640348792076
2017-09-19 02:00:00,0.42623303085565567
2017-09-19 03:00:00,0.3961440324783325
2017-09-19 04:00:00,0.30646409653127193
2017-09-19 05:00:00,-0.06304354220628738
2017-09-19 06:00:00,0.018218867480754852
2017-09-19 07:00:00,0.3093390427529812
2017-09-19 08:00:00,0.6263608932495117
2017-09-19 09:00:00,0.8613160774111748
2017-09-19 10:00:00,0.9221359565854073
2017-09-19 11:00:00,0.7572383880615234
2017-09-19 12:00:00,0.5415555238723755
2017-09-19 13:00:00,0.27540045976638794
2017-09-19 14:00:00,0.1536303460597992
2017-09-19 15:00:00,-0.006540507078170776
2017-09-19 16:00:00,-0.09385395795106888
2017-09-19 17:00:00,-0.19937021285295486
2017-09-19 18:00:00,-0.32365606538951397
2017-09-19 19:00:00,-0.4477858580648899
2017-09-19 20:00:00,-0.5288274884223938
2017-09-19 21:00:00,-0.5641200542449951
2017-09-19 22:00:00,-0.6809550523757935
2017-09-19 23:00:00,-0.7198415398597717
2017-09-20 00:00:00,-0.6732927560806274
2017-09-20 01:00:00,-0.5587871000170708
2017-09-20 02:00:00,-0.4841647148132324
2017-09-20 03:00:00,-0.45655379444360733
2017-09-20 04:00:00,-0.25158199667930603
2017-09-20 05:00:00,-0.37561122700572014
2017-09-20 06:00:00,-0.08932748436927795
2017-09-20 07:00:00,0.2554630637168884
2017-09-20 08:00:00,0.5208374261856079
2017-09-20 09:00:00,0.6580699682235718
2017-09-20 10:00:00,0.8104285001754761
2017-09-20 11:00:00,0.6759765520691872
2017-09-20 12:00:00,0.35781198740005493
2017-09-20 13:00:00,0.17748048901557922
2017-09-20 14:00:00,0.04042142629623413
2017-09-20 15:00:00,-0.0886814296245575
2017-09-20 16:00:00,-0.284740149974823
2017-09-20 17:00:00,-0.49265050888061523
2017-09-20 18:00:00,-0.6987251043319702
2017-09-20 19:00:00,-0.8460583239793777
2017-09-20 20:00:00,-0.9274723827838898
2017-09-20 21:00:00,-0.9544103592634201
2017-09-20 22:00:00,-0.9190348386764526
2017-09-20 23:00:00,-0.8064842224121094
2017-09-21 00:00:00,-0.6291505694389343
2017-09-21 01:00:00,-0.4352385401725769
2017-09-21 02:00:00,-0.5090528875589371
2017-09-21 03:00:00,-0.15908527374267578
2017-09-21 04:00:00,0.04617667198181152
2017-09-21 05:00:00,-0.04914182424545288
2017-09-21 06:00:00,-0.058780521154403687
2017-09-21 07:00:00,-0.02378898859024048
2017-09-21 08:00:00,-0.005587339401245117
2017-09-21 09:00:00,-0.0728081464767456
2017-09-21 10:00:00,-0.24830496311187744
2017-09-21 11:00:00,-0.5721263885498047
2017-09-21 12:00:00,-0.7530205696821213
2017-09-21 13:00:00,-0.8564662933349609
2017-09-21 14:00:00,-1.3984054327011108
2017-09-21 15:00:00,-1.7581581473350525
2017-09-21 16:00:00,-1.8326523303985596
2017-09-21 17:00:00,-1.838325560092926
2017-09-21 18:00:00,-1.7475876808166504
2017-09-21 19:00:00,-1.5630848407745361
2017-09-21 20:00:00,-1.3205617666244507
2017-09-21 21:00:00,-0.9913484752178192
2017-09-21 22:00:00,-0.7569042444229126
2017-09-21 23:00:00,-0.47974061965942383
2017-09-22 00:00:00,-0.4519965648651123
2017-09-22 01:00:00,-0.2564743757247925
2017-09-22 02:00:00,0.2588019371032715
2017-09-22 03:00:00,-0.5459303706884384
2017-09-22 04:00:00,-1.8561956882476807
2017-09-22 05:00:00,-2.5798057913780212
2017-09-22 06:00:00,-2.765317738056183
2017-09-22 07:00:00,-2.4690588265657425
2017-09-22 08:00:00,-2.1815966963768005
2017-09-22 09:00:00,-1.9764791429042816
2017-09-22 10:00:00,-1.7559078335762024
2017-09-22 11:00:00,-1.2532884925603867
2017-09-22 12:00:00,-0.33124811947345734
2017-09-22 13:00:00,0.5211633369326591
2017-09-22 14:00:00,0.9840779304504395
2017-09-22 15:00:00,1.0407369062304497
2017-09-22 16:00:00,0.7512242645025253
2017-09-22 17:00:00,0.43467236310243607
2017-09-22 18:00:00,0.651711218059063
2017-09-22 19:00:00,0.7710266262292862
2017-09-22 20:00:00,0.8288025856018066
2017-09-22 21:00:00,1.092401385307312
2017-09-22 22:00:00,1.085375189781189
2017-09-22 23:00:00,1.2372796386480331
2017-09-23 00:00:00,1.3824784755706787
2017-09-23 01:00:00,1.3584022670984268
2017-09-23 02:00:00,1.5374953895807266
2017-09-23 03:00:00,0.7769684791564941
2017-09-23 04:00:00,1.1748452931642532
2017-09-23 05:00:00,1.2512056790292263
2017-09-23 06:00:00,1.0956297554075718
2017-09-23 07:00:00,0.9200859982520342
2017-09-23 08:00:00,0.8840316534042358
2017-09-23 09:00:00,1.1896672248840332
2017-09-23 10:00:00,1.8293373584747314
2017-09-23 11:00:00,2.2143059074878693
2017-09-23 12:00:00,1.7586643695831299
2017-09-23 13:00:00,1.474745750427246
2017-09-23 14:00:00,1.209469050168991
2017-09-23 15:00:00,0.972126841545105
2017-09-23 16:00:00,0.7886992692947388
2017-09-23 17:00:00,0.7875915169715881
2017-09-23 18:00:00,0.8026540279388428
2017-09-23 19:00:00,0.7971913814544678
2017-09-23 20:00:00,0.7902756333351135
2017-09-23 21:00:00,0.8164783120155334
2017-09-23 22:00:00,0.9884893894195557
2017-09-23 23:00:00,1.2160224914550781
2017-09-24 00:00:00,1.3337533473968506
2017-09-24 01:00:00,1.2519993782043457
2017-09-24 02:00:00,1.5476396083831787
2017-09-24 03:00:00,1.6334593296051025
2017-09-24 04:00:00,1.3111689239740372
2017-09-24 05:00:00,1.587935447692871
2017-09-24 06:00:00,1.7734217643737793
2017-09-24 07:00:00,2.042300283908844
2017-09-24 08:00:00,2.240375280380249
2017-09-24 09:00:00,2.375950336456299
2017-09-24 10:00:00,2.151244640350342
2017-09-24 11:00:00,1.6045563220977783
2017-09-24 12:00:00,0.7823542356491089
2017-09-24 13:00:00,0.2977660298347473
2017-09-24 14:00:00,0.0570639967918396
2017-09-24 15:00:00,-0.11048628389835358
2017-09-24 16:00:00,0.007024288177490234
2017-09-24 17:00:00,0.2790008783340454
2017-09-24 18:00:00,0.6853588074445724
2017-09-24 19:00:00,0.9481265544891357
2017-09-24 20:00:00,1.0743826776742935
2017-09-24 21:00:00,1.1850018501281738
2017-09-24 22:00:00,1.2380759716033936
2017-09-24 23:00:00,1.2870724201202393
2017-09-25 00:00:00,1.320664882659912
2017-09-25 01:00:00,1.3380098342895508
2017-09-25 02:00:00,1.956451803445816
2017-09-25 03:00:00,2.483644962310791
2017-09-25 04:00:00,2.2762973308563232
2017-09-25 05:00:00,2.9923532009124756
2017-09-25 06:00:00,2.9535374641418457
2017-09-25 07:00:00,2.7447824478149414
2017-09-25 08:00:00,2.5677616596221924
2017-09-25 09:00:00,2.3141462802886963
2017-09-25 10:00:00,1.9314513206481934
2017-09-25 11:00:00,1.2692527770996094
2017-09-25 12:00:00,0.787061870098114
2017-09-25 13:00:00,0.5213679671287537
2017-09-25 14:00:00,0.4849386215209961
2017-09-25 15:00:00,0.5220129489898682
2017-09-25 16:00:00,0.6454811096191406
2017-09-25 17:00:00,0.794245719909668
2017-09-25 18:00:00,0.9228203296661377
2017-09-25 19:00:00,1.0031330585479736
2017-09-25 20:00:00,1.0242419242858887
2017-09-25 21:00:00,1.0440728664398193
2017-09-25 22:00:00,1.0425009727478027
2017-09-25 23:00:00,1.03519868850708
2017-09-26 00:00:00,1.0069457292556763
2017-09-26 01:00:00,0.9696045219898224
2017-09-26 02:00:00,1.3959681987762451
2017-09-26 03:00:00,1.8299328088760376
2017-09-26 04:00:00,1.743783712387085
2017-09-26 05:00:00,2.377851724624634
2017-09-26 06:00:00,2.2905385494232178
2017-09-26 07:00:00,2.055572271347046
2017-09-26 08:00:00,1.8680400848388672
2017-09-26 09:00:00,1.6650696694850922
2017-09-26 10:00:00,1.3614645153284073
2017-09-26 11:00:00,0.9965835809707642
2017-09-26 12:00:00,0.6058980822563171
2017-09-26 13:00:00,0.35864758491516113
2017-09-26 14:00:00,0.20187997817993164
2017-09-26 15:00:00,0.11471450328826904
2017-09-26 16:00:00,0.17172932624816895
2017-09-26 17:00:00,0.2624046802520752
2017-09-26 18:00:00,0.3280867338180542
2017-09-26 19:00:00,0.3695244789123535
2017-09-26 20:00:00,0.4909238815307617
2017-09-26 21:00:00,0.6399335861206055
2017-09-26 22:00:00,0.7283263802528381
2017-09-26 23:00:00,0.8390387296676636
2017-09-27 00:00:00,0.8917668461799622
2017-09-27 01:00:00,0.9228513240814209
2017-09-27 02:00:00,0.6737969517707825
2017-09-27 03:00:00,1.2820712327957153
2017-09-27 04:00:00,1.0291461944580078
2017-09-27 05:00:00,1.5644540786743164
2017-09-27 06:00:00,1.840365469455719
2017-09-27 07:00:00,1.7576346397399902
2017-09-27 08:00:00,1.6375446319580078
2017-09-27 09:00:00,1.4609789848327637
2017-09-27 10:00:00,1.1287271976470947
2017-09-27 11:00:00,0.9273329228162766
2017-09-27 12:00:00,0.44634878635406494
2017-09-27 13:00:00,-0.10530903935432434
2017-09-27 14:00:00,-0.4886569380760193
2017-09-27 15:00:00,-0.6965030431747437
2017-09-27 16:00:00,-0.7374086976051331
2017-09-27 17:00:00,-0.6248131990432739
2017-09-27 18:00:00,-0.3033265471458435
2017-09-27 19:00:00,0.10657662153244019
2017-09-27 20:00:00,0.46507376432418823
2017-09-27 21:00:00,0.74271459877491
2017-09-27 22:00:00,0.7435438632965088
2017-09-27 23:00:00,0.7409279346466064
2017-09-28 00:00:00,0.7542338967323303
2017-09-28 01:00:00,0.7612343430519104
2017-09-28 02:00:00,0.45036911964416504
2017-09-28 03:00:00,1.1242998838424683
2017-09-28 04:00:00,1.0657328367233276
2017-09-28 05:00:00,1.7379765510559082
2017-09-28 06:00:00,1.6743133068084717
2017-09-28 07:00:00,1.5318505764007568
2017-09-28 08:00:00,1.4042617082595825
2017-09-28 09:00:00,1.234965205192566
2017-09-28 10:00:00,1.1106436252593994
2017-09-28 11:00:00,0.8744480609893799
2017-09-28 12:00:00,0.3884984031319618
2017-09-28 13:00:00,-0.10533851385116577
2017-09-28 14:00:00,-0.3936551809310913
2017-09-28 15:00:00,-0.5476440154016018
2017-09-28 16:00:00,-0.643738754093647
2017-09-28 17:00:00,-0.6830141618847847
2017-09-28 18:00:00,-0.629136323928833
2017-09-28 19:00:00,-0.5255185961723328
2017-09-28 20:00:00,-0.3851044550538063
2017-09-28 21:00:00,-0.22310426644980907
2017-09-28 22:00:00,-0.06287508085370064
2017-09-28 23:00:00,0.1520494818687439
2017-09-29 00:00:00,0.335908867418766
2017-09-29 01:00:00,0.46962589025497437
2017-09-29 02:00:00,0.5757430717349052
2017-09-29 03:00:00,0.8291855305433273
2017-09-29 04:00:00,0.8858627080917358
2017-09-29 05:00:00,1.4723162651062012
2017-09-29 06:00:00,1.6874186992645264
2017-09-29 07:00:00,1.8876445293426514
2017-09-29 08:00:00,2.018823593854904
2017-09-29 09:00:00,2.0537376701831818
2017-09-29 10:00:00,1.5124400854110718
2017-09-29 11:00:00,1.134950190782547
2017-09-29 12:00:00,0.4806872606277466
2017-09-29 13:00:00,0.23557919263839722
2017-09-29 14:00:00,0.15182077884674072
2017-09-29 15:00:00,0.1655825972557068
2017-09-29 16:00:00,0.39267271757125854
2017-09-29 17:00:00,0.6012828275561333
2017-09-29 18:00:00,0.7284882068634033
2017-09-29 19:00:00,0.8152326345443726
2017-09-29 20:00:00,0.8848466873168945
2017-09-29 21:00:00,0.915546178817749
2017-09-29 22:00:00,0.8005465865135193
2017-09-29 23:00:00,0.5729258060455322
2017-09-30 00:00:00,0.23899531364440918
2017-09-30 01:00:00,-0.09827997535467148
2017-09-30 02:00:00,-0.3788332352414727
2017-09-30 03:00:00,-0.8234633058309555
2017-09-30 04:00:00,-0.3344491124153137
2017-09-30 05:00:00,0.743686854839325
2017-09-30 06:00:00,1.653059482574463
2017-09-30 07:00:00,2.009839802980423
2017-09-30 08:00:00,2.1354801654815674
2017-09-30 09:00:00,2.0965287685394287
2017-09-30 10:00:00,1.718894600868225
2017-09-30 11:00:00,1.2843883037567139
2017-09-30 12:00:00,0.5935754179954529
2017-09-30 13:00:00,0.5786212086677551
2017-09-30 14:00:00,0.5942762047052383
2017-09-30 15:00:00,0.7007399871945381
2017-09-30 16:00:00,0.7740281820297241
2017-09-30 17:00:00,0.8305115699768066
2017-09-30 18:00:00,0.8482587337493896
2017-09-30 19:00:00,0.8270605802536011
2017-09-30 20:00:00,0.7744068503379822
2017-09-30 21:00:00,0.7592593431472778
2017-09-30 22:00:00,0.8249160051345825
2017-09-30 23:00:00,0.9080484360456467
2017-10-01 00:00:00,0.9967534244060516
2017-10-01 01:00:00,1.0568192154169083
2017-10-01 02:00:00,0.6820473670959473
2017-10-01 03:00:00,1.5211400985717773
2017-10-01 04:00:00,0.9673032760620117
2017-10-01 05:00:00,1.7618305683135986
2017-10-01 06:00:00,2.117154598236084
2017-10-01 07:00:00,2.12658953666687
2017-10-01 08:00:00,2.133573532104492
2017-10-01 09:00:00,2.070000648498535
2017-10-01 10:00:00,1.7486982345581055
2017-10-01 11:00:00,1.278470516204834
2017-10-01 12:00:00,0.5031850934028625
2017-10-01 13:00:00,0.2513347268104553
2017-10-01 14:00:00,0.05785369873046875
2017-10-01 15:00:00,-0.008106768131256104
2017-10-01 16:00:00,-0.013854444026947021
2017-10-01 17:00:00,-0.009256362915039062
2017-10-01 18:00:00,0.08420920372009277
2017-10-01 19:00:00,0.16733938455581665
2017-10-01 20:00:00,0.23622214794158936
2017-10-01 21:00:00,0.37003111839294434
2017-10-01 22:00:00,0.5021961331367493
2017-10-01 23:00:00,0.6703400015830994
2017-10-02 00:00:00,0.7782953381538391
2017-10-02 01:00:00,0.7836943119764328
2017-10-02 02:00:00,0.4990568161010742
2017-10-02 03:00:00,0.79448401927948
2017-10-02 04:00:00,0.4335770010948181
2017-10-02 05:00:00,0.990757554769516
2017-10-02 06:00:00,1.8403862416744232
2017-10-02 07:00:00,1.9405228197574615
2017-10-02 08:00:00,1.8666906356811523
2017-10-02 09:00:00,1.6955410242080688
2017-10-02 10:00:00,1.460453748703003
2017-10-02 11:00:00,1.2332069873809814
2017-10-02 12:00:00,0.4092545509338379
2017-10-02 13:00:00,0.2514849305152893
2017-10-02 14:00:00,0.1926860511302948
2017-10-02 15:00:00,0.32353779673576355
2017-10-02 16:00:00,0.4509928226470947
2017-10-02 17:00:00,0.6714464426040649
2017-10-02 18:00:00,0.8145480155944824
2017-10-02 19:00:00,0.8737511336803436
2017-10-02 20:00:00,0.9339237213134766
2017-10-02 21:00:00,0.9473406970500946
2017-10-02 22:00:00,0.9018597602844238
2017-10-02 23:00:00,0.7993206977844238
2017-10-03 00:00:00,0.6759188175201416
2017-10-03 01:00:00,0.5351794958114624
2017-10-03 02:00:00,0.29116326570510864
2017-10-03 03:00:00,0.4783034771680832
2017-10-03 04:00:00,0.5533199310302734
2017-10-03 05:00:00,1.4769440591335297
2017-10-03 06:00:00,2.125790596008301
2017-10-03 07:00:00,2.3830695152282715
2017-10-03 08:00:00,2.521712064743042
2017-10-03 09:00:00,2.4197452068328857
2017-10-03 10:00:00,1.9006555080413818
2017-10-03 11:00:00,1.3022825717926025
2017-10-03 12:00:00,0.3250613808631897
2017-10-03 13:00:00,0.013976573944091797
2017-10-03 14:00:00,-0.22490501403808594
2017-10-03 15:00:00,-0.38333141803741455
2017-10-03 16:00:00,-0.509650468826294
2017-10-03 17:00:00,-0.5514273643493652
2017-10-03 18:00:00,-0.4859830141067505
2017-10-03 19:00:00,-0.338706374168396
2017-10-03 20:00:00,-0.0816659927368164
2017-10-03 21:00:00,0.23541247844696045
2017-10-03 22:00:00,0.3731801509857178
2017-10-03 23:00:00,0.40682244300842285
2017-10-04 00:00:00,0.2518737316131592
2017-10-04 01:00:00,-0.10216665267944336
2017-10-04 02:00:00,-0.2942228317260742
2017-10-04 03:00:00,-0.9928383827209473
2017-10-04 04:00:00,-0.9312666654586792
2017-10-04 05:00:00,-0.2264019250869751
2017-10-04 06:00:00,0.3293642997741699
2017-10-04 07:00:00,0.6450257301330566
2017-10-04 08:00:00,0.866788387298584
2017-10-04 09:00:00,0.9756286144256592
2017-10-04 10:00:00,0.8446955680847168
2017-10-04 11:00:00,0.5015281438827515
2017-10-04 12:00:00,0.04842674732208252
2017-10-04 13:00:00,-0.17730236053466797
2017-10-04 14:00:00,-0.3205360174179077
2017-10-04 15:00:00,-0.37449586391448975
2017-10-04 16:00:00,-0.4265540838241577
2017-10-04 17:00:00,-0.47976410388946533
2017-10-04 18:00:00,-0.56003338098526
2017-10-04 19:00:00,-0.6559525653719902
2017-10-04 20:00:00,-0.7379131317138672
2017-10-04 21:00:00,-0.8000204488635063
2017-10-04 22:00:00,-0.7987249344587326
2017-10-04 23:00:00,-0.7765479683876038
2017-10-05 00:00:00,-0.7368583679199219
2017-10-05 01:00:00,-0.6616441011428833
2017-10-05 02:00:00,-0.3604860305786133
2017-10-05 03:00:00,-0.5795456171035767
2017-10-05 04:00:00,-0.1456594467163086
2017-10-05 05:00:00,0.6504753828048706
2017-10-05 06:00:00,1.0527604818344116
2017-10-05 07:00:00,1.1839157342910767
2017-10-05 08:00:00,1.1698824167251587
2017-10-05 09:00:00,1.0984641313552856
2017-10-05 10:00:00,0.9850465059280396
2017-10-05 11:00:00,0.6154034733772278
2017-10-05 12:00:00,0.22600901126861572
2017-10-05 13:00:00,0.1321139559149742
2017-10-05 14:00:00,0.05614345893263817
2017-10-05 15:00:00,0.020567476749420166
2017-10-05 16:00:00,0.013530239462852478
2017-10-05 17:00:00,0.040272414684295654
2017-10-05 18:00:00,0.09381474554538727
2017-10-05 19:00:00,0.16190380230545998
2017-10-05 20:00:00,0.2550274729728699
2017-10-05 21:00:00,0.36986440420150757
2017-10-05 22:00:00,0.36409932374954224
2017-10-05 23:00:00,0.3578009605407715
2017-10-06 00:00:00,0.35214942693710327
2017-10-06 01:00:00,0.3749312162399292
2017-10-06 02:00:00,0.3893304467201233
2017-10-06 03:00:00,0.9489586800336838
2017-10-06 04:00:00,1.0598969459533691
2017-10-06 05:00:00,1.3630978912115097
2017-10-06 06:00:00,1.4523704200983047
2017-10-06 07:00:00,1.6140835285186768
2017-10-06 08:00:00,1.797234296798706
2017-10-06 09:00:00,1.877516746520996
2017-10-06 10:00:00,1.821051836013794
2017-10-06 11:00:00,1.283553957939148
2017-10-06 12:00:00,0.5779246091842651
2017-10-06 13:00:00,0.5163161754608154
2017-10-06 14:00:00,0.39939093589782715
2017-10-06 15:00:00,0.30254989862442017
2017-10-06 16:00:00,0.1825541853904724
2017-10-06 17:00:00,0.08631068468093872
2017-10-06 18:00:00,0.017372965812683105
2017-10-06 19:00:00,-0.025005757808685303
2017-10-06 20:00:00,-0.014214694499969482
2017-10-06 21:00:00,0.0680420994758606
2017-10-06 22:00:00,0.24842560291290283
2017-10-06 23:00:00,0.44761866331100464
2017-10-07 00:00:00,0.592827320098877
2017-10-07 01:00:00,0.6814046502113342
2017-10-07 02:00:00,0.6040172576904297
2017-10-07 03:00:00,1.4344717264175415
2017-10-07 04:00:00,1.380504846572876
2017-10-07 05:00:00,1.4744083881378174
2017-10-07 06:00:00,1.3778067827224731
2017-10-07 07:00:00,1.4047753810882568
2017-10-07 08:00:00,1.361701250076294
2017-10-07 09:00:00,1.2325917482376099
2017-10-07 10:00:00,1.0548607110977173
2017-10-07 11:00:00,0.6552630066871643
2017-10-07 12:00:00,0.29802632331848145
2017-10-07 13:00:00,0.3134721666574478
2017-10-07 14:00:00,0.30669642239809036
2017-10-07 15:00:00,0.3502664715051651
2017-10-07 16:00:00,0.30122794210910797
2017-10-07 17:00:00,0.26189230382442474
2017-10-07 18:00:00,0.22212934494018555
2017-10-07 19:00:00,0.148095041513443
2017-10-07 20:00:00,0.03141301870346069
2017-10-07 21:00:00,-0.09763160347938538
2017-10-07 22:00:00,-0.07359228283166885
2017-10-07 23:00:00,-0.04689944535493851
2017-10-08 00:00:00,-0.05066519230604172
2017-10-08 01:00:00,-0.07153919339179993
2017-10-08 02:00:00,-0.0750068724155426
2017-10-08 03:00:00,-0.17143726348876953
2017-10-08 04:00:00,-0.0008887648582458496
2017-10-08 05:00:00,-0.4740365594625473
2017-10-08 06:00:00,-0.48189449310302734
2017-10-08 07:00:00,-0.3503129631280899
2017-10-08 08:00:00,-0.10674655437469482
2017-10-08 09:00:00,0.20584064722061157
2017-10-08 10:00:00,0.13004793226718903
2017-10-08 11:00:00,0.024110019207000732
2017-10-08 12:00:00,0.025537194684147835
2017-10-08 13:00:00,-0.04498571157455444
2017-10-08 14:00:00,-0.13352110236883163
2017-10-08 15:00:00,-0.2332456111907959
2017-10-08 16:00:00,-0.21951542794704437
2017-10-08 17:00:00,-0.2354707568883896
2017-10-08 18:00:00,-0.2719254493713379
2017-10-08 19:00:00,-0.32981076836586
2017-10-08 20:00:00,-0.41276053339242935
2017-10-08 21:00:00,-0.4942953586578369
2017-10-08 22:00:00,-0.5549125522375107
2017-10-08 23:00:00,-0.5941058546304703
2017-10-09 00:00:00,-0.6102838963270187
2017-10-09 01:00:00,-0.5861943364143372
2017-10-09 02:00:00,-0.3603091835975647
2017-10-09 03:00:00,-0.5703139901161194
2017-10-09 04:00:00,-0.5054550766944885
2017-10-09 05:00:00,-0.6674118638038635
2017-10-09 06:00:00,-1.0120442360639572
2017-10-09 07:00:00,-1.1058330535888672
2017-10-09 08:00:00,-1.067249059677124
2017-10-09 09:00:00,-1.0078747272491455
2017-10-09 10:00:00,-0.893907904624939
2017-10-09 11:00:00,-0.686120942234993
2017-10-09 12:00:00,-0.40614670515060425
2017-10-09 13:00:00,-0.5684688687324524
2017-10-09 14:00:00,-0.5559325218200684
2017-10-09 15:00:00,-0.4697909355163574
2017-10-09 16:00:00,-0.33869266510009766
2017-10-09 17:00:00,-0.1804218888282776
2017-10-09 18:00:00,-0.02138245850801468
2017-10-09 19:00:00,0.08827081508934498
2017-10-09 20:00:00,0.12941284477710724
2017-10-09 21:00:00,0.0877063125371933
2017-10-09 22:00:00,-0.15373266115784645
2017-10-09 23:00:00,-0.3881236333400011
2017-10-10 00:00:00,-0.616285502910614
2017-10-10 01:00:00,-0.7776370048522949
2017-10-10 02:00:00,-0.5685725212097168
2017-10-10 03:00:00,-1.317556381225586
2017-10-10 04:00:00,-1.0065557062625885
2017-10-10 05:00:00,-1.1587907075881958
2017-10-10 06:00:00,-1.2849403619766235
2017-10-10 07:00:00,-1.279603123664856
2017-10-10 08:00:00,-1.1779082864522934
2017-10-10 09:00:00,-1.0697436332702637
2017-10-10 10:00:00,-0.6525297164916992
2017-10-10 11:00:00,-0.26558782905340195
2017-10-10 12:00:00,-0.025705605745315552
2017-10-10 13:00:00,0.05635920166969299
2017-10-10 14:00:00,0.11062922328710556
2017-10-10 15:00:00,0.12302913516759872
2017-10-10 16:00:00,-0.030184872448444366
2017-10-10 17:00:00,-0.15077930502593517
2017-10-10 18:00:00,-0.2646905337460339
2017-10-10 19:00:00,-0.37402069568634033
2017-10-10 20:00:00,-0.45913493633270264
2017-10-10 21:00:00,-0.5068813562393188
2017-10-10 22:00:00,-0.548203818500042
2017-10-10 23:00:00,-0.5678724050521851
2017-10-11 00:00:00,-0.5929960012435913
2017-10-11 01:00:00,-0.6293519735336304
2017-10-11 02:00:00,-0.44522547721862793
2017-10-11 03:00:00,-0.9919087886810303
2017-10-11 04:00:00,-0.7550642490386963
2017-10-11 05:00:00,-0.8449312448501587
2017-10-11 06:00:00,-0.8161990195512772
2017-10-11 07:00:00,-0.6530429869890213
2017-10-11 08:00:00,-0.4021536707878113
2017-10-11 09:00:00,-0.0904748048633337
2017-10-11 10:00:00,0.10267352685332298
2017-10-11 11:00:00,0.23033855110406876
2017-10-11 12:00:00,0.16592413187026978
2017-10-11 13:00:00,0.06704539060592651
2017-10-11 14:00:00,-0.0825086236000061
2017-10-11 15:00:00,-0.23306643962860107
2017-10-11 16:00:00,-0.4386723041534424
2017-10-11 17:00:00,-0.6093865633010864
2017-10-11 18:00:00,-0.7317416667938232
2017-10-11 19:00:00,-0.8116838932037354
2017-10-11 20:00:00,-0.8284037709236145
2017-10-11 21:00:00,-0.7745087742805481
2017-10-11 22:00:00,-0.5202645659446716
2017-10-11 23:00:00,-0.168615460395813
2017-10-12 00:00:00,0.262016236782074
2017-10-12 01:00:00,0.48725229501724243
2017-10-12 02:00:00,0.5148299932479858
2017-10-12 03:00:00,1.028633952140808
2017-10-12 04:00:00,1.021238535642624
2017-10-12 05:00:00,1.1919348239898682
2017-10-12 06:00:00,1.3512244075536728
2017-10-12 07:00:00,1.6064372062683105
2017-10-12 08:00:00,1.8536951541900635
2017-10-12 09:00:00,2.0018579959869385
2017-10-12 10:00:00,1.835249423980713
2017-10-12 11:00:00,1.2583577632904053
2017-10-12 12:00:00,0.4278312921524048
2017-10-12 13:00:00,0.4023808240890503
2017-10-12 14:00:00,0.3298330307006836
2017-10-12 15:00:00,0.36823827028274536
2017-10-12 16:00:00,0.5055151581764221
2017-10-12 17:00:00,0.6551132202148438
2017-10-12 18:00:00,0.8394170999526978
2017-10-12 19:00:00,0.9548927545547485
2017-10-12 20:00:00,1.0236376523971558
2017-10-12 21:00:00,1.0366635173559189
2017-10-12 22:00:00,1.0320027023553848
2017-10-12 23:00:00,1.0296513736248016
2017-10-13 00:00:00,1.011772871017456
2017-10-13 01:00:00,0.9834375381469727
2017-10-13 02:00:00,0.8941501379013062
2017-10-13 03:00:00,1.843946784734726
2017-10-13 04:00:00,1.514225959777832
2017-10-13 05:00:00,1.919276475906372
2017-10-13 06:00:00,1.9613802433013916
2017-10-13 07:00:00,2.048824965953827
2017-10-13 08:00:00,2.1880142092704773
2017-10-13 09:00:00,2.2619526386260986
2017-10-13 10:00:00,2.0879183411598206
2017-10-13 11:00:00,1.4872461557388306
2017-10-13 12:00:00,0.5817640423774719
2017-10-13 13:00:00,0.6129669547080994
2017-10-13 14:00:00,0.5051523447036743
2017-10-13 15:00:00,0.47054553031921387
2017-10-13 16:00:00,0.5656272172927856
2017-10-13 17:00:00,0.6990756988525391
2017-10-13 18:00:00,0.787884533405304
2017-10-13 19:00:00,0.8951460123062134
2017-10-13 20:00:00,0.9518367052078247
2017-10-13 21:00:00,0.9600890874862671
2017-10-13 22:00:00,0.9128967523574829
2017-10-13 23:00:00,0.8285636454820633
2017-10-14 00:00:00,0.7440708130598068
2017-10-14 01:00:00,0.6876581907272339
2017-10-14 02:00:00,0.5731303691864014
2017-10-14 03:00:00,1.1455478966236115
2017-10-14 04:00:00,0.8096185922622681
2017-10-14 05:00:00,1.4441919326782227
2017-10-14 06:00:00,2.0468485355377197
2017-10-14 07:00:00,2.040225028991699
2017-10-14 08:00:00,1.9335405826568604
2017-10-14 09:00:00,1.7717686593532562
2017-10-14 10:00:00,1.7929634153842926
2017-10-14 11:00:00,1.417323112487793
2017-10-14 12:00:00,0.562641441822052
2017-10-14 13:00:00,0.5491267517209053
2017-10-14 14:00:00,0.5119204521179199
2017-10-14 15:00:00,0.5752499103546143
2017-10-14 16:00:00,0.6772465109825134
2017-10-14 17:00:00,0.8157998323440552
2017-10-14 18:00:00,0.9405961632728577
2017-10-14 19:00:00,1.0175114870071411
2017-10-14 20:00:00,1.049687847495079
2017-10-14 21:00:00,1.0536195039749146
2017-10-14 22:00:00,1.0197986364364624
2017-10-14 23:00:00,0.9861487150192261
2017-10-15 00:00:00,0.957611083984375
2017-10-15 01:00:00,0.9324249029159546
2017-10-15 02:00:00,0.7178041338920593
2017-10-15 03:00:00,1.158408761024475
2017-10-15 04:00:00,0.8549466133117676
2017-10-15 05:00:00,1.0980046093463898
2017-10-15 06:00:00,1.9035893380641937
2017-10-15 07:00:00,2.0685954093933105
2017-10-15 08:00:00,2.0880625247955322
2017-10-15 09:00:00,1.967811107635498
2017-10-15 10:00:00,1.55697500705719
2017-10-15 11:00:00,0.9688332080841064
2017-10-15 12:00:00,0.29957258701324463
2017-10-15 13:00:00,0.19341731071472168
2017-10-15 14:00:00,0.09718465805053711
2017-10-15 15:00:00,0.07479238510131836
2017-10-15 16:00:00,0.21195685863494873
2017-10-15 17:00:00,0.4110865592956543
2017-10-15 18:00:00,0.6223254203796387
2017-10-15 19:00:00,0.7572168111801147
2017-10-15 20:00:00,0.9243545532226562
2017-10-15 21:00:00,1.0795123726129532
2017-10-15 22:00:00,1.1763432025909424
2017-10-15 23:00:00,1.211747169494629
2017-10-16 00:00:00,1.2029213905334473
2017-10-16 01:00:00,1.173336386680603
2017-10-16 02:00:00,0.9484219551086426
2017-10-16 03:00:00,1.6740202903747559
2017-10-16 04:00:00,0.9971890449523926
2017-10-16 05:00:00,0.7926511764526367
2017-10-16 06:00:00,1.1952695846557617
2017-10-16 07:00:00,1.267498254776001
2017-10-16 08:00:00,1.3815361261367798
2017-10-16 09:00:00,1.5196774005889893
2017-10-16 10:00:00,1.5480550527572632
2017-10-16 11:00:00,1.0815999507904053
2017-10-16 12:00:00,0.4623708724975586
2017-10-16 13:00:00,0.42225217819213867
2017-10-16 14:00:00,0.36822962760925293
2017-10-16 15:00:00,0.3964587450027466
2017-10-16 16:00:00,0.44737863540649414
2017-10-16 17:00:00,0.5540143847465515
2017-10-16 18:00:00,0.6679632663726807
2017-10-16 19:00:00,0.74637670814991
2017-10-16 20:00:00,0.7794420123100281
2017-10-16 21:00:00,0.762678325176239
2017-10-16 22:00:00,0.7698097229003906
2017-10-16 23:00:00,0.7378410696983337
2017-10-17 00:00:00,0.7088727355003357
2017-10-17 01:00:00,0.6732645630836487
2017-10-17 02:00:00,0.5258781313896179
2017-10-17 03:00:00,0.9724354445934296
2017-10-17 04:00:00,0.7430632561445236
2017-10-17 05:00:00,1.238356113433838
2017-10-17 06:00:00,1.6667180061340332
2017-10-17 07:00:00,1.8391985893249512
2017-10-17 08:00:00,1.986243188381195
2017-10-17 09:00:00,2.084741622209549
2017-10-17 10:00:00,1.9493002891540527
2017-10-17 11:00:00,1.403550386428833
2017-10-17 12:00:00,0.5652097463607788
2017-10-17 13:00:00,0.5681456327438354
2017-10-17 14:00:00,0.524032473564148
2017-10-17 15:00:00,0.5373992919921875
2017-10-17 16:00:00,0.5580976009368896
2017-10-17 17:00:00,0.5804401636123657
2017-10-17 18:00:00,0.5814234614372253
2017-10-17 19:00:00,0.5508097410202026
2017-10-17 20:00:00,0.47693586349487305
2017-10-17 21:00:00,0.3627192974090576
2017-10-17 22:00:00,0.42067037522792816
2017-10-17 23:00:00,0.45861929655075073
2017-10-18 00:00:00,0.4639087915420532
2017-10-18 01:00:00,0.45897936820983887
2017-10-18 02:00:00,0.38672566413879395
2017-10-18 03:00:00,0.6823984384536743
2017-10-18 04:00:00,0.6985843181610107
2017-10-18 05:00:00,1.1126480102539062
2017-10-18 06:00:00,1.249372124671936
2017-10-18 07:00:00,1.3123602867126465
2017-10-18 08:00:00,1.417130246758461
2017-10-18 09:00:00,1.4550139755010605
2017-10-18 10:00:00,1.2621604204177856
2017-10-18 11:00:00,0.7933347150683403
2017-10-18 12:00:00,0.29817233234643936
2017-10-18 13:00:00,0.24509531259536743
2017-10-18 14:00:00,0.16760432720184326
2017-10-18 15:00:00,0.09829610586166382
2017-10-18 16:00:00,0.050195932388305664
2017-10-18 17:00:00,-0.017212413251399994
2017-10-18 18:00:00,-0.09759662300348282
2017-10-18 19:00:00,-0.1835242509841919
2017-10-18 20:00:00,-0.27650270611047745
2017-10-18 21:00:00,-0.3745322450995445
2017-10-18 22:00:00,-0.5012128949165344
2017-10-18 23:00:00,-0.5780576467514038
2017-10-19 00:00:00,-0.6270058155059814
2017-10-19 01:00:00,-0.6825147867202759
2017-10-19 02:00:00,-0.5919198989868164
2017-10-19 03:00:00,-0.9573384523391724
2017-10-19 04:00:00,-0.12244856357574463
2017-10-19 05:00:00,-0.7141172885894775
2017-10-19 06:00:00,-0.7017378807067871
2017-10-19 07:00:00,-0.34907371550798416
2017-10-19 08:00:00,0.1354050636291504
2017-10-19 09:00:00,0.5637354403734207
2017-10-19 10:00:00,0.7386599779129028
2017-10-19 11:00:00,0.7129967212677002
2017-10-19 12:00:00,0.5361559987068176
2017-10-19 13:00:00,0.7885490730404854
2017-10-19 14:00:00,0.7949270904064178
2017-10-19 15:00:00,0.7760963439941406
2017-10-19 16:00:00,0.7604581862688065
2017-10-19 17:00:00,0.7398919612169266
2017-10-19 18:00:00,0.7084658145904541
2017-10-19 19:00:00,0.6560041904449463
2017-10-19 20:00:00,0.583003580570221
2017-10-19 21:00:00,0.5108703970909119
2017-10-19 22:00:00,0.31234610080718994
2017-10-19 23:00:00,0.11255177855491638
2017-10-20 00:00:00,-0.060461997985839844
2017-10-20 01:00:00,-0.1722378134727478
2017-10-20 02:00:00,-0.21649669855833054
2017-10-20 03:00:00,-0.31611790508031845
2017-10-20 04:00:00,-0.14865367487072945
2017-10-20 05:00:00,0.2574688196182251
2017-10-20 06:00:00,0.6490545719861984
2017-10-20 07:00:00,0.7194932624697685
2017-10-20 08:00:00,0.8415599316358566
2017-10-20 09:00:00,0.9954154565930367
2017-10-20 10:00:00,1.2483464479446411
2017-10-20 11:00:00,1.089766949415207
2017-10-20 12:00:00,0.5959389209747314
2017-10-20 13:00:00,0.6129487752914429
2017-10-20 14:00:00,0.4558860659599304
2017-10-20 15:00:00,0.3059023767709732
2017-10-20 16:00:00,0.20796403288841248
2017-10-20 17:00:00,0.13376444578170776
2017-10-20 18:00:00,0.08931821584701538
2017-10-20 19:00:00,0.06913779210299253
2017-10-20 20:00:00,0.07792458310723305
2017-10-20 21:00:00,0.14061127975583076
2017-10-20 22:00:00,0.2553721386939287
2017-10-20 23:00:00,0.4698726534843445
2017-10-21 00:00:00,0.7076237797737122
2017-10-21 01:00:00,0.8973981142044067
2017-10-21 02:00:00,0.8604423403739929
2017-10-21 03:00:00,1.6419637203216553
2017-10-21 04:00:00,1.6065925359725952
2017-10-21 05:00:00,1.5116291046142578
2017-10-21 06:00:00,2.147647112607956
2017-10-21 07:00:00,2.286149740219116
2017-10-21 08:00:00,2.3913092613220215
2017-10-21 09:00:00,2.389609307050705
2017-10-21 10:00:00,2.2212164402008057
2017-10-21 11:00:00,1.1896817535161972
2017-10-21 12:00:00,0.6641799658536911
2017-10-21 13:00:00,0.6715317517518997
2017-10-21 14:00:00,0.6957287341356277
2017-10-21 15:00:00,0.7863248586654663
2017-10-21 16:00:00,0.9724033176898956
2017-10-21 17:00:00,1.1182719469070435
2017-10-21 18:00:00,1.1933140754699707
2017-10-21 19:00:00,1.2175512313842773
2017-10-21 20:00:00,1.1941819190979004
2017-10-21 21:00:00,1.1187198162078857
2017-10-21 22:00:00,0.7808482050895691
2017-10-21 23:00:00,0.36733053624629974
2017-10-22 00:00:00,0.006796926259994507
2017-10-22 01:00:00,-0.23002409934997559
2017-10-22 02:00:00,-0.27128952741622925
2017-10-22 03:00:00,-0.365975558757782
2017-10-22 04:00:00,0.11906943470239639
2017-10-22 05:00:00,0.4252481609582901
2017-10-22 06:00:00,1.0561201721429825
2017-10-22 07:00:00,1.5568623542785645
2017-10-22 08:00:00,1.8666980266571045
2017-10-22 09:00:00,2.0713568329811096
2017-10-22 10:00:00,1.6247801780700684
2017-10-22 11:00:00,0.7107162028551102
2017-10-22 12:00:00,0.09894394874572754
2017-10-22 13:00:00,-0.12897980213165283
2017-10-22 14:00:00,-0.20692837238311768
2017-10-22 15:00:00,-0.18611443042755127
2017-10-22 16:00:00,0.0998305082321167
2017-10-22 17:00:00,0.45929698646068573
2017-10-22 18:00:00,0.6982656717300415
2017-10-22 19:00:00,0.9016215726733208
2017-10-22 20:00:00,0.9670448005199432
2017-10-22 21:00:00,0.9387123584747314
2017-10-22 22:00:00,0.6957628279924393
2017-10-22 23:00:00,0.436840932816267
2017-10-23 00:00:00,0.23125850781798363
2017-10-23 01:00:00,0.06294465065002441
2017-10-23 02:00:00,-0.06818841397762299
2017-10-23 03:00:00,-0.0957416296005249
2017-10-23 04:00:00,-0.0032867155969142914
2017-10-23 05:00:00,0.18242615647614002
2017-10-23 06:00:00,1.015021562576294
2017-10-23 07:00:00,1.350553035736084
2017-10-23 08:00:00,1.5498844385147095
2017-10-23 09:00:00,1.665156990289688
2017-10-23 10:00:00,1.5688626766204834
2017-10-23 11:00:00,0.7800605744123459
2017-10-23 12:00:00,0.5055172443389893
2017-10-23 13:00:00,0.4254739284515381
2017-10-23 14:00:00,0.3269215524196625
2017-10-23 15:00:00,0.28755655884742737
2017-10-23 16:00:00,0.3021813631057739
2017-10-23 17:00:00,0.34829241037368774
2017-10-23 18:00:00,0.4353935495018959
2017-10-23 19:00:00,0.5417176559567451
2017-10-23 20:00:00,0.6450040936470032
2017-10-23 21:00:00,0.7216006517410278
2017-10-23 22:00:00,0.8138434290885925
2017-10-23 23:00:00,0.8933398723602295
2017-10-24 00:00:00,0.9595597386360168
2017-10-24 01:00:00,1.0080320537090302
2017-10-24 02:00:00,0.9784176051616669
2017-10-24 03:00:00,2.0083403289318085
2017-10-24 04:00:00,1.9815393090248108
2017-10-24 05:00:00,1.7745170593261719
2017-10-24 06:00:00,2.499636650085449
2017-10-24 07:00:00,2.712097644805908
2017-10-24 08:00:00,2.827385425567627
2017-10-24 09:00:00,2.8719656467437744
2017-10-24 10:00:00,2.616915702819824
2017-10-24 11:00:00,1.3055070638656616
2017-10-24 12:00:00,0.8637014627456665
2017-10-24 13:00:00,0.935414269566536
2017-10-24 14:00:00,0.9201759845018387
2017-10-24 15:00:00,0.9464706182479858
2017-10-24 16:00:00,1.0668912082910538
2017-10-24 17:00:00,1.1898322105407715
2017-10-24 18:00:00,1.295301914215088
2017-10-24 19:00:00,1.3849469423294067
2017-10-24 20:00:00,1.4536198377609253
2017-10-24 21:00:00,1.4968178272247314
2017-10-24 22:00:00,1.5085426568984985
2017-10-24 23:00:00,1.445163369178772
2017-10-25 00:00:00,1.314039707183838
2017-10-25 01:00:00,1.1605170965194702
2017-10-25 02:00:00,0.9299331903457642
2017-10-25 03:00:00,1.6979955732822418
2017-10-25 04:00:00,0.9867597818374634
2017-10-25 05:00:00,1.1569599956274033
2017-10-25 06:00:00,2.046489715576172
2017-10-25 07:00:00,2.063074767589569
2017-10-25 08:00:00,1.9835520386695862
2017-10-25 09:00:00,1.8829543590545654
2017-10-25 10:00:00,1.7720446586608887
2017-10-25 11:00:00,0.8871198147535324
2017-10-25 12:00:00,0.5623974651098251
2017-10-25 13:00:00,0.4297635406255722
2017-10-25 14:00:00,0.24584537744522095
2017-10-25 15:00:00,0.1285960078239441
2017-10-25 16:00:00,0.013911474496126175
2017-10-25 17:00:00,-0.037275344133377075
2017-10-25 18:00:00,-0.08943819999694824
2017-10-25 19:00:00,-0.1902604103088379
2017-10-25 20:00:00,-0.30577611923217773
2017-10-25 21:00:00,-0.4114624112844467
2017-10-25 22:00:00,-0.4834133982658386
2017-10-25 23:00:00,-0.5296676158905029
2017-10-26 00:00:00,-0.5908539295196533
2017-10-26 01:00:00,-0.6357411220669746
2017-10-26 02:00:00,-0.5139757469296455
2017-10-26 03:00:00,-0.9617043733596802
2017-10-26 04:00:00,-0.8419245481491089
2017-10-26 05:00:00,-0.8570895791053772
2017-10-26 06:00:00,-0.3949897922575474
2017-10-26 07:00:00,-0.24863671511411667
2017-10-26 08:00:00,-0.18668538704514503
2017-10-26 09:00:00,-0.2322465218603611
2017-10-26 10:00:00,-0.47914052358828485
2017-10-26 11:00:00,-0.6540705896914005
2017-10-26 12:00:00,-0.7686700820922852
2017-10-26 13:00:00,-1.062222957611084
2017-10-26 14:00:00,-1.157777190208435
2017-10-26 15:00:00,-1.2084150314331055
2017-10-26 16:00:00,-1.2073866128921509
2017-10-26 17:00:00,-1.2082312107086182
2017-10-26 18:00:00,-1.2133204936981201
2017-10-26 19:00:00,-1.2315187454223633
2017-10-26 20:00:00,-1.2281108051538467
2017-10-26 21:00:00,-1.2189964056015015
2017-10-26 22:00:00,-1.2360471487045288
2017-10-26 23:00:00,-1.2109283208847046
2017-10-27 00:00:00,-1.134962558746338
2017-10-27 01:00:00,-0.9904439300298691
2017-10-27 02:00:00,-0.7161707878112793
2017-10-27 03:00:00,-0.8399451971054077
2017-10-27 04:00:00,-0.4425390958786011
2017-10-27 05:00:00,-0.13786286115646362
2017-10-27 06:00:00,0.3859369158744812
2017-10-27 07:00:00,0.7266212962567806
2017-10-27 08:00:00,0.9346526935696602
2017-10-27 09:00:00,1.0206192806363106
2017-10-27 10:00:00,0.7061542272567749
2017-10-27 11:00:00,0.13945931196212769
2017-10-27 12:00:00,-0.11633539199829102
2017-10-27 13:00:00,-0.37352676689624786
2017-10-27 14:00:00,-0.5565923452377319
2017-10-27 15:00:00,-0.684066891670227
2017-10-27 16:00:00,-0.8121084719896317
2017-10-27 17:00:00,-0.9088212177157402
2017-10-27 18:00:00,-0.9790992438793182
2017-10-27 19:00:00,-1.01730515062809
2017-10-27 20:00:00,-1.0384721755981445
2017-10-27 21:00:00,-1.0297014564275742
2017-10-27 22:00:00,-0.9885940849781036
2017-10-27 23:00:00,-0.9328972101211548
2017-10-28 00:00:00,-0.8551363945007324
2017-10-28 01:00:00,-0.8191380500793457
2017-10-28 02:00:00,-0.7483317852020264
2017-10-28 03:00:00,-1.1593469381332397
2017-10-28 04:00:00,-0.9847618341445923
2017-10-28 05:00:00,-0.6726901531219482
2017-10-28 06:00:00,0.05246371030807495
2017-10-28 07:00:00,0.6735024005174637
2017-10-28 08:00:00,1.0050252676010132
2017-10-28 09:00:00,1.2092788070440292
2017-10-28 10:00:00,1.1118909046053886
2017-10-28 11:00:00,0.48883747681975365
2017-10-28 12:00:00,0.1738412957638502
2017-10-28 13:00:00,-0.1274535022675991
2017-10-28 14:00:00,-0.3836842402815819
2017-10-28 15:00:00,-0.5813534706830978
2017-10-28 16:00:00,-0.711061604321003
2017-10-28 17:00:00,-0.8153481483459473
2017-10-28 18:00:00,-0.8925241231918335
2017-10-28 19:00:00,-0.9571064710617065
2017-10-28 20:00:00,-1.0188153982162476
2017-10-28 21:00:00,-1.066408395767212
2017-10-28 22:00:00,-1.0821553468704224
2017-10-28 23:00:00,-1.0783480405807495
2017-10-29 00:00:00,-1.0632243156433105
2017-10-29 01:00:00,-1.0405848324298859
2017-10-29 02:00:00,-0.9043905735015869
2017-10-29 03:00:00,-1.3571244478225708
2017-10-29 04:00:00,-1.2357172966003418
2017-10-29 05:00:00,-0.9792976379394531
2017-10-29 06:00:00,-0.5121992826461792
2017-10-29 07:00:00,-0.07668471336364746
2017-10-29 08:00:00,0.18532466888427734
2017-10-29 09:00:00,0.4047236442565918
2017-10-29 10:00:00,0.35374927520751953
2017-10-29 11:00:00,0.008632659912109375
2017-10-29 12:00:00,-0.14789164066314697
2017-10-29 13:00:00,-0.3006153106689453
2017-10-29 14:00:00,-0.40603482723236084
2017-10-29 15:00:00,-0.5079526901245117
2017-10-29 16:00:00,-0.6422543525695801
2017-10-29 17:00:00,-0.7835577726364136
2017-10-29 18:00:00,-0.8937538862228394
2017-10-29 19:00:00,-0.9644094705581665
2017-10-29 20:00:00,-0.99491286277771
2017-10-29 21:00:00,-0.9902081787586212
2017-10-29 22:00:00,-0.9595267176628113
2017-10-29 23:00:00,-0.8941237926483154
2017-10-30 00:00:00,-0.7591280937194824
2017-10-30 01:00:00,-0.6314029097557068
2017-10-30 02:00:00,-0.4671304002404213
2017-10-30 03:00:00,-0.29965081810951233
2017-10-30 04:00:00,-0.2666471302509308
2017-10-30 05:00:00,-0.16370528563857079
2017-10-30 06:00:00,0.35844674706459045
2017-10-30 07:00:00,0.41753196343779564
2017-10-30 08:00:00,0.3733184337615967
2017-10-30 09:00:00,0.317400936037302
2017-10-30 10:00:00,0.5281178504228592
2017-10-30 11:00:00,0.34137604385614395
2017-10-30 12:00:00,0.15059047937393188
2017-10-30 13:00:00,0.08670078217983246
2017-10-30 14:00:00,0.06315173022449017
2017-10-30 15:00:00,0.1372194141149521
2017-10-30 16:00:00,0.16733229160308838
2017-10-30 17:00:00,0.19207912683486938
2017-10-30 18:00:00,0.22414813190698624
2017-10-30 19:00:00,0.2451321855187416
2017-10-30 20:00:00,0.26207053661346436
2017-10-30 21:00:00,0.26234664767980576
2017-10-30 22:00:00,0.3082730770111084
2017-10-30 23:00:00,0.3290484845638275
2017-10-31 00:00:00,0.3444829210639
2017-10-31 01:00:00,0.2787739932537079
2017-10-31 02:00:00,0.1361415684223175
2017-10-31 03:00:00,-0.01322588324546814
2017-10-31 04:00:00,-0.010081594809889793
2017-10-31 05:00:00,0.0048303306102752686
2017-10-31 06:00:00,0.7204529047012329
2017-10-31 07:00:00,1.150170922279358
2017-10-31 08:00:00,1.0887598991394043
2017-10-31 09:00:00,0.8513287305831909
2017-10-31 10:00:00,0.3548317179083824
2017-10-31 11:00:00,-0.11507672071456909
2017-10-31 12:00:00,-0.7160806059837341
2017-10-31 13:00:00,-1.0822148323059082
2017-10-31 14:00:00,-1.1902227401733398
2017-10-31 15:00:00,-1.1634719371795654
2017-10-31 16:00:00,-1.0774903297424316
2017-10-31 17:00:00,-0.9655910730361938
2017-10-31 18:00:00,-0.842720627784729
2017-10-31 19:00:00,-0.7301000356674194
2017-10-31 20:00:00,-0.6324684619903564
2017-10-31 21:00:00,-0.5475257039070129
2017-10-31 22:00:00,-0.4855501651763916
2017-10-31 23:00:00,-0.46398473158478737
2017-11-01 00:00:00,-0.49225354567170143
2017-11-01 01:00:00,-0.5773550868034363
2017-11-01 02:00:00,-0.6587345525622368
2017-11-01 03:00:00,-1.6309316158294678
2017-11-01 04:00:00,-1.6988166272640228
2017-11-01 05:00:00,-1.5023553371429443
2017-11-01 06:00:00,-0.7506571114063263
2017-11-01 07:00:00,-0.13609537482261658
2017-11-01 08:00:00,0.20682799816131592
2017-11-01 09:00:00,0.46120883524417877
2017-11-01 10:00:00,0.3087944984436035
2017-11-01 11:00:00,-0.07237185537815094
2017-11-01 12:00:00,-0.667890191078186
2017-11-01 13:00:00,-0.9796035289764404
2017-11-01 14:00:00,-1.1107760667800903
2017-11-01 15:00:00,-1.1796823740005493
2017-11-01 16:00:00,-1.1819744110107422
2017-11-01 17:00:00,-1.1388356685638428
2017-11-01 18:00:00,-1.0824007987976074
2017-11-01 19:00:00,-1.018584966659546
2017-11-01 20:00:00,-0.9588601291179657
2017-11-01 21:00:00,-0.8911818265914917
2017-11-01 22:00:00,-0.784677267074585
2017-11-01 23:00:00,-0.667322039604187
2017-11-02 00:00:00,-0.5727219507098198
2017-11-02 01:00:00,-0.5252820253372192
2017-11-02 02:00:00,-0.47837263345718384
2017-11-02 03:00:00,-1.0407694578170776
2017-11-02 04:00:00,-1.1375000327825546
2017-11-02 05:00:00,-1.1736688762903214
2017-11-02 06:00:00,-0.6244306564331055
2017-11-02 07:00:00,0.22481071949005127
2017-11-02 08:00:00,0.5858759880065918
2017-11-02 09:00:00,0.8036930561065674
2017-11-02 10:00:00,0.9018652439117432
2017-11-02 11:00:00,0.4062783718109131
2017-11-02 12:00:00,0.26016104221343994
2017-11-02 13:00:00,0.1357271671295166
2017-11-02 14:00:00,-0.00899660587310791
2017-11-02 15:00:00,-0.14906346797943115
2017-11-02 16:00:00,-0.2849259376525879
2017-11-02 17:00:00,-0.4080312252044678
2017-11-02 18:00:00,-0.5199947357177734
2017-11-02 19:00:00,-0.6307262182235718
2017-11-02 20:00:00,-0.7275382280349731
2017-11-02 21:00:00,-0.7610774040222168
2017-11-02 22:00:00,-0.7233819961547852
2017-11-02 23:00:00,-0.6203610301017761
2017-11-03 00:00:00,-0.49701154232025146
2017-11-03 01:00:00,-0.37846946716308594
2017-11-03 02:00:00,-0.28199124336242676
2017-11-03 03:00:00,-0.33284586668014526
2017-11-03 04:00:00,-0.190668523311615
2017-11-03 05:00:00,-0.3678387999534607
2017-11-03 06:00:00,-0.46493396908044815
2017-11-03 07:00:00,-0.3929559886455536
2017-11-03 08:00:00,-0.25258297845721245
2017-11-03 09:00:00,-0.12239624187350273
2017-11-03 10:00:00,-0.16507959365844727
2017-11-03 11:00:00,-0.16243768204003572
2017-11-03 12:00:00,-0.3646491765975952
2017-11-03 13:00:00,-0.5863096714019775
2017-11-03 14:00:00,-0.7199138849973679
2017-11-03 15:00:00,-0.8003476113080978
2017-11-03 16:00:00,-0.8142218589782715
2017-11-03 17:00:00,-0.7838673144578934
2017-11-03 18:00:00,-0.7157049104571342
2017-11-03 19:00:00,-0.6472930908203125
2017-11-03 20:00:00,-0.5890529230237007
2017-11-03 21:00:00,-0.5438889861106873
2017-11-03 22:00:00,-0.48477017879486084
2017-11-03 23:00:00,-0.409932017326355
2017-11-04 00:00:00,-0.3035926818847656
2017-11-04 01:00:00,-0.2631608247756958
2017-11-04 02:00:00,-0.3028625249862671
2017-11-04 03:00:00,-0.38348960876464844
2017-11-04 04:00:00,-0.507219672203064
2017-11-04 05:00:00,-0.9871002435684204
2017-11-04 06:00:00,-1.736613392829895
2017-11-04 07:00:00,-1.9390387535095215
2017-11-04 08:00:00,-1.9709219932556152
2017-11-04 09:00:00,-1.96138533949852
2017-11-04 10:00:00,-1.8313451707363129
2017-11-04 11:00:00,-1.306899905204773
2017-11-04 12:00:00,-0.699135422706604
2017-11-04 13:00:00,-0.6532989740371704
2017-11-04 14:00:00,-0.5336663722991943
2017-11-04 15:00:00,-0.37659311294555664
2017-11-04 16:00:00,-0.3042382001876831
2017-11-04 17:00:00,-0.22369486093521118
2017-11-04 18:00:00,-0.1425400972366333
2017-11-04 19:00:00,-0.09896582365036011
2017-11-04 20:00:00,-0.12493526935577393
2017-11-04 21:00:00,-0.14123892784118652
2017-11-04 22:00:00,-0.08663070201873779
2017-11-04 23:00:00,0.05988574028015137
2017-11-05 00:00:00,0.24546629190444946
2017-11-05 01:00:00,0.3887633681297302
2017-11-05 02:00:00,0.4390818476676941
2017-11-05 03:00:00,0.638375885784626
2017-11-05 04:00:00,0.7028298377990723
2017-11-05 05:00:00,0.767235279083252
2017-11-05 06:00:00,0.8382599353790283
2017-11-05 07:00:00,1.0784375965595245
2017-11-05 08:00:00,1.3830876499414444
2017-11-05 09:00:00,1.6329002380371094
2017-11-05 10:00:00,1.3644204139709473
2017-11-05 11:00:00,0.8957828283309937
2017-11-05 12:00:00,0.4712045192718506
2017-11-05 13:00:00,0.3790924549102783
2017-11-05 14:00:00,0.2500898838043213
2017-11-05 15:00:00,0.17022334039211273
2017-11-05 16:00:00,0.2895534634590149
2017-11-05 17:00:00,0.4012352228164673
2017-11-05 18:00:00,0.4823927879333496
2017-11-05 19:00:00,0.5273922681808472
2017-11-05 20:00:00,0.5396721959114075
2017-11-05 21:00:00,0.5547536611557007
2017-11-05 22:00:00,0.597540557384491
2017-11-05 23:00:00,0.683752715587616
2017-11-06 00:00:00,0.8101987838745117
2017-11-06 01:00:00,0.9406589269638062
2017-11-06 02:00:00,0.9562119245529175
2017-11-06 03:00:00,1.657440423965454
2017-11-06 04:00:00,1.873906135559082
2017-11-06 05:00:00,1.7393200397491455
2017-11-06 06:00:00,2.331681251525879
2017-11-06 07:00:00,2.3498075008392334
2017-11-06 08:00:00,2.365064650774002
2017-11-06 09:00:00,2.303591728210449
2017-11-06 10:00:00,2.02626895904541
2017-11-06 11:00:00,0.8050169348716736
2017-11-06 12:00:00,0.7135714888572693
2017-11-06 13:00:00,0.6862976476550102
2017-11-06 14:00:00,0.6434710025787354
2017-11-06 15:00:00,0.6248884201049805
2017-11-06 16:00:00,0.6408374309539795
2017-11-06 17:00:00,0.6438847780227661
2017-11-06 18:00:00,0.6395833492279053
2017-11-06 19:00:00,0.643133819103241
2017-11-06 20:00:00,0.6590163707733154
2017-11-06 21:00:00,0.6994479298591614
2017-11-06 22:00:00,0.755808413028717
2017-11-06 23:00:00,0.8674164414405823
2017-11-07 00:00:00,0.9801467657089233
2017-11-07 01:00:00,1.0496749877929688
2017-11-07 02:00:00,1.0011389553546906
2017-11-07 03:00:00,1.0336192846298218
2017-11-07 04:00:00,1.4954735040664673
2017-11-07 05:00:00,0.9251081496477127
2017-11-07 06:00:00,1.4175193309783936
2017-11-07 07:00:00,1.374237060546875
2017-11-07 08:00:00,1.3497683852910995
2017-11-07 09:00:00,1.2700464725494385
2017-11-07 10:00:00,0.7768871709704399
2017-11-07 11:00:00,0.40218132734298706
2017-11-07 12:00:00,0.4370996318757534
2017-11-07 13:00:00,0.4339997135102749
2017-11-07 14:00:00,0.40118974447250366
2017-11-07 15:00:00,0.36174410581588745
2017-11-07 16:00:00,0.3362768143415451
2017-11-07 17:00:00,0.2949638366699219
2017-11-07 18:00:00,0.2267305627465248
2017-11-07 19:00:00,0.1647052401676774
2017-11-07 20:00:00,0.15983790159225464
2017-11-07 21:00:00,0.22138702869415283
2017-11-07 22:00:00,0.31914985179901123
2017-11-07 23:00:00,0.49536049365997314
2017-11-08 00:00:00,0.703675389289856
2017-11-08 01:00:00,0.8672909736633301
2017-11-08 02:00:00,0.9019330739974976
2017-11-08 03:00:00,1.6280808448791504
2017-11-08 04:00:00,1.600517749786377
2017-11-08 05:00:00,1.3429139852523804
2017-11-08 06:00:00,1.9053521156311035
2017-11-08 07:00:00,1.9583730697631836
2017-11-08 08:00:00,2.0014445781707764
2017-11-08 09:00:00,1.9504334926605225
2017-11-08 10:00:00,1.6748440265655518
2017-11-08 11:00:00,0.589356005191803
2017-11-08 12:00:00,0.6549629718065262
2017-11-08 13:00:00,0.7072972804307938
2017-11-08 14:00:00,0.7318234443664551
2017-11-08 15:00:00,0.7477608919143677
2017-11-08 16:00:00,0.6713146716356277
2017-11-08 17:00:00,0.5228213667869568
2017-11-08 18:00:00,0.32201260328292847
2017-11-08 19:00:00,0.13446414470672607
2017-11-08 20:00:00,0.004533112049102783
2017-11-08 21:00:00,-0.04207718372344971
2017-11-08 22:00:00,0.00033783912658691406
2017-11-08 23:00:00,0.15496528148651123
2017-11-09 00:00:00,0.38662439584732056
2017-11-09 01:00:00,0.6184571385383606
2017-11-09 02:00:00,0.7470464780926704
2017-11-09 03:00:00,0.8356139659881592
2017-11-09 04:00:00,1.1896753311157227
2017-11-09 05:00:00,0.972299337387085
2017-11-09 06:00:00,1.5099744647741318
2017-11-09 07:00:00,1.7862160205841064
2017-11-09 08:00:00,1.7888824939727783
2017-11-09 09:00:00,1.6807122230529785
2017-11-09 10:00:00,1.4062933921813965
2017-11-09 11:00:00,0.43529094755649567
2017-11-09 12:00:00,0.3115023449063301
2017-11-09 13:00:00,0.15096739772707224
2017-11-09 14:00:00,-0.017682619392871857
2017-11-09 15:00:00,-0.11604736000299454
2017-11-09 16:00:00,-0.09423142671585083
2017-11-09 17:00:00,-0.056508637964725494
2017-11-09 18:00:00,-0.04085886478424072
2017-11-09 19:00:00,-0.033095717430114746
2017-11-09 20:00:00,-0.005720376968383789
2017-11-09 21:00:00,0.07490849494934082
2017-11-09 22:00:00,0.18869829177856445
2017-11-09 23:00:00,0.31209468841552734
2017-11-10 00:00:00,0.38369500637054443
2017-11-10 01:00:00,0.4020034074783325
2017-11-10 02:00:00,0.3939882516860962
2017-11-10 03:00:00,0.571677565574646
2017-11-10 04:00:00,0.6343384981155396
2017-11-10 05:00:00,0.628691554069519
2017-11-10 06:00:00,1.0599441528320312
2017-11-10 07:00:00,1.131278157234192
2017-11-10 08:00:00,1.1958017498254776
2017-11-10 09:00:00,1.1715363264083862
2017-11-10 10:00:00,1.1151732057332993
2017-11-10 11:00:00,0.39368992671370506
2017-11-10 12:00:00,0.5176346879452467
2017-11-10 13:00:00,0.5415450390428305
2017-11-10 14:00:00,0.583693377673626
2017-11-10 15:00:00,0.6228759717196226
2017-11-10 16:00:00,0.6812586113810539
2017-11-10 17:00:00,0.7146055102348328
2017-11-10 18:00:00,0.7049252390861511
2017-11-10 19:00:00,0.6662747859954834
2017-11-10 20:00:00,0.5099655389785767
2017-11-10 21:00:00,0.4358746409416199
2017-11-10 22:00:00,0.4132286310195923
2017-11-10 23:00:00,0.45438945293426514
2017-11-11 00:00:00,0.6179189085960388
2017-11-11 01:00:00,0.7176623940467834
2017-11-11 02:00:00,0.7455621957778931
2017-11-11 03:00:00,0.48891985416412354
2017-11-11 04:00:00,1.0043420493602753
2017-11-11 05:00:00,0.678350567817688
2017-11-11 06:00:00,1.281406283378601
2017-11-11 07:00:00,1.2630999088287354
2017-11-11 08:00:00,1.1007568538188934
2017-11-11 09:00:00,0.9679393768310547
2017-11-11 10:00:00,1.1220569908618927
2017-11-11 11:00:00,0.44922709465026855
2017-11-11 12:00:00,0.5342610478401184
2017-11-11 13:00:00,0.5319568663835526
2017-11-11 14:00:00,0.4867183715105057
2017-11-11 15:00:00,0.4848752021789551
2017-11-11 16:00:00,0.49949324131011963
2017-11-11 17:00:00,0.5320412516593933
2017-11-11 18:00:00,0.6523042321205139
2017-11-11 19:00:00,0.7512795925140381
2017-11-11 20:00:00,0.8023033142089844
2017-11-11 21:00:00,0.860975444316864
2017-11-11 22:00:00,0.8423384428024292
2017-11-11 23:00:00,0.8841614127159119
2017-11-12 00:00:00,0.9473835229873657
2017-11-12 01:00:00,1.026871681213379
2017-11-12 02:00:00,1.025317668914795
2017-11-12 03:00:00,0.7512359619140625
2017-11-12 04:00:00,1.405211329460144
2017-11-12 05:00:00,1.3264849185943604
2017-11-12 06:00:00,2.0193159580230713
2017-11-12 07:00:00,1.9645395278930664
2017-11-12 08:00:00,1.8452630043029785
2017-11-12 09:00:00,1.6967342793941498
2017-11-12 10:00:00,1.1452412605285645
2017-11-12 11:00:00,0.5173438787460327
2017-11-12 12:00:00,0.5894630551338196
2017-11-12 13:00:00,0.6372847557067871
2017-11-12 14:00:00,0.6877940148115158
2017-11-12 15:00:00,0.6732771396636963
2017-11-12 16:00:00,0.6124842762947083
2017-11-12 17:00:00,0.5303378030657768
2017-11-12 18:00:00,0.4386254698038101
2017-11-12 19:00:00,0.3468873519450426
2017-11-12 20:00:00,0.21627935767173767
2017-11-12 21:00:00,0.09392780810594559
2017-11-12 22:00:00,0.016520786564797163
2017-11-12 23:00:00,-0.052796121686697006
2017-11-13 00:00:00,-0.13357919454574585
2017-11-13 01:00:00,-0.19810321927070618
2017-11-13 02:00:00,-0.21256405115127563
2017-11-13 03:00:00,-0.10036396980285645
2017-11-13 04:00:00,-0.32935839891433716
2017-11-13 05:00:00,-0.3534088134765625
2017-11-13 06:00:00,-0.06577408313751221
2017-11-13 07:00:00,0.3412005305290222
2017-11-13 08:00:00,0.45352816581726074
2017-11-13 09:00:00,0.3481314182281494
2017-11-13 10:00:00,0.29304151237010956
2017-11-13 11:00:00,0.05862319469451904
2017-11-13 12:00:00,-0.08542365580797195
2017-11-13 13:00:00,-0.36763691902160645
2017-11-13 14:00:00,-0.637509860098362
2017-11-13 15:00:00,-0.8744434118270874
2017-11-13 16:00:00,-1.0816155672073364
2017-11-13 17:00:00,-1.265367031097412
2017-11-13 18:00:00,-1.30647873878479
2017-11-13 19:00:00,-1.3244260549545288
2017-11-13 20:00:00,-1.3699345588684082
2017-11-13 21:00:00,-1.4082919359207153
2017-11-13 22:00:00,-1.3601722717285156
2017-11-13 23:00:00,-1.2944905757904053
2017-11-14 00:00:00,-1.2630105018615723
2017-11-14 01:00:00,-1.242663860321045
2017-11-14 02:00:00,-1.2979509830474854
2017-11-14 03:00:00,-2.1213390827178955
2017-11-14 04:00:00,-2.0243544578552246
2017-11-14 05:00:00,-2.152966022491455
2017-11-14 06:00:00,-2.0650110244750977
2017-11-14 07:00:00,-1.9579720497131348
2017-11-14 08:00:00,-1.8551474511623383
2017-11-14 09:00:00,-1.7647449970245361
2017-11-14 10:00:00,-1.699695110321045
2017-11-14 11:00:00,-0.8162721395492554
2017-11-14 12:00:00,-0.9864819347858429
2017-11-14 13:00:00,-1.2169349193572998
2017-11-14 14:00:00,-1.2744336128234863
2017-11-14 15:00:00,-1.312784194946289
2017-11-14 16:00:00,-1.3829076290130615
2017-11-14 17:00:00,-1.4342997074127197
2017-11-14 18:00:00,-1.4419479370117188
2017-11-14 19:00:00,-1.4414509534835815
2017-11-14 20:00:00,-1.4668126106262207
2017-11-14 21:00:00,-1.4676380157470703
2017-11-14 22:00:00,-1.4556920528411865
2017-11-14 23:00:00,-1.4446675777435303
2017-11-15 00:00:00,-1.4199389219284058
2017-11-15 01:00:00,-1.332389235496521
2017-11-15 02:00:00,-1.2969493865966797
2017-11-15 03:00:00,-2.380462646484375
2017-11-15 04:00:00,-1.9247055053710938
2017-11-15 05:00:00,-1.811288744211197
2017-11-15 06:00:00,-1.831261545419693
2017-11-15 07:00:00,-1.427467942237854
2017-11-15 08:00:00,-1.1859910488128662
2017-11-15 09:00:00,-1.0991027355194092
2017-11-15 10:00:00,-1.2127487510442734
2017-11-15 11:00:00,-0.8801967650651932
2017-11-15 12:00:00,-0.7802524566650391
2017-11-15 13:00:00,-0.8483304530382156
2017-11-15 14:00:00,-0.8944627046585083
2017-11-15 15:00:00,-0.902699664235115
2017-11-15 16:00:00,-0.9004571884870529
2017-11-15 17:00:00,-0.9082449674606323
2017-11-15 18:00:00,-0.8964210003614426
2017-11-15 19:00:00,-0.8722197562456131
2017-11-15 20:00:00,-0.8849115371704102
2017-11-15 21:00:00,-0.9145355224609375
2017-11-15 22:00:00,-0.9278682470321655
2017-11-15 23:00:00,-0.9085102081298828
2017-11-16 00:00:00,-0.8805099725723267
2017-11-16 01:00:00,-0.8753184080123901
2017-11-16 02:00:00,-0.777105450630188
2017-11-16 03:00:00,-0.7487849071621895
2017-11-16 04:00:00,-0.26987696066498756
2017-11-16 05:00:00,-0.06169335450977087
2017-11-16 06:00:00,-0.6005511358380318
2017-11-16 07:00:00,-0.30608055740594864
2017-11-16 08:00:00,-0.01907658576965332
2017-11-16 09:00:00,0.2958872765302658
2017-11-16 10:00:00,0.46126942336559296
2017-11-16 11:00:00,0.3866981267929077
2017-11-16 12:00:00,0.5548072457313538
2017-11-16 13:00:00,0.6327673122286797
2017-11-16 14:00:00,0.6446164846420288
2017-11-16 15:00:00,0.5905427485704422
2017-11-16 16:00:00,0.49573272466659546
2017-11-16 17:00:00,0.3575856648385525
2017-11-16 18:00:00,0.20282642915844917
2017-11-16 19:00:00,0.07163908705115318
2017-11-16 20:00:00,-0.028684668242931366
2017-11-16 21:00:00,-0.07042098045349121
2017-11-16 22:00:00,-0.05903273820877075
2017-11-16 23:00:00,0.008421611040830612
2017-11-17 00:00:00,0.1402665339410305
2017-11-17 01:00:00,0.2927515581250191
2017-11-17 02:00:00,0.4361429437994957
2017-11-17 03:00:00,1.0426058620214462
2017-11-17 04:00:00,0.9682558849453926
2017-11-17 05:00:00,0.8296439945697784
2017-11-17 06:00:00,0.7203309535980225
2017-11-17 07:00:00,0.6648892089724541
2017-11-17 08:00:00,0.6973714902997017
2017-11-17 09:00:00,0.8306826427578926
2017-11-17 10:00:00,1.1175163984298706
2017-11-17 11:00:00,0.815834641456604
2017-11-17 12:00:00,0.9715607166290283
2017-11-17 13:00:00,1.0704901218414307
2017-11-17 14:00:00,1.0273253619670868
2017-11-17 15:00:00,1.042268067598343
2017-11-17 16:00:00,1.2309908866882324
2017-11-17 17:00:00,1.3343539237976074
2017-11-17 18:00:00,1.255670189857483
2017-11-17 19:00:00,1.1453690230846405
2017-11-17 20:00:00,0.9727170467376709
2017-11-17 21:00:00,0.8927878141403198
2017-11-17 22:00:00,0.8089515566825867
2017-11-17 23:00:00,0.8562374711036682
2017-11-18 00:00:00,0.9591743499040604
2017-11-18 01:00:00,1.0554099082946777
2017-11-18 02:00:00,1.2366225719451904
2017-11-18 03:00:00,2.1284947395324707
2017-11-18 04:00:00,1.8248317241668701
2017-11-18 05:00:00,1.8157415390014648
2017-11-18 06:00:00,1.715673804283142
2017-11-18 07:00:00,1.6871380805969238
2017-11-18 08:00:00,1.6662537306547165
2017-11-18 09:00:00,1.343129649758339
2017-11-18 10:00:00,0.9954080656170845
2017-11-18 11:00:00,0.5133047699928284
2017-11-18 12:00:00,0.5070817321538925
2017-11-18 13:00:00,0.7652049139142036
2017-11-18 14:00:00,1.0658719539642334
2017-11-18 15:00:00,1.2263917922973633
2017-11-18 16:00:00,1.3148720264434814
2017-11-18 17:00:00,1.3273417949676514
2017-11-18 18:00:00,1.2758921384811401
2017-11-18 19:00:00,1.2229331731796265
2017-11-18 20:00:00,1.1815588474273682
2017-11-18 21:00:00,1.1198705434799194
2017-11-18 22:00:00,1.0924186557531357
2017-11-18 23:00:00,1.1104775667190552
2017-11-19 00:00:00,1.165396809577942
2017-11-19 01:00:00,1.2213749885559082
2017-11-19 02:00:00,1.3810399770736694
2017-11-19 03:00:00,2.1116905212402344
2017-11-19 04:00:00,2.138072967529297
2017-11-19 05:00:00,2.377601146697998
2017-11-19 06:00:00,2.727327346801758
2017-11-19 07:00:00,2.824460983276367
2017-11-19 08:00:00,2.8992276191711426
2017-11-19 09:00:00,2.980175733566284
2017-11-19 10:00:00,2.8619508743286133
2017-11-19 11:00:00,2.039311647415161
2017-11-19 12:00:00,1.1197923421859741
2017-11-19 13:00:00,1.1968131065368652
2017-11-19 14:00:00,1.2272825241088867
2017-11-19 15:00:00,1.1905314922332764
2017-11-19 16:00:00,1.1427876949310303
2017-11-19 17:00:00,1.0485434234142303
2017-11-19 18:00:00,0.9917478561401367
2017-11-19 19:00:00,1.0100569427013397
2017-11-19 20:00:00,1.063666820526123
2017-11-19 21:00:00,1.089475393295288
2017-11-19 22:00:00,1.202285647392273
2017-11-19 23:00:00,1.3342256546020508
2017-11-20 00:00:00,1.434455394744873
2017-11-20 01:00:00,1.4133117198944092
2017-11-20 02:00:00,1.4007627964019775
2017-11-20 03:00:00,2.744205951690674
2017-11-20 04:00:00,2.246248483657837
2017-11-20 05:00:00,2.5992517471313477
2017-11-20 06:00:00,2.7656707763671875
2017-11-20 07:00:00,2.8890175819396973
2017-11-20 08:00:00,2.9802820682525635
2017-11-20 09:00:00,3.064924716949463
2017-11-20 10:00:00,3.067824602127075
2017-11-20 11:00:00,1.8473002910614014
2017-11-20 12:00:00,1.1702649593353271
2017-11-20 13:00:00,1.2477823495864868
2017-11-20 14:00:00,1.2208352088928223
2017-11-20 15:00:00,1.2323822975158691
2017-11-20 16:00:00,1.300302267074585
2017-11-20 17:00:00,1.32594633102417
2017-11-20 18:00:00,1.3259217739105225
2017-11-20 19:00:00,1.369832992553711
2017-11-20 20:00:00,1.3973751068115234
2017-11-20 21:00:00,1.397569179534912
2017-11-20 22:00:00,1.4683949947357178
2017-11-20 23:00:00,1.6276977062225342
2017-11-21 00:00:00,1.7495532035827637
2017-11-21 01:00:00,1.8440639972686768
2017-11-21 02:00:00,2.1117775440216064
2017-11-21 03:00:00,3.5386762619018555
2017-11-21 04:00:00,2.9216978549957275
2017-11-21 05:00:00,3.7827959060668945
2017-11-21 06:00:00,3.7358806133270264
2017-11-21 07:00:00,3.5939230918884277
2017-11-21 08:00:00,3.4618661403656006
2017-11-21 09:00:00,3.250032663345337
2017-11-21 10:00:00,2.997864246368408
2017-11-21 11:00:00,1.5620677471160889
2017-11-21 12:00:00,1.0859730243682861
2017-11-21 13:00:00,1.1739344596862793
2017-11-21 14:00:00,1.2450642585754395
2017-11-21 15:00:00,1.2722784280776978
2017-11-21 16:00:00,1.290423035621643
2017-11-21 17:00:00,1.2881674766540527
2017-11-21 18:00:00,1.289676308631897
2017-11-21 19:00:00,1.3231759071350098
2017-11-21 20:00:00,1.3779876232147217
2017-11-21 21:00:00,1.450911045074463
2017-11-21 22:00:00,1.4786454439163208
2017-11-21 23:00:00,1.543288230895996
2017-11-22 00:00:00,1.5874323844909668
2017-11-22 01:00:00,1.5677093267440796
2017-11-22 02:00:00,1.559275507926941
2017-11-22 03:00:00,2.824136257171631
2017-11-22 04:00:00,2.5782246589660645
2017-11-22 05:00:00,2.557521343231201
2017-11-22 06:00:00,3.0089502334594727
2017-11-22 07:00:00,2.9691593647003174
2017-11-22 08:00:00,3.015061378479004
2017-11-22 09:00:00,3.0211739540100098
2017-11-22 10:00:00,2.908113956451416
2017-11-22 11:00:00,1.5880610942840576
2017-11-22 12:00:00,1.1895580291748047
2017-11-22 13:00:00,1.2771581411361694
2017-11-22 14:00:00,1.294964075088501
2017-11-22 15:00:00,1.3258647918701172
2017-11-22 16:00:00,1.4314302206039429
2017-11-22 17:00:00,1.5578699111938477
2017-11-22 18:00:00,1.6763920783996582
2017-11-22 19:00:00,1.76261568069458
2017-11-22 20:00:00,1.7466199398040771
2017-11-22 21:00:00,1.6892813444137573
2017-11-22 22:00:00,1.5304367542266846
2017-11-22 23:00:00,1.4358071088790894
2017-11-23 00:00:00,1.334352731704712
2017-11-23 01:00:00,1.3267016410827637
2017-11-23 02:00:00,1.3702385425567627
2017-11-23 03:00:00,2.8614859580993652
2017-11-23 04:00:00,2.6164636611938477
2017-11-23 05:00:00,2.368476629257202
2017-11-23 06:00:00,2.911376476287842
2017-11-23 07:00:00,2.71640682220459
2017-11-23 08:00:00,2.748366355895996
2017-11-23 09:00:00,2.7396059036254883
2017-11-23 10:00:00,2.5490989685058594
2017-11-23 11:00:00,1.013892650604248
2017-11-23 12:00:00,1.0839751958847046
2017-11-23 13:00:00,1.1495692729949951
2017-11-23 14:00:00,1.169788122177124
2017-11-23 15:00:00,1.2188161611557007
2017-11-23 16:00:00,1.264630675315857
2017-11-23 17:00:00,1.3118665218353271
2017-11-23 18:00:00,1.3719656467437744
2017-11-23 19:00:00,1.4219151735305786
2017-11-23 20:00:00,1.442911148071289
2017-11-23 21:00:00,1.4678131341934204
2017-11-23 22:00:00,1.4054588079452515
2017-11-23 23:00:00,1.3447269201278687
2017-11-24 00:00:00,1.2917977571487427
2017-11-24 01:00:00,1.2472234964370728
2017-11-24 02:00:00,1.189190149307251
2017-11-24 03:00:00,2.1561973094940186
2017-11-24 04:00:00,1.946927934885025
2017-11-24 05:00:00,1.5337352752685547
2017-11-24 06:00:00,1.9861102104187012
2017-11-24 07:00:00,2.0400235652923584
2017-11-24 08:00:00,2.275856226682663
2017-11-24 09:00:00,2.4586071968078613
2017-11-24 10:00:00,2.370720386505127
2017-11-24 11:00:00,0.8775510340929031
2017-11-24 12:00:00,0.9670369625091553
2017-11-24 13:00:00,0.9798114746809006
2017-11-24 14:00:00,0.9950287789106369
2017-11-24 15:00:00,1.0562093406915665
2017-11-24 16:00:00,1.1200484037399292
2017-11-24 17:00:00,1.1862956285476685
2017-11-24 18:00:00,1.2307040691375732
2017-11-24 19:00:00,1.2726929187774658
2017-11-24 20:00:00,1.3440607786178589
2017-11-24 21:00:00,1.4555550813674927
2017-11-24 22:00:00,1.5279737710952759
2017-11-24 23:00:00,1.548403024673462
2017-11-25 00:00:00,1.5048683881759644
2017-11-25 01:00:00,1.4226648807525635
2017-11-25 02:00:00,1.3436121940612793
2017-11-25 03:00:00,1.9497296810150146
2017-11-25 04:00:00,2.2294836044311523
2017-11-25 05:00:00,1.561621904373169
2017-11-25 06:00:00,2.0991511046886444
2017-11-25 07:00:00,2.0729782581329346
2017-11-25 08:00:00,1.96400785446167
2017-11-25 09:00:00,1.9067354202270508
2017-11-25 10:00:00,1.8223607540130615
2017-11-25 11:00:00,0.7080445289611816
2017-11-25 12:00:00,0.9865924119949341
2017-11-25 13:00:00,0.8839234113693237
2017-11-25 14:00:00,0.7279906868934631
2017-11-25 15:00:00,0.5388758182525635
2017-11-25 16:00:00,0.5086721777915955
2017-11-25 17:00:00,0.4890832304954529
2017-11-25 18:00:00,0.48451684415340424
2017-11-25 19:00:00,0.47261565923690796
2017-11-25 20:00:00,0.44367659091949463
2017-11-25 21:00:00,0.41855525970458984
2017-11-25 22:00:00,0.25258302688598633
2017-11-25 23:00:00,0.17425096035003662
2017-11-26 00:00:00,0.22264814376831055
2017-11-26 01:00:00,0.309403657913208
2017-11-26 02:00:00,0.43938636779785156
2017-11-26 03:00:00,0.4295082092285156
2017-11-26 04:00:00,0.9316251277923584
2017-11-26 05:00:00,0.978748083114624
2017-11-26 06:00:00,1.8654329776763916
2017-11-26 07:00:00,2.2211360931396484
2017-11-26 08:00:00,2.6421666145324707
2017-11-26 09:00:00,2.826913833618164
2017-11-26 10:00:00,2.291241616010666
2017-11-26 11:00:00,0.7201454639434814
2017-11-26 12:00:00,0.8323909044265747
2017-11-26 13:00:00,0.856804609298706
2017-11-26 14:00:00,0.8823480606079102
2017-11-26 15:00:00,0.8923320770263672
2017-11-26 16:00:00,0.9605604410171509
2017-11-26 17:00:00,1.0055662393569946
2017-11-26 18:00:00,1.053804636001587
2017-11-26 19:00:00,1.0982370376586914
2017-11-26 20:00:00,1.1118102073669434
2017-11-26 21:00:00,1.1518300771713257
2017-11-26 22:00:00,1.1983439922332764
2017-11-26 23:00:00,1.2373312711715698
2017-11-27 00:00:00,1.2712043523788452
2017-11-27 01:00:00,1.3101155757904053
2017-11-27 02:00:00,1.3479162454605103
2017-11-27 03:00:00,1.8657004833221436
2017-11-27 04:00:00,2.7902514934539795
2017-11-27 05:00:00,2.3659443855285645
2017-11-27 06:00:00,3.5938262939453125
2017-11-27 07:00:00,3.768493175506592
2017-11-27 08:00:00,3.9168810844421387
2017-11-27 09:00:00,3.9898295402526855
2017-11-27 10:00:00,3.593252182006836
2017-11-27 11:00:00,1.5599188804626465
2017-11-27 12:00:00,1.3296416997909546
2017-11-27 13:00:00,1.3551154136657715
2017-11-27 14:00:00,1.3793061971664429
2017-11-27 15:00:00,1.406907081604004
2017-11-27 16:00:00,1.4554083347320557
2017-11-27 17:00:00,1.4761942625045776
2017-11-27 18:00:00,1.4654531478881836
2017-11-27 19:00:00,1.4243112802505493
2017-11-27 20:00:00,1.3792328834533691
2017-11-27 21:00:00,1.359895944595337
2017-11-27 22:00:00,1.3253588676452637
2017-11-27 23:00:00,1.3102049827575684
2017-11-28 00:00:00,1.3076567649841309
2017-11-28 01:00:00,1.2967612743377686
2017-11-28 02:00:00,1.2598706483840942
2017-11-28 03:00:00,1.7946062088012695
2017-11-28 04:00:00,2.1138689517974854
2017-11-28 05:00:00,1.6095221042633057
2017-11-28 06:00:00,2.9369046688079834
2017-11-28 07:00:00,2.8964054584503174
2017-11-28 08:00:00,2.831477642059326
2017-11-28 09:00:00,2.670750617980957
2017-11-28 10:00:00,2.1300909519195557
2017-11-28 11:00:00,0.6704769134521484
2017-11-28 12:00:00,0.6095801591873169
2017-11-28 13:00:00,0.23577499389648438
2017-11-28 14:00:00,-0.10904580354690552
2017-11-28 15:00:00,-0.3678776025772095
2017-11-28 16:00:00,-0.40256500244140625
2017-11-28 17:00:00,-0.3259297013282776
2017-11-28 18:00:00,-0.18796277046203613
2017-11-28 19:00:00,-0.005375981330871582
2017-11-28 20:00:00,0.21472275257110596
2017-11-28 21:00:00,0.38337165117263794
2017-11-28 22:00:00,0.3446007966995239
2017-11-28 23:00:00,0.29225850105285645
2017-11-29 00:00:00,0.21977776288986206
2017-11-29 01:00:00,0.1590803861618042
2017-11-29 02:00:00,0.07711338996887207
2017-11-29 03:00:00,-0.02114391326904297
2017-11-29 04:00:00,-0.41752030700445175
2017-11-29 05:00:00,-0.9007141590118408
2017-11-29 06:00:00,-0.8287550285458565
2017-11-29 07:00:00,-1.04817283898592
2017-11-29 08:00:00,-1.1059316396713257
2017-11-29 09:00:00,-1.047157496213913
2017-11-29 10:00:00,-0.7820630073547363
2017-11-29 11:00:00,-0.3019927740097046
2017-11-29 12:00:00,-0.5092087239027023
2017-11-29 13:00:00,-0.6409213468432426
2017-11-29 14:00:00,-0.721062021329999
2017-11-29 15:00:00,-0.7474437952041626
2017-11-29 16:00:00,-0.7235078364610672
2017-11-29 17:00:00,-0.662616491317749
2017-11-29 18:00:00,-0.5945165157318115
2017-11-29 19:00:00,-0.5026847124099731
2017-11-29 20:00:00,-0.36923831701278687
2017-11-29 21:00:00,-0.17686841636896133
2017-11-29 22:00:00,0.06508678197860718
2017-11-29 23:00:00,0.37814170122146606
2017-11-30 00:00:00,0.7918950915336609
2017-11-30 01:00:00,1.1001274436712265
2017-11-30 02:00:00,1.2003109455108643
2017-11-30 03:00:00,0.8979680091142654
2017-11-30 04:00:00,1.896378993988037
2017-11-30 05:00:00,1.4583549499511719
2017-11-30 06:00:00,1.919592797756195
2017-11-30 07:00:00,2.0070421993732452
2017-11-30 08:00:00,2.1794972717761993
2017-11-30 09:00:00,2.318423241376877
2017-11-30 10:00:00,1.976196527481079
2017-11-30 11:00:00,0.7314665913581848
2017-11-30 12:00:00,0.8037378787994385
2017-11-30 13:00:00,0.7629127502441406
2017-11-30 14:00:00,0.7156464606523514
2017-11-30 15:00:00,0.6776744201779366
2017-11-30 16:00:00,0.6453149989247322
2017-11-30 17:00:00,0.6003482341766357
2017-11-30 18:00:00,0.5204761065542698
2017-11-30 19:00:00,0.42895954474806786
2017-11-30 20:00:00,0.3674275279045105
2017-11-30 21:00:00,0.34524521976709366
2017-11-30 22:00:00,0.42235980182886124
2017-11-30 23:00:00,0.5182945728302002
2017-12-01 00:00:00,0.581857442855835
2017-12-01 01:00:00,0.6411611437797546
2017-12-01 02:00:00,0.6876094937324524
2017-12-01 03:00:00,0.5817099958658218
2017-12-01 04:00:00,0.6183798313140869
2017-12-01 05:00:00,0.24409371614456177
2017-12-01 06:00:00,1.4403421878814697
2017-12-01 07:00:00,1.6929720640182495
2017-12-01 08:00:00,1.755357265472412
2017-12-01 09:00:00,1.6915631294250488
2017-12-01 10:00:00,1.577741265296936
2017-12-01 11:00:00,0.4849034547805786
2017-12-01 12:00:00,0.5625393837690353
2017-12-01 13:00:00,0.42359886318445206
2017-12-01 14:00:00,0.3056546226143837
2017-12-01 15:00:00,0.1710468754172325
2017-12-01 16:00:00,0.04556339979171753
2017-12-01 17:00:00,-0.041405677795410156
2017-12-01 18:00:00,-0.08027344942092896
2017-12-01 19:00:00,-0.08191788196563721
2017-12-01 20:00:00,-0.05990278720855713
2017-12-01 21:00:00,-0.034197986125946045
2017-12-01 22:00:00,-0.104420006275177
2017-12-01 23:00:00,-0.14764660596847534
2017-12-02 00:00:00,-0.17655432224273682
2017-12-02 01:00:00,-0.21309036016464233
2017-12-02 02:00:00,-0.2356787919998169
2017-12-02 03:00:00,-0.12335309386253357
2017-12-02 04:00:00,-0.09604623913764954
2017-12-02 05:00:00,-0.10345262289047241
2017-12-02 06:00:00,0.6026818677783012
2017-12-02 07:00:00,1.253214716911316
2017-12-02 08:00:00,1.4633302688598633
2017-12-02 09:00:00,1.424525037407875
2017-12-02 10:00:00,1.1759769767522812
2017-12-02 11:00:00,0.3126133978366852
2017-12-02 12:00:00,0.08993560075759888
2017-12-02 13:00:00,-0.26366984099149704
2017-12-02 14:00:00,-0.5285291820764542
2017-12-02 15:00:00,-0.7232706621289253
2017-12-02 16:00:00,-0.8055458143353462
2017-12-02 17:00:00,-0.8605251014232635
2017-12-02 18:00:00,-0.8802874088287354
2017-12-02 19:00:00,-0.8521223068237305
2017-12-02 20:00:00,-0.7910910844802856
2017-12-02 21:00:00,-0.7029297351837158
2017-12-02 22:00:00,-0.5731988549232483
2017-12-02 23:00:00,-0.46217358112335205
2017-12-03 00:00:00,-0.2791462540626526
2017-12-03 01:00:00,-0.07464801147580147
2017-12-03 02:00:00,0.10931900143623352
2017-12-03 03:00:00,0.20825788378715515
2017-12-03 04:00:00,0.12446636706590652
2017-12-03 05:00:00,-0.11247938871383667
2017-12-03 06:00:00,0.42276400327682495
2017-12-03 07:00:00,0.6999939754605293
2017-12-03 08:00:00,0.8649455308914185
2017-12-03 09:00:00,0.9222142994403839
2017-12-03 10:00:00,1.027069091796875
2017-12-03 11:00:00,0.36091887950897217
2017-12-03 12:00:00,0.4285339117050171
2017-12-03 13:00:00,0.27656400203704834
2017-12-03 14:00:00,0.07496201992034912
2017-12-03 15:00:00,-0.11049890518188477
2017-12-03 16:00:00,-0.1464015245437622
2017-12-03 17:00:00,-0.09378433227539062
2017-12-03 18:00:00,-0.010248661041259766
2017-12-03 19:00:00,0.11770999431610107
2017-12-03 20:00:00,0.22110235691070557
2017-12-03 21:00:00,0.32413387298583984
2017-12-03 22:00:00,0.3730285167694092
2017-12-03 23:00:00,0.40856534242630005
2017-12-04 00:00:00,0.41203773021698
2017-12-04 01:00:00,0.3633767366409302
2017-12-04 02:00:00,0.2760204076766968
2017-12-04 03:00:00,0.1118389368057251
2017-12-04 04:00:00,0.3193129301071167
2017-12-04 05:00:00,0.4435920715332031
2017-12-04 06:00:00,1.0428256690502167
2017-12-04 07:00:00,1.7341924607753754
2017-12-04 08:00:00,1.8432687819004059
2017-12-04 09:00:00,1.622986078262329
2017-12-04 10:00:00,0.9085991382598877
2017-12-04 11:00:00,0.19210121780633926
2017-12-04 12:00:00,-0.06341086328029633
2017-12-04 13:00:00,-0.2710963487625122
2017-12-04 14:00:00,-0.3026099056005478
2017-12-04 15:00:00,-0.26072587072849274
2017-12-04 16:00:00,-0.16727732121944427
2017-12-04 17:00:00,-0.021283626556396484
2017-12-04 18:00:00,0.05884814262390137
2017-12-04 19:00:00,0.15033453702926636
2017-12-04 20:00:00,0.2641420364379883
2017-12-04 21:00:00,0.4518688917160034
2017-12-04 22:00:00,0.5382565259933472
2017-12-04 23:00:00,0.44180405139923096
2017-12-05 00:00:00,0.1815776824951172
2017-12-05 01:00:00,-0.04411637783050537
2017-12-05 02:00:00,-0.2367304265499115
2017-12-05 03:00:00,-0.29339468479156494
2017-12-05 04:00:00,-0.6262879446148872
2017-12-05 05:00:00,-0.3282143920660019
2017-12-05 06:00:00,-0.17628663778305054
2017-12-05 07:00:00,0.5437950678169727
2017-12-05 08:00:00,1.2864179462194443
2017-12-05 09:00:00,1.6136975288391113
2017-12-05 10:00:00,1.623825877904892
2017-12-05 11:00:00,0.6378663778305054
2017-12-05 12:00:00,0.8568841218948364
2017-12-05 13:00:00,0.8555023968219757
2017-12-05 14:00:00,0.8189925700426102
2017-12-05 15:00:00,0.8211523294448853
2017-12-05 16:00:00,0.8175160437822342
2017-12-05 17:00:00,0.7826416492462158
2017-12-05 18:00:00,0.7495986223220825
2017-12-05 19:00:00,0.7117679119110107
2017-12-05 20:00:00,0.6448684334754944
2017-12-05 21:00:00,0.6042836904525757
2017-12-05 22:00:00,0.632993757724762
2017-12-05 23:00:00,0.7100574374198914
2017-12-06 00:00:00,0.7781108021736145
2017-12-06 01:00:00,0.8602385520935059
2017-12-06 02:00:00,0.934982180595398
2017-12-06 03:00:00,1.990244209766388
2017-12-06 04:00:00,1.948784053325653
2017-12-06 05:00:00,1.6544556617736816
2017-12-06 06:00:00,1.6356724500656128
2017-12-06 07:00:00,1.591502070426941
2017-12-06 08:00:00,1.6881589889526367
2017-12-06 09:00:00,1.7939321994781494
2017-12-06 10:00:00,1.7824646532535553
2017-12-06 11:00:00,0.8635622262954712
2017-12-06 12:00:00,1.0357133150100708
2017-12-06 13:00:00,1.1096196174621582
2017-12-06 14:00:00,1.1283918619155884
2017-12-06 15:00:00,1.149011492729187
2017-12-06 16:00:00,1.1165978908538818
2017-12-06 17:00:00,1.0373840034008026
2017-12-06 18:00:00,0.9645031690597534
2017-12-06 19:00:00,0.9718753099441528
2017-12-06 20:00:00,0.9548794031143188
2017-12-06 21:00:00,0.9457008391618729
2017-12-06 22:00:00,1.0015539824962616
2017-12-06 23:00:00,1.01991605758667
2017-12-07 00:00:00,1.0383202135562897
2017-12-07 01:00:00,1.0020416975021362
2017-12-07 02:00:00,1.008453607559204
2017-12-07 03:00:00,2.0084007382392883
2017-12-07 04:00:00,2.0398826897144318
2017-12-07 05:00:00,2.5550930500030518
2017-12-07 06:00:00,2.920976400375366
2017-12-07 07:00:00,2.9064555168151855
2017-12-07 08:00:00,2.796745777130127
2017-12-07 09:00:00,2.642291784286499
2017-12-07 10:00:00,2.437467575073242
2017-12-07 11:00:00,1.3840781450271606
2017-12-07 12:00:00,0.9656381607055664
2017-12-07 13:00:00,1.0829945802688599
2017-12-07 14:00:00,1.1914002895355225
2017-12-07 15:00:00,1.299639105796814
2017-12-07 16:00:00,1.426798939704895
2017-12-07 17:00:00,1.4939266443252563
2017-12-07 18:00:00,1.503015160560608
2017-12-07 19:00:00,1.4837934970855713
2017-12-07 20:00:00,1.4688619375228882
2017-12-07 21:00:00,1.438767910003662
2017-12-07 22:00:00,1.3296082019805908
2017-12-07 23:00:00,1.2748355865478516
2017-12-08 00:00:00,1.2526990175247192
2017-12-08 01:00:00,1.2324881553649902
2017-12-08 02:00:00,1.288758635520935
2017-12-08 03:00:00,2.6615219116210938
2017-12-08 04:00:00,2.528280258178711
2017-12-08 05:00:00,2.597073554992676
2017-12-08 06:00:00,3.2754669189453125
2017-12-08 07:00:00,3.3472893238067627
2017-12-08 08:00:00,3.302577018737793
2017-12-08 09:00:00,3.13505220413208
2017-12-08 10:00:00,2.936990737915039
2017-12-08 11:00:00,1.2376489639282227
2017-12-08 12:00:00,1.1321452856063843
2017-12-08 13:00:00,1.132617101073265
2017-12-08 14:00:00,1.0870877504348755
2017-12-08 15:00:00,1.0836290121078491
2017-12-08 16:00:00,1.1358606815338135
2017-12-08 17:00:00,1.2296075820922852
2017-12-08 18:00:00,1.30141282081604
2017-12-08 19:00:00,1.2847219705581665
2017-12-08 20:00:00,1.155833125114441
2017-12-08 21:00:00,1.0435104370117188
2017-12-08 22:00:00,0.9521743059158325
2017-12-08 23:00:00,0.9800593852996826
2017-12-09 00:00:00,1.022085189819336
2017-12-09 01:00:00,0.990913987159729
2017-12-09 02:00:00,0.8250222206115723
2017-12-09 03:00:00,0.5806101560592651
2017-12-09 04:00:00,0.47559261322021484
2017-12-09 05:00:00,0.2612595558166504
2017-12-09 06:00:00,0.8006435632705688
2017-12-09 07:00:00,1.1062521934509277
2017-12-09 08:00:00,1.2375503778457642
2017-12-09 09:00:00,1.0546191930770874
2017-12-09 10:00:00,0.8440375328063965
2017-12-09 11:00:00,0.25438374280929565
2017-12-09 12:00:00,0.17198091745376587
2017-12-09 13:00:00,-0.08096504211425781
2017-12-09 14:00:00,-0.2721695899963379
2017-12-09 15:00:00,-0.41123509407043457
2017-12-09 16:00:00,-0.4821331948041916
2017-12-09 17:00:00,-0.47615838050842285
2017-12-09 18:00:00,-0.35659778118133545
2017-12-09 19:00:00,-0.15191572904586792
2017-12-09 20:00:00,0.12036651372909546
2017-12-09 21:00:00,0.3491669297218323
2017-12-09 22:00:00,0.37470489740371704
2017-12-09 23:00:00,0.36091289669275284
2017-12-10 00:00:00,0.31517231464385986
2017-12-10 01:00:00,0.2601393163204193
2017-12-10 02:00:00,0.22415679693222046
2017-12-10 03:00:00,0.18866696953773499
2017-12-10 04:00:00,0.34027736261487007
2017-12-10 05:00:00,0.4087919555604458
2017-12-10 06:00:00,0.6342545747756958
2017-12-10 07:00:00,0.7017269134521484
2017-12-10 08:00:00,0.7923935577273369
2017-12-10 09:00:00,0.8865981847047806
2017-12-10 10:00:00,0.9519434049725533
2017-12-10 11:00:00,0.32759255543351173
2017-12-10 12:00:00,0.40401270240545273
2017-12-10 13:00:00,0.28595707565546036
2017-12-10 14:00:00,0.19749081134796143
2017-12-10 15:00:00,0.13679033517837524
2017-12-10 16:00:00,0.1886523962020874
2017-12-10 17:00:00,0.21338844299316406
2017-12-10 18:00:00,0.19493889808654785
2017-12-10 19:00:00,0.12256330251693726
2017-12-10 20:00:00,0.015863478183746338
2017-12-10 21:00:00,-0.08201861381530762
2017-12-10 22:00:00,-0.29985612630844116
2017-12-10 23:00:00,-0.4959644638001919
2017-12-11 00:00:00,-0.6565385460853577
2017-12-11 01:00:00,-0.729692704975605
2017-12-11 02:00:00,-0.7148069068789482
2017-12-11 03:00:00,-0.6794271320104599
2017-12-11 04:00:00,-0.9596879184246063
2017-12-11 05:00:00,-0.8226846382021904
2017-12-11 06:00:00,-0.9781844615936279
2017-12-11 07:00:00,-0.4175223708152771
2017-12-11 08:00:00,0.1986534595489502
2017-12-11 09:00:00,0.46080562472343445
2017-12-11 10:00:00,0.05453693866729736
2017-12-11 11:00:00,-0.4076571464538574
2017-12-11 12:00:00,-0.8495213985443115
2017-12-11 13:00:00,-1.2252064943313599
2017-12-11 14:00:00,-0.9537147283554077
2017-12-11 15:00:00,-0.9198259562253952
2017-12-11 16:00:00,-0.9465035200119019
2017-12-11 17:00:00,-0.9420592784881592
2017-12-11 18:00:00,-0.9732644557952881
2017-12-11 19:00:00,-1.1350700557231903
2017-12-11 20:00:00,-1.384356141090393
2017-12-11 21:00:00,-1.803095430135727
2017-12-11 22:00:00,-1.6889938116073608
2017-12-11 23:00:00,-1.366624116897583
2017-12-12 00:00:00,-1.0613906383514404
2017-12-12 01:00:00,-0.8333115577697754
2017-12-12 02:00:00,-0.6797500103712082
2017-12-12 03:00:00,-0.9914788082242012
2017-12-12 04:00:00,-0.6894879341125488
2017-12-12 05:00:00,-0.5733528137207031
2017-12-12 06:00:00,-0.5421721488237381
2017-12-12 07:00:00,-0.4315929561853409
2017-12-12 08:00:00,-0.33982688561081886
2017-12-12 09:00:00,-0.33652716875076294
2017-12-12 10:00:00,-0.09510475769639015
2017-12-12 11:00:00,0.07427954487502575
2017-12-12 12:00:00,0.21565129607915878
2017-12-12 13:00:00,0.1951639987528324
2017-12-12 14:00:00,0.14275474101305008
2017-12-12 15:00:00,0.1361972689628601
2017-12-12 16:00:00,0.12318670749664307
2017-12-12 17:00:00,0.10274267196655273
2017-12-12 18:00:00,0.08480501174926758
2017-12-12 19:00:00,0.06532090902328491
2017-12-12 20:00:00,0.03483259677886963
2017-12-12 21:00:00,0.001216888427734375
2017-12-12 22:00:00,0.042145371437072754
2017-12-12 23:00:00,0.10701605677604675
2017-12-13 00:00:00,0.1984952986240387
2017-12-13 01:00:00,0.2957584261894226
2017-12-13 02:00:00,0.4053231254220009
2017-12-13 03:00:00,0.9481711685657501
2017-12-13 04:00:00,0.9095838069915771
2017-12-13 05:00:00,1.0128710120916367
2017-12-13 06:00:00,1.1152559518814087
2017-12-13 07:00:00,1.2896760702133179
2017-12-13 08:00:00,1.5560448169708252
2017-12-13 09:00:00,1.7483155727386475
2017-12-13 10:00:00,1.769571840763092
2017-12-13 11:00:00,1.2586063146591187
2017-12-13 12:00:00,0.8677510023117065
2017-12-13 13:00:00,0.9442914724349976
2017-12-13 14:00:00,0.9749265909194946
2017-12-13 15:00:00,0.9390158653259277
2017-12-13 16:00:00,0.8085744827985764
2017-12-13 17:00:00,0.6969641447067261
2017-12-13 18:00:00,0.6365963816642761
2017-12-13 19:00:00,0.6066842079162598
2017-12-13 20:00:00,0.6278278827667236
2017-12-13 21:00:00,0.6153178289532661
2017-12-13 22:00:00,0.6726237535476685
2017-12-13 23:00:00,0.7658613920211792
2017-12-14 00:00:00,0.8167367577552795
2017-12-14 01:00:00,0.819820761680603
2017-12-14 02:00:00,0.8357143998146057
2017-12-14 03:00:00,1.6931942701339722
2017-12-14 04:00:00,1.5524506568908691
2017-12-14 05:00:00,1.378665566444397
2017-12-14 06:00:00,1.4265674352645874
2017-12-14 07:00:00,1.5771914720535278
2017-12-14 08:00:00,1.6902872025966644
2017-12-14 09:00:00,1.9090042114257812
2017-12-14 10:00:00,2.064796030521393
2017-12-14 11:00:00,1.4930659532546997
2017-12-14 12:00:00,1.0686242431402206
2017-12-14 13:00:00,1.1436101198196411
2017-12-14 14:00:00,1.114168182015419
2017-12-14 15:00:00,1.097266435623169
2017-12-14 16:00:00,1.1440038532018661
2017-12-14 17:00:00,1.1356224864721298
2017-12-14 18:00:00,1.1159359216690063
2017-12-14 19:00:00,1.077520713210106
2017-12-14 20:00:00,1.0234210342168808
2017-12-14 21:00:00,0.9395028352737427
2017-12-14 22:00:00,0.904949963092804
2017-12-14 23:00:00,0.9958573877811432
2017-12-15 00:00:00,1.0868005603551865
2017-12-15 01:00:00,1.1502990573644638
2017-12-15 02:00:00,1.2174728065729141
2017-12-15 03:00:00,2.163092851638794
2017-12-15 04:00:00,2.1737122535705566
2017-12-15 05:00:00,2.271742105484009
2017-12-15 06:00:00,2.3035717010498047
2017-12-15 07:00:00,2.4283738136291504
2017-12-15 08:00:00,2.7245078086853027
2017-12-15 09:00:00,2.864445924758911
2017-12-15 10:00:00,2.7363815307617188
2017-12-15 11:00:00,1.9507356584072113
2017-12-15 12:00:00,1.3081843852996826
2017-12-15 13:00:00,1.488082766532898
2017-12-15 14:00:00,1.6155462265014648
2017-12-15 15:00:00,1.6266660690307617
2017-12-15 16:00:00,1.7809364795684814
2017-12-15 17:00:00,1.9303436279296875
2017-12-15 18:00:00,2.046252489089966
2017-12-15 19:00:00,2.1317427158355713
2017-12-15 20:00:00,2.1609974205493927
2017-12-15 21:00:00,2.2003211677074432
2017-12-15 22:00:00,2.0977742671966553
2017-12-15 23:00:00,1.976726770401001
2017-12-16 00:00:00,1.8763720989227295
2017-12-16 01:00:00,1.8489485681056976
2017-12-16 02:00:00,2.0727884471416473
2017-12-16 03:00:00,3.228548765182495
2017-12-16 04:00:00,2.8904194831848145
2017-12-16 05:00:00,3.160083293914795
2017-12-16 06:00:00,3.884120464324951
2017-12-16 07:00:00,3.8659186363220215
2017-12-16 08:00:00,3.73367577791214
2017-12-16 09:00:00,3.4560322761535645
2017-12-16 10:00:00,3.0787692070007324
2017-12-16 11:00:00,1.6821630001068115
2017-12-16 12:00:00,1.277038812637329
2017-12-16 13:00:00,1.5673021078109741
2017-12-16 14:00:00,1.9131093919277191
2017-12-16 15:00:00,2.2380695044994354
2017-12-16 16:00:00,2.4385809898376465
2017-12-16 17:00:00,2.519745111465454
2017-12-16 18:00:00,2.493344306945801
2017-12-16 19:00:00,2.3747777938842773
2017-12-16 20:00:00,2.225393056869507
2017-12-16 21:00:00,2.1038029193878174
2017-12-16 22:00:00,2.0607969760894775
2017-12-16 23:00:00,2.159141570329666
2017-12-17 00:00:00,2.3139991760253906
2017-12-17 01:00:00,2.3970327377319336
2017-12-17 02:00:00,2.491563558578491
2017-12-17 03:00:00,3.7597832679748535
2017-12-17 04:00:00,3.25604510307312
2017-12-17 05:00:00,3.030642032623291
2017-12-17 06:00:00,4.045526623725891
2017-12-17 07:00:00,4.061936914920807
2017-12-17 08:00:00,3.786124050617218
2017-12-17 09:00:00,3.3333964347839355
2017-12-17 10:00:00,2.9248147010803223
2017-12-17 11:00:00,1.3585429191589355
2017-12-17 12:00:00,1.2782930135726929
2017-12-17 13:00:00,1.5843778848648071
2017-12-17 14:00:00,1.9249579906463623
2017-12-17 15:00:00,2.2452855110168457
2017-12-17 16:00:00,2.5290305614471436
2017-12-17 17:00:00,2.77060604095459
2017-12-17 18:00:00,2.96799373626709
2017-12-17 19:00:00,3.0877342224121094
2017-12-17 20:00:00,3.1376194953918457
2017-12-17 21:00:00,3.205364465713501
2017-12-17 22:00:00,3.05244779586792
2017-12-17 23:00:00,3.1320066452026367
2017-12-18 00:00:00,3.2114734649658203
2017-12-18 01:00:00,3.210272789001465
2017-12-18 02:00:00,3.189332962036133
2017-12-18 03:00:00,3.8071389198303223
2017-12-18 04:00:00,3.2682158946990967
2017-12-18 05:00:00,2.9568090438842773
2017-12-18 06:00:00,3.6739983558654785
2017-12-18 07:00:00,3.708798408508301
2017-12-18 08:00:00,3.649179458618164
2017-12-18 09:00:00,3.4324400424957275
2017-12-18 10:00:00,3.087340831756592
2017-12-18 11:00:00,1.3412766456604004
2017-12-18 12:00:00,1.3855198621749878
2017-12-18 13:00:00,1.5150766372680664
2017-12-18 14:00:00,1.5826307535171509
2017-12-18 15:00:00,1.6442551612854004
2017-12-18 16:00:00,1.76704740524292
2017-12-18 17:00:00,1.8941984176635742
2017-12-18 18:00:00,2.0528349578380585
2017-12-18 19:00:00,2.226994752883911
2017-12-18 20:00:00,2.292052984237671
2017-12-18 21:00:00,2.293926954269409
2017-12-18 22:00:00,2.3349084854125977
2017-12-18 23:00:00,2.450228214263916
2017-12-19 00:00:00,2.5274393558502197
2017-12-19 01:00:00,2.58803391456604
2017-12-19 02:00:00,2.589435577392578
2017-12-19 03:00:00,3.4663519859313965
2017-12-19 04:00:00,2.9702680110931396
2017-12-19 05:00:00,2.5862784385681152
2017-12-19 06:00:00,2.6114535331726074
2017-12-19 07:00:00,2.474916696548462
2017-12-19 08:00:00,2.173229992389679
2017-12-19 09:00:00,1.9083671569824219
2017-12-19 10:00:00,1.2833197116851807
2017-12-19 11:00:00,0.8245800733566284
2017-12-19 12:00:00,1.1070613861083984
2017-12-19 13:00:00,1.1582058668136597
2017-12-19 14:00:00,1.1931973695755005
2017-12-19 15:00:00,1.2175499200820923
2017-12-19 16:00:00,1.2404735088348389
2017-12-19 17:00:00,1.212525725364685
2017-12-19 18:00:00,1.1834874153137207
2017-12-19 19:00:00,1.195050597190857
2017-12-19 20:00:00,1.235647201538086
2017-12-19 21:00:00,1.2380974292755127
2017-12-19 22:00:00,1.1505260467529297
2017-12-19 23:00:00,1.0353260189294815
2017-12-20 00:00:00,0.8777174353599548
2017-12-20 01:00:00,0.7420331239700317
2017-12-20 02:00:00,0.653423547744751
2017-12-20 03:00:00,1.3227496147155762
2017-12-20 04:00:00,1.1410560607910156
2017-12-20 05:00:00,1.26569102704525
2017-12-20 06:00:00,1.3671140521764755
2017-12-20 07:00:00,1.4028236865997314
2017-12-20 08:00:00,1.4065561294555664
2017-12-20 09:00:00,1.2956247329711914
2017-12-20 10:00:00,1.2078722715377808
2017-12-20 11:00:00,0.5921278595924377
2017-12-20 12:00:00,0.5850281715393066
2017-12-20 13:00:00,0.4452906847000122
2017-12-20 14:00:00,0.346060574054718
2017-12-20 15:00:00,0.4462658166885376
2017-12-20 16:00:00,0.6699792742729187
2017-12-20 17:00:00,0.7168335318565369
2017-12-20 18:00:00,0.6301986277103424
2017-12-20 19:00:00,0.4806499481201172
2017-12-20 20:00:00,0.2712501287460327
2017-12-20 21:00:00,0.12801797315478325
2017-12-20 22:00:00,0.3187413215637207
2017-12-20 23:00:00,0.607986330986023
2017-12-21 00:00:00,0.7550273537635803
2017-12-21 01:00:00,0.8648488521575928
2017-12-21 02:00:00,0.9617078304290771
2017-12-21 03:00:00,2.1787893772125244
2017-12-21 04:00:00,2.2155258655548096
2017-12-21 05:00:00,2.0645852088928223
2017-12-21 06:00:00,2.1971943378448486
2017-12-21 07:00:00,2.1649420261383057
2017-12-21 08:00:00,2.395136594772339
2017-12-21 09:00:00,2.546316623687744
2017-12-21 10:00:00,2.43922758102417
2017-12-21 11:00:00,1.0395605564117432
2017-12-21 12:00:00,1.1956307888031006
2017-12-21 13:00:00,1.3352551460266113
2017-12-21 14:00:00,1.438185214996338
2017-12-21 15:00:00,1.509190320968628
2017-12-21 16:00:00,1.6556082963943481
2017-12-21 17:00:00,1.7262599468231201
2017-12-21 18:00:00,1.7673436105251312
2017-12-21 19:00:00,1.7730629444122314
2017-12-21 20:00:00,1.7459936141967773
2017-12-21 21:00:00,1.776510238647461
2017-12-21 22:00:00,1.687487244606018
2017-12-21 23:00:00,1.6372915506362915
2017-12-22 00:00:00,1.6724822521209717
2017-12-22 01:00:00,1.7765330076217651
2017-12-22 02:00:00,1.9843078255653381
2017-12-22 03:00:00,3.277155637741089
2017-12-22 04:00:00,3.1082613468170166
2017-12-22 05:00:00,3.1661691665649414
2017-12-22 06:00:00,3.899397373199463
2017-12-22 07:00:00,3.8048901557922363
2017-12-22 08:00:00,3.770569324493408
2017-12-22 09:00:00,3.7028985023498535
2017-12-22 10:00:00,3.43689227104187
2017-12-22 11:00:00,1.9872408509254456
2017-12-22 12:00:00,1.48060941696167
2017-12-22 13:00:00,1.6858313083648682
2017-12-22 14:00:00,1.8561925888061523
2017-12-22 15:00:00,1.9534469544887543
2017-12-22 16:00:00,2.085146427154541
2017-12-22 17:00:00,2.0899555683135986
2017-12-22 18:00:00,2.069882810115814
2017-12-22 19:00:00,2.0028862953186035
2017-12-22 20:00:00,1.9737510681152344
2017-12-22 21:00:00,2.1734404861927032
2017-12-22 22:00:00,2.226174145936966
2017-12-22 23:00:00,2.352318525314331
2017-12-23 00:00:00,2.459404230117798
2017-12-23 01:00:00,2.4657087326049805
2017-12-23 02:00:00,2.4644787311553955
2017-12-23 03:00:00,3.5131983757019043
2017-12-23 04:00:00,2.861215114593506
2017-12-23 05:00:00,2.53338360786438
2017-12-23 06:00:00,4.02508270740509
2017-12-23 07:00:00,4.022313117980957
2017-12-23 08:00:00,4.083896100521088
2017-12-23 09:00:00,4.102726876735687
2017-12-23 10:00:00,3.8852381706237793
2017-12-23 11:00:00,2.0211925506591797
2017-12-23 12:00:00,1.4118086099624634
2017-12-23 13:00:00,1.4233554601669312
2017-12-23 14:00:00,1.434753656387329
2017-12-23 15:00:00,1.4612728357315063
2017-12-23 16:00:00,1.507280707359314
2017-12-23 17:00:00,1.468032717704773
2017-12-23 18:00:00,1.3747363090515137
2017-12-23 19:00:00,1.276793122291565
2017-12-23 20:00:00,1.177328109741211
2017-12-23 21:00:00,1.0604785680770874
2017-12-23 22:00:00,0.8650358319282532
2017-12-23 23:00:00,0.6323578357696533
2017-12-24 00:00:00,0.4164391756057739
2017-12-24 01:00:00,0.27919432520866394
2017-12-24 02:00:00,0.28819042444229126
2017-12-24 03:00:00,0.2754133641719818
2017-12-24 04:00:00,0.6862947940826416
2017-12-24 05:00:00,0.7099472284317017
2017-12-24 06:00:00,0.8677203357219696
2017-12-24 07:00:00,0.7303198985755444
2017-12-24 08:00:00,0.8018121272325516
2017-12-24 09:00:00,0.7062913160771132
2017-12-24 10:00:00,0.7014845535159111
2017-12-24 11:00:00,0.29035526514053345
2017-12-24 12:00:00,0.4190407395362854
2017-12-24 13:00:00,0.44335687160491943
2017-12-24 14:00:00,0.42202872037887573
2017-12-24 15:00:00,0.38921022415161133
2017-12-24 16:00:00,0.3123497739434242
2017-12-24 17:00:00,0.20098067447543144
2017-12-24 18:00:00,0.1055057942867279
2017-12-24 19:00:00,0.10483377054333687
2017-12-24 20:00:00,0.21059909462928772
2017-12-24 21:00:00,0.45037808269262314
2017-12-24 22:00:00,0.7583235502243042
2017-12-24 23:00:00,0.9813475608825684
2017-12-25 00:00:00,1.0685926675796509
2017-12-25 01:00:00,1.0742477178573608
2017-12-25 02:00:00,1.0919222831726074
2017-12-25 03:00:00,1.8852157592773438
2017-12-25 04:00:00,2.565417766571045
2017-12-25 05:00:00,2.6575958728790283
2017-12-25 06:00:00,3.510866403579712
2017-12-25 07:00:00,3.607391357421875
2017-12-25 08:00:00,3.5571184158325195
2017-12-25 09:00:00,3.2848496437072754
2017-12-25 10:00:00,2.8051087856292725
2017-12-25 11:00:00,1.1866929531097412
2017-12-25 12:00:00,1.248169183731079
2017-12-25 13:00:00,1.3097952604293823
2017-12-25 14:00:00,1.3156790733337402
2017-12-25 15:00:00,1.3929646015167236
2017-12-25 16:00:00,1.4329049587249756
2017-12-25 17:00:00,1.3417929410934448
2017-12-25 18:00:00,1.1941757202148438
2017-12-25 19:00:00,1.1247395277023315
2017-12-25 20:00:00,1.0819628238677979
2017-12-25 21:00:00,1.0895335674285889
2017-12-25 22:00:00,1.1789178848266602
2017-12-25 23:00:00,1.2649776935577393
2017-12-26 00:00:00,1.3681144714355469
2017-12-26 01:00:00,1.3635869026184082
2017-12-26 02:00:00,1.2597806453704834
2017-12-26 03:00:00,2.0550137162208557
2017-12-26 04:00:00,2.130643129348755
2017-12-26 05:00:00,1.7290191650390625
2017-12-26 06:00:00,2.19774529337883
2017-12-26 07:00:00,2.4091701209545135
2017-12-26 08:00:00,2.592031955718994
2017-12-26 09:00:00,2.5005076229572296
2017-12-26 10:00:00,2.1046604812145233
2017-12-26 11:00:00,0.7623322010040283
2017-12-26 12:00:00,0.883150577545166
2017-12-26 13:00:00,0.689453125
2017-12-26 14:00:00,0.5221872329711914
2017-12-26 15:00:00,0.4492728114128113
2017-12-26 16:00:00,0.5400797128677368
2017-12-26 17:00:00,0.6754975765943527
2017-12-26 18:00:00,0.797880619764328
2017-12-26 19:00:00,0.9245380163192749
2017-12-26 20:00:00,0.9907443523406982
2017-12-26 21:00:00,1.004043698310852
2017-12-26 22:00:00,0.9444721937179565
2017-12-26 23:00:00,0.9256207942962646
2017-12-27 00:00:00,0.9709007740020752
2017-12-27 01:00:00,1.031827449798584
2017-12-27 02:00:00,1.1056822538375854
2017-12-27 03:00:00,0.9700967073440552
2017-12-27 04:00:00,1.884366750717163
2017-12-27 05:00:00,1.4393326044082642
2017-12-27 06:00:00,1.82517671585083
2017-12-27 07:00:00,1.730369657278061
2017-12-27 08:00:00,1.6303248405456543
2017-12-27 09:00:00,1.4154934883117676
2017-12-27 10:00:00,0.9482063055038452
2017-12-27 11:00:00,0.27192437648773193
2017-12-27 12:00:00,0.10396623611450195
2017-12-27 13:00:00,-0.09101533889770508
2017-12-27 14:00:00,-0.19315719604492188
2017-12-27 15:00:00,-0.24564075469970703
2017-12-27 16:00:00,-0.2428644895553589
2017-12-27 17:00:00,-0.22429776191711426
2017-12-27 18:00:00,-0.09825992584228516
2017-12-27 19:00:00,-0.0044661760330200195
2017-12-27 20:00:00,0.09243166446685791
2017-12-27 21:00:00,0.18311750888824463
2017-12-27 22:00:00,0.27663731575012207
2017-12-27 23:00:00,0.4217885732650757
2017-12-28 00:00:00,0.6067565679550171
2017-12-28 01:00:00,0.7306596040725708
2017-12-28 02:00:00,0.8650351762771606
2017-12-28 03:00:00,0.6851425766944885
2017-12-28 04:00:00,1.388080358505249
2017-12-28 05:00:00,1.1697552055120468
2017-12-28 06:00:00,1.1352430582046509
2017-12-28 07:00:00,1.075556993484497
2017-12-28 08:00:00,0.9996656104922295
2017-12-28 09:00:00,0.9031840562820435
2017-12-28 10:00:00,0.962474137544632
2017-12-28 11:00:00,0.4390687942504883
2017-12-28 12:00:00,0.6427603214979172
2017-12-28 13:00:00,0.678474947810173
2017-12-28 14:00:00,0.7245293855667114
2017-12-28 15:00:00,0.777275562286377
2017-12-28 16:00:00,0.737643837928772
2017-12-28 17:00:00,0.6344075202941895
2017-12-28 18:00:00,0.4944961667060852
2017-12-28 19:00:00,0.3611876368522644
2017-12-28 20:00:00,0.2686658501625061
2017-12-28 21:00:00,0.23290497064590454
2017-12-28 22:00:00,0.2139384150505066
2017-12-28 23:00:00,0.2310619354248047
2017-12-29 00:00:00,0.340891033411026
2017-12-29 01:00:00,0.5399031713604927
2017-12-29 02:00:00,0.751514196395874
2017-12-29 03:00:00,0.5379569604992867
2017-12-29 04:00:00,1.4877923727035522
2017-12-29 05:00:00,1.494649887084961
2017-12-29 06:00:00,1.8430321216583252
2017-12-29 07:00:00,1.9609107971191406
2017-12-29 08:00:00,1.9676403403282166
2017-12-29 09:00:00,1.841715395450592
2017-12-29 10:00:00,1.666029691696167
2017-12-29 11:00:00,0.6709940358996391
2017-12-29 12:00:00,0.8578923866152763
2017-12-29 13:00:00,0.834654800593853
2017-12-29 14:00:00,0.7959667444229126
2017-12-29 15:00:00,0.7245793417096138
2017-12-29 16:00:00,0.622314341366291
2017-12-29 17:00:00,0.5015470385551453
2017-12-29 18:00:00,0.37408244609832764
2017-12-29 19:00:00,0.25641942024230957
2017-12-29 20:00:00,0.15210914611816406
2017-12-29 21:00:00,0.08849626779556274
2017-12-29 22:00:00,0.1500318944454193
2017-12-29 23:00:00,0.27926546335220337
2017-12-30 00:00:00,0.4387108087539673
2017-12-30 01:00:00,0.5849326252937317
2017-12-30 02:00:00,0.7027509808540344
2017-12-30 03:00:00,0.6184512376785278
2017-12-30 04:00:00,1.2668547630310059
2017-12-30 05:00:00,1.0419992208480835
2017-12-30 06:00:00,0.9781988859176636
2017-12-30 07:00:00,0.9082317352294922
2017-12-30 08:00:00,1.011472910642624
2017-12-30 09:00:00,1.1956634521484375
2017-12-30 10:00:00,1.2982813119888306
2017-12-30 11:00:00,0.663264811038971
2017-12-30 12:00:00,0.9629931598901749
2017-12-30 13:00:00,0.9519721269607544
2017-12-30 14:00:00,0.8844829052686691
2017-12-30 15:00:00,0.788279578089714
2017-12-30 16:00:00,0.7157215476036072
2017-12-30 17:00:00,0.6240774393081665
2017-12-30 18:00:00,0.5218076705932617
2017-12-30 19:00:00,0.4102330803871155
2017-12-30 20:00:00,0.29528361558914185
2017-12-30 21:00:00,0.2009042501449585
2017-12-30 22:00:00,0.15267395973205566
2017-12-30 23:00:00,0.1527022123336792
2017-12-31 00:00:00,0.20585191249847412
2017-12-31 01:00:00,0.3022500276565552
2017-12-31 02:00:00,0.40575188398361206
2017-12-31 03:00:00,0.41363412141799927
2017-12-31 04:00:00,0.738551914691925
2017-12-31 05:00:00,0.6934159994125366
2017-12-31 06:00:00,0.846066951751709
2017-12-31 07:00:00,1.3520232439041138
2017-12-31 08:00:00,1.7514859437942505
2017-12-31 09:00:00,2.002313196659088
2017-12-31 10:00:00,1.9301578104496002
2017-12-31 11:00:00,0.7874996736645699
2017-12-31 12:00:00,0.8969238996505737
2017-12-31 13:00:00,0.7491468228399754
2017-12-31 14:00:00,0.6146255806088448
2017-12-31 15:00:00,0.4964602440595627
2017-12-31 16:00:00,0.4067288599908352
2017-12-31 17:00:00,0.31054407358169556
2017-12-31 18:00:00,0.22798147052526474
2017-12-31 19:00:00,0.18103718757629395
2017-12-31 20:00:00,0.18953800201416016
2017-12-31 21:00:00,0.29378288984298706
2017-12-31 22:00:00,0.4759039878845215
2017-12-31 23:00:00,0.6710083484649658
2018-01-01 00:00:00,0.8385567665100098
2018-01-01 01:00:00,0.9043593406677246
2018-01-01 02:00:00,0.9233253002166748
2018-01-01 03:00:00,0.662445068359375
2018-01-01 04:00:00,1.18138587474823
2018-01-01 05:00:00,0.768696665763855
2018-01-01 06:00:00,1.3843705654144287
2018-01-01 07:00:00,1.4971959590911865
2018-01-01 08:00:00,1.6346019506454468
2018-01-01 09:00:00,1.6281791627407074
2018-01-01 10:00:00,1.2913157939910889
2018-01-01 11:00:00,0.4493938684463501
2018-01-01 12:00:00,0.47618532180786133
2018-01-01 13:00:00,0.3646136522293091
2018-01-01 14:00:00,0.31764042377471924
2018-01-01 15:00:00,0.33569324016571045
2018-01-01 16:00:00,0.35078346729278564
2018-01-01 17:00:00,0.3085211515426636
2018-01-01 18:00:00,0.26122748851776123
2018-01-01 19:00:00,0.18668222427368164
2018-01-01 20:00:00,0.11890459060668945
2018-01-01 21:00:00,0.11972987651824951
2018-01-01 22:00:00,0.19414019584655762
2018-01-01 23:00:00,0.47758930921554565
2018-01-02 00:00:00,0.7556617856025696
2018-01-02 01:00:00,0.8791106939315796
2018-01-02 02:00:00,0.8551839590072632
2018-01-02 03:00:00,0.6299868226051331
2018-01-02 04:00:00,1.2487947940826416
2018-01-02 05:00:00,1.1457672119140625
2018-01-02 06:00:00,1.0410252809524536
2018-01-02 07:00:00,0.958553671836853
2018-01-02 08:00:00,1.0395277738571167
2018-01-02 09:00:00,1.2465767562389374
2018-01-02 10:00:00,1.2351543605327606
2018-01-02 11:00:00,0.6011266112327576
2018-01-02 12:00:00,1.007536768913269
2018-01-02 13:00:00,1.1426582336425781
2018-01-02 14:00:00,1.1893313527107239
2018-01-02 15:00:00,1.1724254935979843
2018-01-02 16:00:00,1.1178200393915176
2018-01-02 17:00:00,1.020345225930214
2018-01-02 18:00:00,0.8772707581520081
2018-01-02 19:00:00,0.7267647981643677
2018-01-02 20:00:00,0.565681517124176
2018-01-02 21:00:00,0.5015093684196472
2018-01-02 22:00:00,0.5395159721374512
2018-01-02 23:00:00,0.6389718055725098
2018-01-03 00:00:00,0.7678344249725342
2018-01-03 01:00:00,0.8841451406478882
2018-01-03 02:00:00,0.9358099699020386
2018-01-03 03:00:00,0.749099612236023
2018-01-03 04:00:00,1.4945541620254517
2018-01-03 05:00:00,1.2712942361831665
2018-01-03 06:00:00,1.5934686660766602
2018-01-03 07:00:00,1.846445471048355
2018-01-03 08:00:00,2.0165558457374573
2018-01-03 09:00:00,2.123844087123871
2018-01-03 10:00:00,1.9121148586273193
2018-01-03 11:00:00,0.7618517428636551
2018-01-03 12:00:00,0.860536053776741
2018-01-03 13:00:00,0.9138625860214233
2018-01-03 14:00:00,0.959537148475647
2018-01-03 15:00:00,0.9994158744812012
2018-01-03 16:00:00,0.9799518883228302
2018-01-03 17:00:00,0.9027093648910522
2018-01-03 18:00:00,0.746768593788147
2018-01-03 19:00:00,0.5079912543296814
2018-01-03 20:00:00,0.25035911798477173
2018-01-03 21:00:00,0.05588868260383606
2018-01-03 22:00:00,-0.0314907431602478
2018-01-03 23:00:00,-0.031045377254486084
2018-01-04 00:00:00,0.08003175258636475
2018-01-04 01:00:00,0.3370872735977173
2018-01-04 02:00:00,0.7113354802131653
2018-01-04 03:00:00,0.6189100742340088
2018-01-04 04:00:00,1.6239562034606934
2018-01-04 05:00:00,1.4333052784204483
2018-01-04 06:00:00,1.7177990972995758
2018-01-04 07:00:00,1.8642449378967285
2018-01-04 08:00:00,1.7948160022497177
2018-01-04 09:00:00,1.4934550821781158
2018-01-04 10:00:00,1.0597100257873535
2018-01-04 11:00:00,0.28355228900909424
2018-01-04 12:00:00,-0.05050325393676758
2018-01-04 13:00:00,-0.45537614822387695
2018-01-04 14:00:00,-0.7187166213989258
2018-01-04 15:00:00,-0.9179810285568237
2018-01-04 16:00:00,-0.9817208051681519
2018-01-04 17:00:00,-1.032875657081604
2018-01-04 18:00:00,-1.069822072982788
2018-01-04 19:00:00,-1.0610713958740234
2018-01-04 20:00:00,-1.0032795667648315
2018-01-04 21:00:00,-0.9026472270488739
2018-01-04 22:00:00,-0.806128978729248
2018-01-04 23:00:00,-0.6583614945411682
2018-01-05 00:00:00,-0.5249910950660706
2018-01-05 01:00:00,-0.32106342911720276
2018-01-05 02:00:00,0.0017095208168029785
2018-01-05 03:00:00,0.21325445175170898
2018-01-05 04:00:00,0.712800620123744
2018-01-05 05:00:00,0.725330488756299
2018-01-05 06:00:00,1.1921610832214355
2018-01-05 07:00:00,1.5587689131498337
2018-01-05 08:00:00,1.8151755332946777
2018-01-05 09:00:00,1.9476599097251892
2018-01-05 10:00:00,1.5679469108581543
2018-01-05 11:00:00,0.47070223093032837
2018-01-05 12:00:00,0.23859455436468124
2018-01-05 13:00:00,-0.06497348845005035
2018-01-05 14:00:00,-0.25143347680568695
2018-01-05 15:00:00,-0.3500242233276367
2018-01-05 16:00:00,-0.27214324474334717
2018-01-05 17:00:00,-0.16214047372341156
2018-01-05 18:00:00,-0.03757435455918312
2018-01-05 19:00:00,0.1003904864192009
2018-01-05 20:00:00,0.21127118915319443
2018-01-05 21:00:00,0.33905527740716934
2018-01-05 22:00:00,0.44024026207625866
2018-01-05 23:00:00,0.5707892701029778
2018-01-06 00:00:00,0.7150282859802246
2018-01-06 01:00:00,0.8732553720474243
2018-01-06 02:00:00,0.9811151027679443
2018-01-06 03:00:00,1.5276906490325928
2018-01-06 04:00:00,1.8839692175388336
2018-01-06 05:00:00,1.6863642632961273
2018-01-06 06:00:00,2.399379223585129
2018-01-06 07:00:00,2.6930348873138428
2018-01-06 08:00:00,2.8316242694854736
2018-01-06 09:00:00,2.8315885066986084
2018-01-06 10:00:00,2.664767026901245
2018-01-06 11:00:00,1.1094868183135986
2018-01-06 12:00:00,1.0088361501693726
2018-01-06 13:00:00,1.0348018407821655
2018-01-06 14:00:00,1.0508968830108643
2018-01-06 15:00:00,1.0626346915960312
2018-01-06 16:00:00,1.0318948328495026
2018-01-06 17:00:00,0.9856153726577759
2018-01-06 18:00:00,0.9336944818496704
2018-01-06 19:00:00,0.8726084679365158
2018-01-06 20:00:00,0.8224463015794754
2018-01-06 21:00:00,0.8016505688428879
2018-01-06 22:00:00,0.8546737432479858
2018-01-06 23:00:00,0.9679043292999268
2018-01-07 00:00:00,1.0873079299926758
2018-01-07 01:00:00,1.216779112815857
2018-01-07 02:00:00,1.364936351776123
2018-01-07 03:00:00,2.8733792304992676
2018-01-07 04:00:00,2.5517144203186035
2018-01-07 05:00:00,2.4645304679870605
2018-01-07 06:00:00,3.397319793701172
2018-01-07 07:00:00,3.408849000930786
2018-01-07 08:00:00,3.4730818271636963
2018-01-07 09:00:00,3.48687481880188
2018-01-07 10:00:00,3.284034252166748
2018-01-07 11:00:00,1.7363461554050446
2018-01-07 12:00:00,1.270220398902893
2018-01-07 13:00:00,1.2941672652959824
2018-01-07 14:00:00,1.2830422073602676
2018-01-07 15:00:00,1.2848104238510132
2018-01-07 16:00:00,1.3586130142211914
2018-01-07 17:00:00,1.3780920505523682
2018-01-07 18:00:00,1.3484961986541748
2018-01-07 19:00:00,1.319605827331543
2018-01-07 20:00:00,1.3027349710464478
2018-01-07 21:00:00,1.307496428489685
2018-01-07 22:00:00,1.330857753753662
2018-01-07 23:00:00,1.3710880279541016
2018-01-08 00:00:00,1.399118185043335
2018-01-08 01:00:00,1.3935508728027344
2018-01-08 02:00:00,1.3503332138061523
2018-01-08 03:00:00,2.5713939666748047
2018-01-08 04:00:00,1.9702942371368408
2018-01-08 05:00:00,2.089929759502411
2018-01-08 06:00:00,2.4570629596710205
2018-01-08 07:00:00,2.3095037937164307
2018-01-08 08:00:00,2.2363884449005127
2018-01-08 09:00:00,2.170770615339279
2018-01-08 10:00:00,2.02856183052063
2018-01-08 11:00:00,0.696016788482666
2018-01-08 12:00:00,1.0761393308639526
2018-01-08 13:00:00,1.0794229358434677
2018-01-08 14:00:00,1.0331329107284546
2018-01-08 15:00:00,0.9904804080724716
2018-01-08 16:00:00,0.9450693279504776
2018-01-08 17:00:00,0.8921428918838501
2018-01-08 18:00:00,0.8490396738052368
2018-01-08 19:00:00,0.8212373852729797
2018-01-08 20:00:00,0.8096276521682739
2018-01-08 21:00:00,0.8247107863426208
2018-01-08 22:00:00,0.8273760676383972
2018-01-08 23:00:00,0.8476633429527283
2018-01-09 00:00:00,0.8901672810316086
2018-01-09 01:00:00,0.9376678019762039
2018-01-09 02:00:00,0.9577568769454956
2018-01-09 03:00:00,1.5609068870544434
2018-01-09 04:00:00,1.889136791229248
2018-01-09 05:00:00,1.8644370138645172
2018-01-09 06:00:00,2.310126543045044
2018-01-09 07:00:00,2.440891534090042
2018-01-09 08:00:00,2.625930070877075
2018-01-09 09:00:00,2.7815966606140137
2018-01-09 10:00:00,2.7882912158966064
2018-01-09 11:00:00,1.250365972518921
2018-01-09 12:00:00,1.2353928089141846
2018-01-09 13:00:00,1.2844897508621216
2018-01-09 14:00:00,1.2910821437835693
2018-01-09 15:00:00,1.307456374168396
2018-01-09 16:00:00,1.3729530572891235
2018-01-09 17:00:00,1.4562335014343262
2018-01-09 18:00:00,1.5199248790740967
2018-01-09 19:00:00,1.548981785774231
2018-01-09 20:00:00,1.5371856689453125
2018-01-09 21:00:00,1.516641616821289
2018-01-09 22:00:00,1.4466497898101807
2018-01-09 23:00:00,1.4197341203689575
2018-01-10 00:00:00,1.4230375289916992
2018-01-10 01:00:00,1.4644904136657715
2018-01-10 02:00:00,1.552020788192749
2018-01-10 03:00:00,2.970315933227539
2018-01-10 04:00:00,2.6953535079956055
2018-01-10 05:00:00,2.5785973072052
2018-01-10 06:00:00,3.8312262296676636
2018-01-10 07:00:00,4.0115004777908325
2018-01-10 08:00:00,4.032784938812256
2018-01-10 09:00:00,3.945064067840576
2018-01-10 10:00:00,3.6416759490966797
2018-01-10 11:00:00,1.7158079147338867
2018-01-10 12:00:00,1.4368391036987305
2018-01-10 13:00:00,1.5946954488754272
2018-01-10 14:00:00,1.748952865600586
2018-01-10 15:00:00,1.886092185974121
2018-01-10 16:00:00,2.022151231765747
2018-01-10 17:00:00,2.03057599067688
2018-01-10 18:00:00,1.9423423409461975
2018-01-10 19:00:00,1.835585594177246
2018-01-10 20:00:00,1.7682466506958008
2018-01-10 21:00:00,1.741365909576416
2018-01-10 22:00:00,1.6340301036834717
2018-01-10 23:00:00,1.5896916389465332
2018-01-11 00:00:00,1.569675326347351
2018-01-11 01:00:00,1.5956497192382812
2018-01-11 02:00:00,1.6940500736236572
2018-01-11 03:00:00,3.22346568107605
2018-01-11 04:00:00,2.754481554031372
2018-01-11 05:00:00,2.5702483654022217
2018-01-11 06:00:00,3.88425874710083
2018-01-11 07:00:00,3.8005273938179016
2018-01-11 08:00:00,3.7297768592834473
2018-01-11 09:00:00,3.573413372039795
2018-01-11 10:00:00,3.374518632888794
2018-01-11 11:00:00,1.6786185801029205
2018-01-11 12:00:00,1.3597025871276855
2018-01-11 13:00:00,1.4716408252716064
2018-01-11 14:00:00,1.5246000289916992
2018-01-11 15:00:00,1.5191657543182373
2018-01-11 16:00:00,1.5257678031921387
2018-01-11 17:00:00,1.5028156042099
2018-01-11 18:00:00,1.4869773387908936
2018-01-11 19:00:00,1.5096060037612915
2018-01-11 20:00:00,1.5514106750488281
2018-01-11 21:00:00,1.6377770900726318
2018-01-11 22:00:00,1.6766399145126343
2018-01-11 23:00:00,1.6180565357208252
2018-01-12 00:00:00,1.53757905960083
2018-01-12 01:00:00,1.4326283931732178
2018-01-12 02:00:00,1.357988715171814
2018-01-12 03:00:00,2.7290329933166504
2018-01-12 04:00:00,2.309170722961426
2018-01-12 05:00:00,2.3731331825256348
2018-01-12 06:00:00,3.224167585372925
2018-01-12 07:00:00,3.3136582374572754
2018-01-12 08:00:00,3.3781659603118896
2018-01-12 09:00:00,3.2988080978393555
2018-01-12 10:00:00,2.963047981262207
2018-01-12 11:00:00,1.0321344286203384
2018-01-12 12:00:00,1.0596494525671005
2018-01-12 13:00:00,0.9298526495695114
2018-01-12 14:00:00,0.69234299659729
2018-01-12 15:00:00,0.4479511231184006
2018-01-12 16:00:00,0.29772889614105225
2018-01-12 17:00:00,0.19334611296653748
2018-01-12 18:00:00,0.21262191981077194
2018-01-12 19:00:00,0.3552132807672024
2018-01-12 20:00:00,0.5266820266842842
2018-01-12 21:00:00,0.6729831695556641
2018-01-12 22:00:00,0.7861969470977783
2018-01-12 23:00:00,0.885694682598114
2018-01-13 00:00:00,0.9214437007904053
2018-01-13 01:00:00,0.9416320770978928
2018-01-13 02:00:00,0.9502075910568237
2018-01-13 03:00:00,0.8566215485334396
2018-01-13 04:00:00,1.3971534967422485
2018-01-13 05:00:00,1.6663987636566162
2018-01-13 06:00:00,2.500088691711426
2018-01-13 07:00:00,2.8693509101867676
2018-01-13 08:00:00,3.1035170555114746
2018-01-13 09:00:00,3.0892765522003174
2018-01-13 10:00:00,2.7665905952453613
2018-01-13 11:00:00,1.2277583926916122
2018-01-13 12:00:00,0.9594862461090088
2018-01-13 13:00:00,0.961809515953064
2018-01-13 14:00:00,0.9371621161699295
2018-01-13 15:00:00,0.9586272239685059
2018-01-13 16:00:00,1.0094012022018433
2018-01-13 17:00:00,1.083874225616455
2018-01-13 18:00:00,1.146665334701538
2018-01-13 19:00:00,1.1841174364089966
2018-01-13 20:00:00,1.1967700719833374
2018-01-13 21:00:00,1.1884962320327759
2018-01-13 22:00:00,1.1745411157608032
2018-01-13 23:00:00,1.1492809057235718
2018-01-14 00:00:00,1.102407455444336
2018-01-14 01:00:00,1.0483029186725616
2018-01-14 02:00:00,0.9948641061782837
2018-01-14 03:00:00,0.848922610282898
2018-01-14 04:00:00,1.4099136590957642
2018-01-14 05:00:00,1.3142021894454956
2018-01-14 06:00:00,2.521235466003418
2018-01-14 07:00:00,2.636566162109375
2018-01-14 08:00:00,2.622741460800171
2018-01-14 09:00:00,2.4907937049865723
2018-01-14 10:00:00,2.248946189880371
2018-01-14 11:00:00,0.8067476749420166
2018-01-14 12:00:00,1.0739848613739014
2018-01-14 13:00:00,1.0967226028442383
2018-01-14 14:00:00,1.0769528150558472
2018-01-14 15:00:00,1.0779573917388916
2018-01-14 16:00:00,1.0771626234054565
2018-01-14 17:00:00,1.053297758102417
2018-01-14 18:00:00,1.0252799987792969
2018-01-14 19:00:00,1.0197436809539795
2018-01-14 20:00:00,1.0536164045333862
2018-01-14 21:00:00,1.1037201881408691
2018-01-14 22:00:00,1.135761022567749
2018-01-14 23:00:00,1.196556568145752
2018-01-15 00:00:00,1.2657573223114014
2018-01-15 01:00:00,1.3343487977981567
2018-01-15 02:00:00,1.403106927871704
2018-01-15 03:00:00,2.8076696395874023
2018-01-15 04:00:00,2.266537666320801
2018-01-15 05:00:00,2.1147551238536835
2018-01-15 06:00:00,3.3605079650878906
2018-01-15 07:00:00,3.3637092113494873
2018-01-15 08:00:00,3.4098618030548096
2018-01-15 09:00:00,3.4161274433135986
2018-01-15 10:00:00,3.272460460662842
2018-01-15 11:00:00,1.5324351787567139
2018-01-15 12:00:00,1.333204746246338
2018-01-15 13:00:00,1.4454319477081299
2018-01-15 14:00:00,1.5153272151947021
2018-01-15 15:00:00,1.5804989337921143
2018-01-15 16:00:00,1.683619499206543
2018-01-15 17:00:00,1.7553319931030273
2018-01-15 18:00:00,1.8385498523712158
2018-01-15 19:00:00,1.9128129482269287
2018-01-15 20:00:00,1.9684758186340332
2018-01-15 21:00:00,2.068805694580078
2018-01-15 22:00:00,1.9719624519348145
2018-01-15 23:00:00,1.8731122016906738
2018-01-16 00:00:00,1.7794232368469238
2018-01-16 01:00:00,1.7310807704925537
2018-01-16 02:00:00,1.7540310621261597
2018-01-16 03:00:00,2.9984803199768066
2018-01-16 04:00:00,2.573500633239746
2018-01-16 05:00:00,2.265519142150879
2018-01-16 06:00:00,3.1741137504577637
2018-01-16 07:00:00,3.0876049995422363
2018-01-16 08:00:00,2.9345703125
2018-01-16 09:00:00,2.5625319480895996
2018-01-16 10:00:00,2.13693767786026
2018-01-16 11:00:00,0.6916562914848328
2018-01-16 12:00:00,0.7494434118270874
2018-01-16 13:00:00,0.28467047214508057
2018-01-16 14:00:00,-0.2900061011314392
2018-01-16 15:00:00,-0.9167978763580322
2018-01-16 16:00:00,-1.260843276977539
2018-01-16 17:00:00,-1.3809319734573364
2018-01-16 18:00:00,-1.3084683418273926
2018-01-16 19:00:00,-1.1711393594741821
2018-01-16 20:00:00,-1.054781660437584
2018-01-16 21:00:00,-1.0105277299880981
2018-01-16 22:00:00,-1.0671270042657852
2018-01-16 23:00:00,-1.0982358306646347
2018-01-17 00:00:00,-1.0739620923995972
2018-01-17 01:00:00,-1.03138267993927
2018-01-17 02:00:00,-0.9271879196166992
2018-01-17 03:00:00,-1.7990186214447021
2018-01-17 04:00:00,-1.4968119859695435
2018-01-17 05:00:00,-1.4251693487167358
2018-01-17 06:00:00,-1.2208212614059448
2018-01-17 07:00:00,-0.6348873376846313
2018-01-17 08:00:00,-0.4556879997253418
2018-01-17 09:00:00,-0.44891345500946045
2018-01-17 10:00:00,-0.45322561264038086
2018-01-17 11:00:00,-0.304662823677063
2018-01-17 12:00:00,-0.6728156805038452
2018-01-17 13:00:00,-0.8563071489334106
2018-01-17 14:00:00,-0.994539737701416
2018-01-17 15:00:00,-1.035330891609192
2018-01-17 16:00:00,-1.0595918893814087
2018-01-17 17:00:00,-0.9922406673431396
2018-01-17 18:00:00,-0.8476302623748779
2018-01-17 19:00:00,-0.8070117235183716
2018-01-17 20:00:00,-0.694683313369751
2018-01-17 21:00:00,-0.5544899702072144
2018-01-17 22:00:00,-0.40130382776260376
2018-01-17 23:00:00,-0.06042325496673584
2018-01-18 00:00:00,0.4265040159225464
2018-01-18 01:00:00,0.8086909055709839
2018-01-18 02:00:00,1.007373571395874
2018-01-18 03:00:00,0.7225780487060547
2018-01-18 04:00:00,1.6044833660125732
2018-01-18 05:00:00,1.3391620963811874
2018-01-18 06:00:00,1.831205129623413
2018-01-18 07:00:00,2.1363942623138428
2018-01-18 08:00:00,2.1942892372608185
2018-01-18 09:00:00,2.188329666852951
2018-01-18 10:00:00,2.028900623321533
2018-01-18 11:00:00,0.7266311198472977
2018-01-18 12:00:00,0.7909847497940063
2018-01-18 13:00:00,0.7916908711194992
2018-01-18 14:00:00,0.7564182281494141
2018-01-18 15:00:00,0.7036418467760086
2018-01-18 16:00:00,0.6635552644729614
2018-01-18 17:00:00,0.6060171127319336
2018-01-18 18:00:00,0.5508835390210152
2018-01-18 19:00:00,0.5260023921728134
2018-01-18 20:00:00,0.5091187804937363
2018-01-18 21:00:00,0.512641966342926
2018-01-18 22:00:00,0.5273669436573982
2018-01-18 23:00:00,0.6045140027999878
2018-01-19 00:00:00,0.7364176511764526
2018-01-19 01:00:00,0.8750315308570862
2018-01-19 02:00:00,0.9593412429094315
2018-01-19 03:00:00,1.5253186374902725
2018-01-19 04:00:00,1.740517020225525
2018-01-19 05:00:00,1.473942518234253
2018-01-19 06:00:00,2.4361586570739746
2018-01-19 07:00:00,2.843550205230713
2018-01-19 08:00:00,3.0878899097442627
2018-01-19 09:00:00,3.1918694972991943
2018-01-19 10:00:00,3.0976402759552
2018-01-19 11:00:00,1.9389306008815765
2018-01-19 12:00:00,1.0939855575561523
2018-01-19 13:00:00,1.104302391409874
2018-01-19 14:00:00,1.1211769580841064
2018-01-19 15:00:00,1.1459810733795166
2018-01-19 16:00:00,1.1978221088647842
2018-01-19 17:00:00,1.2638989686965942
2018-01-19 18:00:00,1.3315025568008423
2018-01-19 19:00:00,1.3795334100723267
2018-01-19 20:00:00,1.380368947982788
2018-01-19 21:00:00,1.354783535003662
2018-01-19 22:00:00,1.3493258953094482
2018-01-19 23:00:00,1.385035753250122
2018-01-20 00:00:00,1.481505036354065
2018-01-20 01:00:00,1.600617527961731
2018-01-20 02:00:00,1.8125204145908356
2018-01-20 03:00:00,3.3244411945343018
2018-01-20 04:00:00,2.733379364013672
2018-01-20 05:00:00,2.9348981380462646
2018-01-20 06:00:00,3.4181385040283203
2018-01-20 07:00:00,3.224287748336792
2018-01-20 08:00:00,3.0500638484954834
2018-01-20 09:00:00,2.9245901107788086
2018-01-20 10:00:00,3.004201650619507
2018-01-20 11:00:00,1.9609526991844177
2018-01-20 12:00:00,1.3662059307098389
2018-01-20 13:00:00,1.498867154121399
2018-01-20 14:00:00,1.5346269607543945
2018-01-20 15:00:00,1.5134429931640625
2018-01-20 16:00:00,1.4887984991073608
2018-01-20 17:00:00,1.4661638736724854
2018-01-20 18:00:00,1.4032106399536133
2018-01-20 19:00:00,1.3498508930206299
2018-01-20 20:00:00,1.3250210285186768
2018-01-20 21:00:00,1.3349049091339111
2018-01-20 22:00:00,1.3234730958938599
2018-01-20 23:00:00,1.2873542308807373
2018-01-21 00:00:00,1.2176686525344849
2018-01-21 01:00:00,1.1513440608978271
2018-01-21 02:00:00,1.0811644792556763
2018-01-21 03:00:00,2.1805500984191895
2018-01-21 04:00:00,1.5192443132400513
2018-01-21 05:00:00,1.5251227617263794
2018-01-21 06:00:00,1.839372158050537
2018-01-21 07:00:00,1.9898414015769958
2018-01-21 08:00:00,2.1210098266601562
2018-01-21 09:00:00,2.0920331478118896
2018-01-21 10:00:00,1.732265144586563
2018-01-21 11:00:00,0.48443152755498886
2018-01-21 12:00:00,0.5294148325920105
2018-01-21 13:00:00,0.10284469276666641
2018-01-21 14:00:00,-0.3274597153067589
2018-01-21 15:00:00,-0.6597120761871338
2018-01-21 16:00:00,-0.6929177790880203
2018-01-21 17:00:00,-0.6441247910261154
2018-01-21 18:00:00,-0.6096054315567017
2018-01-21 19:00:00,-0.5462188720703125
2018-01-21 20:00:00,-0.48712193965911865
2018-01-21 21:00:00,-0.4654737114906311
2018-01-21 22:00:00,-0.4781973361968994
2018-01-21 23:00:00,-0.5082048773765564
2018-01-22 00:00:00,-0.5970008373260498
2018-01-22 01:00:00,-0.6814072281122208
2018-01-22 02:00:00,-0.6555341482162476
2018-01-22 03:00:00,-0.3714999780058861
2018-01-22 04:00:00,-0.3724216967821121
2018-01-22 05:00:00,0.04201143980026245
2018-01-22 06:00:00,0.9349890872836113
2018-01-22 07:00:00,1.2147800773382187
2018-01-22 08:00:00,1.235158920288086
2018-01-22 09:00:00,1.0757821798324585
2018-01-22 10:00:00,0.6764471083879471
2018-01-22 11:00:00,0.04253661632537842
2018-01-22 12:00:00,-0.5633621253073215
2018-01-22 13:00:00,-1.0631065368652344
2018-01-22 14:00:00,-1.3417388200759888
2018-01-22 15:00:00,-1.4583680629730225
2018-01-22 16:00:00,-1.4553250074386597
2018-01-22 17:00:00,-1.4386825561523438
2018-01-22 18:00:00,-1.4221137762069702
2018-01-22 19:00:00,-1.4078844785690308
2018-01-22 20:00:00,-1.378467082977295
2018-01-22 21:00:00,-1.3095051050186157
2018-01-22 22:00:00,-1.2153096199035645
2018-01-22 23:00:00,-1.0710158348083496
2018-01-23 00:00:00,-0.9263646602630615
2018-01-23 01:00:00,-0.7705612182617188
2018-01-23 02:00:00,-0.671497106552124
2018-01-23 03:00:00,-1.1794731616973877
2018-01-23 04:00:00,-0.9061394929885864
2018-01-23 05:00:00,-0.23732346296310425
2018-01-23 06:00:00,0.7791347205638885
2018-01-23 07:00:00,1.5722522735595703
2018-01-23 08:00:00,1.6759304851293564
2018-01-23 09:00:00,1.0848838984966278
2018-01-23 10:00:00,0.012919902801513672
2018-01-23 11:00:00,-0.9732280373573303
2018-01-23 12:00:00,-0.7957572638988495
2018-01-23 13:00:00,-1.0913059413433075
2018-01-23 14:00:00,-1.3825128227472305
2018-01-23 15:00:00,-1.838012471795082
2018-01-23 16:00:00,-2.1450629234313965
2018-01-23 17:00:00,-2.109328031539917
2018-01-23 18:00:00,-1.7302944660186768
2018-01-23 19:00:00,-1.2655484676361084
2018-01-23 20:00:00,-1.0390348732471466
2018-01-23 21:00:00,-0.8864791393280029
2018-01-23 22:00:00,-0.7421674728393555
2018-01-23 23:00:00,-0.5948942303657532
2018-01-24 00:00:00,-0.3080199360847473
2018-01-24 01:00:00,0.34200429916381836
2018-01-24 02:00:00,0.8375905752182007
2018-01-24 03:00:00,1.632232666015625
2018-01-24 04:00:00,1.4672471284866333
2018-01-24 05:00:00,1.4354708194732666
2018-01-24 06:00:00,1.3118910789489746
2018-01-24 07:00:00,1.4032466411590576
2018-01-24 08:00:00,1.5348424911499023
2018-01-24 09:00:00,1.7830383777618408
2018-01-24 10:00:00,1.9615440368652344
2018-01-24 11:00:00,1.9177545607089996
2018-01-24 12:00:00,0.9235038757324219
2018-01-24 13:00:00,1.0216466039419174
2018-01-24 14:00:00,1.0369990020990372
2018-01-24 15:00:00,1.049635410308838
2018-01-24 16:00:00,1.064045786857605
2018-01-24 17:00:00,1.0366040468215942
2018-01-24 18:00:00,1.0006614923477173
2018-01-24 19:00:00,0.9761488884687424
2018-01-24 20:00:00,1.005671739578247
2018-01-24 21:00:00,1.0935860872268677
2018-01-24 22:00:00,1.1165036112070084
2018-01-24 23:00:00,1.1667122840881348
2018-01-25 00:00:00,1.2392292022705078
2018-01-25 01:00:00,1.337498426437378
2018-01-25 02:00:00,1.7440636157989502
2018-01-25 03:00:00,2.5976665019989014
2018-01-25 04:00:00,2.438100576400757
2018-01-25 05:00:00,3.0241384506225586
2018-01-25 06:00:00,3.2736668586730957
2018-01-25 07:00:00,3.481106758117676
2018-01-25 08:00:00,3.6392316818237305
2018-01-25 09:00:00,3.653195559978485
2018-01-25 10:00:00,3.378265857696533
2018-01-25 11:00:00,2.6762969493865967
2018-01-25 12:00:00,1.2112133502960205
2018-01-25 13:00:00,1.2893176078796387
2018-01-25 14:00:00,1.2891240119934082
2018-01-25 15:00:00,1.2604711055755615
2018-01-25 16:00:00,1.2009230852127075
2018-01-25 17:00:00,1.0818284749984741
2018-01-25 18:00:00,0.9374298602342606
2018-01-25 19:00:00,0.7474870085716248
2018-01-25 20:00:00,0.5446043014526367
2018-01-25 21:00:00,0.4180336222052574
2018-01-25 22:00:00,0.3939459100365639
2018-01-25 23:00:00,0.47398700565099716
2018-01-26 00:00:00,0.616973876953125
2018-01-26 01:00:00,0.7847016453742981
2018-01-26 02:00:00,0.9073779582977295
2018-01-26 03:00:00,1.7141029834747314
2018-01-26 04:00:00,1.4662034511566162
2018-01-26 05:00:00,2.1585631370544434
2018-01-26 06:00:00,2.5473709106445312
2018-01-26 07:00:00,2.64319109916687
2018-01-26 08:00:00,2.6753618717193604
2018-01-26 09:00:00,2.6627938747406006
2018-01-26 10:00:00,2.5253536701202393
2018-01-26 11:00:00,1.2629895359277725
2018-01-26 12:00:00,0.7869023084640503
2018-01-26 13:00:00,0.6904406547546387
2018-01-26 14:00:00,0.5505555309355259
2018-01-26 15:00:00,0.4492509998381138
2018-01-26 16:00:00,0.40849781036376953
2018-01-26 17:00:00,0.4121059775352478
2018-01-26 18:00:00,0.4273359775543213
2018-01-26 19:00:00,0.4575510025024414
2018-01-26 20:00:00,0.5335991382598877
2018-01-26 21:00:00,0.6131407618522644
2018-01-26 22:00:00,0.6943359971046448
2018-01-26 23:00:00,0.8167519569396973
2018-01-27 00:00:00,0.9641234874725342
2018-01-27 01:00:00,1.0944337844848633
2018-01-27 02:00:00,1.1103184223175049
2018-01-27 03:00:00,2.0509610176086426
2018-01-27 04:00:00,1.8023327589035034
2018-01-27 05:00:00,1.8417327404022217
2018-01-27 06:00:00,2.0845118165016174
2018-01-27 07:00:00,1.9470562934875488
2018-01-27 08:00:00,1.8281853199005127
2018-01-27 09:00:00,1.7629618644714355
2018-01-27 10:00:00,1.9041597843170166
2018-01-27 11:00:00,0.826532319188118
2018-01-27 12:00:00,0.7789452522993088
2018-01-27 13:00:00,0.7286934927105904
2018-01-27 14:00:00,0.6267369240522385
2018-01-27 15:00:00,0.538522481918335
2018-01-27 16:00:00,0.500907763838768
2018-01-27 17:00:00,0.4817067366093397
2018-01-27 18:00:00,0.454987155739218
2018-01-27 19:00:00,0.4102376103401184
2018-01-27 20:00:00,0.3875342607498169
2018-01-27 21:00:00,0.45818354934453964
2018-01-27 22:00:00,0.6209632158279419
2018-01-27 23:00:00,0.8213231563568115
2018-01-28 00:00:00,0.9788484573364258
2018-01-28 01:00:00,1.1005505323410034
2018-01-28 02:00:00,1.134821891784668
2018-01-28 03:00:00,2.051173448562622
2018-01-28 04:00:00,1.9697160422801971
2018-01-28 05:00:00,1.816664457321167
2018-01-28 06:00:00,2.4607827365398407
2018-01-28 07:00:00,2.4630241096019745
2018-01-28 08:00:00,2.4506438076496124
2018-01-28 09:00:00,2.4047675132751465
2018-01-28 10:00:00,2.330325126647949
2018-01-28 11:00:00,0.9860104322433472
2018-01-28 12:00:00,0.9681768119335175
2018-01-28 13:00:00,0.940755121409893
2018-01-28 14:00:00,0.8345009014010429
2018-01-28 15:00:00,0.7437640354037285
2018-01-28 16:00:00,0.6249222308397293
2018-01-28 17:00:00,0.5211183950304985
2018-01-28 18:00:00,0.44161397218704224
2018-01-28 19:00:00,0.38160667568445206
2018-01-28 20:00:00,0.3681280044838786
2018-01-28 21:00:00,0.43140389770269394
2018-01-28 22:00:00,0.6111806705594063
2018-01-28 23:00:00,0.7886276692152023
2018-01-29 00:00:00,0.9588322639465332
2018-01-29 01:00:00,1.1093915700912476
2018-01-29 02:00:00,1.2293206453323364
2018-01-29 03:00:00,2.5802078247070312
2018-01-29 04:00:00,2.178916484117508
2018-01-29 05:00:00,2.1450300216674805
2018-01-29 06:00:00,3.219778060913086
2018-01-29 07:00:00,3.493577241897583
2018-01-29 08:00:00,3.6149821281433105
2018-01-29 09:00:00,3.6015504002571106
2018-01-29 10:00:00,3.38309907913208
2018-01-29 11:00:00,2.1719701290130615
2018-01-29 12:00:00,1.1549534648656845
2018-01-29 13:00:00,1.1422547101974487
2018-01-29 14:00:00,1.0994621515274048
2018-01-29 15:00:00,1.0493533611297607
2018-01-29 16:00:00,1.0719668865203857
2018-01-29 17:00:00,1.0927488803863525
2018-01-29 18:00:00,1.1198484897613525
2018-01-29 19:00:00,1.1460151970386505
2018-01-29 20:00:00,1.2068753242492676
2018-01-29 21:00:00,1.2971564531326294
2018-01-29 22:00:00,1.1952149868011475
2018-01-29 23:00:00,1.1767054796218872
2018-01-30 00:00:00,1.2484462559223175
2018-01-30 01:00:00,1.4263620376586914
2018-01-30 02:00:00,1.849220097064972
2018-01-30 03:00:00,3.5076160430908203
2018-01-30 04:00:00,3.2883639335632324
2018-01-30 05:00:00,3.5872151255607605
2018-01-30 06:00:00,4.56409353017807
2018-01-30 07:00:00,4.618131160736084
2018-01-30 08:00:00,4.53237920999527
2018-01-30 09:00:00,4.261806011199951
2018-01-30 10:00:00,4.104209542274475
2018-01-30 11:00:00,3.406266689300537
2018-01-30 12:00:00,1.8156495094299316
2018-01-30 13:00:00,2.059046506881714
2018-01-30 14:00:00,2.314502000808716
2018-01-30 15:00:00,2.5710411071777344
2018-01-30 16:00:00,2.6948795318603516
2018-01-30 17:00:00,2.730616807937622
2018-01-30 18:00:00,2.5692460536956787
2018-01-30 19:00:00,2.449460506439209
2018-01-30 20:00:00,2.38830903172493
2018-01-30 21:00:00,2.3737115561962128
2018-01-30 22:00:00,2.2956433296203613
2018-01-30 23:00:00,2.3140386939048767
2018-01-31 00:00:00,2.4745192527770996
2018-01-31 01:00:00,2.7292089462280273
2018-01-31 02:00:00,3.4217987060546875
2018-01-31 03:00:00,3.9887818098068237
2018-01-31 04:00:00,3.8271684646606445
2018-01-31 05:00:00,5.356386184692383
2018-01-31 06:00:00,5.46678352355957
2018-01-31 07:00:00,5.325847148895264
2018-01-31 08:00:00,5.066823959350586
2018-01-31 09:00:00,4.692954063415527
2018-01-31 10:00:00,4.2698655128479
2018-01-31 11:00:00,3.056023120880127
2018-01-31 12:00:00,1.5143333673477173
2018-01-31 13:00:00,1.6198372840881348
2018-01-31 14:00:00,1.6817359924316406
2018-01-31 15:00:00,1.5099198818206787
2018-01-31 16:00:00,1.4653358459472656
2018-01-31 17:00:00,1.5522611141204834
2018-01-31 18:00:00,1.5767271518707275
2018-01-31 19:00:00,1.521010398864746
2018-01-31 20:00:00,1.4782013893127441
2018-01-31 21:00:00,1.4691731929779053
2018-01-31 22:00:00,1.3409173488616943
2018-01-31 23:00:00,1.2128276824951172
2018-02-01 00:00:00,1.1061139106750488
2018-02-01 01:00:00,1.0709561109542847
2018-02-01 02:00:00,1.0900384187698364
2018-02-01 03:00:00,2.2078272700309753
2018-02-01 04:00:00,1.960252821445465
2018-02-01 05:00:00,1.856178343296051
2018-02-01 06:00:00,1.9201405048370361
2018-02-01 07:00:00,2.0366687178611755
2018-02-01 08:00:00,2.28803688287735
2018-02-01 09:00:00,2.3914961516857147
2018-02-01 10:00:00,2.4132885932922363
2018-02-01 11:00:00,2.1252152919769287
2018-02-01 12:00:00,0.9809692203998566
2018-02-01 13:00:00,1.0535249710083008
2018-02-01 14:00:00,1.0263729393482208
2018-02-01 15:00:00,0.9873060882091522
2018-02-01 16:00:00,0.9393968284130096
2018-02-01 17:00:00,0.8535361289978027
2018-02-01 18:00:00,0.757088229060173
2018-02-01 19:00:00,0.700478196144104
2018-02-01 20:00:00,0.6742566227912903
2018-02-01 21:00:00,0.6863157749176025
2018-02-01 22:00:00,0.6549416184425354
2018-02-01 23:00:00,0.6437712982296944
2018-02-02 00:00:00,0.6849905252456665
2018-02-02 01:00:00,0.7695249319076538
2018-02-02 02:00:00,0.8250957280397415
2018-02-02 03:00:00,1.9419167041778564
2018-02-02 04:00:00,1.722989797592163
2018-02-02 05:00:00,2.103393316268921
2018-02-02 06:00:00,2.5311760902404785
2018-02-02 07:00:00,2.7785749435424805
2018-02-02 08:00:00,2.838897705078125
2018-02-02 09:00:00,2.7975337505340576
2018-02-02 10:00:00,2.61983060836792
2018-02-02 11:00:00,2.167472392320633
2018-02-02 12:00:00,0.9739192724227905
2018-02-02 13:00:00,1.0009076595306396
2018-02-02 14:00:00,0.8963173627853394
2018-02-02 15:00:00,0.7897771596908569
2018-02-02 16:00:00,0.703646183013916
2018-02-02 17:00:00,0.5982438921928406
2018-02-02 18:00:00,0.4686499834060669
2018-02-02 19:00:00,0.309777170419693
2018-02-02 20:00:00,0.12566375732421875
2018-02-02 21:00:00,-0.031523048877716064
2018-02-02 22:00:00,-0.046092407777905464
2018-02-02 23:00:00,-0.011848926544189453
2018-02-03 00:00:00,0.06478583812713623
2018-02-03 01:00:00,0.22944185137748718
2018-02-03 02:00:00,0.44350665807724
2018-02-03 03:00:00,1.1886334419250488
2018-02-03 04:00:00,1.2833919525146484
2018-02-03 05:00:00,1.2715093046426773
2018-02-03 06:00:00,1.6354172229766846
2018-02-03 07:00:00,1.9180976450443268
2018-02-03 08:00:00,2.143075942993164
2018-02-03 09:00:00,2.301874428987503
2018-02-03 10:00:00,2.445352077484131
2018-02-03 11:00:00,2.3373806476593018
2018-02-03 12:00:00,1.0041529834270477
2018-02-03 13:00:00,1.0695006847381592
2018-02-03 14:00:00,0.9903961420059204
2018-02-03 15:00:00,0.8828648328781128
2018-02-03 16:00:00,0.7778228521347046
2018-02-03 17:00:00,0.7075255513191223
2018-02-03 18:00:00,0.6784324049949646
2018-02-03 19:00:00,0.74546879529953
2018-02-03 20:00:00,0.8461856842041016
2018-02-03 21:00:00,0.9533078670501709
2018-02-03 22:00:00,1.030549019575119
2018-02-03 23:00:00,1.074195384979248
2018-02-04 00:00:00,1.099151849746704
2018-02-04 01:00:00,1.2043237686157227
2018-02-04 02:00:00,1.6856985986232758
2018-02-04 03:00:00,2.5900378227233887
2018-02-04 04:00:00,2.359370708465576
2018-02-04 05:00:00,2.6146621704101562
2018-02-04 06:00:00,2.37058162689209
2018-02-04 07:00:00,2.5020766258239746
2018-02-04 08:00:00,2.714783191680908
2018-02-04 09:00:00,2.7040042877197266
2018-02-04 10:00:00,2.597075939178467
2018-02-04 11:00:00,2.3548882007598877
2018-02-04 12:00:00,1.1199300289154053
2018-02-04 13:00:00,1.277122974395752
2018-02-04 14:00:00,1.277025818824768
2018-02-04 15:00:00,1.2289870977401733
2018-02-04 16:00:00,1.1702405214309692
2018-02-04 17:00:00,1.0861270427703857
2018-02-04 18:00:00,1.0567309856414795
2018-02-04 19:00:00,1.059607744216919
2018-02-04 20:00:00,1.0286215543746948
2018-02-04 21:00:00,0.9984478950500488
2018-02-04 22:00:00,0.9180994033813477
2018-02-04 23:00:00,0.8568031787872314
2018-02-05 00:00:00,0.8051800727844238
2018-02-05 01:00:00,0.747429370880127
2018-02-05 02:00:00,0.675912082195282
2018-02-05 03:00:00,1.4422991275787354
2018-02-05 04:00:00,1.2601020336151123
2018-02-05 05:00:00,1.3494476079940796
2018-02-05 06:00:00,1.5398324728012085
2018-02-05 07:00:00,1.6416866779327393
2018-02-05 08:00:00,1.7567200660705566
2018-02-05 09:00:00,1.793030172586441
2018-02-05 10:00:00,1.7749482095241547
2018-02-05 11:00:00,1.5985362529754639
2018-02-05 12:00:00,0.8301973342895508
2018-02-05 13:00:00,0.9234026670455933
2018-02-05 14:00:00,0.822928786277771
2018-02-05 15:00:00,0.6916161775588989
2018-02-05 16:00:00,0.5941884517669678
2018-02-05 17:00:00,0.549297571182251
2018-02-05 18:00:00,0.4617459774017334
2018-02-05 19:00:00,0.44091784954071045
2018-02-05 20:00:00,0.4809461832046509
2018-02-05 21:00:00,0.5400371551513672
2018-02-05 22:00:00,0.6078721284866333
2018-02-05 23:00:00,0.6781723499298096
2018-02-06 00:00:00,0.6739287376403809
2018-02-06 01:00:00,0.6248811483383179
2018-02-06 02:00:00,0.7999851703643799
2018-02-06 03:00:00,1.450206995010376
2018-02-06 04:00:00,1.5990484952926636
2018-02-06 05:00:00,1.590650200843811
2018-02-06 06:00:00,1.721037745475769
2018-02-06 07:00:00,1.9201722145080566
2018-02-06 08:00:00,2.0064644515514374
2018-02-06 09:00:00,2.059770107269287
2018-02-06 10:00:00,2.223546266555786
2018-02-06 11:00:00,2.180910348892212
2018-02-06 12:00:00,1.1108844429254532
2018-02-06 13:00:00,1.3441020250320435
2018-02-06 14:00:00,1.5315569341182709
2018-02-06 15:00:00,1.6574397087097168
2018-02-06 16:00:00,1.6985509395599365
2018-02-06 17:00:00,1.7234623432159424
2018-02-06 18:00:00,1.7082437574863434
2018-02-06 19:00:00,1.6366976201534271
2018-02-06 20:00:00,1.705962598323822
2018-02-06 21:00:00,1.6307854652404785
2018-02-06 22:00:00,1.4679431915283203
2018-02-06 23:00:00,1.4519271850585938
2018-02-07 00:00:00,1.3803584575653076
2018-02-07 01:00:00,1.328931450843811
2018-02-07 02:00:00,1.326539397239685
2018-02-07 03:00:00,2.5519821643829346
2018-02-07 04:00:00,2.2839341163635254
2018-02-07 05:00:00,2.7902565002441406
2018-02-07 06:00:00,3.2352490425109863
2018-02-07 07:00:00,3.418409585952759
2018-02-07 08:00:00,3.67245215177536
2018-02-07 09:00:00,3.8683977127075195
2018-02-07 10:00:00,3.808342933654785
2018-02-07 11:00:00,3.3140249252319336
2018-02-07 12:00:00,1.3087519407272339
2018-02-07 13:00:00,1.2629812955856323
2018-02-07 14:00:00,1.125581979751587
2018-02-07 15:00:00,1.0136858224868774
2018-02-07 16:00:00,0.9850606918334961
2018-02-07 17:00:00,0.9723234176635742
2018-02-07 18:00:00,1.0117498636245728
2018-02-07 19:00:00,0.9938046932220459
2018-02-07 20:00:00,0.9545117616653442
2018-02-07 21:00:00,0.9206137657165527
2018-02-07 22:00:00,0.8447217345237732
2018-02-07 23:00:00,0.7689199447631836
2018-02-08 00:00:00,0.7454357743263245
2018-02-08 01:00:00,0.7302099466323853
2018-02-08 02:00:00,0.709113597869873
2018-02-08 03:00:00,1.4274697303771973
2018-02-08 04:00:00,1.1413277387619019
2018-02-08 05:00:00,1.6658300161361694
2018-02-08 06:00:00,1.9243640899658203
2018-02-08 07:00:00,2.1426700949668884
2018-02-08 08:00:00,2.380734920501709
2018-02-08 09:00:00,2.3864996433258057
2018-02-08 10:00:00,2.278757333755493
2018-02-08 11:00:00,2.076818525791168
2018-02-08 12:00:00,1.0711970180273056
2018-02-08 13:00:00,1.1980605125427246
2018-02-08 14:00:00,1.1744167804718018
2018-02-08 15:00:00,1.1925084739923477
2018-02-08 16:00:00,1.1605952978134155
2018-02-08 17:00:00,1.115674614906311
2018-02-08 18:00:00,1.1034640073776245
2018-02-08 19:00:00,1.0860103368759155
2018-02-08 20:00:00,1.0475168526172638
2018-02-08 21:00:00,0.982101321220398
2018-02-08 22:00:00,0.8666752576828003
2018-02-08 23:00:00,0.7746419459581375
2018-02-09 00:00:00,0.7192414253950119
2018-02-09 01:00:00,0.7250061109662056
2018-02-09 02:00:00,0.7625594139099121
2018-02-09 03:00:00,1.7104637622833252
2018-02-09 04:00:00,1.4333942085504532
2018-02-09 05:00:00,1.8221628665924072
2018-02-09 06:00:00,2.152464836835861
2018-02-09 07:00:00,2.337932586669922
2018-02-09 08:00:00,2.4546456336975098
2018-02-09 09:00:00,2.3779411613941193
2018-02-09 10:00:00,2.3482174575328827
2018-02-09 11:00:00,2.15758416056633
2018-02-09 12:00:00,0.9532148838043213
2018-02-09 13:00:00,0.9334659576416016
2018-02-09 14:00:00,0.7334995269775391
2018-02-09 15:00:00,0.5618800669908524
2018-02-09 16:00:00,0.38655632734298706
2018-02-09 17:00:00,0.2183300107717514
2018-02-09 18:00:00,0.060439132153987885
2018-02-09 19:00:00,-0.08761221170425415
2018-02-09 20:00:00,-0.19922757148742676
2018-02-09 21:00:00,-0.33277642726898193
2018-02-09 22:00:00,-0.3659610152244568
2018-02-09 23:00:00,-0.37325870990753174
2018-02-10 00:00:00,-0.43870866298675537
2018-02-10 01:00:00,-0.5495734214782715
2018-02-10 02:00:00,-0.5377431511878967
2018-02-10 03:00:00,-0.8348844051361084
2018-02-10 04:00:00,-0.6222178936004639
2018-02-10 05:00:00,-0.37096428871154785
2018-02-10 06:00:00,-0.009250879287719727
2018-02-10 07:00:00,0.7639005184173584
2018-02-10 08:00:00,1.4223180711269379
2018-02-10 09:00:00,1.7715412080287933
2018-02-10 10:00:00,1.568716138601303
2018-02-10 11:00:00,1.2162461429834366
2018-02-10 12:00:00,0.5698729753494263
2018-02-10 13:00:00,0.48453669250011444
2018-02-10 14:00:00,0.25075437128543854
2018-02-10 15:00:00,0.0030934810638427734
2018-02-10 16:00:00,-0.08528147637844086
2018-02-10 17:00:00,-0.1873111128807068
2018-02-10 18:00:00,-0.2967185378074646
2018-02-10 19:00:00,-0.4236530661582947
2018-02-10 20:00:00,-0.6039257049560547
2018-02-10 21:00:00,-0.7684543579816818
2018-02-10 22:00:00,-0.8239656686782837
2018-02-10 23:00:00,-0.8174466490745544
2018-02-11 00:00:00,-0.8128892183303833
2018-02-11 01:00:00,-0.8560435771942139
2018-02-11 02:00:00,-0.8294162750244141
2018-02-11 03:00:00,-0.6693271398544312
2018-02-11 04:00:00,-1.360864281654358
2018-02-11 05:00:00,-1.3134939670562744
2018-02-11 06:00:00,-1.9267846047878265
2018-02-11 07:00:00,-2.033589780330658
2018-02-11 08:00:00,-2.1183056831359863
2018-02-11 09:00:00,-2.1328771114349365
2018-02-11 10:00:00,-2.002142906188965
2018-02-11 11:00:00,-1.4345203638076782
2018-02-11 12:00:00,-0.8564420938491821
2018-02-11 13:00:00,-0.9674491882324219
2018-02-11 14:00:00,-1.108015313744545
2018-02-11 15:00:00,-1.3273873329162598
2018-02-11 16:00:00,-2.0014163851737976
2018-02-11 17:00:00,-2.353022813796997
2018-02-11 18:00:00,-2.4359986782073975
2018-02-11 19:00:00,-2.827601671218872
2018-02-11 20:00:00,-3.6527252197265625
2018-02-11 21:00:00,-3.8818084001541138
2018-02-11 22:00:00,-3.4655466079711914
2018-02-11 23:00:00,-2.6046533286571503
2018-02-12 00:00:00,-2.1324355602264404
2018-02-12 01:00:00,-2.1128267645835876
2018-02-12 02:00:00,-2.345917761325836
2018-02-12 03:00:00,-2.72337007522583
2018-02-12 04:00:00,-3.332634925842285
2018-02-12 05:00:00,-3.314434051513672
2018-02-12 06:00:00,-3.114822566509247
2018-02-12 07:00:00,-3.102349281311035
2018-02-12 08:00:00,-3.0492185056209564
2018-02-12 09:00:00,-2.83562895655632
2018-02-12 10:00:00,-2.511053889989853
2018-02-12 11:00:00,-2.3198559433221817
2018-02-12 12:00:00,-1.8491261452436447
2018-02-12 13:00:00,-2.112626791000366
2018-02-12 14:00:00,-2.392605572938919
2018-02-12 15:00:00,-2.2745399177074432
2018-02-12 16:00:00,-1.7969970703125
2018-02-12 17:00:00,-1.5488722324371338
2018-02-12 18:00:00,-1.311180591583252
2018-02-12 19:00:00,-1.1326576471328735
2018-02-12 20:00:00,-1.0396302938461304
2018-02-12 21:00:00,-0.9817037582397461
2018-02-12 22:00:00,-0.8689708709716797
2018-02-12 23:00:00,-0.7700347900390625
2018-02-13 00:00:00,-0.7561232447624207
2018-02-13 01:00:00,-0.8090945482254028
2018-02-13 02:00:00,-0.6503136157989502
2018-02-13 03:00:00,-1.0078887939453125
2018-02-13 04:00:00,-0.3091254234313965
2018-02-13 05:00:00,0.19135639071464539
2018-02-13 06:00:00,0.3845077157020569
2018-02-13 07:00:00,0.7483883202075958
2018-02-13 08:00:00,1.2324290573596954
2018-02-13 09:00:00,1.7344434261322021
2018-02-13 10:00:00,2.08768630027771
2018-02-13 11:00:00,2.1765315532684326
2018-02-13 12:00:00,0.9212079048156738
2018-02-13 13:00:00,0.8986577987670898
2018-02-13 14:00:00,0.8814718723297119
2018-02-13 15:00:00,0.7857941389083862
2018-02-13 16:00:00,0.7288625687360764
2018-02-13 17:00:00,0.6827276200056076
2018-02-13 18:00:00,0.6858280152082443
2018-02-13 19:00:00,0.7080713510513306
2018-02-13 20:00:00,0.8452105969190598
2018-02-13 21:00:00,1.1003974676132202
2018-02-13 22:00:00,1.0589697062969208
2018-02-13 23:00:00,1.0786697566509247
2018-02-14 00:00:00,1.1753986030817032
2018-02-14 01:00:00,1.257450357079506
2018-02-14 02:00:00,1.889916181564331
2018-02-14 03:00:00,2.4792916774749756
2018-02-14 04:00:00,2.7122535705566406
2018-02-14 05:00:00,3.3165946006774902
2018-02-14 06:00:00,3.4454221725463867
2018-02-14 07:00:00,3.845639944076538
2018-02-14 08:00:00,4.385100364685059
2018-02-14 09:00:00,4.394602298736572
2018-02-14 10:00:00,3.4752869606018066
2018-02-14 11:00:00,3.064704179763794
2018-02-14 12:00:00,1.5268988609313965
2018-02-14 13:00:00,1.3976647853851318
2018-02-14 14:00:00,1.5958020687103271
2018-02-14 15:00:00,1.7094180583953857
2018-02-14 16:00:00,1.8646526336669922
2018-02-14 17:00:00,2.0121171176433563
2018-02-14 18:00:00,2.058130532503128
2018-02-14 19:00:00,1.9945082664489746
2018-02-14 20:00:00,1.9591598510742188
2018-02-14 21:00:00,1.9361720085144043
2018-02-14 22:00:00,1.8572826385498047
2018-02-14 23:00:00,1.81467404961586
2018-02-15 00:00:00,1.8277651369571686
2018-02-15 01:00:00,1.971855878829956
2018-02-15 02:00:00,2.8707563877105713
2018-02-15 03:00:00,2.996896505355835
2018-02-15 04:00:00,2.971088171005249
2018-02-15 05:00:00,3.938217282295227
2018-02-15 06:00:00,4.132630825042725
2018-02-15 07:00:00,4.322230815887451
2018-02-15 08:00:00,4.359787046909332
2018-02-15 09:00:00,4.266656398773193
2018-02-15 10:00:00,4.01900577545166
2018-02-15 11:00:00,3.6276814937591553
2018-02-15 12:00:00,1.451568603515625
2018-02-15 13:00:00,1.36735999584198
2018-02-15 14:00:00,1.4198946952819824
2018-02-15 15:00:00,1.4717097282409668
2018-02-15 16:00:00,1.581188440322876
2018-02-15 17:00:00,1.5917280912399292
2018-02-15 18:00:00,1.4916912317276
2018-02-15 19:00:00,1.254164695739746
2018-02-15 20:00:00,1.0327900350093842
2018-02-15 21:00:00,0.951723575592041
2018-02-15 22:00:00,0.9218933582305908
2018-02-15 23:00:00,1.0184708833694458
2018-02-16 00:00:00,1.1062569469213486
2018-02-16 01:00:00,1.059441328048706
2018-02-16 02:00:00,1.2119811475276947
2018-02-16 03:00:00,2.0900838375091553
2018-02-16 04:00:00,2.464270830154419
2018-02-16 05:00:00,2.988284111022949
2018-02-16 06:00:00,3.0689773559570312
2018-02-16 07:00:00,3.1254305839538574
2018-02-16 08:00:00,3.270124673843384
2018-02-16 09:00:00,3.407461643218994
2018-02-16 10:00:00,3.3890156745910645
2018-02-16 11:00:00,3.1323821544647217
2018-02-16 12:00:00,1.2677216529846191
2018-02-16 13:00:00,1.136922001838684
2018-02-16 14:00:00,1.1152619123458862
2018-02-16 15:00:00,1.1550830453634262
2018-02-16 16:00:00,1.2451660484075546
2018-02-16 17:00:00,1.3461077213287354
2018-02-16 18:00:00,1.4156955480575562
2018-02-16 19:00:00,1.3420398235321045
2018-02-16 20:00:00,1.351088523864746
2018-02-16 21:00:00,1.5429151058197021
2018-02-16 22:00:00,1.5601589679718018
2018-02-16 23:00:00,1.5722874402999878
2018-02-17 00:00:00,1.540454626083374
2018-02-17 01:00:00,1.5814123153686523
2018-02-17 02:00:00,2.0520122051239014
2018-02-17 03:00:00,2.9492154121398926
2018-02-17 04:00:00,2.7420315742492676
2018-02-17 05:00:00,3.664886951446533
2018-02-17 06:00:00,3.7918224334716797
2018-02-17 07:00:00,3.889744281768799
2018-02-17 08:00:00,3.9814392924308777
2018-02-17 09:00:00,4.015577495098114
2018-02-17 10:00:00,3.882582187652588
2018-02-17 11:00:00,3.41717529296875
2018-02-17 12:00:00,1.2721140384674072
2018-02-17 13:00:00,1.2126432657241821
2018-02-17 14:00:00,1.184489369392395
2018-02-17 15:00:00,1.1652727127075195
2018-02-17 16:00:00,1.1730254888534546
2018-02-17 17:00:00,1.1649277061223984
2018-02-17 18:00:00,1.1040184646844864
2018-02-17 19:00:00,0.9662094116210938
2018-02-17 20:00:00,0.8312975168228149
2018-02-17 21:00:00,0.7694516777992249
2018-02-17 22:00:00,0.8255235552787781
2018-02-17 23:00:00,0.8936028033494949
2018-02-18 00:00:00,0.9405183792114258
2018-02-18 01:00:00,1.0491596460342407
2018-02-18 02:00:00,1.1524529606103897
2018-02-18 03:00:00,2.4020631313323975
2018-02-18 04:00:00,1.9550548493862152
2018-02-18 05:00:00,2.847411632537842
2018-02-18 06:00:00,2.8281807899475098
2018-02-18 07:00:00,2.884514331817627
2018-02-18 08:00:00,3.0704293251037598
2018-02-18 09:00:00,3.120184898376465
2018-02-18 10:00:00,2.8461456298828125
2018-02-18 11:00:00,2.426647186279297
2018-02-18 12:00:00,0.8444985896348953
2018-02-18 13:00:00,0.8185051679611206
2018-02-18 14:00:00,0.669364221394062
2018-02-18 15:00:00,0.5708857774734497
2018-02-18 16:00:00,0.5990259572863579
2018-02-18 17:00:00,0.6699833422899246
2018-02-18 18:00:00,0.7116416692733765
2018-02-18 19:00:00,0.696163535118103
2018-02-18 20:00:00,0.6072080135345459
2018-02-18 21:00:00,0.515281081199646
2018-02-18 22:00:00,0.5371999740600586
2018-02-18 23:00:00,0.6051236987113953
2018-02-19 00:00:00,0.6870542168617249
2018-02-19 01:00:00,0.7343940138816833
2018-02-19 02:00:00,0.6458053588867188
2018-02-19 03:00:00,0.879576563835144
2018-02-19 04:00:00,0.7480006217956543
2018-02-19 05:00:00,1.1743589639663696
2018-02-19 06:00:00,1.421142801642418
2018-02-19 07:00:00,1.7508289813995361
2018-02-19 08:00:00,2.138394355773926
2018-02-19 09:00:00,2.4685750007629395
2018-02-19 10:00:00,2.444375514984131
2018-02-19 11:00:00,2.1785266399383545
2018-02-19 12:00:00,0.7553820610046387
2018-02-19 13:00:00,0.890978142619133
2018-02-19 14:00:00,0.9309385120868683
2018-02-19 15:00:00,1.0217638313770294
2018-02-19 16:00:00,1.0697349160909653
2018-02-19 17:00:00,1.064096823334694
2018-02-19 18:00:00,0.9877173900604248
2018-02-19 19:00:00,0.8742498755455017
2018-02-19 20:00:00,0.7669478058815002
2018-02-19 21:00:00,0.730535626411438
2018-02-19 22:00:00,0.8036792874336243
2018-02-19 23:00:00,0.9210220575332642
2018-02-20 00:00:00,1.0182768106460571
2018-02-20 01:00:00,1.0789747089147568
2018-02-20 02:00:00,0.9324849843978882
2018-02-20 03:00:00,1.8050169944763184
2018-02-20 04:00:00,1.437360167503357
2018-02-20 05:00:00,1.9775052666664124
2018-02-20 06:00:00,2.081005334854126
2018-02-20 07:00:00,2.1403539180755615
2018-02-20 08:00:00,2.2110858261585236
2018-02-20 09:00:00,2.212263822555542
2018-02-20 10:00:00,2.149397373199463
2018-02-20 11:00:00,1.8401615619659424
2018-02-20 12:00:00,0.6668156981468201
2018-02-20 13:00:00,0.7253347635269165
2018-02-20 14:00:00,0.6634204313158989
2018-02-20 15:00:00,0.6114376038312912
2018-02-20 16:00:00,0.5362072065472603
2018-02-20 17:00:00,0.48583876341581345
2018-02-20 18:00:00,0.46683860570192337
2018-02-20 19:00:00,0.45496928319334984
2018-02-20 20:00:00,0.34491294622421265
2018-02-20 21:00:00,0.20133454725146294
2018-02-20 22:00:00,0.2518656253814697
2018-02-20 23:00:00,0.35277900844812393
2018-02-21 00:00:00,0.4562438949942589
2018-02-21 01:00:00,0.7003035545349121
2018-02-21 02:00:00,0.8070420026779175
2018-02-21 03:00:00,1.787304401397705
2018-02-21 04:00:00,1.4372400045394897
2018-02-21 05:00:00,1.9447985291481018
2018-02-21 06:00:00,2.2182629108428955
2018-02-21 07:00:00,2.460599899291992
2018-02-21 08:00:00,2.5030555725097656
2018-02-21 09:00:00,2.369741916656494
2018-02-21 10:00:00,2.4150984287261963
2018-02-21 11:00:00,2.2915565967559814
2018-02-21 12:00:00,0.805843397974968
2018-02-21 13:00:00,0.8278336077928543
2018-02-21 14:00:00,0.8050473928451538
2018-02-21 15:00:00,0.8038387298583984
2018-02-21 16:00:00,0.7809880971908569
2018-02-21 17:00:00,0.7907296419143677
2018-02-21 18:00:00,0.8260596245527267
2018-02-21 19:00:00,0.8118927925825119
2018-02-21 20:00:00,0.7119464874267578
2018-02-21 21:00:00,0.5521914958953857
2018-02-21 22:00:00,0.46273887157440186
2018-02-21 23:00:00,0.3599320650100708
2018-02-22 00:00:00,0.2945750430226326
2018-02-22 01:00:00,0.3325270116329193
2018-02-22 02:00:00,0.3427267074584961
2018-02-22 03:00:00,0.7914439886808395
2018-02-22 04:00:00,0.7718991041183472
2018-02-22 05:00:00,1.7922967970371246
2018-02-22 06:00:00,2.087173044681549
2018-02-22 07:00:00,2.2101714611053467
2018-02-22 08:00:00,2.448410004377365
2018-02-22 09:00:00,2.664360761642456
2018-02-22 10:00:00,2.2684173583984375
2018-02-22 11:00:00,1.7213990688323975
2018-02-22 12:00:00,0.3831837773323059
2018-02-22 13:00:00,0.0661182627081871
2018-02-22 14:00:00,-0.17845463752746582
2018-02-22 15:00:00,-0.389318585395813
2018-02-22 16:00:00,-0.475567102432251
2018-02-22 17:00:00,-0.46857380867004395
2018-02-22 18:00:00,-0.5087633728981018
2018-02-22 19:00:00,-0.6231171488761902
2018-02-22 20:00:00,-0.6710030436515808
2018-02-22 21:00:00,-0.6625087335705757
2018-02-22 22:00:00,-0.5459562614560127
2018-02-22 23:00:00,-0.4786759689450264
2018-02-23 00:00:00,-0.47969651222229004
2018-02-23 01:00:00,-0.4012300595641136
2018-02-23 02:00:00,-0.3826037347316742
2018-02-23 03:00:00,-0.5840819478034973
2018-02-23 04:00:00,-0.3375072479248047
2018-02-23 05:00:00,-0.027909651398658752
2018-02-23 06:00:00,0.36034324392676353
2018-02-23 07:00:00,0.7131447866559029
2018-02-23 08:00:00,1.1832116767764091
2018-02-23 09:00:00,1.4128894805908203
2018-02-23 10:00:00,1.1055050045251846
2018-02-23 11:00:00,0.7177940607070923
2018-02-23 12:00:00,0.19825905561447144
2018-02-23 13:00:00,0.01610541343688965
2018-02-23 14:00:00,-0.27958011627197266
2018-02-23 15:00:00,-0.7622034549713135
2018-02-23 16:00:00,-0.9554530382156372
2018-02-23 17:00:00,-1.0283292829990387
2018-02-23 18:00:00,-1.0735809803009033
2018-02-23 19:00:00,-1.0825525373220444
2018-02-23 20:00:00,-1.0985184907913208
2018-02-23 21:00:00,-1.0930311679840088
2018-02-23 22:00:00,-1.0923709571361542
2018-02-23 23:00:00,-0.9886587858200073
2018-02-24 00:00:00,-0.7728898525238037
2018-02-24 01:00:00,-0.6435055136680603
2018-02-24 02:00:00,-0.8382014781236649
2018-02-24 03:00:00,-2.2070885002613068
2018-02-24 04:00:00,-2.559319496154785
2018-02-24 05:00:00,-3.014922618865967
2018-02-24 06:00:00,-2.4780785739421844
2018-02-24 07:00:00,-1.6531640589237213
2018-02-24 08:00:00,-0.6962332725524902
2018-02-24 09:00:00,0.1578245759010315
2018-02-24 10:00:00,0.6159219294786453
2018-02-24 11:00:00,0.870759129524231
2018-02-24 12:00:00,0.4185320734977722
2018-02-24 13:00:00,0.4769080877304077
2018-02-24 14:00:00,0.40659838914871216
2018-02-24 15:00:00,0.2560287117958069
2018-02-24 16:00:00,0.032402634620666504
2018-02-24 17:00:00,-0.07037794589996338
2018-02-24 18:00:00,-0.1662755012512207
2018-02-24 19:00:00,-0.25234241783618927
2018-02-24 20:00:00,-0.3015347719192505
2018-02-24 21:00:00,-0.3399825096130371
2018-02-24 22:00:00,-0.24487339705228806
2018-02-24 23:00:00,-0.1861550211906433
2018-02-25 00:00:00,-0.04979811608791351
2018-02-25 01:00:00,0.14145705848932266
2018-02-25 02:00:00,0.2704712748527527
2018-02-25 03:00:00,0.7372363060712814
2018-02-25 04:00:00,0.9847390949726105
2018-02-25 05:00:00,1.1436636447906494
2018-02-25 06:00:00,1.4197872877120972
2018-02-25 07:00:00,1.7521469593048096
2018-02-25 08:00:00,1.9856376647949219
2018-02-25 09:00:00,2.0298984050750732
2018-02-25 10:00:00,1.9906315207481384
2018-02-25 11:00:00,2.2631173133850098
2018-02-25 12:00:00,1.6368041038513184
2018-02-25 13:00:00,1.4166200160980225
2018-02-25 14:00:00,1.665203481912613
2018-02-25 15:00:00,1.6101697981357574
2018-02-25 16:00:00,1.6995470523834229
2018-02-25 17:00:00,1.9053075313568115
2018-02-25 18:00:00,2.1049184799194336
2018-02-25 19:00:00,2.1423861980438232
2018-02-25 20:00:00,2.1541717052459717
2018-02-25 21:00:00,2.080451488494873
2018-02-25 22:00:00,1.721906304359436
2018-02-25 23:00:00,1.622252106666565
2018-02-26 00:00:00,1.5688471794128418
2018-02-26 01:00:00,1.5229337215423584
2018-02-26 02:00:00,2.733765125274658
2018-02-26 03:00:00,2.756038188934326
2018-02-26 04:00:00,3.4394712448120117
2018-02-26 05:00:00,4.220221042633057
2018-02-26 06:00:00,4.445974826812744
2018-02-26 07:00:00,4.527194499969482
2018-02-26 08:00:00,4.522559642791748
2018-02-26 09:00:00,4.480813026428223
2018-02-26 10:00:00,4.383739471435547
2018-02-26 11:00:00,4.140783309936523
2018-02-26 12:00:00,2.789569854736328
2018-02-26 13:00:00,1.6938786506652832
2018-02-26 14:00:00,1.7488820552825928
2018-02-26 15:00:00,1.8241174221038818
2018-02-26 16:00:00,1.8990185260772705
2018-02-26 17:00:00,1.7693515717983246
2018-02-26 18:00:00,1.6362589597702026
2018-02-26 19:00:00,1.3815947771072388
2018-02-26 20:00:00,1.0686780214309692
2018-02-26 21:00:00,0.8436750173568726
2018-02-26 22:00:00,0.7321431636810303
2018-02-26 23:00:00,0.784109890460968
2018-02-27 00:00:00,1.0654505491256714
2018-02-27 01:00:00,1.4172804355621338
2018-02-27 02:00:00,2.416450947523117
2018-02-27 03:00:00,2.1898720264434814
2018-02-27 04:00:00,2.920532703399658
2018-02-27 05:00:00,3.0716590881347656
2018-02-27 06:00:00,2.933805227279663
2018-02-27 07:00:00,2.840458393096924
2018-02-27 08:00:00,2.9235050678253174
2018-02-27 09:00:00,3.0787363052368164
2018-02-27 10:00:00,3.152980089187622
2018-02-27 11:00:00,3.1050312519073486
2018-02-27 12:00:00,1.4322237968444824
2018-02-27 13:00:00,1.1645761728286743
2018-02-27 14:00:00,1.1319388151168823
2018-02-27 15:00:00,1.0994669198989868
2018-02-27 16:00:00,1.1248693317174911
2018-02-27 17:00:00,1.1418511718511581
2018-02-27 18:00:00,1.14094877243042
2018-02-27 19:00:00,1.0989288091659546
2018-02-27 20:00:00,1.0106959342956543
2018-02-27 21:00:00,0.9154306650161743
2018-02-27 22:00:00,0.8116288781166077
2018-02-27 23:00:00,0.6604646444320679
2018-02-28 00:00:00,0.4886965900659561
2018-02-28 01:00:00,0.3877936638891697
2018-02-28 02:00:00,0.28399641066789627
2018-02-28 03:00:00,0.6840987056493759
2018-02-28 04:00:00,0.8095450401306152
2018-02-28 05:00:00,1.4971528053283691
2018-02-28 06:00:00,2.280972957611084
2018-02-28 07:00:00,2.3535542488098145
2018-02-28 08:00:00,2.3591110706329346
2018-02-28 09:00:00,2.357081890106201
2018-02-28 10:00:00,2.2969107627868652
2018-02-28 11:00:00,1.979459285736084
2018-02-28 12:00:00,0.603757381439209
2018-02-28 13:00:00,0.5190873146057129
2018-02-28 14:00:00,0.3553898334503174
2018-02-28 15:00:00,0.1704639196395874
2018-02-28 16:00:00,0.12078917026519775
2018-02-28 17:00:00,0.09557545185089111
2018-02-28 18:00:00,0.030944883823394775
2018-02-28 19:00:00,-0.043404802680015564
2018-02-28 20:00:00,-0.05418679118156433
2018-02-28 21:00:00,0.0554957389831543
2018-02-28 22:00:00,0.1489698886871338
2018-02-28 23:00:00,0.23368549346923828
2018-03-01 00:00:00,0.5192519575357437
2018-03-01 01:00:00,0.7633351683616638
2018-03-01 02:00:00,0.6568701267242432
2018-03-01 03:00:00,1.3572248369455338
2018-03-01 04:00:00,1.2983304411172867
2018-03-01 05:00:00,2.644089698791504
2018-03-01 06:00:00,3.018819808959961
2018-03-01 07:00:00,3.234208106994629
2018-03-01 08:00:00,3.3349745869636536
2018-03-01 09:00:00,3.14467191696167
2018-03-01 10:00:00,2.6300179958343506
2018-03-01 11:00:00,1.9968290328979492
2018-03-01 12:00:00,0.47483915090560913
2018-03-01 13:00:00,0.15672995895147324
2018-03-01 14:00:00,0.01849200576543808
2018-03-01 15:00:00,-0.024391233921051025
2018-03-01 16:00:00,0.04532880149781704
2018-03-01 17:00:00,0.08223602920770645
2018-03-01 18:00:00,0.1452644094824791
2018-03-01 19:00:00,0.15919747203588486
2018-03-01 20:00:00,0.13914746046066284
2018-03-01 21:00:00,0.08493337035179138
2018-03-01 22:00:00,0.1617845594882965
2018-03-01 23:00:00,0.28731924295425415
2018-03-02 00:00:00,0.49392493069171906
2018-03-02 01:00:00,0.7356506586074829
2018-03-02 02:00:00,0.7738737463951111
2018-03-02 03:00:00,1.925015926361084
2018-03-02 04:00:00,1.6927507817745209
2018-03-02 05:00:00,2.2827095687389374
2018-03-02 06:00:00,2.573218584060669
2018-03-02 07:00:00,2.865682601928711
2018-03-02 08:00:00,3.1391444206237793
2018-03-02 09:00:00,3.329463005065918
2018-03-02 10:00:00,3.150911331176758
2018-03-02 11:00:00,2.917874336242676
2018-03-02 12:00:00,1.216120719909668
2018-03-02 13:00:00,0.9751204252243042
2018-03-02 14:00:00,0.8762861490249634
2018-03-02 15:00:00,0.7412576675415039
2018-03-02 16:00:00,0.7385096549987793
2018-03-02 17:00:00,0.8512336760759354
2018-03-02 18:00:00,0.9249448031187057
2018-03-02 19:00:00,0.9133400171995163
2018-03-02 20:00:00,0.8286684304475784
2018-03-02 21:00:00,0.6821693181991577
2018-03-02 22:00:00,0.6103867888450623
2018-03-02 23:00:00,0.6014753580093384
2018-03-03 00:00:00,0.6217864155769348
2018-03-03 01:00:00,0.7157553434371948
2018-03-03 02:00:00,0.745336651802063
2018-03-03 03:00:00,1.625612497329712
2018-03-03 04:00:00,1.5020185708999634
2018-03-03 05:00:00,2.580060452222824
2018-03-03 06:00:00,2.7044021785259247
2018-03-03 07:00:00,2.611197739839554
2018-03-03 08:00:00,2.4967198371887207
2018-03-03 09:00:00,2.3013159930706024
2018-03-03 10:00:00,2.052562415599823
2018-03-03 11:00:00,1.7892379760742188
2018-03-03 12:00:00,0.5844572708010674
2018-03-03 13:00:00,0.34399187564849854
2018-03-03 14:00:00,0.1456468403339386
2018-03-03 15:00:00,0.0741787850856781
2018-03-03 16:00:00,0.17994284629821777
2018-03-03 17:00:00,0.4500698447227478
2018-03-03 18:00:00,0.6271551847457886
2018-03-03 19:00:00,0.6237128376960754
2018-03-03 20:00:00,0.593357264995575
2018-03-03 21:00:00,0.5835287570953369
2018-03-03 22:00:00,0.6660598516464233
2018-03-03 23:00:00,0.7356250286102295
2018-03-04 00:00:00,0.7221298217773438
2018-03-04 01:00:00,0.6604719161987305
2018-03-04 02:00:00,1.2137448638677597
2018-03-04 03:00:00,1.0261023044586182
2018-03-04 04:00:00,0.7964287996292114
2018-03-04 05:00:00,0.8783255219459534
2018-03-04 06:00:00,1.5585222244262695
2018-03-04 07:00:00,2.230672836303711
2018-03-04 08:00:00,2.747828960418701
2018-03-04 09:00:00,3.1707706451416016
2018-03-04 10:00:00,3.486546754837036
2018-03-04 11:00:00,3.531703293323517
2018-03-04 12:00:00,2.920001268386841
2018-03-04 13:00:00,2.0465645790100098
2018-03-04 14:00:00,1.1560385525226593
2018-03-04 15:00:00,0.4912803918123245
2018-03-04 16:00:00,0.21903425455093384
2018-03-04 17:00:00,0.21056339144706726
2018-03-04 18:00:00,0.2842806503176689
2018-03-04 19:00:00,0.3455398306250572
2018-03-04 20:00:00,0.34317130595445633
2018-03-04 21:00:00,0.3004278540611267
2018-03-04 22:00:00,0.34691303968429565
2018-03-04 23:00:00,0.411078542470932
2018-03-05 00:00:00,0.5569390654563904
2018-03-05 01:00:00,0.7436186075210571
2018-03-05 02:00:00,1.709183931350708
2018-03-05 03:00:00,2.0031818747520447
2018-03-05 04:00:00,1.8815984725952148
2018-03-05 05:00:00,1.9809537827968597
2018-03-05 06:00:00,2.187672585248947
2018-03-05 07:00:00,2.450963020324707
2018-03-05 08:00:00,2.7279233932495117
2018-03-05 09:00:00,2.9387435913085938
2018-03-05 10:00:00,2.978818655014038
2018-03-05 11:00:00,2.8704562187194824
2018-03-05 12:00:00,2.0505897998809814
2018-03-05 13:00:00,1.022754818201065
2018-03-05 14:00:00,1.024947166442871
2018-03-05 15:00:00,1.0171287059783936
2018-03-05 16:00:00,1.0891879796981812
2018-03-05 17:00:00,1.1609372943639755
2018-03-05 18:00:00,1.2286320924758911
2018-03-05 19:00:00,1.279434084892273
2018-03-05 20:00:00,1.3426905870437622
2018-03-05 21:00:00,1.4069056510925293
2018-03-05 22:00:00,1.3933931589126587
2018-03-05 23:00:00,1.4694280624389648
2018-03-06 00:00:00,1.561759114265442
2018-03-06 01:00:00,1.6431097984313965
2018-03-06 02:00:00,2.92718243598938
2018-03-06 03:00:00,2.716296672821045
2018-03-06 04:00:00,3.8884124755859375
2018-03-06 05:00:00,3.9776793718338013
2018-03-06 06:00:00,3.878939628601074
2018-03-06 07:00:00,3.789919853210449
2018-03-06 08:00:00,3.752068817615509
2018-03-06 09:00:00,3.765631675720215
2018-03-06 10:00:00,3.4488749504089355
2018-03-06 11:00:00,3.158637523651123
2018-03-06 12:00:00,1.9638728201389313
2018-03-06 13:00:00,1.154773473739624
2018-03-06 14:00:00,1.1648142337799072
2018-03-06 15:00:00,1.1465049982070923
2018-03-06 16:00:00,1.2375061511993408
2018-03-06 17:00:00,1.3140106201171875
2018-03-06 18:00:00,1.349524974822998
2018-03-06 19:00:00,1.3349907398223877
2018-03-06 20:00:00,1.299308180809021
2018-03-06 21:00:00,1.2901887893676758
2018-03-06 22:00:00,1.2353508472442627
2018-03-06 23:00:00,1.2582831382751465
2018-03-07 00:00:00,1.316767930984497
2018-03-07 01:00:00,1.4037346839904785
2018-03-07 02:00:00,2.764165163040161
2018-03-07 03:00:00,2.672128438949585
2018-03-07 04:00:00,3.3847239017486572
2018-03-07 05:00:00,3.6061145663261414
2018-03-07 06:00:00,3.6302146911621094
2018-03-07 07:00:00,3.6393990516662598
2018-03-07 08:00:00,3.6076464653015137
2018-03-07 09:00:00,3.532555103302002
2018-03-07 10:00:00,3.1706056594848633
2018-03-07 11:00:00,2.7871851921081543
2018-03-07 12:00:00,1.1367714405059814
2018-03-07 13:00:00,1.050208568572998
2018-03-07 14:00:00,0.9996845722198486
2018-03-07 15:00:00,0.9154531508684158
2018-03-07 16:00:00,0.8549743890762329
2018-03-07 17:00:00,0.7933241724967957
2018-03-07 18:00:00,0.7507758140563965
2018-03-07 19:00:00,0.6798380613327026
2018-03-07 20:00:00,0.5891367793083191
2018-03-07 21:00:00,0.5288728475570679
2018-03-07 22:00:00,0.524971067905426
2018-03-07 23:00:00,0.46594128757715225
2018-03-08 00:00:00,0.4177411235868931
2018-03-08 01:00:00,0.45628348737955093
2018-03-08 02:00:00,0.42635367065668106
2018-03-08 03:00:00,0.865279957652092
2018-03-08 04:00:00,1.1111347824335098
2018-03-08 05:00:00,1.2821903228759766
2018-03-08 06:00:00,1.2454311773180962
2018-03-08 07:00:00,1.2162294536828995
2018-03-08 08:00:00,1.2555227428674698
2018-03-08 09:00:00,1.2714764922857285
2018-03-08 10:00:00,1.2943105697631836
2018-03-08 11:00:00,1.2530055940151215
2018-03-08 12:00:00,0.44237852096557617
2018-03-08 13:00:00,0.5670121312141418
2018-03-08 14:00:00,0.41275614500045776
2018-03-08 15:00:00,0.26498717069625854
2018-03-08 16:00:00,0.14251750707626343
2018-03-08 17:00:00,0.011899299919605255
2018-03-08 18:00:00,-0.10207682847976685
2018-03-08 19:00:00,-0.21074014529585838
2018-03-08 20:00:00,-0.3054909333586693
2018-03-08 21:00:00,-0.36640118062496185
2018-03-08 22:00:00,-0.28177227452397346
2018-03-08 23:00:00,-0.18599875830113888
2018-03-09 00:00:00,-0.08234161138534546
2018-03-09 01:00:00,0.04627818614244461
2018-03-09 02:00:00,0.3067566454410553
2018-03-09 03:00:00,1.0530647039413452
2018-03-09 04:00:00,1.2946894019842148
2018-03-09 05:00:00,1.5973033905029297
2018-03-09 06:00:00,2.1385054886341095
2018-03-09 07:00:00,2.6774160861968994
2018-03-09 08:00:00,3.0402345955371857
2018-03-09 09:00:00,3.1550049781799316
2018-03-09 10:00:00,2.9456498324871063
2018-03-09 11:00:00,2.714111804962158
2018-03-09 12:00:00,1.2421670854091644
2018-03-09 13:00:00,0.8167799264192581
2018-03-09 14:00:00,0.6709690056741238
2018-03-09 15:00:00,0.5197038725018501
2018-03-09 16:00:00,0.5345167675986886
2018-03-09 17:00:00,0.5589601583778858
2018-03-09 18:00:00,0.5087788105010986
2018-03-09 19:00:00,0.40068473666906357
2018-03-09 20:00:00,0.35040199756622314
2018-03-09 21:00:00,0.3824644088745117
2018-03-09 22:00:00,0.47374244034290314
2018-03-09 23:00:00,0.6216362714767456
2018-03-10 00:00:00,0.7984685897827148
2018-03-10 01:00:00,0.9680335223674774
2018-03-10 02:00:00,1.7664442211389542
2018-03-10 03:00:00,2.3248105347156525
2018-03-10 04:00:00,2.2068550884723663
2018-03-10 05:00:00,3.0456225872039795
2018-03-10 06:00:00,3.279893398284912
2018-03-10 07:00:00,3.429969310760498
2018-03-10 08:00:00,3.5018736720085144
2018-03-10 09:00:00,3.5044236183166504
2018-03-10 10:00:00,3.4829127192497253
2018-03-10 11:00:00,3.3647239804267883
2018-03-10 12:00:00,2.4814741909503937
2018-03-10 13:00:00,1.2153642177581787
2018-03-10 14:00:00,1.2208347171545029
2018-03-10 15:00:00,1.1241479963064194
2018-03-10 16:00:00,1.047940045595169
2018-03-10 17:00:00,1.0002895593643188
2018-03-10 18:00:00,0.9643702507019043
2018-03-10 19:00:00,0.9410254508256912
2018-03-10 20:00:00,0.954357385635376
2018-03-10 21:00:00,0.9690470695495605
2018-03-10 22:00:00,1.0248123705387115
2018-03-10 23:00:00,1.035742312669754
2018-03-11 00:00:00,1.0205714702606201
2018-03-11 01:00:00,1.0245480239391327
2018-03-11 02:00:00,2.0999915599823
2018-03-11 03:00:00,1.9956983923912048
2018-03-11 04:00:00,2.5784959495067596
2018-03-11 05:00:00,2.884516716003418
2018-03-11 06:00:00,2.896757125854492
2018-03-11 07:00:00,3.0096898078918457
2018-03-11 08:00:00,3.230311632156372
2018-03-11 09:00:00,3.418473243713379
2018-03-11 10:00:00,3.4283056259155273
2018-03-11 11:00:00,3.312156915664673
2018-03-11 12:00:00,2.086398184299469
2018-03-11 13:00:00,1.1668678522109985
2018-03-11 14:00:00,1.1357970237731934
2018-03-11 15:00:00,1.082385540008545
2018-03-11 16:00:00,1.1177101135253906
2018-03-11 17:00:00,1.1358872652053833
2018-03-11 18:00:00,1.137321725487709
2018-03-11 19:00:00,1.1513357311487198
2018-03-11 20:00:00,1.1680008172988892
2018-03-11 21:00:00,1.1246401071548462
2018-03-11 22:00:00,0.9452259242534637
2018-03-11 23:00:00,0.7576829195022583
2018-03-12 00:00:00,0.6858177781105042
2018-03-12 01:00:00,0.7478682994842529
2018-03-12 02:00:00,1.4256120026111603
2018-03-12 03:00:00,2.05063933134079
2018-03-12 04:00:00,2.5418090522289276
2018-03-12 05:00:00,3.2982475757598877
2018-03-12 06:00:00,3.5630135536193848
2018-03-12 07:00:00,3.6382365226745605
2018-03-12 08:00:00,3.6783580780029297
2018-03-12 09:00:00,3.6461563110351562
2018-03-12 10:00:00,3.3381104469299316
2018-03-12 11:00:00,3.0591025352478027
2018-03-12 12:00:00,1.4758031368255615
2018-03-12 13:00:00,1.032544493675232
2018-03-12 14:00:00,0.96821728348732
2018-03-12 15:00:00,0.9139576852321625
2018-03-12 16:00:00,0.9736902713775635
2018-03-12 17:00:00,1.0091749429702759
2018-03-12 18:00:00,1.0029101371765137
2018-03-12 19:00:00,0.9636706113815308
2018-03-12 20:00:00,0.9133167266845703
2018-03-12 21:00:00,0.83790123462677
2018-03-12 22:00:00,0.776503324508667
2018-03-12 23:00:00,0.7285169959068298
2018-03-13 00:00:00,0.7175203561782837
2018-03-13 01:00:00,0.7682847380638123
2018-03-13 02:00:00,0.7965814620256424
2018-03-13 03:00:00,1.588402420282364
2018-03-13 04:00:00,1.604051023721695
2018-03-13 05:00:00,2.806269645690918
2018-03-13 06:00:00,2.844203472137451
2018-03-13 07:00:00,2.7618939876556396
2018-03-13 08:00:00,2.7225518226623535
2018-03-13 09:00:00,2.643493413925171
2018-03-13 10:00:00,2.394383430480957
2018-03-13 11:00:00,1.979022741317749
2018-03-13 12:00:00,0.5870802998542786
2018-03-13 13:00:00,0.2826783061027527
2018-03-13 14:00:00,-0.24831688404083252
2018-03-13 15:00:00,-0.6661623753607273
2018-03-13 16:00:00,-0.9421268403530121
2018-03-13 17:00:00,-1.0616512447595596
2018-03-13 18:00:00,-1.0429972410202026
2018-03-13 19:00:00,-0.9902096092700958
2018-03-13 20:00:00,-0.954034298658371
2018-03-13 21:00:00,-0.8926718533039093
2018-03-13 22:00:00,-0.7051622085273266
2018-03-13 23:00:00,-0.4084748476743698
2018-03-14 00:00:00,-0.2057565450668335
2018-03-14 01:00:00,-0.05203235149383545
2018-03-14 02:00:00,-0.04756796360015869
2018-03-14 03:00:00,0.03261600434780121
2018-03-14 04:00:00,0.16917374730110168
2018-03-14 05:00:00,1.7412748411297798
2018-03-14 06:00:00,2.1761906147003174
2018-03-14 07:00:00,2.6691174507141113
2018-03-14 08:00:00,3.13667893409729
2018-03-14 09:00:00,3.402827024459839
2018-03-14 10:00:00,3.1351797580718994
2018-03-14 11:00:00,2.5559091567993164
2018-03-14 12:00:00,0.7458789348602295
2018-03-14 13:00:00,0.8330658674240112
2018-03-14 14:00:00,0.39581435918807983
2018-03-14 15:00:00,-0.1866092085838318
2018-03-14 16:00:00,-0.4040260314941406
2018-03-14 17:00:00,-0.3901975005865097
2018-03-14 18:00:00,-0.19030773639678955
2018-03-14 19:00:00,0.1313476487994194
2018-03-14 20:00:00,0.5447592809796333
2018-03-14 21:00:00,0.8662462532520294
2018-03-14 22:00:00,1.0811587572097778
2018-03-14 23:00:00,1.2162896394729614
2018-03-15 00:00:00,1.2868164777755737
2018-03-15 01:00:00,1.350119709968567
2018-03-15 02:00:00,2.486862689256668
2018-03-15 03:00:00,2.7303905487060547
2018-03-15 04:00:00,3.030669689178467
2018-03-15 05:00:00,3.0680410861968994
2018-03-15 06:00:00,2.9788689613342285
2018-03-15 07:00:00,3.045539140701294
2018-03-15 08:00:00,3.262145519256592
2018-03-15 09:00:00,3.5584707260131836
2018-03-15 10:00:00,3.79032564163208
2018-03-15 11:00:00,3.9007468223571777
2018-03-15 12:00:00,3.234309196472168
2018-03-15 13:00:00,1.640067219734192
2018-03-15 14:00:00,1.8121501207351685
2018-03-15 15:00:00,1.7862854897975922
2018-03-15 16:00:00,1.396202564239502
2018-03-15 17:00:00,1.0362422466278076
2018-03-15 18:00:00,0.7118169069290161
2018-03-15 19:00:00,0.433536171913147
2018-03-15 20:00:00,0.19991683959960938
2018-03-15 21:00:00,0.0019116997718811035
2018-03-15 22:00:00,0.020630836486816406
2018-03-15 23:00:00,0.05342698097229004
2018-03-16 00:00:00,0.13987040519714355
2018-03-16 01:00:00,0.29863274097442627
2018-03-16 02:00:00,0.3408123254776001
2018-03-16 03:00:00,0.9250621795654297
2018-03-16 04:00:00,1.1668188571929932
2018-03-16 05:00:00,1.6662545204162598
2018-03-16 06:00:00,2.083112269639969
2018-03-16 07:00:00,2.418414354324341
2018-03-16 08:00:00,2.721022605895996
2018-03-16 09:00:00,2.9435224533081055
2018-03-16 10:00:00,2.8289637565612793
2018-03-16 11:00:00,2.6219899654388428
2018-03-16 12:00:00,2.0777926445007324
2018-03-16 13:00:00,0.8604130297899246
2018-03-16 14:00:00,0.8581883460283279
2018-03-16 15:00:00,0.8458491563796997
2018-03-16 16:00:00,0.8987864255905151
2018-03-16 17:00:00,0.9804667979478836
2018-03-16 18:00:00,1.0863840579986572
2018-03-16 19:00:00,1.18461275100708
2018-03-16 20:00:00,1.216478705406189
2018-03-16 21:00:00,1.2151851654052734
2018-03-16 22:00:00,1.1379829943180084
2018-03-16 23:00:00,1.091631531715393
2018-03-17 00:00:00,1.0698140859603882
2018-03-17 01:00:00,1.0979171097278595
2018-03-17 02:00:00,2.4506397247314453
2018-03-17 03:00:00,2.3033721446990967
2018-03-17 04:00:00,3.1826107501983643
2018-03-17 05:00:00,3.369215250015259
2018-03-17 06:00:00,3.543032646179199
2018-03-17 07:00:00,3.7457504272460938
2018-03-17 08:00:00,3.875218391418457
2018-03-17 09:00:00,3.903907299041748
2018-03-17 10:00:00,3.6623353958129883
2018-03-17 11:00:00,3.254300594329834
2018-03-17 12:00:00,2.4868483543395996
2018-03-17 13:00:00,0.9755653142929077
2018-03-17 14:00:00,0.9901406764984131
2018-03-17 15:00:00,1.02542245388031
2018-03-17 16:00:00,1.1340502500534058
2018-03-17 17:00:00,1.1805660724639893
2018-03-17 18:00:00,1.1269947290420532
2018-03-17 19:00:00,1.0028053522109985
2018-03-17 20:00:00,0.8923853635787964
2018-03-17 21:00:00,0.8332794904708862
2018-03-17 22:00:00,0.8160580396652222
2018-03-17 23:00:00,0.8384675979614258
2018-03-18 00:00:00,0.9007982611656189
2018-03-18 01:00:00,0.9879872798919678
2018-03-18 02:00:00,1.5990278720855713
2018-03-18 03:00:00,2.202840566635132
2018-03-18 04:00:00,3.1185760498046875
2018-03-18 05:00:00,3.619338035583496
2018-03-18 06:00:00,3.8700432777404785
2018-03-18 07:00:00,4.0286396741867065
2018-03-18 08:00:00,4.122842311859131
2018-03-18 09:00:00,4.1560444831848145
2018-03-18 10:00:00,3.849517345428467
2018-03-18 11:00:00,3.440390110015869
2018-03-18 12:00:00,2.0270208716392517
2018-03-18 13:00:00,1.07978056371212
2018-03-18 14:00:00,0.9732382297515869
2018-03-18 15:00:00,0.8040328621864319
2018-03-18 16:00:00,0.6670381426811218
2018-03-18 17:00:00,0.49008411169052124
2018-03-18 18:00:00,0.2822200059890747
2018-03-18 19:00:00,0.08151668310165405
2018-03-18 20:00:00,-0.07583260536193848
2018-03-18 21:00:00,-0.1808403767645359
2018-03-18 22:00:00,-0.21244961768388748
2018-03-18 23:00:00,-0.18927202373743057
2018-03-19 00:00:00,-0.04732835292816162
2018-03-19 01:00:00,0.21842080354690552
2018-03-19 02:00:00,0.34843528270721436
2018-03-19 03:00:00,1.052743673324585
2018-03-19 04:00:00,1.2291104793548584
2018-03-19 05:00:00,1.9383437633514404
2018-03-19 06:00:00,2.184736728668213
2018-03-19 07:00:00,2.3611209392547607
2018-03-19 08:00:00,2.5442958176136017
2018-03-19 09:00:00,2.661284238100052
2018-03-19 10:00:00,2.5407061874866486
2018-03-19 11:00:00,2.2887372970581055
2018-03-19 12:00:00,1.091311514377594
2018-03-19 13:00:00,0.7559306621551514
2018-03-19 14:00:00,0.6315806359052658
2018-03-19 15:00:00,0.4978089351207018
2018-03-19 16:00:00,0.47056397795677185
2018-03-19 17:00:00,0.470032412558794
2018-03-19 18:00:00,0.4487685114145279
2018-03-19 19:00:00,0.43781065940856934
2018-03-19 20:00:00,0.4299883246421814
2018-03-19 21:00:00,0.42259085178375244
2018-03-19 22:00:00,0.42169028520584106
2018-03-19 23:00:00,0.48989982157945633
2018-03-20 00:00:00,0.5767076089978218
2018-03-20 01:00:00,0.755435585975647
2018-03-20 02:00:00,1.3679815530776978
2018-03-20 03:00:00,1.8103022575378418
2018-03-20 04:00:00,1.7456742227077484
2018-03-20 05:00:00,2.241734266281128
2018-03-20 06:00:00,2.0295865535736084
2018-03-20 07:00:00,1.8472423553466797
2018-03-20 08:00:00,1.760192409157753
2018-03-20 09:00:00,1.7552435398101807
2018-03-20 10:00:00,1.6106184422969818
2018-03-20 11:00:00,1.466148018836975
2018-03-20 12:00:00,0.837157130241394
2018-03-20 13:00:00,0.9601085633039474
2018-03-20 14:00:00,1.0853390842676163
2018-03-20 15:00:00,1.2129802703857422
2018-03-20 16:00:00,1.336634173989296
2018-03-20 17:00:00,1.4869265407323837
2018-03-20 18:00:00,1.4844812154769897
2018-03-20 19:00:00,1.3399631977081299
2018-03-20 20:00:00,1.1744848489761353
2018-03-20 21:00:00,1.0644290000200272
2018-03-20 22:00:00,1.1285285949707031
2018-03-20 23:00:00,1.2031147480010986
2018-03-21 00:00:00,1.3365302979946136
2018-03-21 01:00:00,1.425297036767006
2018-03-21 02:00:00,2.053335666656494
2018-03-21 03:00:00,1.6787209510803223
2018-03-21 04:00:00,1.6849002242088318
2018-03-21 05:00:00,1.3623716682195663
2018-03-21 06:00:00,1.0721933841705322
2018-03-21 07:00:00,1.100996971130371
2018-03-21 08:00:00,1.4569114744663239
2018-03-21 09:00:00,1.9432647228240967
2018-03-21 10:00:00,2.5504329204559326
2018-03-21 11:00:00,2.9481163024902344
2018-03-21 12:00:00,2.9707186222076416
2018-03-21 13:00:00,1.5432530641555786
2018-03-21 14:00:00,1.895246982574463
2018-03-21 15:00:00,1.9601686000823975
2018-03-21 16:00:00,1.7610747814178467
2018-03-21 17:00:00,1.5904386043548584
2018-03-21 18:00:00,1.2873672246932983
2018-03-21 19:00:00,0.8976156711578369
2018-03-21 20:00:00,0.5337868928909302
2018-03-21 21:00:00,0.26758456230163574
2018-03-21 22:00:00,0.13730216026306152
2018-03-21 23:00:00,0.09492158889770508
2018-03-22 00:00:00,0.11742591857910156
2018-03-22 01:00:00,0.22423720359802246
2018-03-22 02:00:00,0.8183257579803467
2018-03-22 03:00:00,0.9976615905761719
2018-03-22 04:00:00,0.7883729934692383
2018-03-22 05:00:00,1.0662907361984253
2018-03-22 06:00:00,1.2594794034957886
2018-03-22 07:00:00,1.4692414999008179
2018-03-22 08:00:00,1.8193416595458984
2018-03-22 09:00:00,2.2845981121063232
2018-03-22 10:00:00,2.524832010269165
2018-03-22 11:00:00,2.7161455154418945
2018-03-22 12:00:00,2.654270648956299
2018-03-22 13:00:00,1.2531908750534058
2018-03-22 14:00:00,1.6050688326358795
2018-03-22 15:00:00,1.6157146990299225
2018-03-22 16:00:00,1.4717096090316772
2018-03-22 17:00:00,1.3153084516525269
2018-03-22 18:00:00,1.2144572883844376
2018-03-22 19:00:00,1.1208442449569702
2018-03-22 20:00:00,1.0062052011489868
2018-03-22 21:00:00,0.8563979864120483
2018-03-22 22:00:00,0.7840774655342102
2018-03-22 23:00:00,0.7918501496315002
2018-03-23 00:00:00,0.8746247291564941
2018-03-23 01:00:00,1.0055902004241943
2018-03-23 02:00:00,2.089313507080078
2018-03-23 03:00:00,2.079176664352417
2018-03-23 04:00:00,2.153646469116211
2018-03-23 05:00:00,2.1500372886657715
2018-03-23 06:00:00,2.143183469772339
2018-03-23 07:00:00,2.258997917175293
2018-03-23 08:00:00,2.4781241416931152
2018-03-23 09:00:00,2.7659847736358643
2018-03-23 10:00:00,2.7705352306365967
2018-03-23 11:00:00,2.7343554496765137
2018-03-23 12:00:00,2.4987847805023193
2018-03-23 13:00:00,1.0765266418457031
2018-03-23 14:00:00,1.1915212869644165
2018-03-23 15:00:00,1.2378476858139038
2018-03-23 16:00:00,1.2757642269134521
2018-03-23 17:00:00,1.271891713142395
2018-03-23 18:00:00,1.220421552658081
2018-03-23 19:00:00,1.1253116130828857
2018-03-23 20:00:00,1.0114857852458954
2018-03-23 21:00:00,0.8818798065185547
2018-03-23 22:00:00,0.8436704874038696
2018-03-23 23:00:00,0.8869832754135132
2018-03-24 00:00:00,1.0065946280956268
2018-03-24 01:00:00,1.1759772300720215
2018-03-24 02:00:00,2.639500856399536
2018-03-24 03:00:00,2.3877899646759033
2018-03-24 04:00:00,2.4808692932128906
2018-03-24 05:00:00,2.1668972969055176
2018-03-24 06:00:00,2.1272521018981934
2018-03-24 07:00:00,2.376800775527954
2018-03-24 08:00:00,2.8396153450012207
2018-03-24 09:00:00,3.2887988090515137
2018-03-24 10:00:00,3.3314530849456787
2018-03-24 11:00:00,3.2061190605163574
2018-03-24 12:00:00,2.8068535327911377
2018-03-24 13:00:00,1.1449191570281982
2018-03-24 14:00:00,1.1860814094543457
2018-03-24 15:00:00,1.1642961502075195
2018-03-24 16:00:00,1.22865629196167
2018-03-24 17:00:00,1.3271936178207397
2018-03-24 18:00:00,1.4011340141296387
2018-03-24 19:00:00,1.441089153289795
2018-03-24 20:00:00,1.460669755935669
2018-03-24 21:00:00,1.45054030418396
2018-03-24 22:00:00,1.353895902633667
2018-03-24 23:00:00,1.3113431930541992
2018-03-25 00:00:00,1.2531763315200806
2018-03-25 01:00:00,1.1529682874679565
2018-03-25 02:00:00,2.0027379989624023
2018-03-25 03:00:00,1.558883547782898
2018-03-25 04:00:00,2.4805397987365723
2018-03-25 05:00:00,2.8029632568359375
2018-03-25 06:00:00,3.0940940380096436
2018-03-25 07:00:00,3.508326530456543
2018-03-25 08:00:00,3.949131488800049
2018-03-25 09:00:00,4.148507595062256
2018-03-25 10:00:00,3.8668808937072754
2018-03-25 11:00:00,3.386894702911377
2018-03-25 12:00:00,2.5615077018737793
2018-03-25 13:00:00,1.088390588760376
2018-03-25 14:00:00,1.1592588424682617
2018-03-25 15:00:00,1.2088812589645386
2018-03-25 16:00:00,1.2819576263427734
2018-03-25 17:00:00,1.386026382446289
2018-03-25 18:00:00,1.4522017240524292
2018-03-25 19:00:00,1.4253727197647095
2018-03-25 20:00:00,1.3460633754730225
2018-03-25 21:00:00,1.259918451309204
2018-03-25 22:00:00,1.232037901878357
2018-03-25 23:00:00,1.2546796798706055
2018-03-26 00:00:00,1.3115437030792236
2018-03-26 01:00:00,1.4826685190200806
2018-03-26 02:00:00,3.184480905532837
2018-03-26 03:00:00,2.9443960189819336
2018-03-26 04:00:00,3.9233685731887817
2018-03-26 05:00:00,3.926285445690155
2018-03-26 06:00:00,3.7869550585746765
2018-03-26 07:00:00,3.75553035736084
2018-03-26 08:00:00,3.8919448852539062
2018-03-26 09:00:00,4.029851794242859
2018-03-26 10:00:00,3.886965751647949
2018-03-26 11:00:00,3.7004752159118652
2018-03-26 12:00:00,2.7076001167297363
2018-03-26 13:00:00,1.3575515747070312
2018-03-26 14:00:00,1.413615345954895
2018-03-26 15:00:00,1.4419816732406616
2018-03-26 16:00:00,1.5135377645492554
2018-03-26 17:00:00,1.527787685394287
2018-03-26 18:00:00,1.4661414623260498
2018-03-26 19:00:00,1.3508319854736328
2018-03-26 20:00:00,1.2390435934066772
2018-03-26 21:00:00,1.1414024829864502
2018-03-26 22:00:00,1.074597954750061
2018-03-26 23:00:00,1.0171780586242676
2018-03-27 00:00:00,0.9967948198318481
2018-03-27 01:00:00,1.0000815093517303
2018-03-27 02:00:00,1.1867836713790894
2018-03-27 03:00:00,1.705707311630249
2018-03-27 04:00:00,1.8696398735046387
2018-03-27 05:00:00,2.7614383697509766
2018-03-27 06:00:00,3.0056817531585693
2018-03-27 07:00:00,3.170522451400757
2018-03-27 08:00:00,3.276963710784912
2018-03-27 09:00:00,3.3215653896331787
2018-03-27 10:00:00,3.1037511825561523
2018-03-27 11:00:00,2.7979543209075928
2018-03-27 12:00:00,0.9713427722454071
2018-03-27 13:00:00,0.964483767747879
2018-03-27 14:00:00,0.7829957008361816
2018-03-27 15:00:00,0.5595558881759644
2018-03-27 16:00:00,0.4815964102745056
2018-03-27 17:00:00,0.41623741388320923
2018-03-27 18:00:00,0.37539876997470856
2018-03-27 19:00:00,0.3910105265676975
2018-03-27 20:00:00,0.49202513694763184
2018-03-27 21:00:00,0.6401306986808777
2018-03-27 22:00:00,0.6114258021116257
2018-03-27 23:00:00,0.6228277012705803
2018-03-28 00:00:00,0.4502217173576355
2018-03-28 01:00:00,0.15494632720947266
2018-03-28 02:00:00,-0.15865427255630493
2018-03-28 03:00:00,-0.44544636458158493
2018-03-28 04:00:00,0.1520894058048725
2018-03-28 05:00:00,1.6766057014465332
2018-03-28 06:00:00,2.1721956729888916
2018-03-28 07:00:00,2.6637237071990967
2018-03-28 08:00:00,3.1838674545288086
2018-03-28 09:00:00,3.602419137954712
2018-03-28 10:00:00,3.529820203781128
2018-03-28 11:00:00,3.2989041805267334
2018-03-28 12:00:00,2.389991283416748
2018-03-28 13:00:00,1.0274986028671265
2018-03-28 14:00:00,0.9657442569732666
2018-03-28 15:00:00,0.8980755805969238
2018-03-28 16:00:00,1.0230755805969238
2018-03-28 17:00:00,1.1657084226608276
2018-03-28 18:00:00,1.3447112888097763
2018-03-28 19:00:00,1.5239988565444946
2018-03-28 20:00:00,1.6866370141506195
2018-03-28 21:00:00,1.7942351400852203
2018-03-28 22:00:00,1.6682040691375732
2018-03-28 23:00:00,1.6867806911468506
2018-03-29 00:00:00,1.7650952339172363
2018-03-29 01:00:00,1.8164622783660889
2018-03-29 02:00:00,3.028606653213501
2018-03-29 03:00:00,2.3531861305236816
2018-03-29 04:00:00,3.223072052001953
2018-03-29 05:00:00,3.149742841720581
2018-03-29 06:00:00,3.103405237197876
2018-03-29 07:00:00,3.310344934463501
2018-03-29 08:00:00,3.6766664385795593
2018-03-29 09:00:00,3.9488039016723633
2018-03-29 10:00:00,4.035716533660889
2018-03-29 11:00:00,3.951020836830139
2018-03-29 12:00:00,3.177438735961914
2018-03-29 13:00:00,1.4657111167907715
2018-03-29 14:00:00,1.545644760131836
2018-03-29 15:00:00,1.5952509641647339
2018-03-29 16:00:00,1.573516845703125
2018-03-29 17:00:00,1.5137245655059814
2018-03-29 18:00:00,1.4164302349090576
2018-03-29 19:00:00,1.2713558673858643
2018-03-29 20:00:00,1.1164071559906006
2018-03-29 21:00:00,0.9737311601638794
2018-03-29 22:00:00,1.0889500379562378
2018-03-29 23:00:00,1.2502093315124512
2018-03-30 00:00:00,1.384554147720337
2018-03-30 01:00:00,1.4084444046020508
2018-03-30 02:00:00,2.9968957901000977
2018-03-30 03:00:00,2.6145904064178467
2018-03-30 04:00:00,3.2498159408569336
2018-03-30 05:00:00,3.952836334705353
2018-03-30 06:00:00,4.074240565299988
2018-03-30 07:00:00,4.124110221862793
2018-03-30 08:00:00,4.070042610168457
2018-03-30 09:00:00,3.8067668676376343
2018-03-30 10:00:00,3.3647415041923523
2018-03-30 11:00:00,2.6870970726013184
2018-03-30 12:00:00,1.3826154470443726
2018-03-30 13:00:00,0.23155879974365234
2018-03-30 14:00:00,-0.15854543447494507
2018-03-30 15:00:00,-0.40084248781204224
2018-03-30 16:00:00,-0.3430679440498352
2018-03-30 17:00:00,-0.23124730587005615
2018-03-30 18:00:00,-0.0796281099319458
2018-03-30 19:00:00,-0.052374839782714844
2018-03-30 20:00:00,-0.05189484357833862
2018-03-30 21:00:00,-0.10249912738800049
2018-03-30 22:00:00,-0.5000213384628296
2018-03-30 23:00:00,-0.9377141296863556
2018-03-31 00:00:00,-1.2211943864822388
2018-03-31 01:00:00,-1.2802338600158691
2018-03-31 02:00:00,-2.2827937602996826
2018-03-31 03:00:00,-2.5330047607421875
2018-03-31 04:00:00,-3.1946914196014404
2018-03-31 05:00:00,-2.7307004928588867
2018-03-31 06:00:00,-2.0689127445220947
2018-03-31 07:00:00,-1.5948176383972168
2018-03-31 08:00:00,-1.2364346981048584
2018-03-31 09:00:00,-0.9647822380065918
2018-03-31 10:00:00,-0.928328275680542
2018-03-31 11:00:00,-0.9016622304916382
2018-03-31 12:00:00,-0.8149302303791046
2018-03-31 13:00:00,-0.9756178855895996
2018-03-31 14:00:00,-1.2036632299423218
2018-03-31 15:00:00,-1.2869715690612793
2018-03-31 16:00:00,-1.373875617980957
2018-03-31 17:00:00,-1.4723970890045166
2018-03-31 18:00:00,-1.5780600309371948
2018-03-31 19:00:00,-1.6677007675170898
2018-03-31 20:00:00,-1.7105661630630493
2018-03-31 21:00:00,-1.6856391429901123
2018-03-31 22:00:00,-1.6407108306884766
2018-03-31 23:00:00,-1.6552953720092773
2018-04-01 00:00:00,-1.7073578834533691
2018-04-01 01:00:00,-1.782364845275879
2018-04-01 02:00:00,-3.1500697135925293
2018-04-01 03:00:00,-2.7130682468414307
2018-04-01 04:00:00,-3.616131067276001
2018-04-01 05:00:00,-3.156930685043335
2018-04-01 06:00:00,-2.695685625076294
2018-04-01 07:00:00,-2.2151920795440674
2018-04-01 08:00:00,-1.7137799263000488
2018-04-01 09:00:00,-1.2363598346710205
2018-04-01 10:00:00,-0.9123354703187943
2018-04-01 11:00:00,-0.6464921832084656
2018-04-01 12:00:00,-0.5281791687011719
2018-04-01 13:00:00,-0.6216915249824524
2018-04-01 14:00:00,-0.9244957715272903
2018-04-01 15:00:00,-1.1749600172042847
2018-04-01 16:00:00,-1.2221156358718872
2018-04-01 17:00:00,-1.224504828453064
2018-04-01 18:00:00,-1.2189174890518188
2018-04-01 19:00:00,-1.18832528591156
2018-04-01 20:00:00,-1.1558892726898193
2018-04-01 21:00:00,-1.1336489915847778
2018-04-01 22:00:00,-1.0993173122406006
2018-04-01 23:00:00,-1.0762180089950562
2018-04-02 00:00:00,-1.0341838598251343
2018-04-02 01:00:00,-0.9209456443786621
2018-04-02 02:00:00,-1.7621378898620605
2018-04-02 03:00:00,-1.2476167678833008
2018-04-02 04:00:00,-1.348729133605957
2018-04-02 05:00:00,-0.9645522832870483
2018-04-02 06:00:00,-0.6917084380984306
2018-04-02 07:00:00,-0.2925294656306505
2018-04-02 08:00:00,0.18217504024505615
2018-04-02 09:00:00,0.6224981546401978
2018-04-02 10:00:00,0.8598103821277618
2018-04-02 11:00:00,0.8211806118488312
2018-04-02 12:00:00,0.48757433891296387
2018-04-02 13:00:00,-0.15159881114959717
2018-04-02 14:00:00,-0.5264396667480469
2018-04-02 15:00:00,-0.7540868520736694
2018-04-02 16:00:00,-0.8856303244829178
2018-04-02 17:00:00,-0.9758033752441406
2018-04-02 18:00:00,-1.0491893291473389
2018-04-02 19:00:00,-1.083397626876831
2018-04-02 20:00:00,-1.0493824481964111
2018-04-02 21:00:00,-0.9647406339645386
2018-04-02 22:00:00,-0.8619436025619507
2018-04-02 23:00:00,-0.761143684387207
2018-04-03 00:00:00,-0.6587501242756844
2018-04-03 01:00:00,-0.5848791003227234
2018-04-03 02:00:00,-1.4098148345947266
2018-04-03 03:00:00,-1.6662020683288574
2018-04-03 04:00:00,-1.711864948272705
2018-04-03 05:00:00,-1.431068778038025
2018-04-03 06:00:00,-0.875505693256855
2018-04-03 07:00:00,-0.12946165725588799
2018-04-03 08:00:00,0.6962950229644775
2018-04-03 09:00:00,1.3338052034378052
2018-04-03 10:00:00,1.285078525543213
2018-04-03 11:00:00,1.1693722009658813
2018-04-03 12:00:00,0.8192487955093384
2018-04-03 13:00:00,0.04224801063537598
2018-04-03 14:00:00,-0.2980949878692627
2018-04-03 15:00:00,-0.5965143442153931
2018-04-03 16:00:00,-0.8269696235656738
2018-04-03 17:00:00,-0.9281721115112305
2018-04-03 18:00:00,-0.9546869993209839
2018-04-03 19:00:00,-0.9443415403366089
2018-04-03 20:00:00,-0.93722864985466
2018-04-03 21:00:00,-0.9487320184707642
2018-04-03 22:00:00,-0.9349520653486252
2018-04-03 23:00:00,-0.9417115449905396
2018-04-04 00:00:00,-0.9245836138725281
2018-04-04 01:00:00,-0.8718531131744385
2018-04-04 02:00:00,-1.585688591003418
2018-04-04 03:00:00,-1.1719359159469604
2018-04-04 04:00:00,-0.4646669700741768
2018-04-04 05:00:00,0.1368396207690239
2018-04-04 06:00:00,0.5123521909117699
2018-04-04 07:00:00,0.9319868162274361
2018-04-04 08:00:00,1.3832459449768066
2018-04-04 09:00:00,1.7563955783843994
2018-04-04 10:00:00,2.0392017364501953
2018-04-04 11:00:00,2.1235086917877197
2018-04-04 12:00:00,1.7923098504543304
2018-04-04 13:00:00,0.5133100152015686
2018-04-04 14:00:00,0.3088904619216919
2018-04-04 15:00:00,0.10903403162956238
2018-04-04 16:00:00,-0.02071741223335266
2018-04-04 17:00:00,-0.07892894744873047
2018-04-04 18:00:00,-0.10056310892105103
2018-04-04 19:00:00,-0.11082249879837036
2018-04-04 20:00:00,-0.12951087951660156
2018-04-04 21:00:00,-0.1474582552909851
2018-04-04 22:00:00,-0.1901317834854126
2018-04-04 23:00:00,-0.25739359855651855
2018-04-05 00:00:00,-0.39145827293395996
2018-04-05 01:00:00,-0.4573610872030258
2018-04-05 02:00:00,-0.8589766025543213
2018-04-05 03:00:00,-0.7794792652130127
2018-04-05 04:00:00,-0.5954157114028931
2018-04-05 05:00:00,-0.5588388890028
2018-04-05 06:00:00,-0.5932058244943619
2018-04-05 07:00:00,-0.2722924277186394
2018-04-05 08:00:00,0.34706031903624535
2018-04-05 09:00:00,0.9792207479476929
2018-04-05 10:00:00,1.3261464983224869
2018-04-05 11:00:00,1.6161458492279053
2018-04-05 12:00:00,1.6902220249176025
2018-04-05 13:00:00,0.7173535823822021
2018-04-05 14:00:00,0.6647880673408508
2018-04-05 15:00:00,0.5043953657150269
2018-04-05 16:00:00,0.313258059322834
2018-04-05 17:00:00,0.14747809246182442
2018-04-05 18:00:00,0.020303796976804733
2018-04-05 19:00:00,-0.09770513698458672
2018-04-05 20:00:00,-0.19905174523591995
2018-04-05 21:00:00,-0.29400087147951126
2018-04-05 22:00:00,-0.31399710616096854
2018-04-05 23:00:00,-0.2586184134706855
2018-04-06 00:00:00,-0.18258124589920044
2018-04-06 01:00:00,-0.20181617140769958
2018-04-06 02:00:00,-0.644421860575676
2018-04-06 03:00:00,-0.626785397529602
2018-04-06 04:00:00,-0.5500538647174835
2018-04-06 05:00:00,-0.42365968227386475
2018-04-06 06:00:00,-0.3172098398208618
2018-04-06 07:00:00,-0.20709805190563202
2018-04-06 08:00:00,-0.008596420288085938
2018-04-06 09:00:00,0.2521117180585861
2018-04-06 10:00:00,0.6584465205669403
2018-04-06 11:00:00,0.956293374300003
2018-04-06 12:00:00,0.991237610578537
2018-04-06 13:00:00,0.4029437303543091
2018-04-06 14:00:00,0.4525436758995056
2018-04-06 15:00:00,0.7924846410751343
2018-04-06 16:00:00,1.94964799284935
2018-04-06 17:00:00,3.269362837076187
2018-04-06 18:00:00,3.086107909679413
2018-04-06 19:00:00,1.648374781012535
2018-04-06 20:00:00,0.4924125075340271
2018-04-06 21:00:00,0.018638014793395996
2018-04-06 22:00:00,-0.22957384586334229
2018-04-06 23:00:00,-0.4782702922821045
2018-04-07 00:00:00,-0.773605465888977
2018-04-07 01:00:00,-1.129677176475525
2018-04-07 02:00:00,-2.5546913146972656
2018-04-07 03:00:00,-2.8780486583709717
2018-04-07 04:00:00,-3.0532076358795166
2018-04-07 05:00:00,-2.435731887817383
2018-04-07 06:00:00,-1.5597797632217407
2018-04-07 07:00:00,-0.5534642338752747
2018-04-07 08:00:00,0.4900629371404648
2018-04-07 09:00:00,1.3054232448339462
2018-04-07 10:00:00,1.2314001321792603
2018-04-07 11:00:00,0.9674833118915558
2018-04-07 12:00:00,0.6301932781934738
2018-04-07 13:00:00,0.16946639865636826
2018-04-07 14:00:00,0.020712558180093765
2018-04-07 15:00:00,-0.24124734289944172
2018-04-07 16:00:00,-0.5067252293229103
2018-04-07 17:00:00,-0.7589602023363113
2018-04-07 18:00:00,-1.079877495765686
2018-04-07 19:00:00,-1.4524116516113281
2018-04-07 20:00:00,-1.757054328918457
2018-04-07 21:00:00,-2.0418155193328857
2018-04-07 22:00:00,-1.7594974040985107
2018-04-07 23:00:00,-1.640980750322342
2018-04-08 00:00:00,-1.5763174295425415
2018-04-08 01:00:00,-1.8875584602355957
2018-04-08 02:00:00,-2.5226101875305176
2018-04-08 03:00:00,-2.9944865703582764
2018-04-08 04:00:00,-2.7882251739501953
2018-04-08 05:00:00,-2.5482101440429688
2018-04-08 06:00:00,-2.2741379737854004
2018-04-08 07:00:00,-1.962703287601471
2018-04-08 08:00:00,-1.6421401500701904
2018-04-08 09:00:00,-1.314720630645752
2018-04-08 10:00:00,-0.9848101139068604
2018-04-08 11:00:00,-0.8033814430236816
2018-04-08 12:00:00,-0.8373938053846359
2018-04-08 13:00:00,-0.6241143345832825
2018-04-08 14:00:00,-0.931455209851265
2018-04-08 15:00:00,-1.2322123050689697
2018-04-08 16:00:00,-1.6143719255924225
2018-04-08 17:00:00,-1.9943786263465881
2018-04-08 18:00:00,-2.271664649248123
2018-04-08 19:00:00,-2.1994032859802246
2018-04-08 20:00:00,-1.7945282459259033
2018-04-08 21:00:00,-1.6336450576782227
2018-04-08 22:00:00,-1.4455738067626953
2018-04-08 23:00:00,-1.4402811527252197
2018-04-09 00:00:00,-1.5109117031097412
2018-04-09 01:00:00,-1.8442878723144531
2018-04-09 02:00:00,-2.357231616973877
2018-04-09 03:00:00,-2.5065808296203613
2018-04-09 04:00:00,-1.9040250182151794
2018-04-09 05:00:00,-1.0257070064544678
2018-04-09 06:00:00,-0.16962064802646637
2018-04-09 07:00:00,0.5745759606361389
2018-04-09 08:00:00,1.0833287239074707
2018-04-09 09:00:00,1.4139232635498047
2018-04-09 10:00:00,1.1443880796432495
2018-04-09 11:00:00,0.9285073280334473
2018-04-09 12:00:00,0.6386286020278931
2018-04-09 13:00:00,0.15034115314483643
2018-04-09 14:00:00,0.011425137519836426
2018-04-09 15:00:00,-0.22058558464050293
2018-04-09 16:00:00,-0.06693196296691895
2018-04-09 17:00:00,0.03124856948852539
2018-04-09 18:00:00,0.05445361137390137
2018-04-09 19:00:00,0.06343722343444824
2018-04-09 20:00:00,0.05411255359649658
2018-04-09 21:00:00,-0.06518024206161499
2018-04-09 22:00:00,-0.5164290070533752
2018-04-09 23:00:00,-0.8129296898841858
2018-04-10 00:00:00,-0.9458532333374023
2018-04-10 01:00:00,-0.9706604480743408
2018-04-10 02:00:00,-1.5112916231155396
2018-04-10 03:00:00,-0.688136413693428
2018-04-10 04:00:00,-0.5041365474462509
2018-04-10 05:00:00,-0.9014308154582977
2018-04-10 06:00:00,-0.8933885395526886
2018-04-10 07:00:00,-0.18984856456518173
2018-04-10 08:00:00,0.6790849566459656
2018-04-10 09:00:00,1.336725115776062
2018-04-10 10:00:00,1.851761907339096
2018-04-10 11:00:00,2.2346183955669403
2018-04-10 12:00:00,1.8779404759407043
2018-04-10 13:00:00,0.7286016941070557
2018-04-10 14:00:00,0.49402572214603424
2018-04-10 15:00:00,0.21669727563858032
2018-04-10 16:00:00,0.12554170936346054
2018-04-10 17:00:00,0.09799331426620483
2018-04-10 18:00:00,0.05541789159178734
2018-04-10 19:00:00,0.004729963839054108
2018-04-10 20:00:00,-0.07516294717788696
2018-04-10 21:00:00,-0.21779370307922363
2018-04-10 22:00:00,-0.23897331953048706
2018-04-10 23:00:00,-0.2236248254776001
2018-04-11 00:00:00,-0.19833159446716309
2018-04-11 01:00:00,-0.3476405143737793
2018-04-11 02:00:00,-1.06633460521698
2018-04-11 03:00:00,-1.778135359287262
2018-04-11 04:00:00,-1.3465022146701813
2018-04-11 05:00:00,-0.628470778465271
2018-04-11 06:00:00,0.08937299251556396
2018-04-11 07:00:00,0.6653308868408203
2018-04-11 08:00:00,1.3091014921665192
2018-04-11 09:00:00,1.8887848258018494
2018-04-11 10:00:00,1.6865313053131104
2018-04-11 11:00:00,1.1213188171386719
2018-04-11 12:00:00,0.2169414758682251
2018-04-11 13:00:00,-0.23983454704284668
2018-04-11 14:00:00,-0.7227282524108887
2018-04-11 15:00:00,-1.2256529331207275
2018-04-11 16:00:00,-1.5004589557647705
2018-04-11 17:00:00,-1.5061540603637695
2018-04-11 18:00:00,-1.4366427659988403
2018-04-11 19:00:00,-1.2213420867919922
2018-04-11 20:00:00,-0.9114433526992798
2018-04-11 21:00:00,-0.8870936632156372
2018-04-11 22:00:00,-0.9686962366104126
2018-04-11 23:00:00,-1.2678320407867432
2018-04-12 00:00:00,-1.397505521774292
2018-04-12 01:00:00,-1.3069567680358887
2018-04-12 02:00:00,-2.047069549560547
2018-04-12 03:00:00,-1.8881310820579529
2018-04-12 04:00:00,-0.8760577440261841
2018-04-12 05:00:00,-0.19337522983551025
2018-04-12 06:00:00,0.3186289072036743
2018-04-12 07:00:00,0.7583178281784058
2018-04-12 08:00:00,1.116904616355896
2018-04-12 09:00:00,1.4123141765594482
2018-04-12 10:00:00,1.5175209939479828
2018-04-12 11:00:00,1.6139444410800934
2018-04-12 12:00:00,1.5643551349639893
2018-04-12 13:00:00,0.5141530632972717
2018-04-12 14:00:00,0.4889965057373047
2018-04-12 15:00:00,0.3775758147239685
2018-04-12 16:00:00,0.278461217880249
2018-04-12 17:00:00,0.2403467893600464
2018-04-12 18:00:00,0.24373388290405273
2018-04-12 19:00:00,0.2300039529800415
2018-04-12 20:00:00,0.16117042303085327
2018-04-12 21:00:00,0.11889934539794922
2018-04-12 22:00:00,0.12548810243606567
2018-04-12 23:00:00,0.17571434378623962
2018-04-13 00:00:00,0.3101673647761345
2018-04-13 01:00:00,0.5138892531394958
2018-04-13 02:00:00,1.527613878250122
2018-04-13 03:00:00,1.735924482345581
2018-04-13 04:00:00,2.5442051887512207
2018-04-13 05:00:00,2.874997615814209
2018-04-13 06:00:00,3.0086464881896973
2018-04-13 07:00:00,3.1700220108032227
2018-04-13 08:00:00,3.34987211227417
2018-04-13 09:00:00,3.395394802093506
2018-04-13 10:00:00,3.322754144668579
2018-04-13 11:00:00,3.1773693561553955
2018-04-13 12:00:00,2.3322649002075195
2018-04-13 13:00:00,1.0265185832977295
2018-04-13 14:00:00,0.938941240310669
2018-04-13 15:00:00,0.8731244802474976
2018-04-13 16:00:00,0.8713787794113159
2018-04-13 17:00:00,0.8941729813814163
2018-04-13 18:00:00,0.9737882912158966
2018-04-13 19:00:00,1.0530332326889038
2018-04-13 20:00:00,1.0786304622888565
2018-04-13 21:00:00,1.0725942850112915
2018-04-13 22:00:00,0.9526543617248535
2018-04-13 23:00:00,0.8362167328596115
2018-04-14 00:00:00,0.7544773817062378
2018-04-14 01:00:00,0.741827018558979
2018-04-14 02:00:00,1.7343663275241852
2018-04-14 03:00:00,1.9436126351356506
2018-04-14 04:00:00,2.5990116596221924
2018-04-14 05:00:00,3.0900638103485107
2018-04-14 06:00:00,3.3158936500549316
2018-04-14 07:00:00,3.46584016084671
2018-04-14 08:00:00,3.609986126422882
2018-04-14 09:00:00,3.639271557331085
2018-04-14 10:00:00,3.531193256378174
2018-04-14 11:00:00,3.375393867492676
2018-04-14 12:00:00,2.951578140258789
2018-04-14 13:00:00,1.1481077671051025
2018-04-14 14:00:00,1.1633739471435547
2018-04-14 15:00:00,1.1147041320800781
2018-04-14 16:00:00,1.0853197574615479
2018-04-14 17:00:00,1.0588932037353516
2018-04-14 18:00:00,0.9956226050853729
2018-04-14 19:00:00,0.8871663808822632
2018-04-14 20:00:00,0.7532383948564529
2018-04-14 21:00:00,0.6179240942001343
2018-04-14 22:00:00,0.5358126759529114
2018-04-14 23:00:00,0.4524986743927002
2018-04-15 00:00:00,0.4142710566520691
2018-04-15 01:00:00,0.4100218564271927
2018-04-15 02:00:00,0.9882916286587715
2018-04-15 03:00:00,1.0258814990520477
2018-04-15 04:00:00,1.6349713951349258
2018-04-15 05:00:00,2.2522144317626953
2018-04-15 06:00:00,2.5131311416625977
2018-04-15 07:00:00,2.577080488204956
2018-04-15 08:00:00,2.5335221588611603
2018-04-15 09:00:00,2.4188592433929443
2018-04-15 10:00:00,2.274772882461548
2018-04-15 11:00:00,2.1199839115142822
2018-04-15 12:00:00,1.8106718063354492
2018-04-15 13:00:00,0.7107610702514648
2018-04-15 14:00:00,0.6002982780337334
2018-04-15 15:00:00,0.3966953605413437
2018-04-15 16:00:00,0.18406016193330288
2018-04-15 17:00:00,-0.07305000722408295
2018-04-15 18:00:00,-0.3059580326080322
2018-04-15 19:00:00,-0.4479185938835144
2018-04-15 20:00:00,-0.4970480799674988
2018-04-15 21:00:00,-0.4797394871711731
2018-04-15 22:00:00,-0.4744384437799454
2018-04-15 23:00:00,-0.4449794441461563
2018-04-16 00:00:00,-0.3540288805961609
2018-04-16 01:00:00,-0.1572580337524414
2018-04-16 02:00:00,-0.030485376715660095
2018-04-16 03:00:00,0.06357071548700333
2018-04-16 04:00:00,0.5220929458737373
2018-04-16 05:00:00,0.8203905820846558
2018-04-16 06:00:00,1.2298567295074463
2018-04-16 07:00:00,1.608037382364273
2018-04-16 08:00:00,2.07345387339592
2018-04-16 09:00:00,2.5298938751220703
2018-04-16 10:00:00,2.490748405456543
2018-04-16 11:00:00,2.363516330718994
2018-04-16 12:00:00,1.9252676963806152
2018-04-16 13:00:00,0.6564908027648926
2018-04-16 14:00:00,0.33846408128738403
2018-04-16 15:00:00,-0.09651577472686768
2018-04-16 16:00:00,-0.4127092808485031
2018-04-16 17:00:00,-0.6666487380862236
2018-04-16 18:00:00,-0.816313698887825
2018-04-16 19:00:00,-0.8025588914752007
2018-04-16 20:00:00,-0.6586491987109184
2018-04-16 21:00:00,-0.5081957429647446
2018-04-16 22:00:00,-0.35444773733615875
2018-04-16 23:00:00,-0.44093090295791626
2018-04-17 00:00:00,-0.5912074968218803
2018-04-17 01:00:00,-0.6223883703351021
2018-04-17 02:00:00,-1.2781479060649872
2018-04-17 03:00:00,-1.1437339670956135
2018-04-17 04:00:00,-1.0978376865386963
2018-04-17 05:00:00,-0.6087411642074585
2018-04-17 06:00:00,-0.18661117553710938
2018-04-17 07:00:00,0.3147308900952339
2018-04-17 08:00:00,0.7282025814056396
2018-04-17 09:00:00,0.877089262008667
2018-04-17 10:00:00,1.2161333411931992
2018-04-17 11:00:00,1.8764886856079102
2018-04-17 12:00:00,2.3143272399902344
2018-04-17 13:00:00,1.3178925514221191
2018-04-17 14:00:00,1.497365951538086
2018-04-17 15:00:00,1.7681283950805664
2018-04-17 16:00:00,1.7805313169956207
2018-04-17 17:00:00,1.5737301111221313
2018-04-17 18:00:00,1.4475793838500977
2018-04-17 19:00:00,1.430077075958252
2018-04-17 20:00:00,1.447202205657959
2018-04-17 21:00:00,1.479924201965332
2018-04-17 22:00:00,1.542029708623886
2018-04-17 23:00:00,1.501379743218422
2018-04-18 00:00:00,1.4584615230560303
2018-04-18 01:00:00,1.7733526229858398
2018-04-18 02:00:00,2.128479450941086
2018-04-18 03:00:00,2.6652712523937225
2018-04-18 04:00:00,3.893248736858368
2018-04-18 05:00:00,4.232653617858887
2018-04-18 06:00:00,4.448456287384033
2018-04-18 07:00:00,4.552170753479004
2018-04-18 08:00:00,4.539387762546539
2018-04-18 09:00:00,4.491931855678558
2018-04-18 10:00:00,4.5394744873046875
2018-04-18 11:00:00,4.48502254486084
2018-04-18 12:00:00,4.223744869232178
2018-04-18 13:00:00,2.3717763423919678
2018-04-18 14:00:00,1.9258599281311035
2018-04-18 15:00:00,1.9193595945835114
2018-04-18 16:00:00,1.8358360826969147
2018-04-18 17:00:00,1.7619960308074951
2018-04-18 18:00:00,1.7245097160339355
2018-04-18 19:00:00,1.685750126838684
2018-04-18 20:00:00,1.6599797010421753
2018-04-18 21:00:00,1.6587516367435455
2018-04-18 22:00:00,1.4694868326187134
2018-04-18 23:00:00,1.2402136325836182
2018-04-19 00:00:00,1.041965126991272
2018-04-19 01:00:00,0.9169339686632156
2018-04-19 02:00:00,1.8813457489013672
2018-04-19 03:00:00,1.7339464128017426
2018-04-19 04:00:00,3.219090461730957
2018-04-19 05:00:00,3.3126213550567627
2018-04-19 06:00:00,3.3216702938079834
2018-04-19 07:00:00,3.503781795501709
2018-04-19 08:00:00,3.690335750579834
2018-04-19 09:00:00,3.8042845726013184
2018-04-19 10:00:00,3.8342037200927734
2018-04-19 11:00:00,3.774796724319458
2018-04-19 12:00:00,3.514319896697998
2018-04-19 13:00:00,1.4779633283615112
2018-04-19 14:00:00,1.591060996055603
2018-04-19 15:00:00,1.7825461328029633
2018-04-19 16:00:00,1.9352750182151794
2018-04-19 17:00:00,1.6615188121795654
2018-04-19 18:00:00,0.9975240528583527
2018-04-19 19:00:00,0.33238744735717773
2018-04-19 20:00:00,-0.14786899089813232
2018-04-19 21:00:00,-0.4547610431909561
2018-04-19 22:00:00,-0.6657622456550598
2018-04-19 23:00:00,-0.803471565246582
2018-04-20 00:00:00,-0.9776911735534668
2018-04-20 01:00:00,-0.9170793741941452
2018-04-20 02:00:00,-1.689119428396225
2018-04-20 03:00:00,-1.2048393338918686
2018-04-20 04:00:00,-0.052121277898550034
2018-04-20 05:00:00,0.932210884988308
2018-04-20 06:00:00,1.4867071956396103
2018-04-20 07:00:00,1.8710753917694092
2018-04-20 08:00:00,2.253715753555298
2018-04-20 09:00:00,3.0087661743164062
2018-04-20 10:00:00,4.20098352432251
2018-04-20 11:00:00,5.513114333152771
2018-04-20 12:00:00,6.662644743919373
2018-04-20 13:00:00,6.914111614227295
2018-04-20 14:00:00,6.461781978607178
2018-04-20 15:00:00,5.646103382110596
2018-04-20 16:00:00,4.697633743286133
2018-04-20 17:00:00,3.652986764907837
2018-04-20 18:00:00,2.6092400550842285
2018-04-20 19:00:00,1.813914716243744
2018-04-20 20:00:00,1.2230364084243774
2018-04-20 21:00:00,0.8391290009021759
2018-04-20 22:00:00,0.7203947305679321
2018-04-20 23:00:00,0.6342089176177979
2018-04-21 00:00:00,0.6492186188697815
2018-04-21 01:00:00,0.8127636611461639
2018-04-21 02:00:00,2.1284801959991455
2018-04-21 03:00:00,2.4002976417541504
2018-04-21 04:00:00,2.3715076744556427
2018-04-21 05:00:00,2.5526928901672363
2018-04-21 06:00:00,2.7802650928497314
2018-04-21 07:00:00,3.0725607872009277
2018-04-21 08:00:00,3.4311041831970215
2018-04-21 09:00:00,3.7105587124824524
2018-04-21 10:00:00,3.7331247329711914
2018-04-21 11:00:00,3.616333484649658
2018-04-21 12:00:00,3.327565908432007
2018-04-21 13:00:00,1.6591893136501312
2018-04-21 14:00:00,1.675266981124878
2018-04-21 15:00:00,1.8085923194885254
2018-04-21 16:00:00,1.8625154495239258
2018-04-21 17:00:00,1.8973080217838287
2018-04-21 18:00:00,1.8703382015228271
2018-04-21 19:00:00,1.831111192703247
2018-04-21 20:00:00,1.7477290630340576
2018-04-21 21:00:00,1.6768462657928467
2018-04-21 22:00:00,1.5132224559783936
2018-04-21 23:00:00,1.2897236198186874
2018-04-22 00:00:00,1.2796699851751328
2018-04-22 01:00:00,1.6142268031835556
2018-04-22 02:00:00,2.1832735538482666
2018-04-22 03:00:00,2.898784637451172
2018-04-22 04:00:00,4.136625409126282
2018-04-22 05:00:00,4.42510986328125
2018-04-22 06:00:00,4.522251129150391
2018-04-22 07:00:00,4.637584209442139
2018-04-22 08:00:00,4.818728923797607
2018-04-22 09:00:00,5.009441375732422
2018-04-22 10:00:00,4.950006484985352
2018-04-22 11:00:00,4.817958831787109
2018-04-22 12:00:00,4.4345269203186035
2018-04-22 13:00:00,2.074887990951538
2018-04-22 14:00:00,1.6347395181655884
2018-04-22 15:00:00,1.5678486824035645
2018-04-22 16:00:00,1.7126387357711792
2018-04-22 17:00:00,1.847011923789978
2018-04-22 18:00:00,2.003917694091797
2018-04-22 19:00:00,2.179155111312866
2018-04-22 20:00:00,2.3291611671447754
2018-04-22 21:00:00,2.4324190616607666
2018-04-22 22:00:00,2.3359198570251465
2018-04-22 23:00:00,2.2259237468242645
2018-04-23 00:00:00,2.0979285836219788
2018-04-23 01:00:00,2.6389293670654297
2018-04-23 02:00:00,3.2015631198883057
2018-04-23 03:00:00,3.2343974113464355
2018-04-23 04:00:00,3.779637336730957
2018-04-23 05:00:00,3.693748712539673
2018-04-23 06:00:00,3.746062755584717
2018-04-23 07:00:00,3.9113237857818604
2018-04-23 08:00:00,4.10406494140625
2018-04-23 09:00:00,4.26470422744751
2018-04-23 10:00:00,4.137142241001129
2018-04-23 11:00:00,3.9449057579040527
2018-04-23 12:00:00,3.5551528930664062
2018-04-23 13:00:00,1.393735647201538
2018-04-23 14:00:00,1.4142866134643555
2018-04-23 15:00:00,1.4234120845794678
2018-04-23 16:00:00,1.4719219207763672
2018-04-23 17:00:00,1.502197265625
2018-04-23 18:00:00,1.4951465129852295
2018-04-23 19:00:00,1.4548158645629883
2018-04-23 20:00:00,1.4106197357177734
2018-04-23 21:00:00,1.381545066833496
2018-04-23 22:00:00,1.3138988018035889
2018-04-23 23:00:00,1.260306715965271
2018-04-24 00:00:00,1.2131210565567017
2018-04-24 01:00:00,1.1978040933609009
2018-04-24 02:00:00,2.57279896736145
2018-04-24 03:00:00,2.236849069595337
2018-04-24 04:00:00,2.839017152786255
2018-04-24 05:00:00,3.1140100955963135
2018-04-24 06:00:00,3.462932586669922
2018-04-24 07:00:00,3.857520580291748
2018-04-24 08:00:00,4.261972904205322
2018-04-24 09:00:00,4.630097389221191
2018-04-24 10:00:00,4.597962379455566
2018-04-24 11:00:00,4.428123950958252
2018-04-24 12:00:00,3.9636744260787964
2018-04-24 13:00:00,1.5890965461730957
2018-04-24 14:00:00,1.5955100059509277
2018-04-24 15:00:00,1.6118347644805908
2018-04-24 16:00:00,1.5974292755126953
2018-04-24 17:00:00,1.5689246654510498
2018-04-24 18:00:00,1.5320932865142822
2018-04-24 19:00:00,1.4702070951461792
2018-04-24 20:00:00,1.3597643375396729
2018-04-24 21:00:00,1.2268993854522705
2018-04-24 22:00:00,1.1920981407165527
2018-04-24 23:00:00,1.1783297061920166
2018-04-25 00:00:00,1.1980650424957275
2018-04-25 01:00:00,1.1706758737564087
2018-04-25 02:00:00,2.6824402809143066
2018-04-25 03:00:00,2.2410450279712677
2018-04-25 04:00:00,2.434032917022705
2018-04-25 05:00:00,2.745455026626587
2018-04-25 06:00:00,2.943143129348755
2018-04-25 07:00:00,3.217681407928467
2018-04-25 08:00:00,3.5429704189300537
2018-04-25 09:00:00,3.7969775199890137
2018-04-25 10:00:00,3.699343681335449
2018-04-25 11:00:00,3.5591979026794434
2018-04-25 12:00:00,3.191474676132202
2018-04-25 13:00:00,1.1820800304412842
2018-04-25 14:00:00,1.3192628622055054
2018-04-25 15:00:00,1.337278127670288
2018-04-25 16:00:00,1.330746054649353
2018-04-25 17:00:00,1.2937228679656982
2018-04-25 18:00:00,1.2362620830535889
2018-04-25 19:00:00,1.2049310058355331
2018-04-25 20:00:00,1.1962289661169052
2018-04-25 21:00:00,1.1870412826538086
2018-04-25 22:00:00,1.1990325450897217
2018-04-25 23:00:00,1.1347758769989014
2018-04-26 00:00:00,0.9996992349624634
2018-04-26 01:00:00,0.7765698879957199
2018-04-26 02:00:00,1.1823758780956268
2018-04-26 03:00:00,0.9325350821018219
2018-04-26 04:00:00,1.4246232956647873
2018-04-26 05:00:00,2.1989641189575195
2018-04-26 06:00:00,1.9814496040344238
2018-04-26 07:00:00,1.9565426409244537
2018-04-26 08:00:00,2.0103824138641357
2018-04-26 09:00:00,1.917574405670166
2018-04-26 10:00:00,1.8585748672485352
2018-04-26 11:00:00,1.773407220840454
2018-04-26 12:00:00,1.5542698055505753
2018-04-26 13:00:00,0.7234199047088623
2018-04-26 14:00:00,0.7575767636299133
2018-04-26 15:00:00,0.8025861978530884
2018-04-26 16:00:00,0.8688037395477295
2018-04-26 17:00:00,0.91321861743927
2018-04-26 18:00:00,0.903220146894455
2018-04-26 19:00:00,0.7348219156265259
2018-04-26 20:00:00,0.38462769612669945
2018-04-26 21:00:00,-0.08089244365692139
2018-04-26 22:00:00,-0.4563261307775974
2018-04-26 23:00:00,-0.8295463360846043
2018-04-27 00:00:00,-1.1074580252170563
2018-04-27 01:00:00,-1.7119646221399307
2018-04-27 02:00:00,-3.0968663692474365
2018-04-27 03:00:00,-3.992613673210144
2018-04-27 04:00:00,-4.269624710083008
2018-04-27 05:00:00,-3.5694212913513184
2018-04-27 06:00:00,-2.64169979095459
2018-04-27 07:00:00,-1.6926308870315552
2018-04-27 08:00:00,-0.7323819994926453
2018-04-27 09:00:00,0.1303271260112524
2018-04-27 10:00:00,0.3348062261939049
2018-04-27 11:00:00,0.426310658454895
2018-04-27 12:00:00,0.2574450746178627
2018-04-27 13:00:00,-0.348787322640419
2018-04-27 14:00:00,-0.8916283845901489
2018-04-27 15:00:00,-1.1441216319799423
2018-04-27 16:00:00,-1.3178057670593262
2018-04-27 17:00:00,-1.3551992177963257
2018-04-27 18:00:00,-1.254960060119629
2018-04-27 19:00:00,-1.074541598558426
2018-04-27 20:00:00,-0.9026495218276978
2018-04-27 21:00:00,-0.8341978788375854
2018-04-27 22:00:00,-0.7984221577644348
2018-04-27 23:00:00,-0.8059226274490356
2018-04-28 00:00:00,-0.8288041353225708
2018-04-28 01:00:00,-1.0913734138011932
2018-04-28 02:00:00,-1.7200605869293213
2018-04-28 03:00:00,-1.8810904026031494
2018-04-28 04:00:00,-1.619302749633789
2018-04-28 05:00:00,-1.214777484536171
2018-04-28 06:00:00,-0.6573137789964676
2018-04-28 07:00:00,-0.014507055282592773
2018-04-28 08:00:00,0.695597767829895
2018-04-28 09:00:00,1.3644636869430542
2018-04-28 10:00:00,1.434694766998291
2018-04-28 11:00:00,1.3788092136383057
2018-04-28 12:00:00,1.1377146244049072
2018-04-28 13:00:00,0.26403193920850754
2018-04-28 14:00:00,-0.2668258026242256
2018-04-28 15:00:00,-0.8033775687217712
2018-04-28 16:00:00,-1.0170980393886566
2018-04-28 17:00:00,-1.0833848714828491
2018-04-28 18:00:00,-1.1353819370269775
2018-04-28 19:00:00,-1.190535545349121
2018-04-28 20:00:00,-1.2820912599563599
2018-04-28 21:00:00,-1.3842182159423828
2018-04-28 22:00:00,-1.182472825050354
2018-04-28 23:00:00,-0.9852403849363327
2018-04-29 00:00:00,-0.7922002077102661
2018-04-29 01:00:00,-0.6015340089797974
2018-04-29 02:00:00,-1.058159351348877
2018-04-29 03:00:00,-0.5110171437263489
2018-04-29 04:00:00,0.38533341884613037
2018-04-29 05:00:00,1.1330246031284332
2018-04-29 06:00:00,1.6913146376609802
2018-04-29 07:00:00,2.2551998794078827
2018-04-29 08:00:00,2.8704428672790527
2018-04-29 09:00:00,3.5079426765441895
2018-04-29 10:00:00,3.6379024982452393
2018-04-29 11:00:00,3.645188331604004
2018-04-29 12:00:00,3.3711931705474854
2018-04-29 13:00:00,1.1586499214172363
2018-04-29 14:00:00,1.1235594749450684
2018-04-29 15:00:00,1.0973267406225204
2018-04-29 16:00:00,1.0969481468200684
2018-04-29 17:00:00,1.112105369567871
2018-04-29 18:00:00,1.1246204376220703
2018-04-29 19:00:00,1.0759081840515137
2018-04-29 20:00:00,0.9155480861663818
2018-04-29 21:00:00,0.6325781941413879
2018-04-29 22:00:00,0.39245718717575073
2018-04-29 23:00:00,0.21682840585708618
2018-04-30 00:00:00,0.14162012934684753
2018-04-30 01:00:00,0.10964155197143555
2018-04-30 02:00:00,0.1280444972217083
2018-04-30 03:00:00,-0.08108717203140259
2018-04-30 04:00:00,0.338473916053772
2018-04-30 05:00:00,0.5509607642889023
2018-04-30 06:00:00,0.7976428270339966
2018-04-30 07:00:00,1.1739804446697235
2018-04-30 08:00:00,1.6100889146327972
2018-04-30 09:00:00,2.041703224182129
2018-04-30 10:00:00,2.1134555339813232
2018-04-30 11:00:00,1.9522839188575745
2018-04-30 12:00:00,1.5018880367279053
2018-04-30 13:00:00,0.21807169914245605
2018-04-30 14:00:00,-0.33261966705322266
2018-04-30 15:00:00,-0.8972486257553101
2018-04-30 16:00:00,-1.1578785181045532
2018-04-30 17:00:00,-1.2457741498947144
2018-04-30 18:00:00,-1.2876126766204834
2018-04-30 19:00:00,-1.3067697286605835
2018-04-30 20:00:00,-1.3300492763519287
2018-04-30 21:00:00,-1.4211955070495605
2018-04-30 22:00:00,-1.6110317707061768
2018-04-30 23:00:00,-1.9748254418373108
2018-05-01 00:00:00,-2.432849168777466
2018-05-01 01:00:00,-3.3629517555236816
2018-05-01 02:00:00,-3.5479824542999268
2018-05-01 03:00:00,-3.480592727661133
2018-05-01 04:00:00,-2.8223190307617188
2018-05-01 05:00:00,-1.783381700515747
2018-05-01 06:00:00,-0.94597527384758
2018-05-01 07:00:00,-0.16810870170593262
2018-05-01 08:00:00,0.48662281036376953
2018-05-01 09:00:00,1.0155210196971893
2018-05-01 10:00:00,1.1227159649133682
2018-05-01 11:00:00,1.1053231954574585
2018-05-01 12:00:00,0.9735224395990372
2018-05-01 13:00:00,0.21154719591140747
2018-05-01 14:00:00,-0.383405864238739
2018-05-01 15:00:00,-0.8701971769332886
2018-05-01 16:00:00,-1.08048914372921
2018-05-01 17:00:00,-1.102261796593666
2018-05-01 18:00:00,-1.1173045486211777
2018-05-01 19:00:00,-1.2006340026855469
2018-05-01 20:00:00,-1.353790283203125
2018-05-01 21:00:00,-1.6206191778182983
2018-05-01 22:00:00,-1.8287320137023926
2018-05-01 23:00:00,-2.134293556213379
2018-05-02 00:00:00,-2.2752943634986877
2018-05-02 01:00:00,-2.9161717891693115
2018-05-02 02:00:00,-3.0934414863586426
2018-05-02 03:00:00,-3.5829389095306396
2018-05-02 04:00:00,-3.272533655166626
2018-05-02 05:00:00,-2.7749032974243164
2018-05-02 06:00:00,-2.2690963745117188
2018-05-02 07:00:00,-1.7522317171096802
2018-05-02 08:00:00,-1.1837190389633179
2018-05-02 09:00:00,-0.5650514364242554
2018-05-02 10:00:00,-0.28175175189971924
2018-05-02 11:00:00,-0.11014997959136963
2018-05-02 12:00:00,-0.18505209684371948
2018-05-02 13:00:00,-0.2758316993713379
2018-05-02 14:00:00,-0.6686677485704422
2018-05-02 15:00:00,-0.8644388020038605
2018-05-02 16:00:00,-0.8526556193828583
2018-05-02 17:00:00,-0.7903721034526825
2018-05-02 18:00:00,-0.6340855360031128
2018-05-02 19:00:00,-0.3835836797952652
2018-05-02 20:00:00,-0.0985986590385437
2018-05-02 21:00:00,0.169808030128479
2018-05-02 22:00:00,0.36257606744766235
2018-05-02 23:00:00,0.46291035413742065
2018-05-03 00:00:00,0.42093826830387115
2018-05-03 01:00:00,0.27608585357666016
2018-05-03 02:00:00,-0.1919587254524231
2018-05-03 03:00:00,-1.2145330905914307
2018-05-03 04:00:00,-2.6186587810516357
2018-05-03 05:00:00,-3.511077642440796
2018-05-03 06:00:00,-3.9570226669311523
2018-05-03 07:00:00,-3.9613037109375
2018-05-03 08:00:00,-3.716705322265625
2018-05-03 09:00:00,-3.4283370971679688
2018-05-03 10:00:00,-2.5743563175201416
2018-05-03 11:00:00,-1.9822678565979004
2018-05-03 12:00:00,-1.7309777736663818
2018-05-03 13:00:00,-1.00692617893219
2018-05-03 14:00:00,-1.3074660152196884
2018-05-03 15:00:00,-1.7287859916687012
2018-05-03 16:00:00,-2.272493600845337
2018-05-03 17:00:00,-2.6121039390563965
2018-05-03 18:00:00,-2.5143015384674072
2018-05-03 19:00:00,-2.2671120166778564
2018-05-03 20:00:00,-2.0325052738189697
2018-05-03 21:00:00,-2.265275716781616
2018-05-03 22:00:00,-2.626777172088623
2018-05-03 23:00:00,-3.156229019165039
2018-05-04 00:00:00,-3.630753219127655
2018-05-04 01:00:00,-4.208237111568451
2018-05-04 02:00:00,-4.705050945281982
2018-05-04 03:00:00,-4.2209391593933105
2018-05-04 04:00:00,-3.33687162399292
2018-05-04 05:00:00,-2.3520076274871826
2018-05-04 06:00:00,-1.4689388275146484
2018-05-04 07:00:00,-0.6722269654273987
2018-05-04 08:00:00,0.06665296852588654
2018-05-04 09:00:00,0.6586306691169739
2018-05-04 10:00:00,0.9633615463972092
2018-05-04 11:00:00,1.3446176052093506
2018-05-04 12:00:00,1.6159383058547974
2018-05-04 13:00:00,0.5969884991645813
2018-05-04 14:00:00,0.8220782279968262
2018-05-04 15:00:00,0.8096047043800354
2018-05-04 16:00:00,0.6648564338684082
2018-05-04 17:00:00,0.5606076717376709
2018-05-04 18:00:00,0.4566013216972351
2018-05-04 19:00:00,0.34987306594848633
2018-05-04 20:00:00,0.20287349075078964
2018-05-04 21:00:00,0.022984594106674194
2018-05-04 22:00:00,-0.09338381700217724
2018-05-04 23:00:00,-0.21506059169769287
2018-05-05 00:00:00,-0.34850549697875977
2018-05-05 01:00:00,-0.29053205251693726
2018-05-05 02:00:00,-0.5127657651901245
2018-05-05 03:00:00,-0.5872165039181709
2018-05-05 04:00:00,-0.36749644577503204
2018-05-05 05:00:00,-0.041937947273254395
2018-05-05 06:00:00,0.3300679177045822
2018-05-05 07:00:00,0.7990109920501709
2018-05-05 08:00:00,1.3060036897659302
2018-05-05 09:00:00,1.7485888004302979
2018-05-05 10:00:00,2.2412490844726562
2018-05-05 11:00:00,2.5752289295196533
2018-05-05 12:00:00,2.6213417053222656
2018-05-05 13:00:00,0.9301304370164871
2018-05-05 14:00:00,0.9944676160812378
2018-05-05 15:00:00,0.9950017631053925
2018-05-05 16:00:00,0.927493691444397
2018-05-05 17:00:00,0.805120587348938
2018-05-05 18:00:00,0.6341466456651688
2018-05-05 19:00:00,0.3865678310394287
2018-05-05 20:00:00,0.08105462789535522
2018-05-05 21:00:00,-0.29279929399490356
2018-05-05 22:00:00,-0.34287285804748535
2018-05-05 23:00:00,-0.28530585765838623
2018-05-06 00:00:00,0.17120206356048584
2018-05-06 01:00:00,0.6449236869812012
2018-05-06 02:00:00,2.209223747253418
2018-05-06 03:00:00,2.2955336570739746
2018-05-06 04:00:00,1.6701898574829102
2018-05-06 05:00:00,0.9366730451583862
2018-05-06 06:00:00,0.5233396291732788
2018-05-06 07:00:00,0.32544147968292236
2018-05-06 08:00:00,0.29714059829711914
2018-05-06 09:00:00,0.3894451856613159
2018-05-06 10:00:00,0.5805172920227051
2018-05-06 11:00:00,0.8673725575208664
2018-05-06 12:00:00,1.0644785910844803
2018-05-06 13:00:00,0.39718562364578247
2018-05-06 14:00:00,0.3706989288330078
2018-05-06 15:00:00,0.10712891817092896
2018-05-06 16:00:00,-0.03925216197967529
2018-05-06 17:00:00,-0.14554566144943237
2018-05-06 18:00:00,-0.16957122087478638
2018-05-06 19:00:00,-0.09057778120040894
2018-05-06 20:00:00,0.05576604604721069
2018-05-06 21:00:00,0.22864443063735962
2018-05-06 22:00:00,0.4354180097579956
2018-05-06 23:00:00,0.6533448100090027
2018-05-07 00:00:00,0.838171198964119
2018-05-07 01:00:00,1.2677150964736938
2018-05-07 02:00:00,2.180943727493286
2018-05-07 03:00:00,2.5398216545581818
2018-05-07 04:00:00,2.5003943741321564
2018-05-07 05:00:00,2.389057159423828
2018-05-07 06:00:00,2.551129102706909
2018-05-07 07:00:00,2.8116109371185303
2018-05-07 08:00:00,3.018458127975464
2018-05-07 09:00:00,3.1817879676818848
2018-05-07 10:00:00,3.1170566082000732
2018-05-07 11:00:00,3.039977788925171
2018-05-07 12:00:00,2.829813241958618
2018-05-07 13:00:00,0.9737472236156464
2018-05-07 14:00:00,0.886620283126831
2018-05-07 15:00:00,0.7210032939910889
2018-05-07 16:00:00,0.5939640998840332
2018-05-07 17:00:00,0.5384454727172852
2018-05-07 18:00:00,0.5858719348907471
2018-05-07 19:00:00,0.7443617582321167
2018-05-07 20:00:00,0.9678726196289062
2018-05-07 21:00:00,1.202935814857483
2018-05-07 22:00:00,1.3122148513793945
2018-05-07 23:00:00,1.8223905563354492
2018-05-08 00:00:00,2.8120017051696777
2018-05-08 01:00:00,2.867247551679611
2018-05-08 02:00:00,1.1152007579803467
2018-05-08 03:00:00,-0.25235211849212646
2018-05-08 04:00:00,0.33549463748931885
2018-05-08 05:00:00,2.048511266708374
2018-05-08 06:00:00,2.449986904859543
2018-05-08 07:00:00,2.7551636695861816
2018-05-08 08:00:00,3.399932861328125
2018-05-08 09:00:00,4.298079967498779
2018-05-08 10:00:00,5.076849460601807
2018-05-08 11:00:00,4.977717876434326
2018-05-08 12:00:00,3.6922836303710938
2018-05-08 13:00:00,2.3193483352661133
2018-05-08 14:00:00,0.7960180789232254
2018-05-08 15:00:00,0.5117242932319641
2018-05-08 16:00:00,0.31223368644714355
2018-05-08 17:00:00,0.060631513595581055
2018-05-08 18:00:00,-0.21817708015441895
2018-05-08 19:00:00,-0.44110000133514404
2018-05-08 20:00:00,-0.4567746380344033
2018-05-08 21:00:00,-0.33041514456272125
2018-05-08 22:00:00,-0.08302443474531174
2018-05-08 23:00:00,0.2272716760635376
2018-05-09 00:00:00,0.42983223497867584
2018-05-09 01:00:00,0.4261678457260132
2018-05-09 02:00:00,1.3713665008544922
2018-05-09 03:00:00,2.274314910173416
2018-05-09 04:00:00,2.428376168012619
2018-05-09 05:00:00,2.2614472210407257
2018-05-09 06:00:00,2.201296806335449
2018-05-09 07:00:00,2.415886163711548
2018-05-09 08:00:00,2.845453977584839
2018-05-09 09:00:00,3.3580238819122314
2018-05-09 10:00:00,3.804360866546631
2018-05-09 11:00:00,3.886589229106903
2018-05-09 12:00:00,3.529221773147583
2018-05-09 13:00:00,1.9070215225219727
2018-05-09 14:00:00,0.9133468866348267
2018-05-09 15:00:00,0.7511448860168457
2018-05-09 16:00:00,0.5917845964431763
2018-05-09 17:00:00,0.412259578704834
2018-05-09 18:00:00,0.2634631395339966
2018-05-09 19:00:00,0.1897648572921753
2018-05-09 20:00:00,0.13984286785125732
2018-05-09 21:00:00,0.09381604194641113
2018-05-09 22:00:00,0.23176240921020508
2018-05-09 23:00:00,0.3245537281036377
2018-05-10 00:00:00,0.3743906021118164
2018-05-10 01:00:00,0.3920952081680298
2018-05-10 02:00:00,0.9881423711776733
2018-05-10 03:00:00,1.3616318702697754
2018-05-10 04:00:00,1.7375754415988922
2018-05-10 05:00:00,2.0154387950897217
2018-05-10 06:00:00,2.4922432899475098
2018-05-10 07:00:00,2.9743261337280273
2018-05-10 08:00:00,3.3824594020843506
2018-05-10 09:00:00,3.637777328491211
2018-05-10 10:00:00,3.5023953914642334
2018-05-10 11:00:00,3.161325454711914
2018-05-10 12:00:00,2.6937859058380127
2018-05-10 13:00:00,0.8564550876617432
2018-05-10 14:00:00,0.6480737924575806
2018-05-10 15:00:00,0.4808582067489624
2018-05-10 16:00:00,0.4994499683380127
2018-05-10 17:00:00,0.5793766975402832
2018-05-10 18:00:00,0.6753652095794678
2018-05-10 19:00:00,0.7552449703216553
2018-05-10 20:00:00,0.8010612726211548
2018-05-10 21:00:00,0.7999612092971802
2018-05-10 22:00:00,0.844649076461792
2018-05-10 23:00:00,0.9403902292251587
2018-05-11 00:00:00,1.0231574773788452
2018-05-11 01:00:00,0.8615955114364624
2018-05-11 02:00:00,1.9419405460357666
2018-05-11 03:00:00,1.6183463335037231
2018-05-11 04:00:00,2.0222761631011963
2018-05-11 05:00:00,2.4708995819091797
2018-05-11 06:00:00,2.9028635025024414
2018-05-11 07:00:00,3.247234344482422
2018-05-11 08:00:00,3.502653121948242
2018-05-11 09:00:00,3.6549201011657715
2018-05-11 10:00:00,3.472545862197876
2018-05-11 11:00:00,3.158595561981201
2018-05-11 12:00:00,2.679033041000366
2018-05-11 13:00:00,0.8291575908660889
2018-05-11 14:00:00,0.943985104560852
2018-05-11 15:00:00,0.9336788654327393
2018-05-11 16:00:00,0.8675251007080078
2018-05-11 17:00:00,0.8221953213214874
2018-05-11 18:00:00,0.8091829121112823
2018-05-11 19:00:00,0.8015167713165283
2018-05-11 20:00:00,0.698927640914917
2018-05-11 21:00:00,0.4563121907413006
2018-05-11 22:00:00,0.27665115147829056
2018-05-11 23:00:00,0.18356091529130936
2018-05-12 00:00:00,0.19175587594509125
2018-05-12 01:00:00,0.25904619693756104
2018-05-12 02:00:00,0.6310960054397583
2018-05-12 03:00:00,0.796789288520813
2018-05-12 04:00:00,1.2431303262710571
2018-05-12 05:00:00,1.2039458900690079
2018-05-12 06:00:00,1.1438138335943222
2018-05-12 07:00:00,1.2698409259319305
2018-05-12 08:00:00,1.4901392459869385
2018-05-12 09:00:00,1.630028486251831
2018-05-12 10:00:00,1.651096910238266
2018-05-12 11:00:00,1.7635424137115479
2018-05-12 12:00:00,1.7334113121032715
2018-05-12 13:00:00,0.5818266868591309
2018-05-12 14:00:00,0.43679429218173027
2018-05-12 15:00:00,0.0533108115196228
2018-05-12 16:00:00,-0.29649484157562256
2018-05-12 17:00:00,-0.4457460641860962
2018-05-12 18:00:00,-0.36489102244377136
2018-05-12 19:00:00,-0.08723311871290207
2018-05-12 20:00:00,0.16182192228734493
2018-05-12 21:00:00,0.17882555723190308
2018-05-12 22:00:00,0.09097079932689667
2018-05-12 23:00:00,-0.04615498334169388
2018-05-13 00:00:00,-0.20818422734737396
2018-05-13 01:00:00,-0.5253705531358719
2018-05-13 02:00:00,-1.3495850563049316
2018-05-13 03:00:00,-1.522579163312912
2018-05-13 04:00:00,-1.2299501821398735
2018-05-13 05:00:00,-1.0762715637683868
2018-05-13 06:00:00,-0.8944333046674728
2018-05-13 07:00:00,-0.5404635220766068
2018-05-13 08:00:00,-0.08915664441883564
2018-05-13 09:00:00,0.5063704214990139
2018-05-13 10:00:00,1.099976658821106
2018-05-13 11:00:00,1.8187575340270996
2018-05-13 12:00:00,2.2427978515625
2018-05-13 13:00:00,0.8660415410995483
2018-05-13 14:00:00,0.9139043092727661
2018-05-13 15:00:00,0.9019341468811035
2018-05-13 16:00:00,0.8728054016828537
2018-05-13 17:00:00,0.787338063120842
2018-05-13 18:00:00,0.7292198538780212
2018-05-13 19:00:00,0.6663329601287842
2018-05-13 20:00:00,0.5131016373634338
2018-05-13 21:00:00,0.4144543409347534
2018-05-13 22:00:00,0.4029726982116699
2018-05-13 23:00:00,0.5431698560714722
2018-05-14 00:00:00,0.7396508455276489
2018-05-14 01:00:00,1.5938341617584229
2018-05-14 02:00:00,1.2537727355957031
2018-05-14 03:00:00,0.5439480543136597
2018-05-14 04:00:00,0.10410439968109131
2018-05-14 05:00:00,-0.4445291757583618
2018-05-14 06:00:00,-0.5128027200698853
2018-05-14 07:00:00,-0.13496935367584229
2018-05-14 08:00:00,0.3696829080581665
2018-05-14 09:00:00,0.7697021961212158
2018-05-14 10:00:00,1.1340138763189316
2018-05-14 11:00:00,1.4290222972631454
2018-05-14 12:00:00,0.980149656534195
2018-05-14 13:00:00,-0.35819387435913086
2018-05-14 14:00:00,-1.2317492812871933
2018-05-14 15:00:00,-1.536437749862671
2018-05-14 16:00:00,-1.2995671033859253
2018-05-14 17:00:00,-1.151113048195839
2018-05-14 18:00:00,-1.089908853173256
2018-05-14 19:00:00,-1.0870428085327148
2018-05-14 20:00:00,-1.111128345131874
2018-05-14 21:00:00,-1.1779187768697739
2018-05-14 22:00:00,-0.9887480735778809
2018-05-14 23:00:00,-0.9400678128004074
2018-05-15 00:00:00,-0.8688801527023315
2018-05-15 01:00:00,-1.0914678871631622
2018-05-15 02:00:00,-1.4414830207824707
2018-05-15 03:00:00,-1.5522915124893188
2018-05-15 04:00:00,-1.4604870080947876
2018-05-15 05:00:00,-1.043389081954956
2018-05-15 06:00:00,-0.38451045751571655
2018-05-15 07:00:00,0.3396862745285034
2018-05-15 08:00:00,1.002020239830017
2018-05-15 09:00:00,1.6117074489593506
2018-05-15 10:00:00,1.764155387878418
2018-05-15 11:00:00,2.004789352416992
2018-05-15 12:00:00,1.9561652541160583
2018-05-15 13:00:00,0.4962589144706726
2018-05-15 14:00:00,0.20076984167099
2018-05-15 15:00:00,-0.30264532566070557
2018-05-15 16:00:00,-0.28374266624450684
2018-05-15 17:00:00,-0.09097927808761597
2018-05-15 18:00:00,0.15582770109176636
2018-05-15 19:00:00,0.2904989719390869
2018-05-15 20:00:00,0.24353104829788208
2018-05-15 21:00:00,0.03048187494277954
2018-05-15 22:00:00,-0.2560180425643921
2018-05-15 23:00:00,-0.4609517455101013
2018-05-16 00:00:00,-0.5981431007385254
2018-05-16 01:00:00,-0.48498761653900146
2018-05-16 02:00:00,-0.7263548374176025
2018-05-16 03:00:00,0.11806619167327881
2018-05-16 04:00:00,0.836159348487854
2018-05-16 05:00:00,0.7267059087753296
2018-05-16 06:00:00,1.1499101966619492
2018-05-16 07:00:00,2.2721553444862366
2018-05-16 08:00:00,3.3532069325447083
2018-05-16 09:00:00,4.16052770614624
2018-05-16 10:00:00,4.406155586242676
2018-05-16 11:00:00,4.323906421661377
2018-05-16 12:00:00,3.9179831743240356
2018-05-16 13:00:00,2.5572993755340576
2018-05-16 14:00:00,1.428894281387329
2018-05-16 15:00:00,1.3460832834243774
2018-05-16 16:00:00,1.3549597263336182
2018-05-16 17:00:00,1.4260855615139008
2018-05-16 18:00:00,1.5546138137578964
2018-05-16 19:00:00,1.6865532249212265
2018-05-16 20:00:00,1.683584451675415
2018-05-16 21:00:00,1.4101144075393677
2018-05-16 22:00:00,0.7554645985364914
2018-05-16 23:00:00,0.412006426602602
2018-05-17 00:00:00,0.23198451288044453
2018-05-17 01:00:00,0.14462369680404663
2018-05-17 02:00:00,0.0588254788890481
2018-05-17 03:00:00,0.08948286157101393
2018-05-17 04:00:00,1.9594640135765076
2018-05-17 05:00:00,2.154216706752777
2018-05-17 06:00:00,2.14670729637146
2018-05-17 07:00:00,2.2065553665161133
2018-05-17 08:00:00,2.3431143760681152
2018-05-17 09:00:00,2.4960584938526154
2018-05-17 10:00:00,2.602208375930786
2018-05-17 11:00:00,2.68585205078125
2018-05-17 12:00:00,2.4454691410064697
2018-05-17 13:00:00,0.7746479958295822
2018-05-17 14:00:00,0.6511614769697189
2018-05-17 15:00:00,0.4467998743057251
2018-05-17 16:00:00,0.2792211025953293
2018-05-17 17:00:00,0.1318507343530655
2018-05-17 18:00:00,-0.005027055740356445
2018-05-17 19:00:00,-0.109852135181427
2018-05-17 20:00:00,-0.15088200569152832
2018-05-17 21:00:00,-0.13265711069107056
2018-05-17 22:00:00,-0.0111464262008667
2018-05-17 23:00:00,0.07343173027038574
2018-05-18 00:00:00,0.12095725536346436
2018-05-18 01:00:00,0.163008451461792
2018-05-18 02:00:00,0.2615877389907837
2018-05-18 03:00:00,0.0910254716873169
2018-05-18 04:00:00,0.13094913959503174
2018-05-18 05:00:00,0.532991886138916
2018-05-18 06:00:00,1.0166449546813965
2018-05-18 07:00:00,1.5243587493896484
2018-05-18 08:00:00,2.014634609222412
2018-05-18 09:00:00,2.450946092605591
2018-05-18 10:00:00,2.6178250312805176
2018-05-18 11:00:00,2.776275187730789
2018-05-18 12:00:00,2.692929297685623
2018-05-18 13:00:00,1.616145521402359
2018-05-18 14:00:00,0.7570813894271851
2018-05-18 15:00:00,0.5120266675949097
2018-05-18 16:00:00,0.3457378149032593
2018-05-18 17:00:00,0.11844372749328613
2018-05-18 18:00:00,-0.13859224319458008
2018-05-18 19:00:00,-0.34431779384613037
2018-05-18 20:00:00,-0.4375368356704712
2018-05-18 21:00:00,-0.4658917188644409
2018-05-18 22:00:00,-0.46604490280151367
2018-05-18 23:00:00,-0.4577462673187256
2018-05-19 00:00:00,-0.4345954656600952
2018-05-19 01:00:00,-0.26242607831954956
2018-05-19 02:00:00,-0.2746856212615967
2018-05-19 03:00:00,-0.07764679193496704
2018-05-19 04:00:00,0.3362284153699875
2018-05-19 05:00:00,0.7195446193218231
2018-05-19 06:00:00,0.9777171313762665
2018-05-19 07:00:00,1.2247927486896515
2018-05-19 08:00:00,1.457940548658371
2018-05-19 09:00:00,1.6789436638355255
2018-05-19 10:00:00,1.6982767581939697
2018-05-19 11:00:00,1.791506290435791
2018-05-19 12:00:00,1.8052024841308594
2018-05-19 13:00:00,1.3191403448581696
2018-05-19 14:00:00,0.644798994064331
2018-05-19 15:00:00,0.547394797205925
2018-05-19 16:00:00,0.4716520309448242
2018-05-19 17:00:00,0.43103647232055664
2018-05-19 18:00:00,0.4453415274620056
2018-05-19 19:00:00,0.48788870871067047
2018-05-19 20:00:00,0.5370395183563232
2018-05-19 21:00:00,0.6195086091756821
2018-05-19 22:00:00,0.8091011121869087
2018-05-19 23:00:00,0.9084755182266235
2018-05-20 00:00:00,0.9226193428039551
2018-05-20 01:00:00,1.4459971487522125
2018-05-20 02:00:00,1.5069284439086914
2018-05-20 03:00:00,1.4069106578826904
2018-05-20 04:00:00,0.9036441743373871
2018-05-20 05:00:00,1.3353401124477386
2018-05-20 06:00:00,1.8993234783411026
2018-05-20 07:00:00,2.4834768772125244
2018-05-20 08:00:00,3.0372042655944824
2018-05-20 09:00:00,3.506336033344269
2018-05-20 10:00:00,3.601461410522461
2018-05-20 11:00:00,3.5740675926208496
2018-05-20 12:00:00,3.402350902557373
2018-05-20 13:00:00,2.2104456424713135
2018-05-20 14:00:00,1.2968145608901978
2018-05-20 15:00:00,1.2375894784927368
2018-05-20 16:00:00,1.2128493785858154
2018-05-20 17:00:00,1.1278672218322754
2018-05-20 18:00:00,1.060324802994728
2018-05-20 19:00:00,1.0396729707717896
2018-05-20 20:00:00,1.0513786971569061
2018-05-20 21:00:00,1.0507809221744537
2018-05-20 22:00:00,0.930102065205574
2018-05-20 23:00:00,0.804082915186882
2018-05-21 00:00:00,0.6651489809155464
2018-05-21 01:00:00,0.8062561750411987
2018-05-21 02:00:00,0.6817452907562256
2018-05-21 03:00:00,0.47674988210201263
2018-05-21 04:00:00,1.0493507385253906
2018-05-21 05:00:00,1.361962303519249
2018-05-21 06:00:00,1.7386098057031631
2018-05-21 07:00:00,2.227506160736084
2018-05-21 08:00:00,2.763678550720215
2018-05-21 09:00:00,3.215419292449951
2018-05-21 10:00:00,3.4439525604248047
2018-05-21 11:00:00,3.4482083320617676
2018-05-21 12:00:00,3.2271151542663574
2018-05-21 13:00:00,1.940305471420288
2018-05-21 14:00:00,1.1499173641204834
2018-05-21 15:00:00,1.1566472202539444
2018-05-21 16:00:00,1.1970969289541245
2018-05-21 17:00:00,1.1789989471435547
2018-05-21 18:00:00,1.103890672326088
2018-05-21 19:00:00,0.9736018627882004
2018-05-21 20:00:00,0.8011428117752075
2018-05-21 21:00:00,0.5940764620900154
2018-05-21 22:00:00,0.44364117085933685
2018-05-21 23:00:00,0.3537929020822048
2018-05-22 00:00:00,0.31758618354797363
2018-05-22 01:00:00,0.3578999266028404
2018-05-22 02:00:00,0.6260156631469727
2018-05-22 03:00:00,0.49261653423309326
2018-05-22 04:00:00,1.1408305168151855
2018-05-22 05:00:00,1.4686273634433746
2018-05-22 06:00:00,1.754359632730484
2018-05-22 07:00:00,2.0433168411254883
2018-05-22 08:00:00,2.3114240169525146
2018-05-22 09:00:00,2.5066587924957275
2018-05-22 10:00:00,2.468080073595047
2018-05-22 11:00:00,2.4453322887420654
2018-05-22 12:00:00,2.2049278914928436
2018-05-22 13:00:00,0.8311078548431396
2018-05-22 14:00:00,0.4735708236694336
2018-05-22 15:00:00,0.24450016021728516
2018-05-22 16:00:00,0.16897130012512207
2018-05-22 17:00:00,0.1082911491394043
2018-05-22 18:00:00,0.0531010627746582
2018-05-22 19:00:00,0.0006282329559326172
2018-05-22 20:00:00,-0.0684654712677002
2018-05-22 21:00:00,-0.14972031116485596
2018-05-22 22:00:00,-0.19823968410491943
2018-05-22 23:00:00,-0.2564114108681679
2018-05-23 00:00:00,-0.3117426931858063
2018-05-23 01:00:00,-0.6541447713971138
2018-05-23 02:00:00,-1.029398649930954
2018-05-23 03:00:00,-1.3465690612792969
2018-05-23 04:00:00,-1.4459291398525238
2018-05-23 05:00:00,-1.4102639853954315
2018-05-23 06:00:00,-1.2181265279650688
2018-05-23 07:00:00,-0.9736135043203831
2018-05-23 08:00:00,-0.6807322762906551
2018-05-23 09:00:00,-0.33544500172138214
2018-05-23 10:00:00,0.021664440631866455
2018-05-23 11:00:00,0.47787241637706757
2018-05-23 12:00:00,0.7718382179737091
2018-05-23 13:00:00,0.3916851878166199
2018-05-23 14:00:00,0.291276752948761
2018-05-23 15:00:00,0.14708226919174194
2018-05-23 16:00:00,0.008539319038391113
2018-05-23 17:00:00,-0.13667231798171997
2018-05-23 18:00:00,-0.23009848594665527
2018-05-23 19:00:00,-0.25178205966949463
2018-05-23 20:00:00,-0.2556479573249817
2018-05-23 21:00:00,-0.2318701148033142
2018-05-23 22:00:00,-0.1919587254524231
2018-05-23 23:00:00,-0.16845160722732544
2018-05-24 00:00:00,-0.16324567794799805
2018-05-24 01:00:00,-0.31450289487838745
2018-05-24 02:00:00,-0.46875739097595215
2018-05-24 03:00:00,-0.41201627254486084
2018-05-24 04:00:00,0.3257859945297241
2018-05-24 05:00:00,0.6801865287125111
2018-05-24 06:00:00,0.8825466856360435
2018-05-24 07:00:00,1.1229821741580963
2018-05-24 08:00:00,1.3954720422625542
2018-05-24 09:00:00,1.6426782608032227
2018-05-24 10:00:00,1.8920319080352783
2018-05-24 11:00:00,2.186285674571991
2018-05-24 12:00:00,2.360374689102173
2018-05-24 13:00:00,1.1320072412490845
2018-05-24 14:00:00,0.7859723567962646
2018-05-24 15:00:00,0.7216746807098389
2018-05-24 16:00:00,0.6865635514259338
2018-05-24 17:00:00,0.6714531779289246
2018-05-24 18:00:00,0.6588749289512634
2018-05-24 19:00:00,0.6061766743659973
2018-05-24 20:00:00,0.4882649779319763
2018-05-24 21:00:00,0.38798898458480835
2018-05-24 22:00:00,0.3152928352355957
2018-05-24 23:00:00,0.3008995056152344
2018-05-25 00:00:00,0.32076162099838257
2018-05-25 01:00:00,0.26069092750549316
2018-05-25 02:00:00,0.6286726295948029
2018-05-25 03:00:00,0.6195212602615356
2018-05-25 04:00:00,0.6608443707227707
2018-05-25 05:00:00,1.2035444974899292
2018-05-25 06:00:00,1.7086380422115326
2018-05-25 07:00:00,2.2603766918182373
2018-05-25 08:00:00,2.778043746948242
2018-05-25 09:00:00,3.1705973148345947
2018-05-25 10:00:00,3.3772149085998535
2018-05-25 11:00:00,3.524154484272003
2018-05-25 12:00:00,3.441757380962372
2018-05-25 13:00:00,1.5021957457065582
2018-05-25 14:00:00,1.2703053951263428
2018-05-25 15:00:00,1.2547435760498047
2018-05-25 16:00:00,1.2820820957422256
2018-05-25 17:00:00,1.3226295709609985
2018-05-25 18:00:00,1.385758876800537
2018-05-25 19:00:00,1.4523751735687256
2018-05-25 20:00:00,1.4563456773757935
2018-05-25 21:00:00,1.4204860925674438
2018-05-25 22:00:00,1.195548176765442
2018-05-25 23:00:00,0.9421463012695312
2018-05-26 00:00:00,0.7072657346725464
2018-05-26 01:00:00,0.5476181507110596
2018-05-26 02:00:00,0.9636884033679962
2018-05-26 03:00:00,0.6944657564163208
2018-05-26 04:00:00,0.7924120873212814
2018-05-26 05:00:00,1.7177391052246094
2018-05-26 06:00:00,2.3409405052661896
2018-05-26 07:00:00,2.8882896900177
2018-05-26 08:00:00,3.348037004470825
2018-05-26 09:00:00,3.666651725769043
2018-05-26 10:00:00,3.7811193466186523
2018-05-26 11:00:00,3.7523646354675293
2018-05-26 12:00:00,3.5190742015838623
2018-05-26 13:00:00,1.4107215404510498
2018-05-26 14:00:00,1.1860121488571167
2018-05-26 15:00:00,1.0683369934558868
2018-05-26 16:00:00,0.8697541952133179
2018-05-26 17:00:00,0.6216384172439575
2018-05-26 18:00:00,0.2625129222869873
2018-05-26 19:00:00,-0.16373980045318604
2018-05-26 20:00:00,-0.46856169402599335
2018-05-26 21:00:00,-0.5549778491258621
2018-05-26 22:00:00,-0.27518367767333984
2018-05-26 23:00:00,-0.0035184621810913086
2018-05-27 00:00:00,0.20337267220020294
2018-05-27 01:00:00,0.2797321081161499
2018-05-27 02:00:00,0.582037091255188
2018-05-27 03:00:00,0.5875916928052902
2018-05-27 04:00:00,1.3484130054712296
2018-05-27 05:00:00,1.8433372974395752
2018-05-27 06:00:00,2.383464068174362
2018-05-27 07:00:00,3.0367772579193115
2018-05-27 08:00:00,3.6985989809036255
2018-05-27 09:00:00,4.2892566323280334
2018-05-27 10:00:00,4.511703968048096
2018-05-27 11:00:00,4.587373733520508
2018-05-27 12:00:00,4.348095417022705
2018-05-27 13:00:00,1.9388650953769684
2018-05-27 14:00:00,1.4561570882797241
2018-05-27 15:00:00,1.2962316274642944
2018-05-27 16:00:00,1.2768394947052002
2018-05-27 17:00:00,1.3200087547302246
2018-05-27 18:00:00,1.4186874628067017
2018-05-27 19:00:00,1.552851915359497
2018-05-27 20:00:00,1.7561357021331787
2018-05-27 21:00:00,2.0435752272605896
2018-05-27 22:00:00,1.8808095455169678
2018-05-27 23:00:00,1.5879409313201904
2018-05-28 00:00:00,1.2683234214782715
2018-05-28 01:00:00,0.9238271415233612
2018-05-28 02:00:00,1.2801799923181534
2018-05-28 03:00:00,0.6104033440351486
2018-05-28 04:00:00,0.6498443633317947
2018-05-28 05:00:00,0.6835692375898361
2018-05-28 06:00:00,0.8044767379760742
2018-05-28 07:00:00,1.1101171970367432
2018-05-28 08:00:00,1.5878313481807709
2018-05-28 09:00:00,2.1092073917388916
2018-05-28 10:00:00,2.4776478111743927
2018-05-28 11:00:00,2.8868484497070312
2018-05-28 12:00:00,3.0194251537323
2018-05-28 13:00:00,1.3302713632583618
2018-05-28 14:00:00,1.0670223385095596
2018-05-28 15:00:00,0.9411885738372803
2018-05-28 16:00:00,0.9259641915559769
2018-05-28 17:00:00,0.9377800226211548
2018-05-28 18:00:00,0.9999549090862274
2018-05-28 19:00:00,1.1209282875061035
2018-05-28 20:00:00,1.2790720611810684
2018-05-28 21:00:00,1.2856093645095825
2018-05-28 22:00:00,1.1485557556152344
2018-05-28 23:00:00,0.926188513636589
2018-05-29 00:00:00,0.5844287797808647
2018-05-29 01:00:00,0.11213278770446777
2018-05-29 02:00:00,-0.6994903385639191
2018-05-29 03:00:00,-1.7763394713401794
2018-05-29 04:00:00,-1.6935204863548279
2018-05-29 05:00:00,-1.268923044204712
2018-05-29 06:00:00,-0.5286191701889038
2018-05-29 07:00:00,0.45238490402698517
2018-05-29 08:00:00,1.5070156157016754
2018-05-29 09:00:00,2.3906707763671875
2018-05-29 10:00:00,2.4801450073719025
2018-05-29 11:00:00,2.5689459145069122
2018-05-29 12:00:00,2.493269234895706
2018-05-29 13:00:00,0.7654677629470825
2018-05-29 14:00:00,0.6077201999723911
2018-05-29 15:00:00,-0.027026541531085968
2018-05-29 16:00:00,-0.818966269493103
2018-05-29 17:00:00,-1.1504547595977783
2018-05-29 18:00:00,-1.5195101499557495
2018-05-29 19:00:00,-1.867408037185669
2018-05-29 20:00:00,-2.181992530822754
2018-05-29 21:00:00,-2.5651142597198486
2018-05-29 22:00:00,-2.5291948318481445
2018-05-29 23:00:00,-2.8873298168182373
2018-05-30 00:00:00,-3.118671178817749
2018-05-30 01:00:00,-3.7797891497612
2018-05-30 02:00:00,-4.271247863769531
2018-05-30 03:00:00,-4.3233227133750916
2018-05-30 04:00:00,-3.1816940307617188
2018-05-30 05:00:00,-2.334150969982147
2018-05-30 06:00:00,-1.9519519805908203
2018-05-30 07:00:00,-1.58401358127594
2018-05-30 08:00:00,-1.0829817056655884
2018-05-30 09:00:00,-0.4767494201660156
2018-05-30 10:00:00,0.22504985332489014
2018-05-30 11:00:00,0.8250234127044678
2018-05-30 12:00:00,1.1878327131271362
2018-05-30 13:00:00,0.4733046293258667
2018-05-30 14:00:00,0.32965517044067383
2018-05-30 15:00:00,0.06938827037811279
2018-05-30 16:00:00,-0.004002928733825684
2018-05-30 17:00:00,-0.041920602321624756
2018-05-30 18:00:00,0.0350612998008728
2018-05-30 19:00:00,0.20145690441131592
2018-05-30 20:00:00,0.4456976056098938
2018-05-30 21:00:00,0.718316987156868
2018-05-30 22:00:00,0.6304433792829514
2018-05-30 23:00:00,0.5319769382476807
2018-05-31 00:00:00,0.3065655827522278
2018-05-31 01:00:00,-0.061534345149993896
2018-05-31 02:00:00,-0.5860121250152588
2018-05-31 03:00:00,-0.6036150753498077
2018-05-31 04:00:00,-0.3483496308326721
2018-05-31 05:00:00,-0.1661553867161274
2018-05-31 06:00:00,0.07321506552398205
2018-05-31 07:00:00,0.5382201075553894
2018-05-31 08:00:00,1.139685034751892
2018-05-31 09:00:00,1.6581920385360718
2018-05-31 10:00:00,1.7375929355621338
2018-05-31 11:00:00,1.7018779516220093
2018-05-31 12:00:00,1.5229650735855103
2018-05-31 13:00:00,1.0721644163131714
2018-05-31 14:00:00,0.27637243270874023
2018-05-31 15:00:00,-0.1713259220123291
2018-05-31 16:00:00,-0.5061620473861694
2018-05-31 17:00:00,-0.6797899007797241
2018-05-31 18:00:00,-0.7141847610473633
2018-05-31 19:00:00,-0.7512979507446289
2018-05-31 20:00:00,-0.8647608757019043
2018-05-31 21:00:00,-1.0256770849227905
2018-05-31 22:00:00,-1.271716833114624
2018-05-31 23:00:00,-1.5926644802093506
2018-06-01 00:00:00,-2.070240020751953
2018-06-01 01:00:00,-3.1969234943389893
2018-06-01 02:00:00,-3.7296743392944336
2018-06-01 03:00:00,-3.8946986198425293
2018-06-01 04:00:00,-3.0924172401428223
2018-06-01 05:00:00,-2.2901101112365723
2018-06-01 06:00:00,-1.5322109460830688
2018-06-01 07:00:00,-0.7082773447036743
2018-06-01 08:00:00,0.13550537824630737
2018-06-01 09:00:00,0.8437213897705078
2018-06-01 10:00:00,0.8363297581672668
2018-06-01 11:00:00,0.996983528137207
2018-06-01 12:00:00,0.9726526737213135
2018-06-01 13:00:00,0.2851465344429016
2018-06-01 14:00:00,-0.394816517829895
2018-06-01 15:00:00,-0.7708987593650818
2018-06-01 16:00:00,-0.8472839593887329
2018-06-01 17:00:00,-1.056684136390686
2018-06-01 18:00:00,-1.4698110520839691
2018-06-01 19:00:00,-2.25741046667099
2018-06-01 20:00:00,-3.262019157409668
2018-06-01 21:00:00,-4.152277946472168
2018-06-01 22:00:00,-3.3831947445869446
2018-06-01 23:00:00,-3.0803637504577637
2018-06-02 00:00:00,-3.011160135269165
2018-06-02 01:00:00,-3.7835302352905273
2018-06-02 02:00:00,-3.8723602294921875
2018-06-02 03:00:00,-3.280363082885742
2018-06-02 04:00:00,-2.5325233936309814
2018-06-02 05:00:00,-1.7865241765975952
2018-06-02 06:00:00,-1.1585386991500854
2018-06-02 07:00:00,-0.5021224021911621
2018-06-02 08:00:00,0.25321412086486816
2018-06-02 09:00:00,0.9687362015247345
2018-06-02 10:00:00,0.8463592976331711
2018-06-02 11:00:00,0.7478046417236328
2018-06-02 12:00:00,0.41713953018188477
2018-06-02 13:00:00,-0.25771909952163696
2018-06-02 14:00:00,-0.7754199206829071
2018-06-02 15:00:00,-1.129374384880066
2018-06-02 16:00:00,-1.1104071140289307
2018-06-02 17:00:00,-0.9991265535354614
2018-06-02 18:00:00,-0.8727233409881592
2018-06-02 19:00:00,-0.797930896282196
2018-06-02 20:00:00,-0.8385547399520874
2018-06-02 21:00:00,-0.9984208345413208
2018-06-02 22:00:00,-1.4340028762817383
2018-06-02 23:00:00,-1.9089837968349457
2018-06-03 00:00:00,-2.2240391075611115
2018-06-03 01:00:00,-3.395899534225464
2018-06-03 02:00:00,-3.2729685306549072
2018-06-03 03:00:00,-3.6515774726867676
2018-06-03 04:00:00,-2.768702983856201
2018-06-03 05:00:00,-1.7012170553207397
2018-06-03 06:00:00,-0.498836874961853
2018-06-03 07:00:00,0.6105283498764038
2018-06-03 08:00:00,1.4265761375427246
2018-06-03 09:00:00,1.9093362390995026
2018-06-03 10:00:00,1.8128321170806885
2018-06-03 11:00:00,1.4901843070983887
2018-06-03 12:00:00,0.9495302438735962
2018-06-03 13:00:00,-0.03382223844528198
2018-06-03 14:00:00,-0.690924160182476
2018-06-03 15:00:00,-1.1615610122680664
2018-06-03 16:00:00,-1.3707599490880966
2018-06-03 17:00:00,-1.4963860362768173
2018-06-03 18:00:00,-1.580843448638916
2018-06-03 19:00:00,-1.6307713985443115
2018-06-03 20:00:00,-1.6624085903167725
2018-06-03 21:00:00,-1.6709446907043457
2018-06-03 22:00:00,-1.3695874214172363
2018-06-03 23:00:00,-1.5305101871490479
2018-06-04 00:00:00,-1.9000076651573181
2018-06-04 01:00:00,-3.1148414611816406
2018-06-04 02:00:00,-3.6146690249443054
2018-06-04 03:00:00,-3.40854549407959
2018-06-04 04:00:00,-3.1859092712402344
2018-06-04 05:00:00,-3.020568370819092
2018-06-04 06:00:00,-2.8228189945220947
2018-06-04 07:00:00,-2.526690721511841
2018-06-04 08:00:00,-2.1705098152160645
2018-06-04 09:00:00,-1.8334310054779053
2018-06-04 10:00:00,-1.4892537593841553
2018-06-04 11:00:00,-1.3139700889587402
2018-06-04 12:00:00,-1.4201213121414185
2018-06-04 13:00:00,-1.4469184875488281
2018-06-04 14:00:00,-1.0631141662597656
2018-06-04 15:00:00,-1.4888423681259155
2018-06-04 16:00:00,-2.0557384490966797
2018-06-04 17:00:00,-2.5191688537597656
2018-06-04 18:00:00,-2.7000021934509277
2018-06-04 19:00:00,-2.753757953643799
2018-06-04 20:00:00,-2.8142056465148926
2018-06-04 21:00:00,-2.8517463207244873
2018-06-04 22:00:00,-2.623091697692871
2018-06-04 23:00:00,-2.62011981010437
2018-06-05 00:00:00,-2.679603338241577
2018-06-05 01:00:00,-3.4074020385742188
2018-06-05 02:00:00,-3.884990096092224
2018-06-05 03:00:00,-3.8155433535575867
2018-06-05 04:00:00,-3.3698010444641113
2018-06-05 05:00:00,-3.08048152923584
2018-06-05 06:00:00,-2.8656349182128906
2018-06-05 07:00:00,-2.6322860717773438
2018-06-05 08:00:00,-2.375140428543091
2018-06-05 09:00:00,-2.1104161739349365
2018-06-05 10:00:00,-2.012301445007324
2018-06-05 11:00:00,-1.9239196181297302
2018-06-05 12:00:00,-1.960187017917633
2018-06-05 13:00:00,-2.0597298741340637
2018-06-05 14:00:00,-1.1345247030258179
2018-06-05 15:00:00,-1.578566312789917
2018-06-05 16:00:00,-2.02163028717041
2018-06-05 17:00:00,-2.278751850128174
2018-06-05 18:00:00,-2.434100389480591
2018-06-05 19:00:00,-2.558277130126953
2018-06-05 20:00:00,-2.688678026199341
2018-06-05 21:00:00,-2.888566732406616
2018-06-05 22:00:00,-2.544219493865967
2018-06-05 23:00:00,-2.2992992401123047
2018-06-06 00:00:00,-2.014245092868805
2018-06-06 01:00:00,-2.5621488094329834
2018-06-06 02:00:00,-3.2627315521240234
2018-06-06 03:00:00,-2.7311923503875732
2018-06-06 04:00:00,-2.156886637210846
2018-06-06 05:00:00,-1.466468095779419
2018-06-06 06:00:00,-0.8212523013353348
2018-06-06 07:00:00,-0.21573388576507568
2018-06-06 08:00:00,0.35515719652175903
2018-06-06 09:00:00,0.8134696930646896
2018-06-06 10:00:00,0.7613199204206467
2018-06-06 11:00:00,0.7536896467208862
2018-06-06 12:00:00,0.673128604888916
2018-06-06 13:00:00,0.30912208557128906
2018-06-06 14:00:00,0.13708817958831787
2018-06-06 15:00:00,0.03367912769317627
2018-06-06 16:00:00,0.0848701000213623
2018-06-06 17:00:00,0.09109365940093994
2018-06-06 18:00:00,0.11755120754241943
2018-06-06 19:00:00,0.09998190402984619
2018-06-06 20:00:00,0.05100846290588379
2018-06-06 21:00:00,-0.016852498054504395
2018-06-06 22:00:00,-0.2823951244354248
2018-06-06 23:00:00,-0.6282294988632202
2018-06-07 00:00:00,-0.8527334928512573
2018-06-07 01:00:00,-2.405233144760132
2018-06-07 02:00:00,-2.804461717605591
2018-06-07 03:00:00,-2.6372768878936768
2018-06-07 04:00:00,-2.0739171504974365
2018-06-07 05:00:00,-1.2728631347417831
2018-06-07 06:00:00,-0.41534459590911865
2018-06-07 07:00:00,0.3189812898635864
2018-06-07 08:00:00,0.8336212188005447
2018-06-07 09:00:00,1.1165263652801514
2018-06-07 10:00:00,0.877024918794632
2018-06-07 11:00:00,0.47815757989883423
2018-06-07 12:00:00,-0.022504746913909912
2018-06-07 13:00:00,-0.6362640261650085
2018-06-07 14:00:00,-0.7008673548698425
2018-06-07 15:00:00,-1.0826404094696045
2018-06-07 16:00:00,-1.2853193283081055
2018-06-07 17:00:00,-1.4901823997497559
2018-06-07 18:00:00,-1.6637108325958252
2018-06-07 19:00:00,-1.7822496891021729
2018-06-07 20:00:00,-1.7974730730056763
2018-06-07 21:00:00,-1.747633695602417
2018-06-07 22:00:00,-1.582869291305542
2018-06-07 23:00:00,-1.5509397983551025
2018-06-08 00:00:00,-1.580143928527832
2018-06-08 01:00:00,-2.6909804344177246
2018-06-08 02:00:00,-2.4868969917297363
2018-06-08 03:00:00,-1.8152291774749756
2018-06-08 04:00:00,-1.5603625774383545
2018-06-08 05:00:00,-1.4752591848373413
2018-06-08 06:00:00,-1.451022982597351
2018-06-08 07:00:00,-1.3604843616485596
2018-06-08 08:00:00,-1.1613045930862427
2018-06-08 09:00:00,-0.9096153080463409
2018-06-08 10:00:00,-0.8545081913471222
2018-06-08 11:00:00,-0.882366769015789
2018-06-08 12:00:00,-1.0931726545095444
2018-06-08 13:00:00,-0.8667131662368774
2018-06-08 14:00:00,-1.1159844547510147
2018-06-08 15:00:00,-1.7451924085617065
2018-06-08 16:00:00,-2.4343807697296143
2018-06-08 17:00:00,-3.014984607696533
2018-06-08 18:00:00,-3.28375244140625
2018-06-08 19:00:00,-3.3397414684295654
2018-06-08 20:00:00,-3.346015453338623
2018-06-08 21:00:00,-3.6033437252044678
2018-06-08 22:00:00,-3.470710277557373
2018-06-08 23:00:00,-3.2985873222351074
2018-06-09 00:00:00,-2.995598793029785
2018-06-09 01:00:00,-3.483161449432373
2018-06-09 02:00:00,-3.174859046936035
2018-06-09 03:00:00,-1.798478126525879
2018-06-09 04:00:00,-0.7544734477996826
2018-06-09 05:00:00,-0.20813816785812378
2018-06-09 06:00:00,0.05491304397583008
2018-06-09 07:00:00,0.22122950851917267
2018-06-09 08:00:00,0.343427374958992
2018-06-09 09:00:00,0.3691265136003494
2018-06-09 10:00:00,0.21085534989833832
2018-06-09 11:00:00,0.0825386643409729
2018-06-09 12:00:00,-0.04740267992019653
2018-06-09 13:00:00,-0.2201303243637085
2018-06-09 14:00:00,-0.3010971397161484
2018-06-09 15:00:00,-0.4253537803888321
2018-06-09 16:00:00,-0.29198314994573593
2018-06-09 17:00:00,-0.19232302904129028
2018-06-09 18:00:00,-0.2639096975326538
2018-06-09 19:00:00,-0.12073624134063721
2018-06-09 20:00:00,0.1594482660293579
2018-06-09 21:00:00,0.4877317547798157
2018-06-09 22:00:00,0.4748854637145996
2018-06-09 23:00:00,0.4367979168891907
2018-06-10 00:00:00,0.35827505588531494
2018-06-10 01:00:00,0.38102859258651733
2018-06-10 02:00:00,0.7467073202133179
2018-06-10 03:00:00,1.149072915315628
2018-06-10 04:00:00,1.254755511879921
2018-06-10 05:00:00,1.2825573682785034
2018-06-10 06:00:00,1.2536146491765976
2018-06-10 07:00:00,1.334465503692627
2018-06-10 08:00:00,1.5702630281448364
2018-06-10 09:00:00,1.946437269449234
2018-06-10 10:00:00,2.1179452538490295
2018-06-10 11:00:00,2.332718849182129
2018-06-10 12:00:00,2.445291757583618
2018-06-10 13:00:00,2.0548298358917236
2018-06-10 14:00:00,0.8260159492492676
2018-06-10 15:00:00,0.7399113774299622
2018-06-10 16:00:00,0.6895723342895508
2018-06-10 17:00:00,0.7313541769981384
2018-06-10 18:00:00,0.9393132925033569
2018-06-10 19:00:00,1.325361728668213
2018-06-10 20:00:00,1.8319068849086761
2018-06-10 21:00:00,2.2984161376953125
2018-06-10 22:00:00,2.400369167327881
2018-06-10 23:00:00,2.28566312789917
2018-06-11 00:00:00,2.0249745845794678
2018-06-11 01:00:00,2.639061212539673
2018-06-11 02:00:00,2.959447145462036
2018-06-11 03:00:00,3.115866184234619
2018-06-11 04:00:00,3.235929012298584
2018-06-11 05:00:00,3.4076828956604004
2018-06-11 06:00:00,3.649428367614746
2018-06-11 07:00:00,4.003019213676453
2018-06-11 08:00:00,4.373643398284912
2018-06-11 09:00:00,4.690396308898926
2018-06-11 10:00:00,4.677896499633789
2018-06-11 11:00:00,4.656153202056885
2018-06-11 12:00:00,4.44728946685791
2018-06-11 13:00:00,3.252391815185547
2018-06-11 14:00:00,1.6328299045562744
2018-06-11 15:00:00,1.5266380310058594
2018-06-11 16:00:00,1.6398158073425293
2018-06-11 17:00:00,1.7234060764312744
2018-06-11 18:00:00,1.7853071689605713
2018-06-11 19:00:00,1.831930160522461
2018-06-11 20:00:00,1.940776288509369
2018-06-11 21:00:00,2.0600273609161377
2018-06-11 22:00:00,1.7293453216552734
2018-06-11 23:00:00,1.432230830192566
2018-06-12 00:00:00,1.230697512626648
2018-06-12 01:00:00,1.8503522276878357
2018-06-12 02:00:00,2.6968777179718018
2018-06-12 03:00:00,3.2323012351989746
2018-06-12 04:00:00,3.9744362831115723
2018-06-12 05:00:00,4.354572772979736
2018-06-12 06:00:00,4.734039306640625
2018-06-12 07:00:00,5.053620338439941
2018-06-12 08:00:00,5.286931037902832
2018-06-12 09:00:00,5.418395519256592
2018-06-12 10:00:00,5.178817272186279
2018-06-12 11:00:00,4.874021053314209
2018-06-12 12:00:00,4.4220709800720215
2018-06-12 13:00:00,2.85609769821167
2018-06-12 14:00:00,1.4656784534454346
2018-06-12 15:00:00,1.3581664562225342
2018-06-12 16:00:00,1.5227911472320557
2018-06-12 17:00:00,1.7172362804412842
2018-06-12 18:00:00,1.9451985359191895
2018-06-12 19:00:00,2.196516513824463
2018-06-12 20:00:00,2.437990188598633
2018-06-12 21:00:00,2.705634355545044
2018-06-12 22:00:00,2.3655812740325928
2018-06-12 23:00:00,2.5185117721557617
2018-06-13 00:00:00,3.08295014500618
2018-06-13 01:00:00,4.350481033325195
2018-06-13 02:00:00,5.041632652282715
2018-06-13 03:00:00,6.7081170082092285
2018-06-13 04:00:00,7.237713813781738
2018-06-13 05:00:00,7.267782688140869
2018-06-13 06:00:00,7.282321929931641
2018-06-13 07:00:00,7.266299724578857
2018-06-13 08:00:00,7.274255275726318
2018-06-13 09:00:00,7.295670032501221
2018-06-13 10:00:00,7.098684787750244
2018-06-13 11:00:00,6.930331707000732
2018-06-13 12:00:00,6.47845983505249
2018-06-13 13:00:00,5.1005730628967285
2018-06-13 14:00:00,3.950359344482422
2018-06-13 15:00:00,4.132275581359863
2018-06-13 16:00:00,4.553593635559082
2018-06-13 17:00:00,4.957401752471924
2018-06-13 18:00:00,5.259902477264404
2018-06-13 19:00:00,5.443398475646973
2018-06-13 20:00:00,5.590368747711182
2018-06-13 21:00:00,5.762129783630371
2018-06-13 22:00:00,5.453242778778076
2018-06-13 23:00:00,4.180191993713379
2018-06-14 00:00:00,3.730151653289795
2018-06-14 01:00:00,4.230818748474121
2018-06-14 02:00:00,6.988027572631836
2018-06-14 03:00:00,6.935384750366211
2018-06-14 04:00:00,6.653419494628906
2018-06-14 05:00:00,6.264542102813721
2018-06-14 06:00:00,5.882741451263428
2018-06-14 07:00:00,5.601296901702881
2018-06-14 08:00:00,5.419081687927246
2018-06-14 09:00:00,5.361618518829346
2018-06-14 10:00:00,5.241397380828857
2018-06-14 11:00:00,5.192564487457275
2018-06-14 12:00:00,5.042245864868164
2018-06-14 13:00:00,4.04215145111084
2018-06-14 14:00:00,2.3012216091156006
2018-06-14 15:00:00,2.358374834060669
2018-06-14 16:00:00,2.6883625984191895
2018-06-14 17:00:00,3.197249174118042
2018-06-14 18:00:00,3.8161988258361816
2018-06-14 19:00:00,4.333290100097656
2018-06-14 20:00:00,4.695681095123291
2018-06-14 21:00:00,4.912665843963623
2018-06-14 22:00:00,4.905966281890869
2018-06-14 23:00:00,4.791205406188965
2018-06-15 00:00:00,4.256796836853027
2018-06-15 01:00:00,4.527121543884277
2018-06-15 02:00:00,6.786577224731445
2018-06-15 03:00:00,6.712221622467041
2018-06-15 04:00:00,5.8132219314575195
2018-06-15 05:00:00,4.887451171875
2018-06-15 06:00:00,4.059055209159851
2018-06-15 07:00:00,3.3913328647613525
2018-06-15 08:00:00,2.9614620208740234
2018-06-15 09:00:00,2.738859176635742
2018-06-15 10:00:00,2.933800220489502
2018-06-15 11:00:00,3.1644294261932373
2018-06-15 12:00:00,3.25419020652771
2018-06-15 13:00:00,2.472324877977371
2018-06-15 14:00:00,1.1564351320266724
2018-06-15 15:00:00,1.0514862537384033
2018-06-15 16:00:00,1.07550847530365
2018-06-15 17:00:00,1.1709108352661133
2018-06-15 18:00:00,1.3854477405548096
2018-06-15 19:00:00,1.7403088510036469
2018-06-15 20:00:00,2.107933282852173
2018-06-15 21:00:00,2.7163295447826385
2018-06-15 22:00:00,2.980329751968384
2018-06-15 23:00:00,3.4290342330932617
2018-06-16 00:00:00,3.753041088581085
2018-06-16 01:00:00,4.518189907073975
2018-06-16 02:00:00,5.444267272949219
2018-06-16 03:00:00,6.121410846710205
2018-06-16 04:00:00,6.322841644287109
2018-06-16 05:00:00,6.093138217926025
2018-06-16 06:00:00,5.893810272216797
2018-06-16 07:00:00,5.809846878051758
2018-06-16 08:00:00,5.816909313201904
2018-06-16 09:00:00,5.859353542327881
2018-06-16 10:00:00,5.325160026550293
2018-06-16 11:00:00,4.792524814605713
2018-06-16 12:00:00,4.151240348815918
2018-06-16 13:00:00,2.9955427646636963
2018-06-16 14:00:00,1.1005147695541382
2018-06-16 15:00:00,0.7539486885070801
2018-06-16 16:00:00,0.4939422607421875
2018-06-16 17:00:00,0.2845655679702759
2018-06-16 18:00:00,0.133750319480896
2018-06-16 19:00:00,0.09784221649169922
2018-06-16 20:00:00,0.04795527458190918
2018-06-16 21:00:00,0.10834205150604248
2018-06-16 22:00:00,0.4345287084579468
2018-06-16 23:00:00,0.768193244934082
2018-06-17 00:00:00,1.1833422183990479
2018-06-17 01:00:00,2.253018379211426
2018-06-17 02:00:00,3.4362733960151672
2018-06-17 03:00:00,4.707672595977783
2018-06-17 04:00:00,4.596081733703613
2018-06-17 05:00:00,4.138843059539795
2018-06-17 06:00:00,3.727895736694336
2018-06-17 07:00:00,3.4483933448791504
2018-06-17 08:00:00,3.260545253753662
2018-06-17 09:00:00,3.043325185775757
2018-06-17 10:00:00,2.9568586349487305
2018-06-17 11:00:00,2.7126035690307617
2018-06-17 12:00:00,2.3197684288024902
2018-06-17 13:00:00,1.8217516541481018
2018-06-17 14:00:00,0.8402803242206573
2018-06-17 15:00:00,0.3581644296646118
2018-06-17 16:00:00,0.06128239631652832
2018-06-17 17:00:00,-0.17647063732147217
2018-06-17 18:00:00,-0.2944774702191353
2018-06-17 19:00:00,-0.3222348093986511
2018-06-17 20:00:00,-0.30899789184331894
2018-06-17 21:00:00,-0.31593265384435654
2018-06-17 22:00:00,-0.43149857223033905
2018-06-17 23:00:00,-0.4159507751464844
2018-06-18 00:00:00,-0.2838415503501892
2018-06-18 01:00:00,-0.35810184478759766
2018-06-18 02:00:00,0.46909916400909424
2018-06-18 03:00:00,2.095409631729126
2018-06-18 04:00:00,2.614604949951172
2018-06-18 05:00:00,2.54695463180542
2018-06-18 06:00:00,2.3649284839630127
2018-06-18 07:00:00,2.338266611099243
2018-06-18 08:00:00,2.540255546569824
2018-06-18 09:00:00,2.8349452018737793
2018-06-18 10:00:00,3.2617459297180176
2018-06-18 11:00:00,3.449770927429199
2018-06-18 12:00:00,3.4343948364257812
2018-06-18 13:00:00,3.0940351486206055
2018-06-18 14:00:00,1.7132389545440674
2018-06-18 15:00:00,1.3342105150222778
2018-06-18 16:00:00,1.2633906602859497
2018-06-18 17:00:00,1.4184378385543823
2018-06-18 18:00:00,1.702002763748169
2018-06-18 19:00:00,1.8406884670257568
2018-06-18 20:00:00,1.8771045207977295
2018-06-18 21:00:00,1.8371448516845703
2018-06-18 22:00:00,1.6180080473423004
2018-06-18 23:00:00,1.5417048931121826
2018-06-19 00:00:00,1.578959345817566
2018-06-19 01:00:00,2.4838712215423584
2018-06-19 02:00:00,3.0734167098999023
2018-06-19 03:00:00,3.360883951187134
2018-06-19 04:00:00,3.3612470626831055
2018-06-19 05:00:00,3.3365681171417236
2018-06-19 06:00:00,3.3484787940979004
2018-06-19 07:00:00,3.4268593788146973
2018-06-19 08:00:00,3.577895402908325
2018-06-19 09:00:00,3.74259614944458
2018-06-19 10:00:00,3.7245240211486816
2018-06-19 11:00:00,3.607194423675537
2018-06-19 12:00:00,3.311103582382202
2018-06-19 13:00:00,2.6516354084014893
2018-06-19 14:00:00,0.9587688893079758
2018-06-19 15:00:00,0.6281541585922241
2018-06-19 16:00:00,0.438839316368103
2018-06-19 17:00:00,0.33207273483276367
2018-06-19 18:00:00,0.3160780668258667
2018-06-19 19:00:00,0.3356829881668091
2018-06-19 20:00:00,0.3680291771888733
2018-06-19 21:00:00,0.3969882130622864
2018-06-19 22:00:00,0.5456027984619141
2018-06-19 23:00:00,0.6504738330841064
2018-06-20 00:00:00,0.6780438423156738
2018-06-20 01:00:00,1.5040600299835205
2018-06-20 02:00:00,1.9448707103729248
2018-06-20 03:00:00,2.2375593185424805
2018-06-20 04:00:00,1.9295768737792969
2018-06-20 05:00:00,1.7132582664489746
2018-06-20 06:00:00,1.5895534753799438
2018-06-20 07:00:00,1.5598870515823364
2018-06-20 08:00:00,1.6231220960617065
2018-06-20 09:00:00,1.722665548324585
2018-06-20 10:00:00,1.9123210906982422
2018-06-20 11:00:00,2.023782253265381
2018-06-20 12:00:00,1.9719574451446533
2018-06-20 13:00:00,1.63682222366333
2018-06-20 14:00:00,0.5279357433319092
2018-06-20 15:00:00,0.31816232204437256
2018-06-20 16:00:00,0.08542037010192871
2018-06-20 17:00:00,-0.0921473503112793
2018-06-20 18:00:00,-0.19612133502960205
2018-06-20 19:00:00,-0.2640719413757324
2018-06-20 20:00:00,-0.30600523948669434
2018-06-20 21:00:00,-0.3160831928253174
2018-06-20 22:00:00,-0.1548401117324829
2018-06-20 23:00:00,-0.011295177042484283
2018-06-21 00:00:00,0.1261913999915123
2018-06-21 01:00:00,0.6181124299764633
2018-06-21 02:00:00,0.9478138983249664
2018-06-21 03:00:00,1.3294684886932373
2018-06-21 04:00:00,1.319494605064392
2018-06-21 05:00:00,1.4234645366668701
2018-06-21 06:00:00,1.6122822761535645
2018-06-21 07:00:00,1.8688323497772217
2018-06-21 08:00:00,2.1334204375743866
2018-06-21 09:00:00,2.3535728454589844
2018-06-21 10:00:00,2.624891757965088
2018-06-21 11:00:00,2.71921443939209
2018-06-21 12:00:00,2.6150703728199005
2018-06-21 13:00:00,2.192065715789795
2018-06-21 14:00:00,0.7971531078219414
2018-06-21 15:00:00,0.6503912806510925
2018-06-21 16:00:00,0.5498139224946499
2018-06-21 17:00:00,0.4557652473449707
2018-06-21 18:00:00,0.3974280282855034
2018-06-21 19:00:00,0.3612694591283798
2018-06-21 20:00:00,0.352748766541481
2018-06-21 21:00:00,0.3630497455596924
2018-06-21 22:00:00,0.382045928388834
2018-06-21 23:00:00,0.3690049797296524
2018-06-22 00:00:00,0.31470900774002075
2018-06-22 01:00:00,0.3701527677476406
2018-06-22 02:00:00,0.36275455355644226
2018-06-22 03:00:00,1.2102947235107422
2018-06-22 04:00:00,1.247710943222046
2018-06-22 05:00:00,1.2916722297668457
2018-06-22 06:00:00,1.3539738655090332
2018-06-22 07:00:00,1.453532099723816
2018-06-22 08:00:00,1.5833806991577148
2018-06-22 09:00:00,1.6926793158054352
2018-06-22 10:00:00,1.9507083296775818
2018-06-22 11:00:00,2.0138058066368103
2018-06-22 12:00:00,1.9172897338867188
2018-06-22 13:00:00,1.4000250101089478
2018-06-22 14:00:00,0.4774048328399658
2018-06-22 15:00:00,0.3045656681060791
2018-06-22 16:00:00,0.09284687042236328
2018-06-22 17:00:00,-0.07269978523254395
2018-06-22 18:00:00,-0.2012544870376587
2018-06-22 19:00:00,-0.3110318183898926
2018-06-22 20:00:00,-0.3951888084411621
2018-06-22 21:00:00,-0.43015170097351074
2018-06-22 22:00:00,-0.33755671977996826
2018-06-22 23:00:00,-0.15600788593292236
2018-06-23 00:00:00,0.11595797538757324
2018-06-23 01:00:00,0.571074366569519
2018-06-23 02:00:00,1.3406703621149063
2018-06-23 03:00:00,1.9393200278282166
2018-06-23 04:00:00,2.2113366425037384
2018-06-23 05:00:00,2.5513572990894318
2018-06-23 06:00:00,2.884779214859009
2018-06-23 07:00:00,3.0953586101531982
2018-06-23 08:00:00,3.1683592796325684
2018-06-23 09:00:00,3.1224465370178223
2018-06-23 10:00:00,2.7840776443481445
2018-06-23 11:00:00,2.4800300300121307
2018-06-23 12:00:00,2.178841143846512
2018-06-23 13:00:00,1.564579725265503
2018-06-23 14:00:00,0.4718869924545288
2018-06-23 15:00:00,0.23339098691940308
2018-06-23 16:00:00,0.21998268365859985
2018-06-23 17:00:00,0.23921549320220947
2018-06-23 18:00:00,0.2799301743507385
2018-06-23 19:00:00,0.37065958976745605
2018-06-23 20:00:00,0.5381646007299423
2018-06-23 21:00:00,0.7191817313432693
2018-06-23 22:00:00,0.7461059093475342
2018-06-23 23:00:00,0.7782498225569725
2018-06-24 00:00:00,0.8795670717954636
2018-06-24 01:00:00,1.8594858646392822
2018-06-24 02:00:00,2.171109437942505
2018-06-24 03:00:00,3.2204949855804443
2018-06-24 04:00:00,3.3085451126098633
2018-06-24 05:00:00,3.3766942024230957
2018-06-24 06:00:00,3.6457927227020264
2018-06-24 07:00:00,4.04610013961792
2018-06-24 08:00:00,4.381486892700195
2018-06-24 09:00:00,4.538873195648193
2018-06-24 10:00:00,4.22955322265625
2018-06-24 11:00:00,3.783933639526367
2018-06-24 12:00:00,3.213829755783081
2018-06-24 13:00:00,2.136516124010086
2018-06-24 14:00:00,0.7293941974639893
2018-06-24 15:00:00,0.5617768168449402
2018-06-24 16:00:00,0.6012990474700928
2018-06-24 17:00:00,0.7568731904029846
2018-06-24 18:00:00,0.9809403121471405
2018-06-24 19:00:00,1.195350170135498
2018-06-24 20:00:00,1.402402400970459
2018-06-24 21:00:00,1.6361048221588135
2018-06-24 22:00:00,1.9903738498687744
2018-06-24 23:00:00,2.1939773559570312
2018-06-25 00:00:00,2.23117396235466
2018-06-25 01:00:00,3.0669336318969727
2018-06-25 02:00:00,3.3663523197174072
2018-06-25 03:00:00,3.6987149715423584
2018-06-25 04:00:00,3.378525733947754
2018-06-25 05:00:00,3.079955816268921
2018-06-25 06:00:00,2.958076000213623
2018-06-25 07:00:00,3.00860333442688
2018-06-25 08:00:00,3.127150058746338
2018-06-25 09:00:00,3.2143092155456543
2018-06-25 10:00:00,3.148453950881958
2018-06-25 11:00:00,3.0686140060424805
2018-06-25 12:00:00,2.865281820297241
2018-06-25 13:00:00,2.26369908452034
2018-06-25 14:00:00,0.8646558523178101
2018-06-25 15:00:00,0.9109926968812943
2018-06-25 16:00:00,1.2136273384094238
2018-06-25 17:00:00,1.5457394868135452
2018-06-25 18:00:00,2.2216009944677353
2018-06-25 19:00:00,3.114142596721649
2018-06-25 20:00:00,4.0522541999816895
2018-06-25 21:00:00,4.474706768989563
2018-06-25 22:00:00,4.8504838943481445
2018-06-25 23:00:00,4.924011707305908
2018-06-26 00:00:00,4.645473003387451
2018-06-26 01:00:00,4.552753448486328
2018-06-26 02:00:00,4.574501037597656
2018-06-26 03:00:00,4.359492301940918
2018-06-26 04:00:00,4.05360746383667
2018-06-26 05:00:00,3.4807775616645813
2018-06-26 06:00:00,2.8517723381519318
2018-06-26 07:00:00,2.3783941194415092
2018-06-26 08:00:00,2.091976795345545
2018-06-26 09:00:00,1.8640256375074387
2018-06-26 10:00:00,1.5645244270563126
2018-06-26 11:00:00,1.3625217378139496
2018-06-26 12:00:00,1.2874660342931747
2018-06-26 13:00:00,1.3103958740830421
2018-06-26 14:00:00,1.070141762495041
2018-06-26 15:00:00,1.1163458824157715
2018-06-26 16:00:00,0.8422458171844482
2018-06-26 17:00:00,0.6564058065414429
2018-06-26 18:00:00,0.4721207618713379
2018-06-26 19:00:00,0.2536032199859619
2018-06-26 20:00:00,-0.006644725799560547
2018-06-26 21:00:00,-0.30432450771331787
2018-06-26 22:00:00,-0.3905991315841675
2018-06-26 23:00:00,-0.32076072692871094
2018-06-27 00:00:00,-0.2282496690750122
2018-06-27 01:00:00,-0.5586754083633423
2018-06-27 02:00:00,-1.4149486869573593
2018-06-27 03:00:00,-2.346543312072754
2018-06-27 04:00:00,-2.613862991333008
2018-06-27 05:00:00,-2.746657371520996
2018-06-27 06:00:00,-2.815431833267212
2018-06-27 07:00:00,-2.773066282272339
2018-06-27 08:00:00,-2.501206159591675
2018-06-27 09:00:00,-2.1859018802642822
2018-06-27 10:00:00,-1.8373892307281494
2018-06-27 11:00:00,-1.524210438132286
2018-06-27 12:00:00,-1.22146737575531
2018-06-27 13:00:00,-0.8950955867767334
2018-06-27 14:00:00,-0.6342595219612122
2018-06-27 15:00:00,-1.0075730085372925
2018-06-27 16:00:00,-1.4639001786708832
2018-06-27 17:00:00,-1.577211618423462
2018-06-27 18:00:00,-1.512132167816162
2018-06-27 19:00:00,-1.644469827413559
2018-06-27 20:00:00,-1.8525042533874512
2018-06-27 21:00:00,-2.0569329261779785
2018-06-27 22:00:00,-2.4415152072906494
2018-06-27 23:00:00,-2.651771068572998
2018-06-28 00:00:00,-2.8022713661193848
2018-06-28 01:00:00,-3.5000367164611816
2018-06-28 02:00:00,-4.3107404708862305
2018-06-28 03:00:00,-4.755667209625244
2018-06-28 04:00:00,-4.959277153015137
2018-06-28 05:00:00,-5.0217742919921875
2018-06-28 06:00:00,-4.996020793914795
2018-06-28 07:00:00,-4.808345317840576
2018-06-28 08:00:00,-4.493752956390381
2018-06-28 09:00:00,-3.9916638135910034
2018-06-28 10:00:00,-3.4432766437530518
2018-06-28 11:00:00,-3.0752406120300293
2018-06-28 12:00:00,-2.750924587249756
2018-06-28 13:00:00,-1.7823572158813477
2018-06-28 14:00:00,-0.8326556757092476
2018-06-28 15:00:00,-0.8656598329544067
2018-06-28 16:00:00,-1.1923311650753021
2018-06-28 17:00:00,-1.6731027960777283
2018-06-28 18:00:00,-2.342630386352539
2018-06-28 19:00:00,-2.849526882171631
2018-06-28 20:00:00,-3.2199790477752686
2018-06-28 21:00:00,-3.0940980911254883
2018-06-28 22:00:00,-2.8681862354278564
2018-06-28 23:00:00,-2.8394765853881836
2018-06-29 00:00:00,-2.8969168663024902
2018-06-29 01:00:00,-3.4804248809814453
2018-06-29 02:00:00,-4.822964668273926
2018-06-29 03:00:00,-4.9276123046875
2018-06-29 04:00:00,-5.071314811706543
2018-06-29 05:00:00,-5.062997341156006
2018-06-29 06:00:00,-4.883423328399658
2018-06-29 07:00:00,-4.577037334442139
2018-06-29 08:00:00,-4.218452990055084
2018-06-29 09:00:00,-3.888889789581299
2018-06-29 10:00:00,-3.394761562347412
2018-06-29 11:00:00,-2.867288112640381
2018-06-29 12:00:00,-2.301370859146118
2018-06-29 13:00:00,-1.5603735446929932
2018-06-29 14:00:00,-0.48088234663009644
2018-06-29 15:00:00,-0.21812832355499268
2018-06-29 16:00:00,-0.22553324699401855
2018-06-29 17:00:00,-0.1529862880706787
2018-06-29 18:00:00,-0.0120314359664917
2018-06-29 19:00:00,0.14156293869018555
2018-06-29 20:00:00,0.22638815641403198
2018-06-29 21:00:00,0.25777244567871094
2018-06-29 22:00:00,0.15150243043899536
2018-06-29 23:00:00,-0.033495306968688965
2018-06-30 00:00:00,-0.20049744844436646
2018-06-30 01:00:00,-0.8677358627319336
2018-06-30 02:00:00,-1.2859177738428116
2018-06-30 03:00:00,-1.621849536895752
2018-06-30 04:00:00,-1.4645667970180511
2018-06-30 05:00:00,-1.2258248329162598
2018-06-30 06:00:00,-0.7800742387771606
2018-06-30 07:00:00,-0.1393926739692688
2018-06-30 08:00:00,0.58650803565979
2018-06-30 09:00:00,1.3178032636642456
2018-06-30 10:00:00,1.59037446975708
2018-06-30 11:00:00,1.7381565570831299
2018-06-30 12:00:00,1.8041017055511475
2018-06-30 13:00:00,1.7549563646316528
2018-06-30 14:00:00,0.8404087424278259
2018-06-30 15:00:00,0.89939284324646
2018-06-30 16:00:00,0.777564287185669
2018-06-30 17:00:00,0.6877124756574631
2018-06-30 18:00:00,0.7082648202776909
2018-06-30 19:00:00,1.012740582227707
2018-06-30 20:00:00,1.60194993019104
2018-06-30 21:00:00,2.1105329990386963
2018-06-30 22:00:00,2.18789005279541
2018-06-30 23:00:00,2.3735627830028534
2018-07-01 00:00:00,2.341435194015503
2018-07-01 01:00:00,3.273651361465454
2018-07-01 02:00:00,3.6801586151123047
2018-07-01 03:00:00,3.4100570678710938
2018-07-01 04:00:00,3.2508134841918945
2018-07-01 05:00:00,3.3416619300842285
2018-07-01 06:00:00,3.705605685710907
2018-07-01 07:00:00,4.114597797393799
2018-07-01 08:00:00,4.395678520202637
2018-07-01 09:00:00,4.551409721374512
2018-07-01 10:00:00,4.429006576538086
2018-07-01 11:00:00,4.391983985900879
2018-07-01 12:00:00,4.294439315795898
2018-07-01 13:00:00,3.877878189086914
2018-07-01 14:00:00,2.732546329498291
2018-07-01 15:00:00,2.4452476501464844
2018-07-01 16:00:00,2.5087058544158936
2018-07-01 17:00:00,2.6102612018585205
2018-07-01 18:00:00,2.8261196613311768
2018-07-01 19:00:00,3.1167755126953125
2018-07-01 20:00:00,3.777561902999878
2018-07-01 21:00:00,3.9803719520568848
2018-07-01 22:00:00,3.6262357234954834
2018-07-01 23:00:00,3.4022655487060547
2018-07-02 00:00:00,3.2973804473876953
2018-07-02 01:00:00,3.791900157928467
2018-07-02 02:00:00,4.971850395202637
2018-07-02 03:00:00,5.542901992797852
2018-07-02 04:00:00,5.440372467041016
2018-07-02 05:00:00,5.144711017608643
2018-07-02 06:00:00,4.817022323608398
2018-07-02 07:00:00,4.5147881507873535
2018-07-02 08:00:00,4.222399592399597
2018-07-02 09:00:00,3.891519069671631
2018-07-02 10:00:00,3.456291913986206
2018-07-02 11:00:00,2.9673588275909424
2018-07-02 12:00:00,2.051992177963257
2018-07-02 13:00:00,0.9288315325975418
2018-07-02 14:00:00,0.6882964968681335
2018-07-02 15:00:00,0.5983652472496033
2018-07-02 16:00:00,0.687982976436615
2018-07-02 17:00:00,0.8863049745559692
2018-07-02 18:00:00,1.3234150260686874
2018-07-02 19:00:00,1.885014295578003
2018-07-02 20:00:00,2.455827474594116
2018-07-02 21:00:00,2.4642224311828613
2018-07-02 22:00:00,1.9478688836097717
2018-07-02 23:00:00,1.654214859008789
2018-07-03 00:00:00,1.5973103046417236
2018-07-03 01:00:00,1.8186271041631699
2018-07-03 02:00:00,2.540765941143036
2018-07-03 03:00:00,3.391135722398758
2018-07-03 04:00:00,3.398737907409668
2018-07-03 05:00:00,3.120734214782715
2018-07-03 06:00:00,2.694079875946045
2018-07-03 07:00:00,2.3024134635925293
2018-07-03 08:00:00,2.0715527832508087
2018-07-03 09:00:00,1.8954258561134338
2018-07-03 10:00:00,1.4013535976409912
2018-07-03 11:00:00,1.1617777347564697
2018-07-03 12:00:00,0.9201661348342896
2018-07-03 13:00:00,0.4308900833129883
2018-07-03 14:00:00,-0.1287137269973755
2018-07-03 15:00:00,-0.5295351147651672
2018-07-03 16:00:00,-0.7182190120220184
2018-07-03 17:00:00,-0.8259334564208984
2018-07-03 18:00:00,-0.8257648944854736
2018-07-03 19:00:00,-0.6669580154120922
2018-07-03 20:00:00,-0.4458357244729996
2018-07-03 21:00:00,-0.27289700508117676
2018-07-03 22:00:00,-0.06350076198577881
2018-07-03 23:00:00,0.3079245537519455
2018-07-04 00:00:00,0.7151941806077957
2018-07-04 01:00:00,1.946967363357544
2018-07-04 02:00:00,4.194555699825287
2018-07-04 03:00:00,4.964992046356201
2018-07-04 04:00:00,5.3265252113342285
2018-07-04 05:00:00,5.224527835845947
2018-07-04 06:00:00,4.859602928161621
2018-07-04 07:00:00,4.384918212890625
2018-07-04 08:00:00,3.9502819776535034
2018-07-04 09:00:00,3.536393165588379
2018-07-04 10:00:00,3.109257221221924
2018-07-04 11:00:00,2.7582125663757324
2018-07-04 12:00:00,2.440991163253784
2018-07-04 13:00:00,1.9736149311065674
2018-07-04 14:00:00,0.6999906301498413
2018-07-04 15:00:00,0.5297208428382874
2018-07-04 16:00:00,0.37600457668304443
2018-07-04 17:00:00,0.22421997785568237
2018-07-04 18:00:00,0.060342878103256226
2018-07-04 19:00:00,-0.09363629668951035
2018-07-04 20:00:00,-0.21817785501480103
2018-07-04 21:00:00,-0.28924381732940674
2018-07-04 22:00:00,-0.17048901319503784
2018-07-04 23:00:00,-0.035694122314453125
2018-07-05 00:00:00,0.06824713945388794
2018-07-05 01:00:00,0.2541215419769287
2018-07-05 02:00:00,0.8204063177108765
2018-07-05 03:00:00,1.3422951847314835
2018-07-05 04:00:00,1.8244540691375732
2018-07-05 05:00:00,2.229127883911133
2018-07-05 06:00:00,2.4479913413524628
2018-07-05 07:00:00,2.587631940841675
2018-07-05 08:00:00,2.7003257274627686
2018-07-05 09:00:00,2.854419708251953
2018-07-05 10:00:00,2.8519287109375
2018-07-05 11:00:00,2.829636335372925
2018-07-05 12:00:00,2.6907742023468018
2018-07-05 13:00:00,1.7259568274021149
2018-07-05 14:00:00,1.0436064004898071
2018-07-05 15:00:00,0.9903631508350372
2018-07-05 16:00:00,0.8954012840986252
2018-07-05 17:00:00,0.8022549599409103
2018-07-05 18:00:00,0.729512631893158
2018-07-05 19:00:00,0.6503754258155823
2018-07-05 20:00:00,0.5715511366724968
2018-07-05 21:00:00,0.5045934915542603
2018-07-05 22:00:00,0.5256144441664219
2018-07-05 23:00:00,0.6261441707611084
2018-07-06 00:00:00,0.7821828126907349
2018-07-06 01:00:00,2.0201029777526855
2018-07-06 02:00:00,2.3168838024139404
2018-07-06 03:00:00,3.1421101093292236
2018-07-06 04:00:00,3.451892852783203
2018-07-06 05:00:00,3.6046104431152344
2018-07-06 06:00:00,3.6607913970947266
2018-07-06 07:00:00,3.5665483474731445
2018-07-06 08:00:00,3.405301809310913
2018-07-06 09:00:00,3.2916924953460693
2018-07-06 10:00:00,3.1679389476776123
2018-07-06 11:00:00,3.036801338195801
2018-07-06 12:00:00,2.8598902225494385
2018-07-06 13:00:00,2.183806151151657
2018-07-06 14:00:00,1.0990308672189713
2018-07-06 15:00:00,1.057849645614624
2018-07-06 16:00:00,0.9896484464406967
2018-07-06 17:00:00,0.9024935960769653
2018-07-06 18:00:00,0.8099746704101562
2018-07-06 19:00:00,0.7164775133132935
2018-07-06 20:00:00,0.6567451357841492
2018-07-06 21:00:00,0.6525339484214783
2018-07-06 22:00:00,0.6516109704971313
2018-07-06 23:00:00,0.6897779703140259
2018-07-07 00:00:00,0.7398838400840759
2018-07-07 01:00:00,1.5674629211425781
2018-07-07 02:00:00,1.6966769695281982
2018-07-07 03:00:00,1.9348838329315186
2018-07-07 04:00:00,2.138533115386963
2018-07-07 05:00:00,2.2211098670959473
2018-07-07 06:00:00,2.258000612258911
2018-07-07 07:00:00,2.2697181701660156
2018-07-07 08:00:00,2.2983264923095703
2018-07-07 09:00:00,2.358797311782837
2018-07-07 10:00:00,2.4039418697357178
2018-07-07 11:00:00,2.460573673248291
2018-07-07 12:00:00,2.4264564514160156
2018-07-07 13:00:00,1.8120315968990326
2018-07-07 14:00:00,0.9469680786132812
2018-07-07 15:00:00,0.965741753578186
2018-07-07 16:00:00,0.8455312848091125
2018-07-07 17:00:00,0.7144622802734375
2018-07-07 18:00:00,0.5527360439300537
2018-07-07 19:00:00,0.35247910022735596
2018-07-07 20:00:00,0.13651347160339355
2018-07-07 21:00:00,-0.04930272698402405
2018-07-07 22:00:00,-0.07466411590576172
2018-07-07 23:00:00,0.06313729286193848
2018-07-08 00:00:00,0.3483538031578064
2018-07-08 01:00:00,0.9385782480239868
2018-07-08 02:00:00,1.2663745880126953
2018-07-08 03:00:00,1.505937933921814
2018-07-08 04:00:00,1.6255608797073364
2018-07-08 05:00:00,1.570824146270752
2018-07-08 06:00:00,1.5230991840362549
2018-07-08 07:00:00,1.5406582355499268
2018-07-08 08:00:00,1.6338508129119873
2018-07-08 09:00:00,1.7709248065948486
2018-07-08 10:00:00,1.9240748882293701
2018-07-08 11:00:00,2.0530478954315186
2018-07-08 12:00:00,2.0245845317840576
2018-07-08 13:00:00,1.2897299528121948
2018-07-08 14:00:00,0.5569460391998291
2018-07-08 15:00:00,0.4236363172531128
2018-07-08 16:00:00,0.11254262924194336
2018-07-08 17:00:00,-0.2223341464996338
2018-07-08 18:00:00,-0.4855395555496216
2018-07-08 19:00:00,-0.6986312866210938
2018-07-08 20:00:00,-0.7852405309677124
2018-07-08 21:00:00,-0.8793972730636597
2018-07-08 22:00:00,-0.9426250457763672
2018-07-08 23:00:00,-1.0315665006637573
2018-07-09 00:00:00,-1.1560977697372437
2018-07-09 01:00:00,-1.7655816674232483
2018-07-09 02:00:00,-1.5673174858093262
2018-07-09 03:00:00,-0.891845703125
2018-07-09 04:00:00,-0.35561394691467285
2018-07-09 05:00:00,0.018120884895324707
2018-07-09 06:00:00,0.3030141592025757
2018-07-09 07:00:00,0.4979366064071655
2018-07-09 08:00:00,0.5882724523544312
2018-07-09 09:00:00,0.6103454828262329
2018-07-09 10:00:00,0.461611270904541
2018-07-09 11:00:00,0.29660964012145996
2018-07-09 12:00:00,0.05142176151275635
2018-07-09 13:00:00,-0.3712303638458252
2018-07-09 14:00:00,-0.48770105838775635
2018-07-09 15:00:00,-0.8911401033401489
2018-07-09 16:00:00,-1.5431791245937347
2018-07-09 17:00:00,-2.077504873275757
2018-07-09 18:00:00,-2.5379795730113983
2018-07-09 19:00:00,-2.7901504039764404
2018-07-09 20:00:00,-2.5138964653015137
2018-07-09 21:00:00,-2.125561475753784
2018-07-09 22:00:00,-1.7529735565185547
2018-07-09 23:00:00,-1.7415342330932617
2018-07-10 00:00:00,-1.7488019466400146
2018-07-10 01:00:00,-2.2765302658081055
2018-07-10 02:00:00,-1.5026239156723022
2018-07-10 03:00:00,-0.08451324701309204
2018-07-10 04:00:00,0.6182858943939209
2018-07-10 05:00:00,0.9184541255235672
2018-07-10 06:00:00,0.9450828731060028
2018-07-10 07:00:00,0.7931076288223267
2018-07-10 08:00:00,0.6061341762542725
2018-07-10 09:00:00,0.42938482761383057
2018-07-10 10:00:00,0.15207087993621826
2018-07-10 11:00:00,-0.1799107789993286
2018-07-10 12:00:00,-0.5926064252853394
2018-07-10 13:00:00,-0.9595160484313965
2018-07-10 14:00:00,-0.6835877895355225
2018-07-10 15:00:00,-1.0054848194122314
2018-07-10 16:00:00,-1.3078330755233765
2018-07-10 17:00:00,-1.5762709379196167
2018-07-10 18:00:00,-1.7203794419765472
2018-07-10 19:00:00,-1.7189959585666656
2018-07-10 20:00:00,-1.693622499704361
2018-07-10 21:00:00,-1.7173922061920166
2018-07-10 22:00:00,-1.6519074440002441
2018-07-10 23:00:00,-1.6299498081207275
2018-07-11 00:00:00,-1.6405248492956161
2018-07-11 01:00:00,-2.0613744258880615
2018-07-11 02:00:00,-1.7264094203710556
2018-07-11 03:00:00,-0.6695530712604523
2018-07-11 04:00:00,-0.07833278179168701
2018-07-11 05:00:00,0.12206834554672241
2018-07-11 06:00:00,0.10063350200653076
2018-07-11 07:00:00,0.03617238998413086
2018-07-11 08:00:00,0.07151937484741211
2018-07-11 09:00:00,0.1019853949546814
2018-07-11 10:00:00,-0.10325062274932861
2018-07-11 11:00:00,-0.35799187421798706
2018-07-11 12:00:00,-0.717621847987175
2018-07-11 13:00:00,-0.5171043276786804
2018-07-11 14:00:00,-0.7640962600708008
2018-07-11 15:00:00,-1.1870067119598389
2018-07-11 16:00:00,-1.4206368923187256
2018-07-11 17:00:00,-1.3234772682189941
2018-07-11 18:00:00,-1.0671656429767609
2018-07-11 19:00:00,-0.7820284366607666
2018-07-11 20:00:00,-0.5347069650888443
2018-07-11 21:00:00,-0.3811412453651428
2018-07-11 22:00:00,-0.31537556648254395
2018-07-11 23:00:00,-0.39415597915649414
2018-07-12 00:00:00,-0.6132614612579346
2018-07-12 01:00:00,-1.062149167060852
2018-07-12 02:00:00,-1.0302841663360596
2018-07-12 03:00:00,-0.8727631568908691
2018-07-12 04:00:00,-0.6716631650924683
2018-07-12 05:00:00,-0.5364199876785278
2018-07-12 06:00:00,-0.46759575605392456
2018-07-12 07:00:00,-0.4308392405509949
2018-07-12 08:00:00,-0.42347174882888794
2018-07-12 09:00:00,-0.44283580780029297
2018-07-12 10:00:00,-0.5132110714912415
2018-07-12 11:00:00,-0.5018098503351212
2018-07-12 12:00:00,-0.41421280056238174
2018-07-12 13:00:00,-0.24502792954444885
2018-07-12 14:00:00,-0.19964157417416573
2018-07-12 15:00:00,-0.35298997163772583
2018-07-12 16:00:00,-0.8187718987464905
2018-07-12 17:00:00,-1.1052680015563965
2018-07-12 18:00:00,-1.0624178349971771
2018-07-12 19:00:00,-1.0353139638900757
2018-07-12 20:00:00,-1.201015591621399
2018-07-12 21:00:00,-1.3344110250473022
2018-07-12 22:00:00,-1.2009869813919067
2018-07-12 23:00:00,-1.0878269523382187
2018-07-13 00:00:00,-1.0081463009119034
2018-07-13 01:00:00,-1.1046843528747559
2018-07-13 02:00:00,-1.057071566581726
2018-07-13 03:00:00,-0.8906310796737671
2018-07-13 04:00:00,-0.45209717750549316
2018-07-13 05:00:00,-0.19891750812530518
2018-07-13 06:00:00,0.02527463436126709
2018-07-13 07:00:00,0.2860329747200012
2018-07-13 08:00:00,0.5602803230285645
2018-07-13 09:00:00,0.8167249038815498
2018-07-13 10:00:00,0.7193023711442947
2018-07-13 11:00:00,0.5635530352592468
2018-07-13 12:00:00,0.3343717008829117
2018-07-13 13:00:00,-0.007903575897216797
2018-07-13 14:00:00,-0.18341141939163208
2018-07-13 15:00:00,-0.29818207025527954
2018-07-13 16:00:00,-0.2751181125640869
2018-07-13 17:00:00,-0.18477797508239746
2018-07-13 18:00:00,-0.11912858486175537
2018-07-13 19:00:00,-0.18658900260925293
2018-07-13 20:00:00,-0.3616093397140503
2018-07-13 21:00:00,-0.657860279083252
2018-07-13 22:00:00,-0.7624358683824539
2018-07-13 23:00:00,-0.7093879580497742
2018-07-14 00:00:00,-0.5520621687173843
2018-07-14 01:00:00,-0.5694374516606331
2018-07-14 02:00:00,-0.6320084482431412
2018-07-14 03:00:00,-0.6832160875201225
2018-07-14 04:00:00,-0.8606253117322922
2018-07-14 05:00:00,-1.0323413610458374
2018-07-14 06:00:00,-1.1632814705371857
2018-07-14 07:00:00,-1.303858995437622
2018-07-14 08:00:00,-1.4736135005950928
2018-07-14 09:00:00,-1.602564424276352
2018-07-14 10:00:00,-1.6963778734207153
2018-07-14 11:00:00,-1.6586986780166626
2018-07-14 12:00:00,-1.6252436637878418
2018-07-14 13:00:00,-1.3081645965576172
2018-07-14 14:00:00,-0.9457676410675049
2018-07-14 15:00:00,-1.0925778150558472
2018-07-14 16:00:00,-1.0110835134983063
2018-07-14 17:00:00,-0.9281939268112183
2018-07-14 18:00:00,-0.8371970355510712
2018-07-14 19:00:00,-0.7811737060546875
2018-07-14 20:00:00,-0.8000590205192566
2018-07-14 21:00:00,-0.9202852249145508
2018-07-14 22:00:00,-1.0739023685455322
2018-07-14 23:00:00,-1.0801318883895874
2018-07-15 00:00:00,-1.0325906574726105
2018-07-15 01:00:00,-1.6328765153884888
2018-07-15 02:00:00,-1.592380166053772
2018-07-15 03:00:00,-1.744119256734848
2018-07-15 04:00:00,-2.108572542667389
2018-07-15 05:00:00,-2.417048931121826
2018-07-15 06:00:00,-2.6553635597229004
2018-07-15 07:00:00,-2.7009847164154053
2018-07-15 08:00:00,-2.6366934776306152
2018-07-15 09:00:00,-2.4581449031829834
2018-07-15 10:00:00,-2.0373253524303436
2018-07-15 11:00:00,-1.6890459060668945
2018-07-15 12:00:00,-1.4242225885391235
2018-07-15 13:00:00,-1.0389418601989746
2018-07-15 14:00:00,-0.6279004812240601
2018-07-15 15:00:00,-0.6980577707290649
2018-07-15 16:00:00,-0.8781208992004395
2018-07-15 17:00:00,-1.2190096378326416
2018-07-15 18:00:00,-1.6743961572647095
2018-07-15 19:00:00,-1.8909916877746582
2018-07-15 20:00:00,-1.848961353302002
2018-07-15 21:00:00,-1.8278626203536987
2018-07-15 22:00:00,-1.7629135847091675
2018-07-15 23:00:00,-1.7445472478866577
2018-07-16 00:00:00,-1.668872594833374
2018-07-16 01:00:00,-2.0840199291706085
2018-07-16 02:00:00,-2.2750158309936523
2018-07-16 03:00:00,-2.3343305587768555
2018-07-16 04:00:00,-2.553199052810669
2018-07-16 05:00:00,-2.602809429168701
2018-07-16 06:00:00,-2.4985239505767822
2018-07-16 07:00:00,-2.295328378677368
2018-07-16 08:00:00,-1.9995262622833252
2018-07-16 09:00:00,-1.6585195064544678
2018-07-16 10:00:00,-1.0453535243868828
2018-07-16 11:00:00,-0.47133587300777435
2018-07-16 12:00:00,-0.0246869046241045
2018-07-16 13:00:00,0.23094558715820312
2018-07-16 14:00:00,0.38257529586553574
2018-07-16 15:00:00,0.394469678401947
2018-07-16 16:00:00,0.18799180164933205
2018-07-16 17:00:00,-0.15046494081616402
2018-07-16 18:00:00,-0.4506657123565674
2018-07-16 19:00:00,-0.6718623638153076
2018-07-16 20:00:00,-0.9009156227111816
2018-07-16 21:00:00,-1.1430820226669312
2018-07-16 22:00:00,-1.2819080352783203
2018-07-16 23:00:00,-1.3211991786956787
2018-07-17 00:00:00,-1.316725254058838
2018-07-17 01:00:00,-1.9502744674682617
2018-07-17 02:00:00,-2.0425839722156525
2018-07-17 03:00:00,-2.227374106645584
2018-07-17 04:00:00,-2.10050368309021
2018-07-17 05:00:00,-2.1042138934135437
2018-07-17 06:00:00,-2.161966562271118
2018-07-17 07:00:00,-2.130502223968506
2018-07-17 08:00:00,-1.9653120636940002
2018-07-17 09:00:00,-1.7339842319488525
2018-07-17 10:00:00,-1.5361804962158203
2018-07-17 11:00:00,-1.3093981742858887
2018-07-17 12:00:00,-1.1227223873138428
2018-07-17 13:00:00,-0.7765449285507202
2018-07-17 14:00:00,-0.45594537258148193
2018-07-17 15:00:00,-0.4480706453323364
2018-07-17 16:00:00,-0.46609771251678467
2018-07-17 17:00:00,-0.5209648609161377
2018-07-17 18:00:00,-0.6212799549102783
2018-07-17 19:00:00,-0.7177221775054932
2018-07-17 20:00:00,-0.8010067939758301
2018-07-17 21:00:00,-0.8599601984024048
2018-07-17 22:00:00,-0.8632848709821701
2018-07-17 23:00:00,-0.8104268312454224
2018-07-18 00:00:00,-0.7136601209640503
2018-07-18 01:00:00,-1.2576721012592316
2018-07-18 02:00:00,-1.459234967827797
2018-07-18 03:00:00,-2.0389933586120605
2018-07-18 04:00:00,-2.254172623157501
2018-07-18 05:00:00,-2.1831910610198975
2018-07-18 06:00:00,-1.9944815635681152
2018-07-18 07:00:00,-1.8169379830360413
2018-07-18 08:00:00,-1.6126365140080452
2018-07-18 09:00:00,-1.365613430738449
2018-07-18 10:00:00,-1.2148192673921585
2018-07-18 11:00:00,-1.1207283288240433
2018-07-18 12:00:00,-1.069319486618042
2018-07-18 13:00:00,-0.811238631606102
2018-07-18 14:00:00,-0.5095474570989609
2018-07-18 15:00:00,-0.613935649394989
2018-07-18 16:00:00,-0.8058245629072189
2018-07-18 17:00:00,-0.9012307673692703
2018-07-18 18:00:00,-0.9840989112854004
2018-07-18 19:00:00,-1.1785361915826797
2018-07-18 20:00:00,-1.3500065803527832
2018-07-18 21:00:00,-1.375415325164795
2018-07-18 22:00:00,-0.8939410448074341
2018-07-18 23:00:00,-0.6133410930633545
2018-07-19 00:00:00,-0.4217942953109741
2018-07-19 01:00:00,-0.7803667783737183
2018-07-19 02:00:00,-0.9895166158676147
2018-07-19 03:00:00,-1.2761348485946655
2018-07-19 04:00:00,-1.7445193231105804
2018-07-19 05:00:00,-1.9842658042907715
2018-07-19 06:00:00,-2.086869239807129
2018-07-19 07:00:00,-2.022172689437866
2018-07-19 08:00:00,-1.8667428493499756
2018-07-19 09:00:00,-1.6350225806236267
2018-07-19 10:00:00,-1.1746690273284912
2018-07-19 11:00:00,-0.8355337381362915
2018-07-19 12:00:00,-0.5450226068496704
2018-07-19 13:00:00,-0.24885094165802002
2018-07-19 14:00:00,-0.10770535469055176
2018-07-19 15:00:00,-0.0589447021484375
2018-07-19 16:00:00,0.08072340488433838
2018-07-19 17:00:00,0.22177362442016602
2018-07-19 18:00:00,0.2812243103981018
2018-07-19 19:00:00,0.2767120562493801
2018-07-19 20:00:00,0.318069189786911
2018-07-19 21:00:00,0.42477668821811676
2018-07-19 22:00:00,0.35427039861679077
2018-07-19 23:00:00,0.28359800577163696
2018-07-20 00:00:00,0.17506182193756104
2018-07-20 01:00:00,0.20836204290390015
2018-07-20 02:00:00,-0.04626244306564331
2018-07-20 03:00:00,-0.6894090175628662
2018-07-20 04:00:00,-1.0950125455856323
2018-07-20 05:00:00,-1.3513609170913696
2018-07-20 06:00:00,-1.4534761905670166
2018-07-20 07:00:00,-1.4442212581634521
2018-07-20 08:00:00,-1.339423656463623
2018-07-20 09:00:00,-1.207546591758728
2018-07-20 10:00:00,-0.8808621168136597
2018-07-20 11:00:00,-0.46466851234436035
2018-07-20 12:00:00,-0.025380373001098633
2018-07-20 13:00:00,0.25092387199401855
2018-07-20 14:00:00,0.364951491355896
2018-07-20 15:00:00,0.37763726711273193
2018-07-20 16:00:00,0.3455277681350708
2018-07-20 17:00:00,0.41773855686187744
2018-07-20 18:00:00,0.5251901149749756
2018-07-20 19:00:00,0.5759905576705933
2018-07-20 20:00:00,0.5646498203277588
2018-07-20 21:00:00,0.5469789505004883
2018-07-20 22:00:00,0.48855531215667725
2018-07-20 23:00:00,0.4181128740310669
2018-07-21 00:00:00,0.3290022611618042
2018-07-21 01:00:00,0.36271631717681885
2018-07-21 02:00:00,0.20625364780426025
2018-07-21 03:00:00,-0.125108003616333
2018-07-21 04:00:00,-0.36731433868408203
2018-07-21 05:00:00,-0.39951086044311523
2018-07-21 06:00:00,-0.2768869400024414
2018-07-21 07:00:00,-0.05230212211608887
2018-07-21 08:00:00,0.33496761322021484
2018-07-21 09:00:00,0.8078722953796387
2018-07-21 10:00:00,0.8103357553482056
2018-07-21 11:00:00,0.8444623947143555
2018-07-21 12:00:00,0.631956934928894
2018-07-21 13:00:00,0.3857947587966919
2018-07-21 14:00:00,0.21520757675170898
2018-07-21 15:00:00,0.11233580112457275
2018-07-21 16:00:00,0.05782228708267212
2018-07-21 17:00:00,-0.07698720693588257
2018-07-21 18:00:00,-0.32168179750442505
2018-07-21 19:00:00,-0.5601937770843506
2018-07-21 20:00:00,-0.6058309674263
2018-07-21 21:00:00,-0.6035704612731934
2018-07-21 22:00:00,-0.49876248836517334
2018-07-21 23:00:00,-0.4634729027748108
2018-07-22 00:00:00,-0.5847498178482056
2018-07-22 01:00:00,-1.1038588285446167
2018-07-22 02:00:00,-1.565376877784729
2018-07-22 03:00:00,-2.0787824988365173
2018-07-22 04:00:00,-2.560535430908203
2018-07-22 05:00:00,-2.826467514038086
2018-07-22 06:00:00,-2.849219799041748
2018-07-22 07:00:00,-2.739203691482544
2018-07-22 08:00:00,-2.5890986919403076
2018-07-22 09:00:00,-2.424417495727539
2018-07-22 10:00:00,-1.8796610832214355
2018-07-22 11:00:00,-1.3423173427581787
2018-07-22 12:00:00,-0.6487253904342651
2018-07-22 13:00:00,-0.4466990828514099
2018-07-22 14:00:00,-0.35800331830978394
2018-07-22 15:00:00,-0.35892045497894287
2018-07-22 16:00:00,-0.45573997497558594
2018-07-22 17:00:00,-0.5081712007522583
2018-07-22 18:00:00,-0.4976811408996582
2018-07-22 19:00:00,-0.4484461545944214
2018-07-22 20:00:00,-0.34360599517822266
2018-07-22 21:00:00,-0.21745562553405762
2018-07-22 22:00:00,-0.12679827213287354
2018-07-22 23:00:00,-0.12003564834594727
2018-07-23 00:00:00,-0.18743324279785156
2018-07-23 01:00:00,-0.5145068168640137
2018-07-23 02:00:00,-0.8307754993438721
2018-07-23 03:00:00,-1.4331755638122559
2018-07-23 04:00:00,-1.7107956409454346
2018-07-23 05:00:00,-1.7965757846832275
2018-07-23 06:00:00,-1.7670478820800781
2018-07-23 07:00:00,-1.6310196816921234
2018-07-23 08:00:00,-1.424397349357605
2018-07-23 09:00:00,-1.194573163986206
2018-07-23 10:00:00,-1.14569091796875
2018-07-23 11:00:00,-0.9617538750171661
2018-07-23 12:00:00,-0.7646549940109253
2018-07-23 13:00:00,-0.40166938304901123
2018-07-23 14:00:00,-0.2084004282951355
2018-07-23 15:00:00,-0.1110658049583435
2018-07-23 16:00:00,-0.00040036439895629883
2018-07-23 17:00:00,0.09821243211627007
2018-07-23 18:00:00,0.17226211167871952
2018-07-23 19:00:00,0.22745204344391823
2018-07-23 20:00:00,0.19147516041994095
2018-07-23 21:00:00,0.12029266357421875
2018-07-23 22:00:00,0.06649768352508545
2018-07-23 23:00:00,-0.028643906116485596
2018-07-24 00:00:00,-0.1656970977783203
2018-07-24 01:00:00,-0.44407878816127777
2018-07-24 02:00:00,-0.9516267776489258
2018-07-24 03:00:00,-1.389952301979065
2018-07-24 04:00:00,-1.5176927894353867
2018-07-24 05:00:00,-1.4698162078857422
2018-07-24 06:00:00,-1.3371587991714478
2018-07-24 07:00:00,-1.1897660493850708
2018-07-24 08:00:00,-0.971842885017395
2018-07-24 09:00:00,-0.6837543100118637
2018-07-24 10:00:00,-0.49656009674072266
2018-07-24 11:00:00,-0.16581302881240845
2018-07-24 12:00:00,0.08836096525192261
2018-07-24 13:00:00,0.2039758563041687
2018-07-24 14:00:00,0.30473611503839493
2018-07-24 15:00:00,0.4008336663246155
2018-07-24 16:00:00,0.5304248481988907
2018-07-24 17:00:00,0.5669935941696167
2018-07-24 18:00:00,0.5815570950508118
2018-07-24 19:00:00,0.5377360433340073
2018-07-24 20:00:00,0.5901687741279602
2018-07-24 21:00:00,0.7384288385510445
2018-07-24 22:00:00,0.8401345014572144
2018-07-24 23:00:00,0.8760051280260086
2018-07-25 00:00:00,0.934214785695076
2018-07-25 01:00:00,1.4570077657699585
2018-07-25 02:00:00,1.5330493301153183
2018-07-25 03:00:00,1.4650243818759918
2018-07-25 04:00:00,1.501771092414856
2018-07-25 05:00:00,1.4373239278793335
2018-07-25 06:00:00,1.321223258972168
2018-07-25 07:00:00,1.2236100435256958
2018-07-25 08:00:00,1.2776479721069336
2018-07-25 09:00:00,1.4179375171661377
2018-07-25 10:00:00,1.3253586292266846
2018-07-25 11:00:00,1.1896629333496094
2018-07-25 12:00:00,0.7268955707550049
2018-07-25 13:00:00,0.7035112380981445
2018-07-25 14:00:00,0.5562020540237427
2018-07-25 15:00:00,0.5409772396087646
2018-07-25 16:00:00,0.5262128114700317
2018-07-25 17:00:00,0.46904438734054565
2018-07-25 18:00:00,0.4366655945777893
2018-07-25 19:00:00,0.5778762698173523
2018-07-25 20:00:00,0.8562126457691193
2018-07-25 21:00:00,1.0539628267288208
2018-07-25 22:00:00,0.9160202741622925
2018-07-25 23:00:00,0.8763794898986816
2018-07-26 00:00:00,0.8415752649307251
2018-07-26 01:00:00,1.2113288640975952
2018-07-26 02:00:00,1.2134467363357544
2018-07-26 03:00:00,1.1357051134109497
2018-07-26 04:00:00,1.3767199516296387
2018-07-26 05:00:00,1.080068588256836
2018-07-26 06:00:00,0.666114091873169
2018-07-26 07:00:00,0.4136909246444702
2018-07-26 08:00:00,0.3799957036972046
2018-07-26 09:00:00,0.4844241142272949
2018-07-26 10:00:00,0.6733381748199463
2018-07-26 11:00:00,0.8118054866790771
2018-07-26 12:00:00,0.8024165630340576
2018-07-26 13:00:00,0.6162244081497192
2018-07-26 14:00:00,0.6593339443206787
2018-07-26 15:00:00,0.7768036127090454
2018-07-26 16:00:00,0.5919640064239502
2018-07-26 17:00:00,0.4664163589477539
2018-07-26 18:00:00,0.37434232234954834
2018-07-26 19:00:00,0.31700384616851807
2018-07-26 20:00:00,0.2744981050491333
2018-07-26 21:00:00,0.2731759548187256
2018-07-26 22:00:00,0.453784704208374
2018-07-26 23:00:00,0.6618400812149048
2018-07-27 00:00:00,0.75992751121521
2018-07-27 01:00:00,1.020019769668579
2018-07-27 02:00:00,1.2768108695745468
2018-07-27 03:00:00,1.2531657367944717
2018-07-27 04:00:00,0.8710922002792358
2018-07-27 05:00:00,0.24372661113739014
2018-07-27 06:00:00,-0.21600370109081268
2018-07-27 07:00:00,-0.45600640773773193
2018-07-27 08:00:00,-0.5900739431381226
2018-07-27 09:00:00,-0.6496511697769165
2018-07-27 10:00:00,-0.3134528398513794
2018-07-27 11:00:00,0.04627441614866257
2018-07-27 12:00:00,0.18991272896528244
2018-07-27 13:00:00,0.1824454367160797
2018-07-27 14:00:00,0.19692081212997437
2018-07-27 15:00:00,0.23436447978019714
2018-07-27 16:00:00,0.2287825345993042
2018-07-27 17:00:00,0.25121593475341797
2018-07-27 18:00:00,0.2741520404815674
2018-07-27 19:00:00,0.3343241810798645
2018-07-27 20:00:00,0.49704205989837646
2018-07-27 21:00:00,0.7185512855648994
2018-07-27 22:00:00,1.0021414756774902
2018-07-27 23:00:00,1.3483288288116455
2018-07-28 00:00:00,1.687584549188614
2018-07-28 01:00:00,2.3540194034576416
2018-07-28 02:00:00,2.592573404312134
2018-07-28 03:00:00,2.935912609100342
2018-07-28 04:00:00,3.2121574878692627
2018-07-28 05:00:00,3.173429250717163
2018-07-28 06:00:00,3.248220205307007
2018-07-28 07:00:00,3.305671453475952
2018-07-28 08:00:00,3.2726500034332275
2018-07-28 09:00:00,3.14715313911438
2018-07-28 10:00:00,2.429534435272217
2018-07-28 11:00:00,2.0269053876399994
2018-07-28 12:00:00,1.0432780981063843
2018-07-28 13:00:00,0.8118124008178711
2018-07-28 14:00:00,0.664577841758728
2018-07-28 15:00:00,0.6133853793144226
2018-07-28 16:00:00,0.6081734299659729
2018-07-28 17:00:00,0.7060267850756645
2018-07-28 18:00:00,0.8829827234148979
2018-07-28 19:00:00,1.1116375923156738
2018-07-28 20:00:00,1.289751648902893
2018-07-28 21:00:00,1.370678186416626
2018-07-28 22:00:00,1.4028900861740112
2018-07-28 23:00:00,1.5926841497421265
2018-07-29 00:00:00,1.780146986246109
2018-07-29 01:00:00,2.444359302520752
2018-07-29 02:00:00,2.6936092376708984
2018-07-29 03:00:00,3.1600635051727295
2018-07-29 04:00:00,3.819507122039795
2018-07-29 05:00:00,3.863126754760742
2018-07-29 06:00:00,3.5914859771728516
2018-07-29 07:00:00,3.216485023498535
2018-07-29 08:00:00,2.896756410598755
2018-07-29 09:00:00,2.6723005771636963
2018-07-29 10:00:00,2.1756701469421387
2018-07-29 11:00:00,1.9135074615478516
2018-07-29 12:00:00,0.9699968844652176
2018-07-29 13:00:00,0.9744888544082642
2018-07-29 14:00:00,0.8331179618835449
2018-07-29 15:00:00,0.8794564008712769
2018-07-29 16:00:00,0.9818028211593628
2018-07-29 17:00:00,1.1747301816940308
2018-07-29 18:00:00,1.412618488073349
2018-07-29 19:00:00,1.6146165430545807
2018-07-29 20:00:00,1.755272626876831
2018-07-29 21:00:00,1.8060116171836853
2018-07-29 22:00:00,1.8722147941589355
2018-07-29 23:00:00,1.9778811931610107
2018-07-30 00:00:00,2.1419663429260254
2018-07-30 01:00:00,2.7308542728424072
2018-07-30 02:00:00,3.2592391967773438
2018-07-30 03:00:00,3.154247283935547
2018-07-30 04:00:00,3.248652696609497
2018-07-30 05:00:00,3.011462688446045
2018-07-30 06:00:00,2.5174989700317383
2018-07-30 07:00:00,2.2735724449157715
2018-07-30 08:00:00,2.2441108226776123
2018-07-30 09:00:00,2.2460811138153076
2018-07-30 10:00:00,2.2514843940734863
2018-07-30 11:00:00,1.9975662231445312
2018-07-30 12:00:00,1.0773813426494598
2018-07-30 13:00:00,0.9089409857988358
2018-07-30 14:00:00,0.6992000341415405
2018-07-30 15:00:00,0.5744951367378235
2018-07-30 16:00:00,0.5156322717666626
2018-07-30 17:00:00,0.5698966979980469
2018-07-30 18:00:00,0.7496749758720398
2018-07-30 19:00:00,1.0124714076519012
2018-07-30 20:00:00,1.3558937311172485
2018-07-30 21:00:00,1.740999460220337
2018-07-30 22:00:00,2.0055949687957764
2018-07-30 23:00:00,2.397584915161133
2018-07-31 00:00:00,2.6990714371204376
2018-07-31 01:00:00,3.0160577297210693
2018-07-31 02:00:00,3.2237050533294678
2018-07-31 03:00:00,3.1169567108154297
2018-07-31 04:00:00,3.549078583717346
2018-07-31 05:00:00,3.6080175638198853
2018-07-31 06:00:00,3.2579567432403564
2018-07-31 07:00:00,2.655717819929123
2018-07-31 08:00:00,2.3023717403411865
2018-07-31 09:00:00,2.012911319732666
2018-07-31 10:00:00,1.8919939994812012
2018-07-31 11:00:00,1.368856430053711
2018-07-31 12:00:00,1.2467478513717651
2018-07-31 13:00:00,0.8847209215164185
2018-07-31 14:00:00,0.5909435153007507
2018-07-31 15:00:00,0.412827730178833
2018-07-31 16:00:00,0.49671846628189087
2018-07-31 17:00:00,0.7690416574478149
2018-07-31 18:00:00,1.1487703621387482
2018-07-31 19:00:00,1.5820541381835938
2018-07-31 20:00:00,2.059379816055298
2018-07-31 21:00:00,2.477121591567993
2018-07-31 22:00:00,2.3174750804901123
2018-07-31 23:00:00,2.110929995775223
2018-08-01 00:00:00,1.8566768169403076
2018-08-01 01:00:00,2.2101919651031494
2018-08-01 02:00:00,2.5323851108551025
2018-08-01 03:00:00,2.266193151473999
2018-08-01 04:00:00,3.4631686210632324
2018-08-01 05:00:00,4.002429962158203
2018-08-01 06:00:00,4.0797505378723145
2018-08-01 07:00:00,3.7620596885681152
2018-08-01 08:00:00,3.2698616981506348
2018-08-01 09:00:00,2.786327362060547
2018-08-01 10:00:00,2.3568243980407715
2018-08-01 11:00:00,1.9208932518959045
2018-08-01 12:00:00,1.0378797054290771
2018-08-01 13:00:00,1.0287113189697266
2018-08-01 14:00:00,0.6554110050201416
2018-08-01 15:00:00,0.6163148880004883
2018-08-01 16:00:00,0.8124409914016724
2018-08-01 17:00:00,1.1570208221673965
2018-08-01 18:00:00,1.5615304708480835
2018-08-01 19:00:00,1.9745450019836426
2018-08-01 20:00:00,2.2128355503082275
2018-08-01 21:00:00,2.369168758392334
2018-08-01 22:00:00,2.4056951999664307
2018-08-01 23:00:00,2.494046926498413
2018-08-02 00:00:00,2.551309823989868
2018-08-02 01:00:00,2.961155414581299
2018-08-02 02:00:00,3.383713960647583
2018-08-02 03:00:00,3.3808765411376953
2018-08-02 04:00:00,4.015004992485046
2018-08-02 05:00:00,4.108424723148346
2018-08-02 06:00:00,3.881183922290802
2018-08-02 07:00:00,3.5971439480781555
2018-08-02 08:00:00,3.4137737154960632
2018-08-02 09:00:00,3.2002713680267334
2018-08-02 10:00:00,2.8414080142974854
2018-08-02 11:00:00,1.9619455337524414
2018-08-02 12:00:00,1.4247444868087769
2018-08-02 13:00:00,1.0723021030426025
2018-08-02 14:00:00,0.6795751452445984
2018-08-02 15:00:00,0.657163143157959
2018-08-02 16:00:00,0.9976977854967117
2018-08-02 17:00:00,1.6281353533267975
2018-08-02 18:00:00,2.3864662647247314
2018-08-02 19:00:00,2.8635244369506836
2018-08-02 20:00:00,3.1090824604034424
2018-08-02 21:00:00,3.138296365737915
2018-08-02 22:00:00,2.8037238121032715
2018-08-02 23:00:00,2.593087673187256
2018-08-03 00:00:00,2.4099767208099365
2018-08-03 01:00:00,2.5479421615600586
2018-08-03 02:00:00,2.940652847290039
2018-08-03 03:00:00,2.8908920288085938
2018-08-03 04:00:00,3.941697895526886
2018-08-03 05:00:00,4.447599411010742
2018-08-03 06:00:00,4.420557975769043
2018-08-03 07:00:00,4.053463101387024
2018-08-03 08:00:00,3.609320640563965
2018-08-03 09:00:00,3.1293201446533203
2018-08-03 10:00:00,2.547908306121826
2018-08-03 11:00:00,1.553088903427124
2018-08-03 12:00:00,1.262584924697876
2018-08-03 13:00:00,1.0817573070526123
2018-08-03 14:00:00,0.6249886751174927
2018-08-03 15:00:00,0.6142561882734299
2018-08-03 16:00:00,0.8866977244615555
2018-08-03 17:00:00,1.3354374319314957
2018-08-03 18:00:00,1.767465204000473
2018-08-03 19:00:00,2.0149977803230286
2018-08-03 20:00:00,2.0644919872283936
2018-08-03 21:00:00,1.9712418019771576
2018-08-03 22:00:00,1.749861478805542
2018-08-03 23:00:00,1.5124248266220093
2018-08-04 00:00:00,1.3734872490167618
2018-08-04 01:00:00,1.5131759643554688
2018-08-04 02:00:00,1.9386644959449768
2018-08-04 03:00:00,2.166546881198883
2018-08-04 04:00:00,2.7003526985645294
2018-08-04 05:00:00,2.923109531402588
2018-08-04 06:00:00,2.891550064086914
2018-08-04 07:00:00,2.591766119003296
2018-08-04 08:00:00,2.407846212387085
2018-08-04 09:00:00,2.179966390132904
2018-08-04 10:00:00,1.6254608631134033
2018-08-04 11:00:00,1.6067206859588623
2018-08-04 12:00:00,1.5214186608791351
2018-08-04 13:00:00,0.9298280477523804
2018-08-04 14:00:00,0.8329881429672241
2018-08-04 15:00:00,1.0791854858398438
2018-08-04 16:00:00,1.3536591529846191
2018-08-04 17:00:00,1.6103472709655762
2018-08-04 18:00:00,1.9303817749023438
2018-08-04 19:00:00,2.140010803937912
2018-08-04 20:00:00,1.7178250551223755
2018-08-04 21:00:00,1.6522564888000488
2018-08-04 22:00:00,1.6216908693313599
2018-08-04 23:00:00,1.3147191852331161
2018-08-05 00:00:00,1.197746753692627
2018-08-05 01:00:00,1.1478959321975708
2018-08-05 02:00:00,1.130875140428543
2018-08-05 03:00:00,1.164621353149414
2018-08-05 04:00:00,1.5704689621925354
2018-08-05 05:00:00,1.9253690391778946
2018-08-05 06:00:00,1.8586040139198303
2018-08-05 07:00:00,1.5628416538238525
2018-08-05 08:00:00,1.3620776236057281
2018-08-05 09:00:00,1.3067865371704102
2018-08-05 10:00:00,0.9640400409698486
2018-08-05 11:00:00,0.843360424041748
2018-08-05 12:00:00,0.8746130466461182
2018-08-05 13:00:00,0.5643426179885864
2018-08-05 14:00:00,0.5400811433792114
2018-08-05 15:00:00,0.7238218784332275
2018-08-05 16:00:00,0.9472371339797974
2018-08-05 17:00:00,1.0960407257080078
2018-08-05 18:00:00,1.0371097326278687
2018-08-05 19:00:00,0.8658465147018433
2018-08-05 20:00:00,0.6978229284286499
2018-08-05 21:00:00,0.6303292512893677
2018-08-05 22:00:00,0.48119688034057617
2018-08-05 23:00:00,0.20665955543518066
2018-08-06 00:00:00,0.03761446475982666
2018-08-06 01:00:00,0.013018369674682617
2018-08-06 02:00:00,0.10144537687301636
2018-08-06 03:00:00,-0.12706220149993896
2018-08-06 04:00:00,-0.08007068932056427
2018-08-06 05:00:00,0.03542780876159668
2018-08-06 06:00:00,0.13661062717437744
2018-08-06 07:00:00,0.5169110298156738
2018-08-06 08:00:00,0.8635213375091553
2018-08-06 09:00:00,1.118919849395752
2018-08-06 10:00:00,1.1188030242919922
2018-08-06 11:00:00,1.0559337139129639
2018-08-06 12:00:00,0.6507595181465149
2018-08-06 13:00:00,0.5169715881347656
2018-08-06 14:00:00,0.3768192529678345
2018-08-06 15:00:00,0.14845490455627441
2018-08-06 16:00:00,-0.2192326784133911
2018-08-06 17:00:00,-0.4417605400085449
2018-08-06 18:00:00,-0.5450781583786011
2018-08-06 19:00:00,-0.6054121255874634
2018-08-06 20:00:00,-0.6486843228340149
2018-08-06 21:00:00,-0.7049617767333984
2018-08-06 22:00:00,-0.7421346306800842
2018-08-06 23:00:00,-0.7616361379623413
2018-08-07 00:00:00,-0.8029576539993286
2018-08-07 01:00:00,-1.4130710363388062
2018-08-07 02:00:00,-1.9927297234535217
2018-08-07 03:00:00,-2.0757336616516113
2018-08-07 04:00:00,-2.1250646114349365
2018-08-07 05:00:00,-2.152891129255295
2018-08-07 06:00:00,-2.231250762939453
2018-08-07 07:00:00,-2.3102059364318848
2018-08-07 08:00:00,-2.3849802017211914
2018-08-07 09:00:00,-2.4082345962524414
2018-08-07 10:00:00,-2.1452131271362305
2018-08-07 11:00:00,-1.6778929233551025
2018-08-07 12:00:00,-0.913791298866272
2018-08-07 13:00:00,-0.5478014945983887
2018-08-07 14:00:00,-0.3482540249824524
2018-08-07 15:00:00,-0.23428475856781006
2018-08-07 16:00:00,-0.18610739707946777
2018-08-07 17:00:00,-0.1383342146873474
2018-08-07 18:00:00,-0.20049983263015747
2018-08-07 19:00:00,-0.329476922750473
2018-08-07 20:00:00,-0.4186360239982605
2018-08-07 21:00:00,-0.5076152086257935
2018-08-07 22:00:00,-0.5771710276603699
2018-08-07 23:00:00,-0.6504769325256348
2018-08-08 00:00:00,-0.7157151103019714
2018-08-08 01:00:00,-1.3926211595535278
2018-08-08 02:00:00,-1.8698934018611908
2018-08-08 03:00:00,-2.407405138015747
2018-08-08 04:00:00,-2.891120195388794
2018-08-08 05:00:00,-3.046858549118042
2018-08-08 06:00:00,-3.0430736541748047
2018-08-08 07:00:00,-2.908522367477417
2018-08-08 08:00:00,-2.686493158340454
2018-08-08 09:00:00,-2.3722145557403564
2018-08-08 10:00:00,-1.8100031912326813
2018-08-08 11:00:00,-1.4352864027023315
2018-08-08 12:00:00,-1.0503513514995575
2018-08-08 13:00:00,-0.6822435855865479
2018-08-08 14:00:00,-0.5485446453094482
2018-08-08 15:00:00,-0.5002120714634657
2018-08-08 16:00:00,-0.4172544628381729
2018-08-08 17:00:00,-0.31187862157821655
2018-08-08 18:00:00,-0.2970099225640297
2018-08-08 19:00:00,-0.30132579803466797
2018-08-08 20:00:00,-0.3806065320968628
2018-08-08 21:00:00,-0.5320042967796326
2018-08-08 22:00:00,-0.7807705998420715
2018-08-08 23:00:00,-0.9707793891429901
2018-08-09 00:00:00,-1.0280487537384033
2018-08-09 01:00:00,-1.3344148248434067
2018-08-09 02:00:00,-1.477133870124817
2018-08-09 03:00:00,-1.615400642156601
2018-08-09 04:00:00,-1.854090690612793
2018-08-09 05:00:00,-2.0471044182777405
2018-08-09 06:00:00,-2.2017393112182617
2018-08-09 07:00:00,-2.279151439666748
2018-08-09 08:00:00,-2.245920866727829
2018-08-09 09:00:00,-2.1463754177093506
2018-08-09 10:00:00,-1.7654995024204254
2018-08-09 11:00:00,-1.3201820701360703
2018-08-09 12:00:00,-0.7496767491102219
2018-08-09 13:00:00,-0.43768948316574097
2018-08-09 14:00:00,-0.4353557974100113
2018-08-09 15:00:00,-0.32605308666825294
2018-08-09 16:00:00,-0.1618148647248745
2018-08-09 17:00:00,-0.011947275139391422
2018-08-09 18:00:00,0.01582484645769
2018-08-09 19:00:00,0.07766718417406082
2018-08-09 20:00:00,0.19761734083294868
2018-08-09 21:00:00,0.2285729069262743
2018-08-09 22:00:00,0.25789137929677963
2018-08-09 23:00:00,0.32375550270080566
2018-08-10 00:00:00,0.4853925481438637
2018-08-10 01:00:00,0.8873402625322342
2018-08-10 02:00:00,1.5612329244613647
2018-08-10 03:00:00,1.7750409841537476
2018-08-10 04:00:00,1.666318267583847
2018-08-10 05:00:00,1.4226016998291016
2018-08-10 06:00:00,1.098271369934082
2018-08-10 07:00:00,0.7539334371685982
2018-08-10 08:00:00,0.4304879754781723
2018-08-10 09:00:00,0.2533455677330494
2018-08-10 10:00:00,0.3500963896512985
2018-08-10 11:00:00,0.43853894993662834
2018-08-10 12:00:00,0.48411983251571655
2018-08-10 13:00:00,0.5755625367164612
2018-08-10 14:00:00,0.39642492681741714
2018-08-10 15:00:00,0.31468552350997925
2018-08-10 16:00:00,0.23685499979183078
2018-08-10 17:00:00,0.23944253474473953
2018-08-10 18:00:00,0.3589750751852989
2018-08-10 19:00:00,0.5292782336473465
2018-08-10 20:00:00,0.7490291148424149
2018-08-10 21:00:00,0.9929712265729904
2018-08-10 22:00:00,1.1110846996307373
2018-08-10 23:00:00,1.0600052177906036
2018-08-11 00:00:00,1.230183020234108
2018-08-11 01:00:00,1.6589675545692444
2018-08-11 02:00:00,2.3472137451171875
2018-08-11 03:00:00,2.854860782623291
2018-08-11 04:00:00,3.2883381843566895
2018-08-11 05:00:00,3.0863656997680664
2018-08-11 06:00:00,2.6815624237060547
2018-08-11 07:00:00,2.328781098127365
2018-08-11 08:00:00,2.0583887100219727
2018-08-11 09:00:00,1.9085436463356018
2018-08-11 10:00:00,1.7354969084262848
2018-08-11 11:00:00,1.3334800004959106
2018-08-11 12:00:00,1.3665790557861328
2018-08-11 13:00:00,1.0523189306259155
2018-08-11 14:00:00,0.8588663935661316
2018-08-11 15:00:00,1.1422228962182999
2018-08-11 16:00:00,1.6509971618652344
2018-08-11 17:00:00,2.226194381713867
2018-08-11 18:00:00,2.3993871212005615
2018-08-11 19:00:00,2.8019917011260986
2018-08-11 20:00:00,3.351909875869751
2018-08-11 21:00:00,3.055666923522949
2018-08-11 22:00:00,2.4368488788604736
2018-08-11 23:00:00,2.5719683170318604
2018-08-12 00:00:00,2.1540952026844025
2018-08-12 01:00:00,2.1899185180664062
2018-08-12 02:00:00,2.7279062271118164
2018-08-12 03:00:00,2.6684484481811523
2018-08-12 04:00:00,3.0787713527679443
2018-08-12 05:00:00,2.6472878456115723
2018-08-12 06:00:00,2.175455093383789
2018-08-12 07:00:00,1.779623031616211
2018-08-12 08:00:00,1.5069835186004639
2018-08-12 09:00:00,1.2961735725402832
2018-08-12 10:00:00,0.9154576808214188
2018-08-12 11:00:00,0.576124906539917
2018-08-12 12:00:00,0.3098090887069702
2018-08-12 13:00:00,0.10063564777374268
2018-08-12 14:00:00,-0.22478723526000977
2018-08-12 15:00:00,-0.3583064079284668
2018-08-12 16:00:00,-0.15956443548202515
2018-08-12 17:00:00,0.16643720865249634
2018-08-12 18:00:00,0.41218048334121704
2018-08-12 19:00:00,0.5664229393005371
2018-08-12 20:00:00,0.7931187152862549
2018-08-12 21:00:00,1.074546456336975
2018-08-12 22:00:00,1.1935983896255493
2018-08-12 23:00:00,1.2789407968521118
2018-08-13 00:00:00,1.396348237991333
2018-08-13 01:00:00,1.8382232189178467
2018-08-13 02:00:00,2.2881588637828827
2018-08-13 03:00:00,2.3362061977386475
2018-08-13 04:00:00,2.337676763534546
2018-08-13 05:00:00,1.6276825666427612
2018-08-13 06:00:00,0.6935751587152481
2018-08-13 07:00:00,-0.038645923137664795
2018-08-13 08:00:00,-0.4777803272008896
2018-08-13 09:00:00,-0.7642074823379517
2018-08-13 10:00:00,-0.6752202659845352
2018-08-13 11:00:00,-0.5421640556305647
2018-08-13 12:00:00,-0.3536920538172126
2018-08-13 13:00:00,-0.07867050170898438
2018-08-13 14:00:00,-0.03581378608942032
2018-08-13 15:00:00,-0.026386380195617676
2018-08-13 16:00:00,-0.02771063894033432
2018-08-13 17:00:00,-0.05068144202232361
2018-08-13 18:00:00,-0.12041422538459301
2018-08-13 19:00:00,-0.21664785593748093
2018-08-13 20:00:00,-0.2737168073654175
2018-08-13 21:00:00,-0.28669944405555725
2018-08-13 22:00:00,-0.3136816620826721
2018-08-13 23:00:00,-0.2944837212562561
2018-08-14 00:00:00,-0.22404325008392334
2018-08-14 01:00:00,-0.1449708342552185
2018-08-14 02:00:00,0.08016860485076904
2018-08-14 03:00:00,0.6193664073944092
2018-08-14 04:00:00,0.908084511756897
2018-08-14 05:00:00,1.0993156433105469
2018-08-14 06:00:00,1.21540105342865
2018-08-14 07:00:00,1.300445556640625
2018-08-14 08:00:00,1.3543970584869385
2018-08-14 09:00:00,1.3729550689458847
2018-08-14 10:00:00,1.1587761715054512
2018-08-14 11:00:00,0.8592082187533379
2018-08-14 12:00:00,0.40683102421462536
2018-08-14 13:00:00,0.47361743450164795
2018-08-14 14:00:00,0.20843660831451416
2018-08-14 15:00:00,0.039235495030879974
2018-08-14 16:00:00,0.0020998120307922363
2018-08-14 17:00:00,0.027398020029067993
2018-08-14 18:00:00,0.055019766092300415
2018-08-14 19:00:00,0.07254794239997864
2018-08-14 20:00:00,0.08906400203704834
2018-08-14 21:00:00,0.11642885208129883
2018-08-14 22:00:00,0.159773088991642
2018-08-14 23:00:00,0.18751003593206406
2018-08-15 00:00:00,0.2205522656440735
2018-08-15 01:00:00,0.25973421335220337
2018-08-15 02:00:00,0.4876200184226036
2018-08-15 03:00:00,0.30964958295226097
2018-08-15 04:00:00,0.26319992542266846
2018-08-15 05:00:00,0.17325400933623314
2018-08-15 06:00:00,0.12075731158256531
2018-08-15 07:00:00,0.06768526881933212
2018-08-15 08:00:00,0.016322024166584015
2018-08-15 09:00:00,-0.07085966691374779
2018-08-15 10:00:00,-0.38664157688617706
2018-08-15 11:00:00,-0.5529665499925613
2018-08-15 12:00:00,-0.44550812244415283
2018-08-15 13:00:00,-0.5324042476713657
2018-08-15 14:00:00,-0.4312984310090542
2018-08-15 15:00:00,-0.41219713538885117
2018-08-15 16:00:00,-0.28818872570991516
2018-08-15 17:00:00,-0.15417546033859253
2018-08-15 18:00:00,-0.06908363103866577
2018-08-15 19:00:00,-0.025355935096740723
2018-08-15 20:00:00,-0.02092278003692627
2018-08-15 21:00:00,-0.061188697814941406
2018-08-15 22:00:00,-0.09744846820831299
2018-08-15 23:00:00,-0.21154004335403442
2018-08-16 00:00:00,-0.301002562046051
2018-08-16 01:00:00,-0.5492741465568542
2018-08-16 02:00:00,-0.7557185888290405
2018-08-16 03:00:00,-1.0762397944927216
2018-08-16 04:00:00,-1.3017537742853165
2018-08-16 05:00:00,-1.3683534860610962
2018-08-16 06:00:00,-1.312354564666748
2018-08-16 07:00:00,-1.269547700881958
2018-08-16 08:00:00,-1.2261236906051636
2018-08-16 09:00:00,-1.0848623514175415
2018-08-16 10:00:00,-0.8012039661407471
2018-08-16 11:00:00,-0.5496363639831543
2018-08-16 12:00:00,-0.38919007778167725
2018-08-16 13:00:00,-0.3383960723876953
2018-08-16 14:00:00,-0.26907849311828613
2018-08-16 15:00:00,-0.31652307510375977
2018-08-16 16:00:00,-0.41955476999282837
2018-08-16 17:00:00,-0.44470810890197754
2018-08-16 18:00:00,-0.46349263191223145
2018-08-16 19:00:00,-0.5048624277114868
2018-08-16 20:00:00,-0.5457261800765991
2018-08-16 21:00:00,-0.5636708661913872
2018-08-16 22:00:00,-0.6454904675483704
2018-08-16 23:00:00,-0.8045741319656372
2018-08-17 00:00:00,-0.948677659034729
2018-08-17 01:00:00,-1.4236630201339722
2018-08-17 02:00:00,-1.9305159151554108
2018-08-17 03:00:00,-2.4461777210235596
2018-08-17 04:00:00,-2.5685296058654785
2018-08-17 05:00:00,-2.499089241027832
2018-08-17 06:00:00,-2.38637375831604
2018-08-17 07:00:00,-2.308101177215576
2018-08-17 08:00:00,-2.1716971397399902
2018-08-17 09:00:00,-1.9712963104248047
2018-08-17 10:00:00,-1.9813647270202637
2018-08-17 11:00:00,-1.7364327907562256
2018-08-17 12:00:00,-1.0654245615005493
2018-08-17 13:00:00,-0.9591119736433029
2018-08-17 14:00:00,-0.8247151374816895
2018-08-17 15:00:00,-0.8720370531082153
2018-08-17 16:00:00,-0.8580448627471924
2018-08-17 17:00:00,-0.9399148225784302
2018-08-17 18:00:00,-1.0194565057754517
2018-08-17 19:00:00,-0.9307866096496582
2018-08-17 20:00:00,-0.9184897392988205
2018-08-17 21:00:00,-0.8516880869865417
2018-08-17 22:00:00,-0.8045094013214111
2018-08-17 23:00:00,-0.7503198981285095
2018-08-18 00:00:00,-0.7372769117355347
2018-08-18 01:00:00,-1.184389367699623
2018-08-18 02:00:00,-1.5449774265289307
2018-08-18 03:00:00,-1.3183791637420654
2018-08-18 04:00:00,-1.0139412581920624
2018-08-18 05:00:00,-0.7969996482133865
2018-08-18 06:00:00,-0.6721630096435547
2018-08-18 07:00:00,-0.6121048852801323
2018-08-18 08:00:00,-0.5325741842389107
2018-08-18 09:00:00,-0.41207174956798553
2018-08-18 10:00:00,-0.2072620540857315
2018-08-18 11:00:00,0.009428977966308594
2018-08-18 12:00:00,0.06195574998855591
2018-08-18 13:00:00,0.2440967783331871
2018-08-18 14:00:00,0.12431647628545761
2018-08-18 15:00:00,0.043763063848018646
2018-08-18 16:00:00,-0.0449770912528038
2018-08-18 17:00:00,-5.304813385009766e-06
2018-08-18 18:00:00,0.09225543588399887
2018-08-18 19:00:00,0.16611459851264954
2018-08-18 20:00:00,0.20396730303764343
2018-08-18 21:00:00,0.21502944827079773
2018-08-18 22:00:00,0.18877094984054565
2018-08-18 23:00:00,0.14178821444511414
2018-08-19 00:00:00,0.15824878215789795
2018-08-19 01:00:00,0.24498319625854492
2018-08-19 02:00:00,0.287475049495697
2018-08-19 03:00:00,0.518978301435709
2018-08-19 04:00:00,1.0659484714269638
2018-08-19 05:00:00,1.2692861557006836
2018-08-19 06:00:00,1.5131571143865585
2018-08-19 07:00:00,1.6539145410060883
2018-08-19 08:00:00,1.5736689567565918
2018-08-19 09:00:00,1.5380302369594574
2018-08-19 10:00:00,1.3902028799057007
2018-08-19 11:00:00,0.7470188736915588
2018-08-19 12:00:00,0.6789786219596863
2018-08-19 13:00:00,0.5458152294158936
2018-08-19 14:00:00,0.39079660177230835
2018-08-19 15:00:00,0.3922327533364296
2018-08-19 16:00:00,0.3810266852378845
2018-08-19 17:00:00,0.37097781896591187
2018-08-19 18:00:00,0.4138927459716797
2018-08-19 19:00:00,0.5200525522232056
2018-08-19 20:00:00,0.6094133853912354
2018-08-19 21:00:00,0.63470458984375
2018-08-19 22:00:00,0.6081611514091492
2018-08-19 23:00:00,0.583769679069519
2018-08-20 00:00:00,0.49183833599090576
2018-08-20 01:00:00,0.4446740299463272
2018-08-20 02:00:00,0.34066396951675415
2018-08-20 03:00:00,0.055807143449783325
2018-08-20 04:00:00,-0.21850109100341797
2018-08-20 05:00:00,-0.614009439945221
2018-08-20 06:00:00,-0.8747689127922058
2018-08-20 07:00:00,-1.0193392038345337
2018-08-20 08:00:00,-1.0829681009054184
2018-08-20 09:00:00,-1.0923367738723755
2018-08-20 10:00:00,-0.8993935585021973
2018-08-20 11:00:00,-0.6179556846618652
2018-08-20 12:00:00,-0.6503219604492188
2018-08-20 13:00:00,-0.5481076836585999
2018-08-20 14:00:00,-0.4224112033843994
2018-08-20 15:00:00,-0.40087825059890747
2018-08-20 16:00:00,-0.3660944923758507
2018-08-20 17:00:00,-0.32593822479248047
2018-08-20 18:00:00,-0.34744346141815186
2018-08-20 19:00:00,-0.42700088024139404
2018-08-20 20:00:00,-0.5244252681732178
2018-08-20 21:00:00,-0.6930147409439087
2018-08-20 22:00:00,-0.8796109855175018
2018-08-20 23:00:00,-0.990462064743042
2018-08-21 00:00:00,-0.9630732536315918
2018-08-21 01:00:00,-1.3434664011001587
2018-08-21 02:00:00,-1.565841555595398
2018-08-21 03:00:00,-1.5275846719741821
2018-08-21 04:00:00,-1.6986602544784546
2018-08-21 05:00:00,-1.9433507323265076
2018-08-21 06:00:00,-2.0518813133239746
2018-08-21 07:00:00,-2.0523793697357178
2018-08-21 08:00:00,-1.9901295006275177
2018-08-21 09:00:00,-1.8672573566436768
2018-08-21 10:00:00,-1.567112684249878
2018-08-21 11:00:00,-1.1262686252593994
2018-08-21 12:00:00,-0.45951199531555176
2018-08-21 13:00:00,-0.3901585340499878
2018-08-21 14:00:00,-0.363071084022522
2018-08-21 15:00:00,-0.38098597526550293
2018-08-21 16:00:00,-0.615426778793335
2018-08-21 17:00:00,-0.804973840713501
2018-08-21 18:00:00,-0.9845188856124878
2018-08-21 19:00:00,-1.1698923110961914
2018-08-21 20:00:00,-1.4008262157440186
2018-08-21 21:00:00,-1.6049381494522095
2018-08-21 22:00:00,-1.0982118844985962
2018-08-21 23:00:00,-0.7894490957260132
2018-08-22 00:00:00,-0.6276370286941528
2018-08-22 01:00:00,-0.5714068412780762
2018-08-22 02:00:00,-0.9250528812408447
2018-08-22 03:00:00,-0.789587140083313
2018-08-22 04:00:00,-0.9020700454711914
2018-08-22 05:00:00,-0.8547019958496094
2018-08-22 06:00:00,-0.6019604206085205
2018-08-22 07:00:00,-0.1938774585723877
2018-08-22 08:00:00,0.2133268117904663
2018-08-22 09:00:00,0.5649583339691162
2018-08-22 10:00:00,0.8191860914230347
2018-08-22 11:00:00,0.8840583562850952
2018-08-22 12:00:00,0.4135333299636841
2018-08-22 13:00:00,0.39428889751434326
2018-08-22 14:00:00,0.43788397312164307
2018-08-22 15:00:00,0.5379880666732788
2018-08-22 16:00:00,0.5116914510726929
2018-08-22 17:00:00,0.5489010810852051
2018-08-22 18:00:00,0.5766792297363281
2018-08-22 19:00:00,0.6545021533966064
2018-08-22 20:00:00,0.7884843349456787
2018-08-22 21:00:00,0.8638298511505127
2018-08-22 22:00:00,0.9216374158859253
2018-08-22 23:00:00,0.9161068201065063
2018-08-23 00:00:00,0.9723285436630249
2018-08-23 01:00:00,1.1767754554748535
2018-08-23 02:00:00,1.7094228267669678
2018-08-23 03:00:00,1.7682240009307861
2018-08-23 04:00:00,2.1396656036376953
2018-08-23 05:00:00,2.240289658308029
2018-08-23 06:00:00,2.2598416805267334
2018-08-23 07:00:00,2.229041576385498
2018-08-23 08:00:00,2.2054646015167236
2018-08-23 09:00:00,2.103892296552658
2018-08-23 10:00:00,1.713468313217163
2018-08-23 11:00:00,1.221269130706787
2018-08-23 12:00:00,0.9105716943740845
2018-08-23 13:00:00,0.7038300037384033
2018-08-23 14:00:00,0.6092352271080017
2018-08-23 15:00:00,0.5418619960546494
2018-08-23 16:00:00,0.6152949333190918
2018-08-23 17:00:00,0.7760611772537231
2018-08-23 18:00:00,0.9360314607620239
2018-08-23 19:00:00,1.0335053205490112
2018-08-23 20:00:00,1.0894246101379395
2018-08-23 21:00:00,1.131890892982483
2018-08-23 22:00:00,1.2285304218530655
2018-08-23 23:00:00,1.5600860118865967
2018-08-24 00:00:00,1.8693523406982422
2018-08-24 01:00:00,2.2512385845184326
2018-08-24 02:00:00,2.723336696624756
2018-08-24 03:00:00,3.012484073638916
2018-08-24 04:00:00,3.4686388969421387
2018-08-24 05:00:00,3.28810453414917
2018-08-24 06:00:00,2.9782745838165283
2018-08-24 07:00:00,2.663029670715332
2018-08-24 08:00:00,2.369535446166992
2018-08-24 09:00:00,2.0529894828796387
2018-08-24 10:00:00,1.588137537240982
2018-08-24 11:00:00,1.4613265991210938
2018-08-24 12:00:00,1.5353151559829712
2018-08-24 13:00:00,0.6143707633018494
2018-08-24 14:00:00,0.5310731530189514
2018-08-24 15:00:00,0.6119946092367172
2018-08-24 16:00:00,0.8787341117858887
2018-08-24 17:00:00,1.2164276838302612
2018-08-24 18:00:00,1.5783095359802246
2018-08-24 19:00:00,1.9660348892211914
2018-08-24 20:00:00,2.3434066772460938
2018-08-24 21:00:00,2.7027361392974854
2018-08-24 22:00:00,2.7433338165283203
2018-08-24 23:00:00,2.7338624000549316
2018-08-25 00:00:00,2.749789237976074
2018-08-25 01:00:00,2.8372039794921875
2018-08-25 02:00:00,3.207665205001831
2018-08-25 03:00:00,3.3470263481140137
2018-08-25 04:00:00,3.505564510822296
2018-08-25 05:00:00,3.1824393272399902
2018-08-25 06:00:00,2.6250150203704834
2018-08-25 07:00:00,2.164304733276367
2018-08-25 08:00:00,1.9089065492153168
2018-08-25 09:00:00,1.7071157395839691
2018-08-25 10:00:00,1.6104826927185059
2018-08-25 11:00:00,1.2500543594360352
2018-08-25 12:00:00,1.0943398475646973
2018-08-25 13:00:00,0.7703458070755005
2018-08-25 14:00:00,0.7172596454620361
2018-08-25 15:00:00,0.8001768589019775
2018-08-25 16:00:00,0.9696371108293533
2018-08-25 17:00:00,1.206885814666748
2018-08-25 18:00:00,1.4787286520004272
2018-08-25 19:00:00,1.759448528289795
2018-08-25 20:00:00,1.9993790984153748
2018-08-25 21:00:00,2.0618181228637695
2018-08-25 22:00:00,1.9312586784362793
2018-08-25 23:00:00,1.7456920146942139
2018-08-26 00:00:00,1.5361332893371582
2018-08-26 01:00:00,1.8074653148651123
2018-08-26 02:00:00,2.2455606758594513
2018-08-26 03:00:00,2.109473466873169
2018-08-26 04:00:00,1.8774046897888184
2018-08-26 05:00:00,1.3440805673599243
2018-08-26 06:00:00,0.9101723432540894
2018-08-26 07:00:00,0.5785403400659561
2018-08-26 08:00:00,0.3210703060030937
2018-08-26 09:00:00,0.15787899494171143
2018-08-26 10:00:00,0.08209949731826782
2018-08-26 11:00:00,0.061788201332092285
2018-08-26 12:00:00,0.10088169574737549
2018-08-26 13:00:00,-0.013890504837036133
2018-08-26 14:00:00,-0.3865109086036682
2018-08-26 15:00:00,-0.5396191477775574
2018-08-26 16:00:00,-0.536748468875885
2018-08-26 17:00:00,-0.4285804033279419
2018-08-26 18:00:00,-0.2654154300689697
2018-08-26 19:00:00,-0.09024786949157715
2018-08-26 20:00:00,0.059248924255371094
2018-08-26 21:00:00,0.14671683311462402
2018-08-26 22:00:00,0.16574132442474365
2018-08-26 23:00:00,0.1476452350616455
2018-08-27 00:00:00,0.15181899070739746
2018-08-27 01:00:00,0.18005448579788208
2018-08-27 02:00:00,0.5475383996963501
2018-08-27 03:00:00,0.5485944673418999
2018-08-27 04:00:00,0.47224920988082886
2018-08-27 05:00:00,0.4806121587753296
2018-08-27 06:00:00,0.35738110914826393
2018-08-27 07:00:00,0.10046660900115967
2018-08-27 08:00:00,-0.048328034579753876
2018-08-27 09:00:00,-0.1443613190203905
2018-08-27 10:00:00,-0.1358065903186798
2018-08-27 11:00:00,-0.16037631034851074
2018-08-27 12:00:00,-0.0862087607383728
2018-08-27 13:00:00,-0.08948266506195068
2018-08-27 14:00:00,-0.13069486618041992
2018-08-27 15:00:00,-0.18035435676574707
2018-08-27 16:00:00,-0.20722424983978271
2018-08-27 17:00:00,-0.2065415382385254
2018-08-27 18:00:00,-0.17577862739562988
2018-08-27 19:00:00,-0.07520729303359985
2018-08-27 20:00:00,0.10172593593597412
2018-08-27 21:00:00,0.21313556376844645
2018-08-27 22:00:00,0.19434797018766403
2018-08-27 23:00:00,0.13622578978538513
2018-08-28 00:00:00,0.04380121827125549
2018-08-28 01:00:00,-0.08717209100723267
2018-08-28 02:00:00,-0.4540976881980896
2018-08-28 03:00:00,-0.8207558393478394
2018-08-28 04:00:00,-0.8307490348815918
2018-08-28 05:00:00,-0.8771625757217407
2018-08-28 06:00:00,-0.8052015602588654
2018-08-28 07:00:00,-0.8094918429851532
2018-08-28 08:00:00,-0.8542447090148926
2018-08-28 09:00:00,-0.8418228626251221
2018-08-28 10:00:00,-0.6990727186203003
2018-08-28 11:00:00,-0.49925822019577026
2018-08-28 12:00:00,-0.36747848987579346
2018-08-28 13:00:00,-0.23781663179397583
2018-08-28 14:00:00,-0.2489202320575714
2018-08-28 15:00:00,-0.31211453676223755
2018-08-28 16:00:00,-0.41224780678749084
2018-08-28 17:00:00,-0.5275350213050842
2018-08-28 18:00:00,-0.6503605842590332
2018-08-28 19:00:00,-0.7323835492134094
2018-08-28 20:00:00,-0.7372877597808838
2018-08-28 21:00:00,-0.6318466067314148
2018-08-28 22:00:00,-0.5941281318664551
2018-08-28 23:00:00,-0.6911226361989975
2018-08-29 00:00:00,-0.863749735057354
2018-08-29 01:00:00,-1.2108554914593697
2018-08-29 02:00:00,-1.7045521885156631
2018-08-29 03:00:00,-1.6213452965021133
2018-08-29 04:00:00,-1.1774201393127441
2018-08-29 05:00:00,-0.7706948518753052
2018-08-29 06:00:00,-0.6321597546339035
2018-08-29 07:00:00,-0.7028391361236572
2018-08-29 08:00:00,-0.7868008613586426
2018-08-29 09:00:00,-0.8556421995162964
2018-08-29 10:00:00,-0.840624213218689
2018-08-29 11:00:00,-0.8369215726852417
2018-08-29 12:00:00,-0.45645374059677124
2018-08-29 13:00:00,-0.41461219638586044
2018-08-29 14:00:00,-0.4186745584011078
2018-08-29 15:00:00,-0.42126262187957764
2018-08-29 16:00:00,-0.47039979696273804
2018-08-29 17:00:00,-0.49711132049560547
2018-08-29 18:00:00,-0.5037968158721924
2018-08-29 19:00:00,-0.48538100719451904
2018-08-29 20:00:00,-0.42753738164901733
2018-08-29 21:00:00,-0.32242751121520996
2018-08-29 22:00:00,-0.23407673835754395
2018-08-29 23:00:00,-0.14521610736846924
2018-08-30 00:00:00,-0.053270578384399414
2018-08-30 01:00:00,0.07086789608001709
2018-08-30 02:00:00,0.7608869075775146
2018-08-30 03:00:00,1.2973624467849731
2018-08-30 04:00:00,1.669253945350647
2018-08-30 05:00:00,1.9453226327896118
2018-08-30 06:00:00,2.0566468238830566
2018-08-30 07:00:00,1.9880037307739258
2018-08-30 08:00:00,1.8156040906906128
2018-08-30 09:00:00,1.6677755117416382
2018-08-30 10:00:00,1.41365385055542
2018-08-30 11:00:00,1.0527229309082031
2018-08-30 12:00:00,0.7831383943557739
2018-08-30 13:00:00,0.5373057126998901
2018-08-30 14:00:00,0.5021443367004395
2018-08-30 15:00:00,0.5501205921173096
2018-08-30 16:00:00,0.748306080698967
2018-08-30 17:00:00,0.9698712825775146
2018-08-30 18:00:00,1.1172580420970917
2018-08-30 19:00:00,1.1659242063760757
2018-08-30 20:00:00,1.0621815919876099
2018-08-30 21:00:00,1.0183707475662231
2018-08-30 22:00:00,1.1981998682022095
2018-08-30 23:00:00,1.5873632431030273
2018-08-31 00:00:00,1.9127726554870605
2018-08-31 01:00:00,2.3692147731781006
2018-08-31 02:00:00,2.810620069503784
2018-08-31 03:00:00,2.4064080715179443
2018-08-31 04:00:00,3.0354809761047363
2018-08-31 05:00:00,2.940920829772949
2018-08-31 06:00:00,2.354688882827759
2018-08-31 07:00:00,1.6426970958709717
2018-08-31 08:00:00,0.9054031372070312
2018-08-31 09:00:00,0.3208780288696289
2018-08-31 10:00:00,0.034107357263565063
2018-08-31 11:00:00,-0.21808427572250366
2018-08-31 12:00:00,-0.5909579396247864
2018-08-31 13:00:00,-0.8747923821210861
2018-08-31 14:00:00,-1.346923589706421
2018-08-31 15:00:00,-1.6131267547607422
2018-08-31 16:00:00,-1.4644278287887573
2018-08-31 17:00:00,-1.2176084518432617
2018-08-31 18:00:00,-0.967860221862793
2018-08-31 19:00:00,-0.6905843019485474
2018-08-31 20:00:00,-0.458329975605011
2018-08-31 21:00:00,-0.3829162120819092
2018-08-31 22:00:00,-0.4121537059545517
2018-08-31 23:00:00,-0.5722188353538513
2018-09-01 00:00:00,-0.6761481687426567
2018-09-01 01:00:00,-0.5476087406277657
2018-09-01 02:00:00,-0.38738297671079636
2018-09-01 03:00:00,0.057622700929641724
2018-09-01 04:00:00,-0.02681395411491394
2018-09-01 05:00:00,-0.353618860244751
2018-09-01 06:00:00,-0.6354486644268036
2018-09-01 07:00:00,-0.8351261615753174
2018-09-01 08:00:00,-0.9175337553024292
2018-09-01 09:00:00,-0.7795772850513458
2018-09-01 10:00:00,-0.40546274185180664
2018-09-01 11:00:00,-0.05524551868438721
2018-09-01 12:00:00,0.1443166509270668
2018-09-01 13:00:00,0.127631064504385
2018-09-01 14:00:00,0.1011585220694542
2018-09-01 15:00:00,0.09482210874557495
2018-09-01 16:00:00,0.07328808307647705
2018-09-01 17:00:00,0.06671078130602837
2018-09-01 18:00:00,0.079287588596344
2018-09-01 19:00:00,0.16376280784606934
2018-09-01 20:00:00,0.31276172399520874
2018-09-01 21:00:00,0.4826638102531433
2018-09-01 22:00:00,0.5762718915939331
2018-09-01 23:00:00,0.6600176095962524
2018-09-02 00:00:00,0.705126166343689
2018-09-02 01:00:00,0.8041262626647949
2018-09-02 02:00:00,1.6698219776153564
2018-09-02 03:00:00,1.5146708488464355
2018-09-02 04:00:00,1.2105544805526733
2018-09-02 05:00:00,0.9032812565565109
2018-09-02 06:00:00,0.5638335347175598
2018-09-02 07:00:00,0.261633038520813
2018-09-02 08:00:00,0.079487144947052
2018-09-02 09:00:00,0.010724782943725586
2018-09-02 10:00:00,-0.04833346605300903
2018-09-02 11:00:00,-0.06945246458053589
2018-09-02 12:00:00,-0.04271385073661804
2018-09-02 13:00:00,-0.024558305740356445
2018-09-02 14:00:00,-0.006410002708435059
2018-09-02 15:00:00,-0.024171948432922363
2018-09-02 16:00:00,-0.07514595985412598
2018-09-02 17:00:00,-0.14403432607650757
2018-09-02 18:00:00,-0.1746612787246704
2018-09-02 19:00:00,-0.20373249053955078
2018-09-02 20:00:00,-0.2341848611831665
2018-09-02 21:00:00,-0.18852615356445312
2018-09-02 22:00:00,-0.04387259483337402
2018-09-02 23:00:00,0.1365814208984375
2018-09-03 00:00:00,0.38639581203460693
2018-09-03 01:00:00,0.679597333073616
2018-09-03 02:00:00,1.24268639087677
2018-09-03 03:00:00,1.2488188445568085
2018-09-03 04:00:00,0.8080696612596512
2018-09-03 05:00:00,0.26917483657598495
2018-09-03 06:00:00,-0.08186626434326172
2018-09-03 07:00:00,-0.24664324522018433
2018-09-03 08:00:00,-0.2588484287261963
2018-09-03 09:00:00,-0.12849277257919312
2018-09-03 10:00:00,0.307961642742157
2018-09-03 11:00:00,0.3240193724632263
2018-09-03 12:00:00,0.2993772625923157
2018-09-03 13:00:00,0.27516970038414
2018-09-03 14:00:00,0.25944942235946655
2018-09-03 15:00:00,0.3157680630683899
2018-09-03 16:00:00,0.4214329719543457
2018-09-03 17:00:00,0.516062319278717
2018-09-03 18:00:00,0.5588463544845581
2018-09-03 19:00:00,0.5867998003959656
2018-09-03 20:00:00,0.5944595336914062
2018-09-03 21:00:00,0.5251770243048668
2018-09-03 22:00:00,0.418457567691803
2018-09-03 23:00:00,0.3868868127465248
2018-09-04 00:00:00,0.41522449254989624
2018-09-04 01:00:00,0.4699830412864685
2018-09-04 02:00:00,1.403718113899231
2018-09-04 03:00:00,1.448419451713562
2018-09-04 04:00:00,1.4932044744491577
2018-09-04 05:00:00,1.3347949981689453
2018-09-04 06:00:00,1.186484456062317
2018-09-04 07:00:00,1.0756135135889053
2018-09-04 08:00:00,0.9515419453382492
2018-09-04 09:00:00,0.8509138822555542
2018-09-04 10:00:00,0.7606567740440369
2018-09-04 11:00:00,0.6031691431999207
2018-09-04 12:00:00,0.3918784260749817
2018-09-04 13:00:00,0.4595777988433838
2018-09-04 14:00:00,0.45650798082351685
2018-09-04 15:00:00,0.4582905173301697
2018-09-04 16:00:00,0.42088180780410767
2018-09-04 17:00:00,0.39256447553634644
2018-09-04 18:00:00,0.3958338499069214
2018-09-04 19:00:00,0.4431462287902832
2018-09-04 20:00:00,0.5165772438049316
2018-09-04 21:00:00,0.6213892102241516
2018-09-04 22:00:00,0.7179120779037476
2018-09-04 23:00:00,0.801537036895752
2018-09-05 00:00:00,0.8554311990737915
2018-09-05 01:00:00,0.9619235992431641
2018-09-05 02:00:00,2.03104567527771
2018-09-05 03:00:00,1.7080142498016357
2018-09-05 04:00:00,1.9831135272979736
2018-09-05 05:00:00,2.0348615646362305
2018-09-05 06:00:00,1.9843831062316895
2018-09-05 07:00:00,1.8893812894821167
2018-09-05 08:00:00,1.7320013046264648
2018-09-05 09:00:00,1.6077203750610352
2018-09-05 10:00:00,1.3114953190088272
2018-09-05 11:00:00,0.7706151008605957
2018-09-05 12:00:00,0.5399223491549492
2018-09-05 13:00:00,0.19056302309036255
2018-09-05 14:00:00,0.04668104648590088
2018-09-05 15:00:00,-0.05687866359949112
2018-09-05 16:00:00,0.16597580909729004
2018-09-05 17:00:00,0.45586538314819336
2018-09-05 18:00:00,0.6567253470420837
2018-09-05 19:00:00,0.8195523023605347
2018-09-05 20:00:00,0.8913177251815796
2018-09-05 21:00:00,0.9013841152191162
2018-09-05 22:00:00,0.8750742673873901
2018-09-05 23:00:00,0.9222278594970703
2018-09-06 00:00:00,1.0340296030044556
2018-09-06 01:00:00,1.2265689373016357
2018-09-06 02:00:00,2.232149600982666
2018-09-06 03:00:00,2.1254811882972717
2018-09-06 04:00:00,2.104956567287445
2018-09-06 05:00:00,1.904381275177002
2018-09-06 06:00:00,1.268921971321106
2018-09-06 07:00:00,0.7273180484771729
2018-09-06 08:00:00,0.43227440118789673
2018-09-06 09:00:00,0.28354954719543457
2018-09-06 10:00:00,0.30357184261083603
2018-09-06 11:00:00,0.16316920518875122
2018-09-06 12:00:00,-0.012316986918449402
2018-09-06 13:00:00,-0.22835009545087814
2018-09-06 14:00:00,-0.3174085058271885
2018-09-06 15:00:00,-0.27536964137107134
2018-09-06 16:00:00,-0.20944273471832275
2018-09-06 17:00:00,-0.08681267499923706
2018-09-06 18:00:00,0.10891968011856079
2018-09-06 19:00:00,0.3231004476547241
2018-09-06 20:00:00,0.4335046410560608
2018-09-06 21:00:00,0.43983179330825806
2018-09-06 22:00:00,0.25561028718948364
2018-09-06 23:00:00,-0.05083388090133667
2018-09-07 00:00:00,-0.25788843631744385
2018-09-07 01:00:00,-0.2881898581981659
2018-09-07 02:00:00,-0.9798662662506104
2018-09-07 03:00:00,-0.9715154021978378
2018-09-07 04:00:00,-1.1909892559051514
2018-09-07 05:00:00,-1.4755295515060425
2018-09-07 06:00:00,-1.6241135597229004
2018-09-07 07:00:00,-1.766275316476822
2018-09-07 08:00:00,-1.892209142446518
2018-09-07 09:00:00,-1.9342126846313477
2018-09-07 10:00:00,-1.669297218322754
2018-09-07 11:00:00,-0.8325453400611877
2018-09-07 12:00:00,-0.6452819034457207
2018-09-07 13:00:00,-0.6078295707702637
2018-09-07 14:00:00,-0.666363000869751
2018-09-07 15:00:00,-0.7374169826507568
2018-09-07 16:00:00,-0.7946044206619263
2018-09-07 17:00:00,-0.8487261533737183
2018-09-07 18:00:00,-0.9172632694244385
2018-09-07 19:00:00,-1.0082653015851974
2018-09-07 20:00:00,-1.0465069115161896
2018-09-07 21:00:00,-0.8505438566207886
2018-09-07 22:00:00,-0.6392269134521484
2018-09-07 23:00:00,-0.5873125195503235
2018-09-08 00:00:00,-0.5860920548439026
2018-09-08 01:00:00,-0.6361517310142517
2018-09-08 02:00:00,-1.0147359371185303
2018-09-08 03:00:00,-1.4715862274169922
2018-09-08 04:00:00,-2.394099712371826
2018-09-08 05:00:00,-2.9544386863708496
2018-09-08 06:00:00,-3.3497941493988037
2018-09-08 07:00:00,-3.6443004608154297
2018-09-08 08:00:00,-3.839533507823944
2018-09-08 09:00:00,-3.9064126014709473
2018-09-08 10:00:00,-3.3872997164726257
2018-09-08 11:00:00,-2.716505527496338
2018-09-08 12:00:00,-2.00729900598526
2018-09-08 13:00:00,-1.2622408866882324
2018-09-08 14:00:00,-1.2007273435592651
2018-09-08 15:00:00,-1.1990547180175781
2018-09-08 16:00:00,-1.279100924730301
2018-09-08 17:00:00,-1.4503700882196426
2018-09-08 18:00:00,-1.6361031532287598
2018-09-08 19:00:00,-1.8686360716819763
2018-09-08 20:00:00,-1.9915780425071716
2018-09-08 21:00:00,-2.0342705249786377
2018-09-08 22:00:00,-2.0511581897735596
2018-09-08 23:00:00,-2.0450639724731445
2018-09-09 00:00:00,-1.9946522116661072
2018-09-09 01:00:00,-2.1611645221710205
2018-09-09 02:00:00,-2.950856924057007
2018-09-09 03:00:00,-3.547844886779785
2018-09-09 04:00:00,-4.075750410556793
2018-09-09 05:00:00,-4.292033135890961
2018-09-09 06:00:00,-4.316399574279785
2018-09-09 07:00:00,-4.2372302412986755
2018-09-09 08:00:00,-4.064522624015808
2018-09-09 09:00:00,-3.8151254653930664
2018-09-09 10:00:00,-3.24042010307312
2018-09-09 11:00:00,-2.478206157684326
2018-09-09 12:00:00,-1.671917200088501
2018-09-09 13:00:00,-0.7836565375328064
2018-09-09 14:00:00,-0.6338463425636292
2018-09-09 15:00:00,-0.5558030605316162
2018-09-09 16:00:00,-0.5677196383476257
2018-09-09 17:00:00,-0.5682541728019714
2018-09-09 18:00:00,-0.6054620742797852
2018-09-09 19:00:00,-0.6629934310913086
2018-09-09 20:00:00,-0.6972143650054932
2018-09-09 21:00:00,-0.7422971725463867
2018-09-09 22:00:00,-0.828595444560051
2018-09-09 23:00:00,-0.8604000061750412
2018-09-10 00:00:00,-0.8291765451431274
2018-09-10 01:00:00,-0.7916311919689178
2018-09-10 02:00:00,-1.4150524139404297
2018-09-10 03:00:00,-1.5720767080783844
2018-09-10 04:00:00,-1.862250566482544
2018-09-10 05:00:00,-2.004286229610443
2018-09-10 06:00:00,-1.9595587253570557
2018-09-10 07:00:00,-1.8001840114593506
2018-09-10 08:00:00,-1.6129530668258667
2018-09-10 09:00:00,-1.359579086303711
2018-09-10 10:00:00,-1.1241247653961182
2018-09-10 11:00:00,-0.7289173603057861
2018-09-10 12:00:00,-0.13405174016952515
2018-09-10 13:00:00,0.12275230884552002
2018-09-10 14:00:00,0.32921236753463745
2018-09-10 15:00:00,0.5044102035462856
2018-09-10 16:00:00,0.6325586289167404
2018-09-10 17:00:00,0.7663799598813057
2018-09-10 18:00:00,0.9056262075901031
2018-09-10 19:00:00,1.0573353469371796
2018-09-10 20:00:00,1.1995542347431183
2018-09-10 21:00:00,1.364925354719162
2018-09-10 22:00:00,1.274100422859192
2018-09-10 23:00:00,1.1295086145401
2018-09-11 00:00:00,0.9666779935359955
2018-09-11 01:00:00,0.8938622176647186
2018-09-11 02:00:00,1.7840979099273682
2018-09-11 03:00:00,1.6339480876922607
2018-09-11 04:00:00,1.6344201564788818
2018-09-11 05:00:00,1.6876425743103027
2018-09-11 06:00:00,1.8903775215148926
2018-09-11 07:00:00,2.0854132175445557
2018-09-11 08:00:00,2.2149558067321777
2018-09-11 09:00:00,2.2462704181671143
2018-09-11 10:00:00,2.0885353088378906
2018-09-11 11:00:00,1.6152610778808594
2018-09-11 12:00:00,0.7322636842727661
2018-09-11 13:00:00,0.6055350303649902
2018-09-11 14:00:00,0.4954901933670044
2018-09-11 15:00:00,0.5157580971717834
2018-09-11 16:00:00,0.6782747507095337
2018-09-11 17:00:00,0.8752570152282715
2018-09-11 18:00:00,1.0259102582931519
2018-09-11 19:00:00,1.1823197603225708
2018-09-11 20:00:00,1.41082763671875
2018-09-11 21:00:00,1.7824957370758057
2018-09-11 22:00:00,2.042912244796753
2018-09-11 23:00:00,2.343930959701538
2018-09-12 00:00:00,2.5810680389404297
2018-09-12 01:00:00,2.6969876289367676
2018-09-12 02:00:00,3.2465431690216064
2018-09-12 03:00:00,3.2831056118011475
2018-09-12 04:00:00,3.821058750152588
2018-09-12 05:00:00,4.244965493679047
2018-09-12 06:00:00,4.242910385131836
2018-09-12 07:00:00,4.0432610511779785
2018-09-12 08:00:00,3.8322322368621826
2018-09-12 09:00:00,3.6309046745300293
2018-09-12 10:00:00,3.182162284851074
2018-09-12 11:00:00,2.1272880733013153
2018-09-12 12:00:00,1.6851210594177246
2018-09-12 13:00:00,1.073548674583435
2018-09-12 14:00:00,1.0779097080230713
2018-09-12 15:00:00,1.1567579507827759
2018-09-12 16:00:00,1.4313983917236328
2018-09-12 17:00:00,1.6961418390274048
2018-09-12 18:00:00,1.9106218814849854
2018-09-12 19:00:00,2.0725486278533936
2018-09-12 20:00:00,2.1865143477916718
2018-09-12 21:00:00,2.230929136276245
2018-09-12 22:00:00,2.1093523502349854
2018-09-12 23:00:00,1.993445873260498
2018-09-13 00:00:00,1.8822782039642334
2018-09-13 01:00:00,1.8592000007629395
2018-09-13 02:00:00,2.635866165161133
2018-09-13 03:00:00,2.6829781532287598
2018-09-13 04:00:00,3.8808493614196777
2018-09-13 05:00:00,3.878884196281433
2018-09-13 06:00:00,3.36602520942688
2018-09-13 07:00:00,2.7981374263763428
2018-09-13 08:00:00,2.3677799701690674
2018-09-13 09:00:00,2.0413541197776794
2018-09-13 10:00:00,1.6716715097427368
2018-09-13 11:00:00,1.2101236581802368
2018-09-13 12:00:00,0.9672767668962479
2018-09-13 13:00:00,0.46021568775177
2018-09-13 14:00:00,0.3560117483139038
2018-09-13 15:00:00,0.5000302195549011
2018-09-13 16:00:00,0.86902916431427
2018-09-13 17:00:00,1.3139636665582657
2018-09-13 18:00:00,1.6934212744235992
2018-09-13 19:00:00,1.9454481601715088
2018-09-13 20:00:00,2.119671791791916
2018-09-13 21:00:00,2.1977052688598633
2018-09-13 22:00:00,2.0977847576141357
2018-09-13 23:00:00,1.9804604053497314
2018-09-14 00:00:00,1.8621108531951904
2018-09-14 01:00:00,1.831712007522583
2018-09-14 02:00:00,2.6366541385650635
2018-09-14 03:00:00,2.29180908203125
2018-09-14 04:00:00,3.099843740463257
2018-09-14 05:00:00,2.8411941528320312
2018-09-14 06:00:00,2.2906012535095215
2018-09-14 07:00:00,1.8369619846343994
2018-09-14 08:00:00,1.5517667829990387
2018-09-14 09:00:00,1.3787949085235596
2018-09-14 10:00:00,1.158001184463501
2018-09-14 11:00:00,0.9704291820526123
2018-09-14 12:00:00,0.8879381418228149
2018-09-14 13:00:00,0.4979201555252075
2018-09-14 14:00:00,0.3267819881439209
2018-09-14 15:00:00,0.2739678621292114
2018-09-14 16:00:00,0.39339733123779297
2018-09-14 17:00:00,0.5853525400161743
2018-09-14 18:00:00,0.8247284889221191
2018-09-14 19:00:00,1.0873723030090332
2018-09-14 20:00:00,1.3184421062469482
2018-09-14 21:00:00,1.4819799363613129
2018-09-14 22:00:00,1.4534841477870941
2018-09-14 23:00:00,1.3618941456079483
2018-09-15 00:00:00,1.3050848245620728
2018-09-15 01:00:00,1.3043607473373413
2018-09-15 02:00:00,2.335190773010254
2018-09-15 03:00:00,2.2696609795093536
2018-09-15 04:00:00,2.7457430362701416
2018-09-15 05:00:00,2.7386813163757324
2018-09-15 06:00:00,2.4185678958892822
2018-09-15 07:00:00,2.1090636253356934
2018-09-15 08:00:00,1.8622651100158691
2018-09-15 09:00:00,1.6857402324676514
2018-09-15 10:00:00,1.5396075248718262
2018-09-15 11:00:00,1.2300968170166016
2018-09-15 12:00:00,0.8265243768692017
2018-09-15 13:00:00,0.5854830741882324
2018-09-15 14:00:00,0.47393620014190674
2018-09-15 15:00:00,0.41932904720306396
2018-09-15 16:00:00,0.4554760456085205
2018-09-15 17:00:00,0.6062191724777222
2018-09-15 18:00:00,0.7266409397125244
2018-09-15 19:00:00,0.8364580869674683
2018-09-15 20:00:00,0.9272809028625488
2018-09-15 21:00:00,1.0040872544050217
2018-09-15 22:00:00,1.091700553894043
2018-09-15 23:00:00,1.188368320465088
2018-09-16 00:00:00,1.3047690391540527
2018-09-16 01:00:00,1.4561891555786133
2018-09-16 02:00:00,2.4917306900024414
2018-09-16 03:00:00,2.668060541152954
2018-09-16 04:00:00,3.011162757873535
2018-09-16 05:00:00,3.255981922149658
2018-09-16 06:00:00,3.1617770195007324
2018-09-16 07:00:00,2.9961493015289307
2018-09-16 08:00:00,2.80647611618042
2018-09-16 09:00:00,2.596297472715378
2018-09-16 10:00:00,2.244843006134033
2018-09-16 11:00:00,1.411506175994873
2018-09-16 12:00:00,0.9960944652557373
2018-09-16 13:00:00,0.521835207939148
2018-09-16 14:00:00,0.4492059350013733
2018-09-16 15:00:00,0.41624724864959717
2018-09-16 16:00:00,0.5721961259841919
2018-09-16 17:00:00,0.7432241439819336
2018-09-16 18:00:00,0.8383733034133911
2018-09-16 19:00:00,0.8952124118804932
2018-09-16 20:00:00,0.9122445583343506
2018-09-16 21:00:00,0.8830028027296066
2018-09-16 22:00:00,0.7099469155073166
2018-09-16 23:00:00,0.6052947640419006
2018-09-17 00:00:00,0.6087278723716736
2018-09-17 01:00:00,0.6809322237968445
2018-09-17 02:00:00,1.1009979248046875
2018-09-17 03:00:00,1.645979881286621
2018-09-17 04:00:00,2.0107696056365967
2018-09-17 05:00:00,2.5369575023651123
2018-09-17 06:00:00,2.6498613357543945
2018-09-17 07:00:00,2.5075831413269043
2018-09-17 08:00:00,2.3472464084625244
2018-09-17 09:00:00,2.1738507747650146
2018-09-17 10:00:00,1.8182020783424377
2018-09-17 11:00:00,1.0431917905807495
2018-09-17 12:00:00,0.7927461862564087
2018-09-17 13:00:00,0.4125242233276367
2018-09-17 14:00:00,0.28384923934936523
2018-09-17 15:00:00,0.2002878189086914
2018-09-17 16:00:00,0.31872546672821045
2018-09-17 17:00:00,0.4909200668334961
2018-09-17 18:00:00,0.6780493259429932
2018-09-17 19:00:00,0.7444458603858948
2018-09-17 20:00:00,0.7801434546709061
2018-09-17 21:00:00,0.7877604365348816
2018-09-17 22:00:00,0.7943941950798035
2018-09-17 23:00:00,0.8346679210662842
2018-09-18 00:00:00,0.8988888710737228
2018-09-18 01:00:00,0.9763174057006836
2018-09-18 02:00:00,1.7209171056747437
2018-09-18 03:00:00,2.2148993015289307
2018-09-18 04:00:00,2.207510471343994
2018-09-18 05:00:00,2.7256622314453125
2018-09-18 06:00:00,2.7711808681488037
2018-09-18 07:00:00,2.6497578620910645
2018-09-18 08:00:00,2.44333553314209
2018-09-18 09:00:00,2.2100276947021484
2018-09-18 10:00:00,1.680783987045288
2018-09-18 11:00:00,0.9279053211212158
2018-09-18 12:00:00,0.5802240967750549
2018-09-18 13:00:00,0.04039275646209717
2018-09-18 14:00:00,-0.27190184593200684
2018-09-18 15:00:00,-0.45332425832748413
2018-09-18 16:00:00,-0.38495975732803345
2018-09-18 17:00:00,-0.29282915592193604
2018-09-18 18:00:00,-0.17941298335790634
2018-09-18 19:00:00,-0.11099221557378769
2018-09-18 20:00:00,-0.034530699253082275
2018-09-18 21:00:00,0.08715993165969849
2018-09-18 22:00:00,0.20399737358093262
2018-09-18 23:00:00,0.4399174451828003
2018-09-19 00:00:00,0.6816179752349854
2018-09-19 01:00:00,0.8497400283813477
2018-09-19 02:00:00,1.4613308906555176
2018-09-19 03:00:00,1.6690521240234375
2018-09-19 04:00:00,1.698657602071762
2018-09-19 05:00:00,2.1073956191539764
2018-09-19 06:00:00,2.1318793296813965
2018-09-19 07:00:00,2.2089986205101013
2018-09-19 08:00:00,2.1934996247291565
2018-09-19 09:00:00,2.0860016345977783
2018-09-19 10:00:00,1.6285196244716644
2018-09-19 11:00:00,0.8884618282318115
2018-09-19 12:00:00,0.3728538155555725
2018-09-19 13:00:00,-0.08817023038864136
2018-09-19 14:00:00,-0.3279384970664978
2018-09-19 15:00:00,-0.48950886726379395
2018-09-19 16:00:00,-0.42391860485076904
2018-09-19 17:00:00,-0.3018537759780884
2018-09-19 18:00:00,-0.09965312480926514
2018-09-19 19:00:00,0.13398295640945435
2018-09-19 20:00:00,0.3791421800851822
2018-09-19 21:00:00,0.6249330043792725
2018-09-19 22:00:00,0.6809467077255249
2018-09-19 23:00:00,0.6989167928695679
2018-09-20 00:00:00,0.6711351871490479
2018-09-20 01:00:00,0.5336171388626099
2018-09-20 02:00:00,0.2895497679710388
2018-09-20 03:00:00,-0.04583275318145752
2018-09-20 04:00:00,-0.33696234226226807
2018-09-20 05:00:00,-0.27197861671447754
2018-09-20 06:00:00,-0.30218034982681274
2018-09-20 07:00:00,-0.5017529129981995
2018-09-20 08:00:00,-0.8210141658782959
2018-09-20 09:00:00,-1.0558539628982544
2018-09-20 10:00:00,-1.1066286712884903
2018-09-20 11:00:00,-0.9104233980178833
2018-09-20 12:00:00,-0.8396072387695312
2018-09-20 13:00:00,-0.9204860180616379
2018-09-20 14:00:00,-1.0900473445653915
2018-09-20 15:00:00,-1.1719269752502441
2018-09-20 16:00:00,-1.221921443939209
2018-09-20 17:00:00,-1.2745540142059326
2018-09-20 18:00:00,-1.296442985534668
2018-09-20 19:00:00,-1.3156739473342896
2018-09-20 20:00:00,-1.2866144180297852
2018-09-20 21:00:00,-1.2261773347854614
2018-09-20 22:00:00,-1.2852165699005127
2018-09-20 23:00:00,-1.351613998413086
2018-09-21 00:00:00,-1.3511288166046143
2018-09-21 01:00:00,-1.3118176460266113
2018-09-21 02:00:00,-2.3576500415802
2018-09-21 03:00:00,-2.219409942626953
2018-09-21 04:00:00,-2.942842960357666
2018-09-21 05:00:00,-3.066866636276245
2018-09-21 06:00:00,-3.1142873764038086
2018-09-21 07:00:00,-3.0194497108459473
2018-09-21 08:00:00,-2.8076999187469482
2018-09-21 09:00:00,-2.608245849609375
2018-09-21 10:00:00,-2.4055648148059845
2018-09-21 11:00:00,-2.13968226313591
2018-09-21 12:00:00,-1.3313460499048233
2018-09-21 13:00:00,-1.062430739402771
2018-09-21 14:00:00,-1.1272459030151367
2018-09-21 15:00:00,-1.2009321451187134
2018-09-21 16:00:00,-1.317004680633545
2018-09-21 17:00:00,-1.4239743947982788
2018-09-21 18:00:00,-1.4651426076889038
2018-09-21 19:00:00,-1.4327409267425537
2018-09-21 20:00:00,-1.5814367234706879
2018-09-21 21:00:00,-1.7581834197044373
2018-09-21 22:00:00,-1.8407281935214996
2018-09-21 23:00:00,-2.010233461856842
2018-09-22 00:00:00,-2.26770281791687
2018-09-22 01:00:00,-2.3020787239074707
2018-09-22 02:00:00,-2.9283251762390137
2018-09-22 03:00:00,-3.362140655517578
2018-09-22 04:00:00,-4.024949550628662
2018-09-22 05:00:00,-4.506655693054199
2018-09-22 06:00:00,-4.773431301116943
2018-09-22 07:00:00,-4.759499549865723
2018-09-22 08:00:00,-4.669365406036377
2018-09-22 09:00:00,-4.423731803894043
2018-09-22 10:00:00,-3.681856632232666
2018-09-22 11:00:00,-2.8194475173950195
2018-09-22 12:00:00,-1.9604456424713135
2018-09-22 13:00:00,-1.6903047561645508
2018-09-22 14:00:00,-2.140776604413986
2018-09-22 15:00:00,-2.19358229637146
2018-09-22 16:00:00,-2.4214753806591034
2018-09-22 17:00:00,-2.765394687652588
2018-09-22 18:00:00,-2.9739747047424316
2018-09-22 19:00:00,-3.275707483291626
2018-09-22 20:00:00,-3.6438745260238647
2018-09-22 21:00:00,-4.455689430236816
2018-09-22 22:00:00,-4.624767303466797
2018-09-22 23:00:00,-4.544161677360535
2018-09-23 00:00:00,-4.503508567810059
2018-09-23 01:00:00,-4.46915876865387
2018-09-23 02:00:00,-4.477887153625488
2018-09-23 03:00:00,-4.623481273651123
2018-09-23 04:00:00,-5.113237380981445
2018-09-23 05:00:00,-5.193265914916992
2018-09-23 06:00:00,-5.091466903686523
2018-09-23 07:00:00,-5.011696815490723
2018-09-23 08:00:00,-4.9114298820495605
2018-09-23 09:00:00,-4.752847671508789
2018-09-23 10:00:00,-3.8566508293151855
2018-09-23 11:00:00,-3.042526960372925
2018-09-23 12:00:00,-2.560452938079834
2018-09-23 13:00:00,-2.4095351696014404
2018-09-23 14:00:00,-2.778136730194092
2018-09-23 15:00:00,-2.8197250366210938
2018-09-23 16:00:00,-3.067355155944824
2018-09-23 17:00:00,-3.274198055267334
2018-09-23 18:00:00,-3.177367687225342
2018-09-23 19:00:00,-2.8547258377075195
2018-09-23 20:00:00,-2.630552291870117
2018-09-23 21:00:00,-2.2992982864379883
2018-09-23 22:00:00,-2.2854426205158234
2018-09-23 23:00:00,-2.2870962619781494
2018-09-24 00:00:00,-2.499640464782715
2018-09-24 01:00:00,-2.808870792388916
2018-09-24 02:00:00,-3.286104440689087
2018-09-24 03:00:00,-3.550487995147705
2018-09-24 04:00:00,-3.5122437477111816
2018-09-24 05:00:00,-3.5779571533203125
2018-09-24 06:00:00,-3.5780046582221985
2018-09-24 07:00:00,-3.4575514793395996
2018-09-24 08:00:00,-3.276339530944824
2018-09-24 09:00:00,-2.901471644639969
2018-09-24 10:00:00,-2.229382038116455
2018-09-24 11:00:00,-1.4920923858880997
2018-09-24 12:00:00,-0.8525807708501816
2018-09-24 13:00:00,-0.34447290003299713
2018-09-24 14:00:00,0.1210317313671112
2018-09-24 15:00:00,0.7778396308422089
2018-09-24 16:00:00,1.0606520175933838
2018-09-24 17:00:00,1.3649990260601044
2018-09-24 18:00:00,1.7352097034454346
2018-09-24 19:00:00,2.065951570868492
2018-09-24 20:00:00,2.3468358516693115
2018-09-24 21:00:00,2.5875706672668457
2018-09-24 22:00:00,2.756272554397583
2018-09-24 23:00:00,2.7981436252593994
2018-09-25 00:00:00,2.7868733406066895
2018-09-25 01:00:00,2.7268588542938232
2018-09-25 02:00:00,3.1604037284851074
2018-09-25 03:00:00,3.499753713607788
2018-09-25 04:00:00,3.6297366619110107
2018-09-25 05:00:00,3.760183334350586
2018-09-25 06:00:00,3.789654493331909
2018-09-25 07:00:00,3.7365002632141113
2018-09-25 08:00:00,3.6330361366271973
2018-09-25 09:00:00,3.4635963439941406
2018-09-25 10:00:00,2.933647394180298
2018-09-25 11:00:00,2.304133415222168
2018-09-25 12:00:00,1.4807385206222534
2018-09-25 13:00:00,0.7947086095809937
2018-09-25 14:00:00,0.7215092182159424
2018-09-25 15:00:00,0.6301326155662537
2018-09-25 16:00:00,0.5701368451118469
2018-09-25 17:00:00,0.5099184513092041
2018-09-25 18:00:00,0.4578794799745083
2018-09-25 19:00:00,0.4355245362967253
2018-09-25 20:00:00,0.47029292210936546
2018-09-25 21:00:00,0.5504058748483658
2018-09-25 22:00:00,0.747963473200798
2018-09-25 23:00:00,0.9210846424102783
2018-09-26 00:00:00,1.0556593835353851
2018-09-26 01:00:00,1.2097406387329102
2018-09-26 02:00:00,2.683779239654541
2018-09-26 03:00:00,2.516869068145752
2018-09-26 04:00:00,2.692884922027588
2018-09-26 05:00:00,2.735165596008301
2018-09-26 06:00:00,2.763517141342163
2018-09-26 07:00:00,2.7380504608154297
2018-09-26 08:00:00,2.642538547515869
2018-09-26 09:00:00,2.4672491550445557
2018-09-26 10:00:00,2.0635161101818085
2018-09-26 11:00:00,1.6106418669223785
2018-09-26 12:00:00,0.8136032819747925
2018-09-26 13:00:00,0.5764495693147182
2018-09-26 14:00:00,0.4403853416442871
2018-09-26 15:00:00,0.30328691750764847
2018-09-26 16:00:00,0.18412059545516968
2018-09-26 17:00:00,0.10395286418497562
2018-09-26 18:00:00,0.09322655387222767
2018-09-26 19:00:00,0.1641554832458496
2018-09-26 20:00:00,0.3893641233444214
2018-09-26 21:00:00,0.5784928202629089
2018-09-26 22:00:00,0.6643702387809753
2018-09-26 23:00:00,0.685832142829895
2018-09-27 00:00:00,0.7315114811062813
2018-09-27 01:00:00,0.7625526934862137
2018-09-27 02:00:00,1.2185020595788956
2018-09-27 03:00:00,1.4037694931030273
2018-09-27 04:00:00,1.1629248708486557
2018-09-27 05:00:00,1.700796365737915
2018-09-27 06:00:00,1.8124868869781494
2018-09-27 07:00:00,1.8742444515228271
2018-09-27 08:00:00,1.899221658706665
2018-09-27 09:00:00,1.8262358605861664
2018-09-27 10:00:00,1.4349241256713867
2018-09-27 11:00:00,0.808681532740593
2018-09-27 12:00:00,0.686313197016716
2018-09-27 13:00:00,0.2540743350982666
2018-09-27 14:00:00,-0.020984776318073273
2018-09-27 15:00:00,-0.22848723083734512
2018-09-27 16:00:00,-0.29691606760025024
2018-09-27 17:00:00,-0.2775299549102783
2018-09-27 18:00:00,-0.12466871738433838
2018-09-27 19:00:00,0.15467023849487305
2018-09-27 20:00:00,0.4279935359954834
2018-09-27 21:00:00,0.5866659879684448
2018-09-27 22:00:00,0.6660637259483337
2018-09-27 23:00:00,0.69404137134552
2018-09-28 00:00:00,0.6998742818832397
2018-09-28 01:00:00,0.6986655592918396
2018-09-28 02:00:00,0.5118788480758667
2018-09-28 03:00:00,0.784289076924324
2018-09-28 04:00:00,0.41571497917175293
2018-09-28 05:00:00,1.1179989576339722
2018-09-28 06:00:00,1.3537112474441528
2018-09-28 07:00:00,1.405759334564209
2018-09-28 08:00:00,1.4164845943450928
2018-09-28 09:00:00,1.3791462182998657
2018-09-28 10:00:00,1.0963982343673706
2018-09-28 11:00:00,0.9034914970397949
2018-09-28 12:00:00,0.5414642095565796
2018-09-28 13:00:00,0.14004099369049072
2018-09-28 14:00:00,-0.05085653066635132
2018-09-28 15:00:00,-0.15588748455047607
2018-09-28 16:00:00,-0.17691946029663086
2018-09-28 17:00:00,-0.14304852485656738
2018-09-28 18:00:00,-0.06520348787307739
2018-09-28 19:00:00,0.05373483896255493
2018-09-28 20:00:00,0.2479885220527649
2018-09-28 21:00:00,0.45410341024398804
2018-09-28 22:00:00,0.5968918800354004
2018-09-28 23:00:00,0.6657429188489914
2018-09-29 00:00:00,0.703130915760994
2018-09-29 01:00:00,0.6855830028653145
2018-09-29 02:00:00,0.3611156903207302
2018-09-29 03:00:00,0.6681303568184376
2018-09-29 04:00:00,0.36550623178482056
2018-09-29 05:00:00,1.1067835986614227
2018-09-29 06:00:00,1.695706844329834
2018-09-29 07:00:00,1.8675491213798523
2018-09-29 08:00:00,1.771958589553833
2018-09-29 09:00:00,1.6102783679962158
2018-09-29 10:00:00,1.203800916671753
2018-09-29 11:00:00,0.7073974609375
2018-09-29 12:00:00,0.5093405246734619
2018-09-29 13:00:00,0.2643691301345825
2018-09-29 14:00:00,0.15778881311416626
2018-09-29 15:00:00,0.11681121587753296
2018-09-29 16:00:00,0.1568528413772583
2018-09-29 17:00:00,0.2496362328529358
2018-09-29 18:00:00,0.3847004175186157
2018-09-29 19:00:00,0.5585156604647636
2018-09-29 20:00:00,0.7512750625610352
2018-09-29 21:00:00,0.9273658990859985
2018-09-29 22:00:00,1.0420621633529663
2018-09-29 23:00:00,1.1315186023712158
2018-09-30 00:00:00,1.2068047523498535
2018-09-30 01:00:00,1.2768474817276
2018-09-30 02:00:00,1.8343540132045746
2018-09-30 03:00:00,2.649021863937378
2018-09-30 04:00:00,2.154193162918091
2018-09-30 05:00:00,2.568706512451172
2018-09-30 06:00:00,2.7495522499084473
2018-09-30 07:00:00,2.7227914333343506
2018-09-30 08:00:00,2.5443327128887177
2018-09-30 09:00:00,2.315206289291382
2018-09-30 10:00:00,2.0785276889801025
2018-09-30 11:00:00,1.23755943775177
2018-09-30 12:00:00,0.8432015180587769
2018-09-30 13:00:00,0.4834628701210022
2018-09-30 14:00:00,0.3313402533531189
2018-09-30 15:00:00,0.23320406675338745
2018-09-30 16:00:00,0.2627372518181801
2018-09-30 17:00:00,0.38783156871795654
2018-09-30 18:00:00,0.569587230682373
2018-09-30 19:00:00,0.7549117207527161
2018-09-30 20:00:00,0.8962535262107849
2018-09-30 21:00:00,0.9795825183391571
2018-09-30 22:00:00,1.003113716840744
2018-09-30 23:00:00,1.0145186185836792
2018-10-01 00:00:00,1.02046537399292
2018-10-01 01:00:00,1.0191268920898438
2018-10-01 02:00:00,0.9644734859466553
2018-10-01 03:00:00,1.8880719244480133
2018-10-01 04:00:00,1.340524673461914
2018-10-01 05:00:00,1.878969669342041
2018-10-01 06:00:00,2.1001060009002686
2018-10-01 07:00:00,2.172224760055542
2018-10-01 08:00:00,2.1516072750091553
2018-10-01 09:00:00,1.9148411750793457
2018-10-01 10:00:00,1.6598267555236816
2018-10-01 11:00:00,1.157529354095459
2018-10-01 12:00:00,0.626742422580719
2018-10-01 13:00:00,0.31696176528930664
2018-10-01 14:00:00,0.13852906227111816
2018-10-01 15:00:00,0.021753966808319092
2018-10-01 16:00:00,-0.033914461731910706
2018-10-01 17:00:00,-0.06157124042510986
2018-10-01 18:00:00,-0.07565480470657349
2018-10-01 19:00:00,-0.03598085045814514
2018-10-01 20:00:00,0.11043724417686462
2018-10-01 21:00:00,0.36245498061180115
2018-10-01 22:00:00,0.58855801820755
2018-10-01 23:00:00,0.7685664296150208
2018-10-02 00:00:00,0.8481118679046631
2018-10-02 01:00:00,0.8802956342697144
2018-10-02 02:00:00,0.7561802938580513
2018-10-02 03:00:00,1.3762904405593872
2018-10-02 04:00:00,0.9445423781871796
2018-10-02 05:00:00,1.5216903686523438
2018-10-02 06:00:00,1.8536969423294067
2018-10-02 07:00:00,1.9664230346679688
2018-10-02 08:00:00,1.9038231372833252
2018-10-02 09:00:00,1.6845803260803223
2018-10-02 10:00:00,1.3317852020263672
2018-10-02 11:00:00,0.6417604088783264
2018-10-02 12:00:00,0.33465689420700073
2018-10-02 13:00:00,-0.06257545948028564
2018-10-02 14:00:00,-0.29394179582595825
2018-10-02 15:00:00,-0.4275017976760864
2018-10-02 16:00:00,-0.46135950088500977
2018-10-02 17:00:00,-0.45102202892303467
2018-10-02 18:00:00,-0.41479629278182983
2018-10-02 19:00:00,-0.3852766156196594
2018-10-02 20:00:00,-0.373529314994812
2018-10-02 21:00:00,-0.35494399070739746
2018-10-02 22:00:00,-0.28406548500061035
2018-10-02 23:00:00,-0.17754340171813965
2018-10-03 00:00:00,-0.0813373327255249
2018-10-03 01:00:00,0.0647505521774292
2018-10-03 02:00:00,0.10945630073547363
2018-10-03 03:00:00,0.3576735258102417
2018-10-03 04:00:00,-0.02862018346786499
2018-10-03 05:00:00,-0.010311365127563477
2018-10-03 06:00:00,0.1154516339302063
2018-10-03 07:00:00,0.28152328729629517
2018-10-03 08:00:00,0.3518669605255127
2018-10-03 09:00:00,0.27150171995162964
2018-10-03 10:00:00,0.2646281123161316
2018-10-03 11:00:00,0.17831188440322876
2018-10-03 12:00:00,0.049068666994571686
2018-10-03 13:00:00,-0.34155330806970596
2018-10-03 14:00:00,-0.5815328359603882
2018-10-03 15:00:00,-0.7209550142288208
2018-10-03 16:00:00,-0.7676413506269455
2018-10-03 17:00:00,-0.7865738868713379
2018-10-03 18:00:00,-0.7963154315948486
2018-10-03 19:00:00,-0.8031415492296219
2018-10-03 20:00:00,-0.7947600334882736
2018-10-03 21:00:00,-0.7697034329175949
2018-10-03 22:00:00,-0.797242283821106
2018-10-03 23:00:00,-0.8470625877380371
2018-10-04 00:00:00,-0.8961774855852127
2018-10-04 01:00:00,-0.9205552786588669
2018-10-04 02:00:00,-1.2337372303009033
2018-10-04 03:00:00,-1.8471381664276123
2018-10-04 04:00:00,-1.532492756843567
2018-10-04 05:00:00,-1.378204107284546
2018-10-04 06:00:00,-0.8947428464889526
2018-10-04 07:00:00,-0.35675185918807983
2018-10-04 08:00:00,0.10886329412460327
2018-10-04 09:00:00,0.2846515625715256
2018-10-04 10:00:00,0.17509996891021729
2018-10-04 11:00:00,-0.024044334888458252
2018-10-04 12:00:00,-0.12790578603744507
2018-10-04 13:00:00,-0.3672260046005249
2018-10-04 14:00:00,-0.5096408873796463
2018-10-04 15:00:00,-0.5518407821655273
2018-10-04 16:00:00,-0.46038055419921875
2018-10-04 17:00:00,-0.3537675738334656
2018-10-04 18:00:00,-0.24036788940429688
2018-10-04 19:00:00,-0.12215554714202881
2018-10-04 20:00:00,0.03926569223403931
2018-10-04 21:00:00,0.218572199344635
2018-10-04 22:00:00,0.2693948745727539
2018-10-04 23:00:00,0.28131866455078125
2018-10-05 00:00:00,0.2633904814720154
2018-10-05 01:00:00,0.2282887101173401
2018-10-05 02:00:00,0.22191214561462402
2018-10-05 03:00:00,0.15388453006744385
2018-10-05 04:00:00,-0.013415157794952393
2018-10-05 05:00:00,0.13446372747421265
2018-10-05 06:00:00,0.15803195536136627
2018-10-05 07:00:00,0.26415984332561493
2018-10-05 08:00:00,0.4238087683916092
2018-10-05 09:00:00,0.5525795221328735
2018-10-05 10:00:00,0.519375316798687
2018-10-05 11:00:00,0.30598777532577515
2018-10-05 12:00:00,0.24391337484121323
2018-10-05 13:00:00,0.23589366674423218
2018-10-05 14:00:00,0.2736089453101158
2018-10-05 15:00:00,0.3307655081152916
2018-10-05 16:00:00,0.3563631996512413
2018-10-05 17:00:00,0.35157841444015503
2018-10-05 18:00:00,0.32070183753967285
2018-10-05 19:00:00,0.2741771340370178
2018-10-05 20:00:00,0.2160860300064087
2018-10-05 21:00:00,0.13763773441314697
2018-10-05 22:00:00,0.1413487195968628
2018-10-05 23:00:00,0.20216232538223267
2018-10-06 00:00:00,0.3368052840232849
2018-10-06 01:00:00,0.5047946572303772
2018-10-06 02:00:00,0.4004392623901367
2018-10-06 03:00:00,1.1677629947662354
2018-10-06 04:00:00,1.0883991718292236
2018-10-06 05:00:00,1.2439496517181396
2018-10-06 06:00:00,1.5023119449615479
2018-10-06 07:00:00,1.6526930332183838
2018-10-06 08:00:00,1.7339885234832764
2018-10-06 09:00:00,1.6603786796331406
2018-10-06 10:00:00,1.4258697181940079
2018-10-06 11:00:00,0.785408541560173
2018-10-06 12:00:00,0.44871091842651367
2018-10-06 13:00:00,0.21742910146713257
2018-10-06 14:00:00,0.0871344804763794
2018-10-06 15:00:00,0.01142573356628418
2018-10-06 16:00:00,0.019849061965942383
2018-10-06 17:00:00,0.06336617469787598
2018-10-06 18:00:00,0.13926750421524048
2018-10-06 19:00:00,0.23152506351470947
2018-10-06 20:00:00,0.34474313259124756
2018-10-06 21:00:00,0.4450858235359192
2018-10-06 22:00:00,0.4624038338661194
2018-10-06 23:00:00,0.43164533376693726
2018-10-07 00:00:00,0.3795351982116699
2018-10-07 01:00:00,0.336506187915802
2018-10-07 02:00:00,0.2549307346343994
2018-10-07 03:00:00,0.46819281578063965
2018-10-07 04:00:00,0.12700098752975464
2018-10-07 05:00:00,0.6431599855422974
2018-10-07 06:00:00,0.8109403848648071
2018-10-07 07:00:00,0.8768562003970146
2018-10-07 08:00:00,0.8402702882885933
2018-10-07 09:00:00,0.7656665593385696
2018-10-07 10:00:00,0.7598482295870781
2018-10-07 11:00:00,0.45019251108169556
2018-10-07 12:00:00,0.30152473598718643
2018-10-07 13:00:00,0.017936892807483673
2018-10-07 14:00:00,-0.21311267092823982
2018-10-07 15:00:00,-0.3837348259985447
2018-10-07 16:00:00,-0.4462350010871887
2018-10-07 17:00:00,-0.4741877242922783
2018-10-07 18:00:00,-0.49622392281889915
2018-10-07 19:00:00,-0.5215963125228882
2018-10-07 20:00:00,-0.5301527939736843
2018-10-07 21:00:00,-0.5356637798249722
2018-10-07 22:00:00,-0.6044109016656876
2018-10-07 23:00:00,-0.6865100264549255
2018-10-08 00:00:00,-0.7099967002868652
2018-10-08 01:00:00,-0.613378643989563
2018-10-08 02:00:00,-0.30366402864456177
2018-10-08 03:00:00,-0.3172195553779602
2018-10-08 04:00:00,-0.26911813020706177
2018-10-08 05:00:00,-0.2273685485124588
2018-10-08 06:00:00,-0.10085104405879974
2018-10-08 07:00:00,0.2302485555410385
2018-10-08 08:00:00,0.6598592549562454
2018-10-08 09:00:00,0.9672750607132912
2018-10-08 10:00:00,0.7110590934753418
2018-10-08 11:00:00,0.5582100190222263
2018-10-08 12:00:00,0.19001418352127075
2018-10-08 13:00:00,-0.41028545796871185
2018-10-08 14:00:00,-0.8330419510602951
2018-10-08 15:00:00,-1.0458393096923828
2018-10-08 16:00:00,-1.1588449627161026
2018-10-08 17:00:00,-1.1960534900426865
2018-10-08 18:00:00,-1.1694374084472656
2018-10-08 19:00:00,-1.0797035694122314
2018-10-08 20:00:00,-0.9757620096206665
2018-10-08 21:00:00,-0.9113115817308426
2018-10-08 22:00:00,-0.9267454147338867
2018-10-08 23:00:00,-1.0225785970687866
2018-10-09 00:00:00,-1.1769837141036987
2018-10-09 01:00:00,-1.3610484451055527
2018-10-09 02:00:00,-2.18667671084404
2018-10-09 03:00:00,-2.5682802200317383
2018-10-09 04:00:00,-2.34294393658638
2018-10-09 05:00:00,-2.27905610203743
2018-10-09 06:00:00,-2.0923538208007812
2018-10-09 07:00:00,-1.579366683959961
2018-10-09 08:00:00,-0.9049613177776337
2018-10-09 09:00:00,-0.5771067067980766
2018-10-09 10:00:00,-0.4423685669898987
2018-10-09 11:00:00,-0.1987757459282875
2018-10-09 12:00:00,-0.3160792291164398
2018-10-09 13:00:00,-0.5437192916870117
2018-10-09 14:00:00,-0.6213420629501343
2018-10-09 15:00:00,-0.6313431262969971
2018-10-09 16:00:00,-0.6755297109484673
2018-10-09 17:00:00,-0.7137590646743774
2018-10-09 18:00:00,-0.7769297361373901
2018-10-09 19:00:00,-0.8882668614387512
2018-10-09 20:00:00,-1.0246903896331787
2018-10-09 21:00:00,-1.117875799536705
2018-10-09 22:00:00,-1.2700111865997314
2018-10-09 23:00:00,-1.4727600812911987
2018-10-10 00:00:00,-1.7485568523406982
2018-10-10 01:00:00,-1.9212734699249268
2018-10-10 02:00:00,-2.701124668121338
2018-10-10 03:00:00,-2.848787784576416
2018-10-10 04:00:00,-2.961091995239258
2018-10-10 05:00:00,-2.9818410873413086
2018-10-10 06:00:00,-2.861511707305908
2018-10-10 07:00:00,-2.678933620452881
2018-10-10 08:00:00,-2.5400123596191406
2018-10-10 09:00:00,-2.4386188983917236
2018-10-10 10:00:00,-2.206596851348877
2018-10-10 11:00:00,-1.7858551740646362
2018-10-10 12:00:00,-1.0722379684448242
2018-10-10 13:00:00,-1.0443658530712128
2018-10-10 14:00:00,-1.0629695653915405
2018-10-10 15:00:00,-1.0148282498121262
2018-10-10 16:00:00,-0.9045517891645432
2018-10-10 17:00:00,-0.8344714641571045
2018-10-10 18:00:00,-0.8132463693618774
2018-10-10 19:00:00,-0.8175169229507446
2018-10-10 20:00:00,-0.818096399307251
2018-10-10 21:00:00,-0.8205125331878662
2018-10-10 22:00:00,-0.8689268827438354
2018-10-10 23:00:00,-0.9280608892440796
2018-10-11 00:00:00,-1.002129316329956
2018-10-11 01:00:00,-1.1018880605697632
2018-10-11 02:00:00,-1.8586989641189575
2018-10-11 03:00:00,-1.8852660655975342
2018-10-11 04:00:00,-1.8866430521011353
2018-10-11 05:00:00,-1.8214221000671387
2018-10-11 06:00:00,-1.6614269018173218
2018-10-11 07:00:00,-1.5427900552749634
2018-10-11 08:00:00,-1.4804993867874146
2018-10-11 09:00:00,-1.4184882640838623
2018-10-11 10:00:00,-1.278591513633728
2018-10-11 11:00:00,-0.8163563013076782
2018-10-11 12:00:00,-0.8536086082458496
2018-10-11 13:00:00,-0.9808175563812256
2018-10-11 14:00:00,-1.1776233911514282
2018-10-11 15:00:00,-1.2434587627649307
2018-10-11 16:00:00,-1.0674861669540405
2018-10-11 17:00:00,-0.8715734928846359
2018-10-11 18:00:00,-0.7321528196334839
2018-10-11 19:00:00,-0.6023768186569214
2018-10-11 20:00:00,-0.5160135626792908
2018-10-11 21:00:00,-0.5160914063453674
2018-10-11 22:00:00,-0.599966287612915
2018-10-11 23:00:00,-0.6785848736763
2018-10-12 00:00:00,-0.7467213869094849
2018-10-12 01:00:00,-0.791573703289032
2018-10-12 02:00:00,-0.6085013747215271
2018-10-12 03:00:00,-0.9507188349962234
2018-10-12 04:00:00,-0.7961808443069458
2018-10-12 05:00:00,-0.5472952723503113
2018-10-12 06:00:00,-0.22185182571411133
2018-10-12 07:00:00,0.15122416615486145
2018-10-12 08:00:00,0.47462986409664154
2018-10-12 09:00:00,0.647399365901947
2018-10-12 10:00:00,0.6186821460723877
2018-10-12 11:00:00,0.3526408076286316
2018-10-12 12:00:00,0.3062814176082611
2018-10-12 13:00:00,0.18750512599945068
2018-10-12 14:00:00,0.11136186122894287
2018-10-12 15:00:00,0.08604055643081665
2018-10-12 16:00:00,0.0628652572631836
2018-10-12 17:00:00,0.06277793645858765
2018-10-12 18:00:00,0.06670749187469482
2018-10-12 19:00:00,0.05275672674179077
2018-10-12 20:00:00,0.010117828845977783
2018-10-12 21:00:00,-0.05380186438560486
2018-10-12 22:00:00,-0.09327416843734682
2018-10-12 23:00:00,-0.12559446692466736
2018-10-13 00:00:00,-0.1255335509777069
2018-10-13 01:00:00,-0.06683462858200073
2018-10-13 02:00:00,0.04363524913787842
2018-10-13 03:00:00,0.4326632618904114
2018-10-13 04:00:00,0.688947856426239
2018-10-13 05:00:00,1.2157979011535645
2018-10-13 06:00:00,1.499353289604187
2018-10-13 07:00:00,1.7031300067901611
2018-10-13 08:00:00,1.7360590696334839
2018-10-13 09:00:00,1.7553482055664062
2018-10-13 10:00:00,1.6431293487548828
2018-10-13 11:00:00,1.0085582733154297
2018-10-13 12:00:00,0.4513695240020752
2018-10-13 13:00:00,0.3168168067932129
2018-10-13 14:00:00,0.2437591552734375
2018-10-13 15:00:00,0.21172946691513062
2018-10-13 16:00:00,0.22844147682189941
2018-10-13 17:00:00,0.2823938727378845
2018-10-13 18:00:00,0.39108604192733765
2018-10-13 19:00:00,0.5032163262367249
2018-10-13 20:00:00,0.6158835291862488
2018-10-13 21:00:00,0.7456735968589783
2018-10-13 22:00:00,0.8784420490264893
2018-10-13 23:00:00,0.9897831678390503
2018-10-14 00:00:00,1.0820963382720947
2018-10-14 01:00:00,1.1450951099395752
2018-10-14 02:00:00,1.1076687574386597
2018-10-14 03:00:00,2.6050820350646973
2018-10-14 04:00:00,2.240487575531006
2018-10-14 05:00:00,2.780491828918457
2018-10-14 06:00:00,2.8552563190460205
2018-10-14 07:00:00,2.8794803619384766
2018-10-14 08:00:00,2.864075183868408
2018-10-14 09:00:00,2.703284502029419
2018-10-14 10:00:00,2.1363120079040527
2018-10-14 11:00:00,1.1564213037490845
2018-10-14 12:00:00,0.5145785808563232
2018-10-14 13:00:00,0.37780100107192993
2018-10-14 14:00:00,0.21754684299230576
2018-10-14 15:00:00,0.11140264198184013
2018-10-14 16:00:00,0.06745060905814171
2018-10-14 17:00:00,0.03503955155611038
2018-10-14 18:00:00,-0.0026655197143554688
2018-10-14 19:00:00,-0.018384933471679688
2018-10-14 20:00:00,0.0011070966720581055
2018-10-14 21:00:00,0.10145986080169678
2018-10-14 22:00:00,0.25384628772735596
2018-10-14 23:00:00,0.45704710483551025
2018-10-15 00:00:00,0.5429120063781738
2018-10-15 01:00:00,0.5879095792770386
2018-10-15 02:00:00,0.434726357460022
2018-10-15 03:00:00,0.9155645370483398
2018-10-15 04:00:00,0.7254656553268433
2018-10-15 05:00:00,0.8704725503921509
2018-10-15 06:00:00,1.0275297164916992
2018-10-15 07:00:00,1.0782496929168701
2018-10-15 08:00:00,0.9677935838699341
2018-10-15 09:00:00,0.764561653137207
2018-10-15 10:00:00,0.3312433958053589
2018-10-15 11:00:00,0.10591208934783936
2018-10-15 12:00:00,-0.2656458616256714
2018-10-15 13:00:00,-0.6816247701644897
2018-10-15 14:00:00,-0.9330189228057861
2018-10-15 15:00:00,-1.0736093521118164
2018-10-15 16:00:00,-1.0377220809459686
2018-10-15 17:00:00,-0.996140718460083
2018-10-15 18:00:00,-0.9536372423171997
2018-10-15 19:00:00,-0.9303420782089233
2018-10-15 20:00:00,-0.9433099031448364
2018-10-15 21:00:00,-0.9353939294815063
2018-10-15 22:00:00,-1.0039321184158325
2018-10-15 23:00:00,-1.0705344676971436
2018-10-16 00:00:00,-1.0547304153442383
2018-10-16 01:00:00,-0.9312965869903564
2018-10-16 02:00:00,-0.7709321975708008
2018-10-16 03:00:00,-1.342407464981079
2018-10-16 04:00:00,-1.053389072418213
2018-10-16 05:00:00,-1.027848720550537
2018-10-16 06:00:00,-1.089924931526184
2018-10-16 07:00:00,-0.7876487970352173
2018-10-16 08:00:00,-0.43481528759002686
2018-10-16 09:00:00,-0.3069039583206177
2018-10-16 10:00:00,-0.2914712429046631
2018-10-16 11:00:00,-0.21579891443252563
2018-10-16 12:00:00,-0.3696737736463547
2018-10-16 13:00:00,-0.7893801182508469
2018-10-16 14:00:00,-0.9727349281311035
2018-10-16 15:00:00,-1.0616570711135864
2018-10-16 16:00:00,-1.066616415977478
2018-10-16 17:00:00,-0.9967470318078995
2018-10-16 18:00:00,-0.9081664532423019
2018-10-16 19:00:00,-0.8942643404006958
2018-10-16 20:00:00,-0.9623357057571411
2018-10-16 21:00:00,-0.9936234951019287
2018-10-16 22:00:00,-1.0458481162786484
2018-10-16 23:00:00,-1.0582114458084106
2018-10-17 00:00:00,-1.0372841358184814
2018-10-17 01:00:00,-0.9466364085674286
2018-10-17 02:00:00,-0.7926930449903011
2018-10-17 03:00:00,-1.0699546039104462
2018-10-17 04:00:00,-0.5440807268023491
2018-10-17 05:00:00,-0.34611204266548157
2018-10-17 06:00:00,0.3835079222917557
2018-10-17 07:00:00,0.8207919895648956
2018-10-17 08:00:00,0.9880688190460205
2018-10-17 09:00:00,1.1386315524578094
2018-10-17 10:00:00,0.9449813663959503
2018-10-17 11:00:00,0.8556274175643921
2018-10-17 12:00:00,0.3660895824432373
2018-10-17 13:00:00,0.15610051155090332
2018-10-17 14:00:00,-0.11578476428985596
2018-10-17 15:00:00,-0.2850714921951294
2018-10-17 16:00:00,-0.48931241035461426
2018-10-17 17:00:00,-0.7004133462905884
2018-10-17 18:00:00,-0.9266495704650879
2018-10-17 19:00:00,-1.0653271675109863
2018-10-17 20:00:00,-1.0729048252105713
2018-10-17 21:00:00,-1.038881555199623
2018-10-17 22:00:00,-0.9386258125305176
2018-10-17 23:00:00,-0.8039349392056465
2018-10-18 00:00:00,-0.7062470316886902
2018-10-18 01:00:00,-0.678393118083477
2018-10-18 02:00:00,-0.7284582778811455
2018-10-18 03:00:00,-1.5871745347976685
2018-10-18 04:00:00,-1.4937201738357544
2018-10-18 05:00:00,-1.5085326433181763
2018-10-18 06:00:00,-1.347155824303627
2018-10-18 07:00:00,-0.8877160549163818
2018-10-18 08:00:00,-0.3952683359384537
2018-10-18 09:00:00,-0.07489222288131714
2018-10-18 10:00:00,-0.10634887218475342
2018-10-18 11:00:00,-0.01685069501399994
2018-10-18 12:00:00,-0.35124676674604416
2018-10-18 13:00:00,-0.8003837987780571
2018-10-18 14:00:00,-0.9703751802444458
2018-10-18 15:00:00,-1.0317797362804413
2018-10-18 16:00:00,-0.8143353015184402
2018-10-18 17:00:00,-0.2978164106607437
2018-10-18 18:00:00,0.21485118567943573
2018-10-18 19:00:00,0.6851008981466293
2018-10-18 20:00:00,1.0269999504089355
2018-10-18 21:00:00,1.1604197174310684
2018-10-18 22:00:00,1.031805008649826
2018-10-18 23:00:00,0.8227107524871826
2018-10-19 00:00:00,0.5793134719133377
2018-10-19 01:00:00,0.30982261896133423
2018-10-19 02:00:00,-0.02071768045425415
2018-10-19 03:00:00,-0.3643004447221756
2018-10-19 04:00:00,-0.757349282503128
2018-10-19 05:00:00,-1.2098196744918823
2018-10-19 06:00:00,-0.6924533545970917
2018-10-19 07:00:00,0.05130809545516968
2018-10-19 08:00:00,0.5269339680671692
2018-10-19 09:00:00,0.8022468537092209
2018-10-19 10:00:00,0.9250095188617706
2018-10-19 11:00:00,0.7350915670394897
2018-10-19 12:00:00,0.27772754430770874
2018-10-19 13:00:00,0.04803049564361572
2018-10-19 14:00:00,-0.14301323890686035
2018-10-19 15:00:00,-0.2658752202987671
2018-10-19 16:00:00,-0.366208553314209
2018-10-19 17:00:00,-0.43771278858184814
2018-10-19 18:00:00,-0.48765993118286133
2018-10-19 19:00:00,-0.5283963680267334
2018-10-19 20:00:00,-0.5619664192199707
2018-10-19 21:00:00,-0.5710865259170532
2018-10-19 22:00:00,-0.5550082921981812
2018-10-19 23:00:00,-0.514658510684967
2018-10-20 00:00:00,-0.441744901239872
2018-10-20 01:00:00,-0.35833966732025146
2018-10-20 02:00:00,-0.2526578903198242
2018-10-20 03:00:00,-0.24528098106384277
2018-10-20 04:00:00,-0.04797554016113281
2018-10-20 05:00:00,0.15949749946594238
2018-10-20 06:00:00,0.5729656219482422
2018-10-20 07:00:00,0.793923020362854
2018-10-20 08:00:00,0.9447082281112671
2018-10-20 09:00:00,0.9796148538589478
2018-10-20 10:00:00,0.6807996779680252
2018-10-20 11:00:00,0.3419458866119385
2018-10-20 12:00:00,-0.020670950412750244
2018-10-20 13:00:00,-0.20494383573532104
2018-10-20 14:00:00,-0.3276592716574669
2018-10-20 15:00:00,-0.4183538183569908
2018-10-20 16:00:00,-0.524060495197773
2018-10-20 17:00:00,-0.6053098365664482
2018-10-20 18:00:00,-0.6802601888775826
2018-10-20 19:00:00,-0.7373080253601074
2018-10-20 20:00:00,-0.7493050694465637
2018-10-20 21:00:00,-0.722565233707428
2018-10-20 22:00:00,-0.6479023694992065
2018-10-20 23:00:00,-0.6416590213775635
2018-10-21 00:00:00,-0.6317433714866638
2018-10-21 01:00:00,-0.4655002951622009
2018-10-21 02:00:00,-0.07829827070236206
2018-10-21 03:00:00,0.3660936951637268
2018-10-21 04:00:00,0.5820454359054565
2018-10-21 05:00:00,0.6579790115356445
2018-10-21 06:00:00,1.2231016159057617
2018-10-21 07:00:00,1.473217025399208
2018-10-21 08:00:00,1.5530464500188828
2018-10-21 09:00:00,1.522186279296875
2018-10-21 10:00:00,1.133323222398758
2018-10-21 11:00:00,0.7640751600265503
2018-10-21 12:00:00,0.32259559631347656
2018-10-21 13:00:00,0.25926560163497925
2018-10-21 14:00:00,0.19102394580841064
2018-10-21 15:00:00,0.15558278560638428
2018-10-21 16:00:00,0.16693013906478882
2018-10-21 17:00:00,0.2086646556854248
2018-10-21 18:00:00,0.2677527666091919
2018-10-21 19:00:00,0.3295653164386749
2018-10-21 20:00:00,0.38943612575531006
2018-10-21 21:00:00,0.44647282361984253
2018-10-21 22:00:00,0.5492910221219063
2018-10-21 23:00:00,0.6447155475616455
2018-10-22 00:00:00,0.7445826530456543
2018-10-22 01:00:00,0.8577510118484497
2018-10-22 02:00:00,0.8307790160179138
2018-10-22 03:00:00,2.11214280128479
2018-10-22 04:00:00,1.9032840728759766
2018-10-22 05:00:00,2.0434455275535583
2018-10-22 06:00:00,2.520434856414795
2018-10-22 07:00:00,2.4365713596343994
2018-10-22 08:00:00,2.269670248031616
2018-10-22 09:00:00,2.0462307929992676
2018-10-22 10:00:00,1.483970046043396
2018-10-22 11:00:00,0.8656797409057617
2018-10-22 12:00:00,0.3811224326491356
2018-10-22 13:00:00,0.2628202438354492
2018-10-22 14:00:00,0.04108691215515137
2018-10-22 15:00:00,-0.16237753629684448
2018-10-22 16:00:00,-0.08199834823608398
2018-10-22 17:00:00,0.04290503263473511
2018-10-22 18:00:00,0.1915675401687622
2018-10-22 19:00:00,0.3778650760650635
2018-10-22 20:00:00,0.552331268787384
2018-10-22 21:00:00,0.6691453456878662
2018-10-22 22:00:00,0.7509720325469971
2018-10-22 23:00:00,0.8204339742660522
2018-10-23 00:00:00,0.8812784552574158
2018-10-23 01:00:00,0.9164544343948364
2018-10-23 02:00:00,0.7972654104232788
2018-10-23 03:00:00,1.2358405590057373
2018-10-23 04:00:00,1.0094870328903198
2018-10-23 05:00:00,0.9386417865753174
2018-10-23 06:00:00,1.6833187341690063
2018-10-23 07:00:00,1.8048132956027985
2018-10-23 08:00:00,1.7393411695957184
2018-10-23 09:00:00,1.5591512620449066
2018-10-23 10:00:00,0.9792900085449219
2018-10-23 11:00:00,0.5170387625694275
2018-10-23 12:00:00,-0.021316200494766235
2018-10-23 13:00:00,-0.32851314544677734
2018-10-23 14:00:00,-0.5253292322158813
2018-10-23 15:00:00,-0.6637633964419365
2018-10-23 16:00:00,-0.7914309054613113
2018-10-23 17:00:00,-0.9067851305007935
2018-10-23 18:00:00,-0.9915435314178467
2018-10-23 19:00:00,-1.0110671371221542
2018-10-23 20:00:00,-0.9630158245563507
2018-10-23 21:00:00,-0.8420518636703491
2018-10-23 22:00:00,-0.648201048374176
2018-10-23 23:00:00,-0.4048488736152649
2018-10-24 00:00:00,-0.23964834213256836
2018-10-24 01:00:00,-0.14906883239746094
2018-10-24 02:00:00,-0.07083666324615479
2018-10-24 03:00:00,-0.10230076313018799
2018-10-24 04:00:00,-0.2130582332611084
2018-10-24 05:00:00,-0.3247227668762207
2018-10-24 06:00:00,-0.07488501071929932
2018-10-24 07:00:00,-0.09396350383758545
2018-10-24 08:00:00,-0.2291489839553833
2018-10-24 09:00:00,-0.4715656042098999
2018-10-24 10:00:00,-0.5716943740844727
2018-10-24 11:00:00,-0.5405247211456299
2018-10-24 12:00:00,-0.5944756269454956
2018-10-24 13:00:00,-0.8534624576568604
2018-10-24 14:00:00,-0.9447484016418457
2018-10-24 15:00:00,-0.9585878849029541
2018-10-24 16:00:00,-0.8694109916687012
2018-10-24 17:00:00,-0.7630726099014282
2018-10-24 18:00:00,-0.6635317802429199
2018-10-24 19:00:00,-0.5815271884202957
2018-10-24 20:00:00,-0.5038733631372452
2018-10-24 21:00:00,-0.4442670941352844
2018-10-24 22:00:00,-0.4846763610839844
2018-10-24 23:00:00,-0.5219695717096329
2018-10-25 00:00:00,-0.5545990020036697
2018-10-25 01:00:00,-0.5224305987358093
2018-10-25 02:00:00,-0.3800334930419922
2018-10-25 03:00:00,-0.5337615013122559
2018-10-25 04:00:00,-0.5440818071365356
2018-10-25 05:00:00,-0.8543189764022827
2018-10-25 06:00:00,-0.8655576705932617
2018-10-25 07:00:00,-0.6330441385507584
2018-10-25 08:00:00,-0.33169624023139477
2018-10-25 09:00:00,-0.10279031097888947
2018-10-25 10:00:00,-0.18459053337574005
2018-10-25 11:00:00,-0.2163342982530594
2018-10-25 12:00:00,-0.3277430534362793
2018-10-25 13:00:00,-0.6609881371259689
2018-10-25 14:00:00,-0.8864738494157791
2018-10-25 15:00:00,-1.0581321567296982
2018-10-25 16:00:00,-1.0879477262496948
2018-10-25 17:00:00,-1.095145344734192
2018-10-25 18:00:00,-1.0768767595291138
2018-10-25 19:00:00,-1.0668794959783554
2018-10-25 20:00:00,-1.0673385858535767
2018-10-25 21:00:00,-1.0532376766204834
2018-10-25 22:00:00,-1.0743160843849182
2018-10-25 23:00:00,-1.0401170253753662
2018-10-26 00:00:00,-0.9567979574203491
2018-10-26 01:00:00,-0.8491894006729126
2018-10-26 02:00:00,-0.6270229816436768
2018-10-26 03:00:00,-0.8674288988113403
2018-10-26 04:00:00,-0.6078637838363647
2018-10-26 05:00:00,-0.564481258392334
2018-10-26 06:00:00,-0.11201661825180054
2018-10-26 07:00:00,0.09834164381027222
2018-10-26 08:00:00,0.23496794700622559
2018-10-26 09:00:00,0.29097044467926025
2018-10-26 10:00:00,0.30694250762462616
2018-10-26 11:00:00,0.23472779989242554
2018-10-26 12:00:00,0.03577333688735962
2018-10-26 13:00:00,-0.09153205156326294
2018-10-26 14:00:00,-0.1976659893989563
2018-10-26 15:00:00,-0.30319297313690186
2018-10-26 16:00:00,-0.4208000898361206
2018-10-26 17:00:00,-0.546194314956665
2018-10-26 18:00:00,-0.6597506999969482
2018-10-26 19:00:00,-0.7581192255020142
2018-10-26 20:00:00,-0.8419908285140991
2018-10-26 21:00:00,-0.9008582830429077
2018-10-26 22:00:00,-0.9005403518676758
2018-10-26 23:00:00,-0.7541166543960571
2018-10-27 00:00:00,-0.5594473481178284
2018-10-27 01:00:00,-0.2773253917694092
2018-10-27 02:00:00,0.012487292289733887
2018-10-27 03:00:00,0.2823289632797241
2018-10-27 04:00:00,0.45460712909698486
2018-10-27 05:00:00,0.5797646641731262
2018-10-27 06:00:00,0.8840886354446411
2018-10-27 07:00:00,0.9343646019697189
2018-10-27 08:00:00,0.9307024925947189
2018-10-27 09:00:00,0.8190044090151787
2018-10-27 10:00:00,0.5229936987161636
2018-10-27 11:00:00,0.18240775913000107
2018-10-27 12:00:00,-0.09934163093566895
2018-10-27 13:00:00,-0.2935143932700157
2018-10-27 14:00:00,-0.422837994992733
2018-10-27 15:00:00,-0.5008965693414211
2018-10-27 16:00:00,-0.503277063369751
2018-10-27 17:00:00,-0.4802253246307373
2018-10-27 18:00:00,-0.45141202211380005
2018-10-27 19:00:00,-0.450680673122406
2018-10-27 20:00:00,-0.47196751832962036
2018-10-27 21:00:00,-0.4889492392539978
2018-10-27 22:00:00,-0.5023615956306458
2018-10-27 23:00:00,-0.4757808595895767
2018-10-28 00:00:00,-0.39930615574121475
2018-10-28 01:00:00,-0.2585899233818054
2018-10-28 02:00:00,-0.05402442812919617
2018-10-28 03:00:00,0.3299914598464966
2018-10-28 04:00:00,0.7327372506260872
2018-10-28 05:00:00,1.0321910381317139
2018-10-28 06:00:00,1.4181373119354248
2018-10-28 07:00:00,1.5181021690368652
2018-10-28 08:00:00,1.4214751571416855
2018-10-28 09:00:00,1.1529101133346558
2018-10-28 10:00:00,0.830973818898201
2018-10-28 11:00:00,0.37873011641204357
2018-10-28 12:00:00,0.03079637885093689
2018-10-28 13:00:00,-0.1282111406326294
2018-10-28 14:00:00,-0.2239754982292652
2018-10-28 15:00:00,-0.23936346918344498
2018-10-28 16:00:00,-0.24805357307195663
2018-10-28 17:00:00,-0.2841533198952675
2018-10-28 18:00:00,-0.34631264209747314
2018-10-28 19:00:00,-0.41524380445480347
2018-10-28 20:00:00,-0.47454482316970825
2018-10-28 21:00:00,-0.48385146260261536
2018-10-28 22:00:00,-0.41952669620513916
2018-10-28 23:00:00,-0.28728270530700684
2018-10-29 00:00:00,-0.1322764754295349
2018-10-29 01:00:00,-0.04049116373062134
2018-10-29 02:00:00,0.026224076747894287
2018-10-29 03:00:00,0.08569085597991943
2018-10-29 04:00:00,0.3446025848388672
2018-10-29 05:00:00,0.5502663888037205
2018-10-29 06:00:00,0.6479886695742607
2018-10-29 07:00:00,0.9191937744617462
2018-10-29 08:00:00,1.200057253241539
2018-10-29 09:00:00,1.3426316976547241
2018-10-29 10:00:00,1.1639745235443115
2018-10-29 11:00:00,0.6490117311477661
2018-10-29 12:00:00,0.2547532320022583
2018-10-29 13:00:00,0.13814222812652588
2018-10-29 14:00:00,0.03549790382385254
2018-10-29 15:00:00,-0.03536432981491089
2018-10-29 16:00:00,-0.06960320472717285
2018-10-29 17:00:00,-0.07033532857894897
2018-10-29 18:00:00,-0.026127338409423828
2018-10-29 19:00:00,-0.014253497123718262
2018-10-29 20:00:00,-0.02546292543411255
2018-10-29 21:00:00,-0.030678987503051758
2018-10-29 22:00:00,-0.07021570205688477
2018-10-29 23:00:00,-0.06045430898666382
2018-10-30 00:00:00,0.01736748218536377
2018-10-30 01:00:00,0.08775520324707031
2018-10-30 02:00:00,0.10229450464248657
2018-10-30 03:00:00,0.11053472757339478
2018-10-30 04:00:00,0.14202064275741577
2018-10-30 05:00:00,0.1522726397961378
2018-10-30 06:00:00,0.22261891514062881
2018-10-30 07:00:00,0.19692307710647583
2018-10-30 08:00:00,0.32552824169397354
2018-10-30 09:00:00,0.447287417948246
2018-10-30 10:00:00,0.31669972091913223
2018-10-30 11:00:00,0.18703951686620712
2018-10-30 12:00:00,-0.04369428753852844
2018-10-30 13:00:00,-0.23162341117858887
2018-10-30 14:00:00,-0.3681502491235733
2018-10-30 15:00:00,-0.4991599917411804
2018-10-30 16:00:00,-0.6477348804473877
2018-10-30 17:00:00,-0.7893836945295334
2018-10-30 18:00:00,-0.8915007412433624
2018-10-30 19:00:00,-0.9633661508560181
2018-10-30 20:00:00,-1.031431883573532
2018-10-30 21:00:00,-1.0618605464696884
2018-10-30 22:00:00,-1.0818815231323242
2018-10-30 23:00:00,-1.094364047050476
2018-10-31 00:00:00,-1.0402755737304688
2018-10-31 01:00:00,-0.8340011239051819
2018-10-31 02:00:00,-0.48662976920604706
2018-10-31 03:00:00,-0.20793455839157104
2018-10-31 04:00:00,0.33245061337947845
2018-10-31 05:00:00,0.5983660146594048
2018-10-31 06:00:00,0.7632900476455688
2018-10-31 07:00:00,0.8283102512359619
2018-10-31 08:00:00,0.8297439813613892
2018-10-31 09:00:00,0.8370348215103149
2018-10-31 10:00:00,0.8122528046369553
2018-10-31 11:00:00,0.3968237042427063
2018-10-31 12:00:00,0.13963466882705688
2018-10-31 13:00:00,-0.03447797894477844
2018-10-31 14:00:00,-0.21301760524511337
2018-10-31 15:00:00,-0.2995346263051033
2018-10-31 16:00:00,-0.34800589084625244
2018-10-31 17:00:00,-0.45411646366119385
2018-10-31 18:00:00,-0.5642298460006714
2018-10-31 19:00:00,-0.629482626914978
2018-10-31 20:00:00,-0.7615914940834045
2018-10-31 21:00:00,-0.8445082902908325
2018-10-31 22:00:00,-0.8798494338989258
2018-10-31 23:00:00,-0.9059668183326721
2018-11-01 00:00:00,-0.9228475540876389
2018-11-01 01:00:00,-0.863248348236084
2018-11-01 02:00:00,-0.69005286693573
2018-11-01 03:00:00,-0.8158754110336304
2018-11-01 04:00:00,-0.7829704284667969
2018-11-01 05:00:00,-0.6856472492218018
2018-11-01 06:00:00,-0.4101320505142212
2018-11-01 07:00:00,-0.35959362983703613
2018-11-01 08:00:00,-0.3936501741409302
2018-11-01 09:00:00,-0.34082460403442383
2018-11-01 10:00:00,-0.09888136386871338
2018-11-01 11:00:00,0.04548072814941406
2018-11-01 12:00:00,-0.0748516321182251
2018-11-01 13:00:00,-0.23293113708496094
2018-11-01 14:00:00,-0.39183664321899414
2018-11-01 15:00:00,-0.56825852394104
2018-11-01 16:00:00,-0.7936378717422485
2018-11-01 17:00:00,-0.8813673257827759
2018-11-01 18:00:00,-0.984740138053894
2018-11-01 19:00:00,-1.0059634447097778
2018-11-01 20:00:00,-0.9558820724487305
2018-11-01 21:00:00,-0.8877796679735184
2018-11-01 22:00:00,-0.7574313879013062
2018-11-01 23:00:00,-0.6263640522956848
2018-11-02 00:00:00,-0.5068863034248352
2018-11-02 01:00:00,-0.3765046000480652
2018-11-02 02:00:00,-0.2087358832359314
2018-11-02 03:00:00,-0.23594647645950317
2018-11-02 04:00:00,-0.39424844086170197
2018-11-02 05:00:00,-0.3824928253889084
2018-11-02 06:00:00,0.23150257766246796
2018-11-02 07:00:00,0.48104092478752136
2018-11-02 08:00:00,0.42803068459033966
2018-11-02 09:00:00,0.24815154075622559
2018-11-02 10:00:00,-0.13365519046783447
2018-11-02 11:00:00,-0.3387298583984375
2018-11-02 12:00:00,-0.7571111917495728
2018-11-02 13:00:00,-1.1642258167266846
2018-11-02 14:00:00,-1.3201957941055298
2018-11-02 15:00:00,-1.3565782308578491
2018-11-02 16:00:00,-1.2913868427276611
2018-11-02 17:00:00,-1.1730711460113525
2018-11-02 18:00:00,-1.0188714265823364
2018-11-02 19:00:00,-0.8527066707611084
2018-11-02 20:00:00,-0.6999067068099976
2018-11-02 21:00:00,-0.5423543453216553
2018-11-02 22:00:00,-0.5793685913085938
2018-11-02 23:00:00,-0.7560329437255859
2018-11-03 00:00:00,-0.8549373149871826
2018-11-03 01:00:00,-1.0363316535949707
2018-11-03 02:00:00,-1.5144693702459335
2018-11-03 03:00:00,-2.0563516318798065
2018-11-03 04:00:00,-2.3580162823200226
2018-11-03 05:00:00,-2.6162729263305664
2018-11-03 06:00:00,-2.542267292737961
2018-11-03 07:00:00,-2.1391696333885193
2018-11-03 08:00:00,-1.8634733259677887
2018-11-03 09:00:00,-1.809335470199585
2018-11-03 10:00:00,-1.7399017810821533
2018-11-03 11:00:00,-1.3399114608764648
2018-11-03 12:00:00,-1.3347487449645996
2018-11-03 13:00:00,-1.804269552230835
2018-11-03 14:00:00,-2.14657399058342
2018-11-03 15:00:00,-2.218106985092163
2018-11-03 16:00:00,-2.248671770095825
2018-11-03 17:00:00,-2.073372334241867
2018-11-03 18:00:00,-1.9129152297973633
2018-11-03 19:00:00,-1.722677856683731
2018-11-03 20:00:00,-1.4871143400669098
2018-11-03 21:00:00,-1.2250993251800537
2018-11-03 22:00:00,-1.0262563228607178
2018-11-03 23:00:00,-1.0432950258255005
2018-11-04 00:00:00,-1.110725149512291
2018-11-04 01:00:00,-1.1455726772546768
2018-11-04 02:00:00,-1.2298892736434937
2018-11-04 03:00:00,-1.8937537670135498
2018-11-04 04:00:00,-1.812490463256836
2018-11-04 05:00:00,-1.9653189182281494
2018-11-04 06:00:00,-1.126375975087285
2018-11-04 07:00:00,-0.08671963214874268
2018-11-04 08:00:00,0.8251263052225113
2018-11-04 09:00:00,1.3393915593624115
2018-11-04 10:00:00,1.4604308605194092
2018-11-04 11:00:00,1.2340189218521118
2018-11-04 12:00:00,0.6343088150024414
2018-11-04 13:00:00,0.6704885512590408
2018-11-04 14:00:00,0.6661850810050964
2018-11-04 15:00:00,0.6385625600814819
2018-11-04 16:00:00,0.6860758066177368
2018-11-04 17:00:00,0.7358477711677551
2018-11-04 18:00:00,0.7580546736717224
2018-11-04 19:00:00,0.7563652992248535
2018-11-04 20:00:00,0.7098718881607056
2018-11-04 21:00:00,0.6569502949714661
2018-11-04 22:00:00,0.6432441547513008
2018-11-04 23:00:00,0.6346626281738281
2018-11-05 00:00:00,0.6666550636291504
2018-11-05 01:00:00,0.751624345779419
2018-11-05 02:00:00,0.8540248870849609
2018-11-05 03:00:00,2.1013338565826416
2018-11-05 04:00:00,2.023592710494995
2018-11-05 05:00:00,2.031174957752228
2018-11-05 06:00:00,1.9468443393707275
2018-11-05 07:00:00,1.992642879486084
2018-11-05 08:00:00,2.176647901535034
2018-11-05 09:00:00,2.2403135299682617
2018-11-05 10:00:00,1.9435110092163086
2018-11-05 11:00:00,1.0302949249744415
2018-11-05 12:00:00,0.8661760836839676
2018-11-05 13:00:00,0.9594366550445557
2018-11-05 14:00:00,0.9826093018054962
2018-11-05 15:00:00,0.9922646284103394
2018-11-05 16:00:00,1.014114886522293
2018-11-05 17:00:00,1.0254092514514923
2018-11-05 18:00:00,1.018018126487732
2018-11-05 19:00:00,0.9941790103912354
2018-11-05 20:00:00,0.9957466423511505
2018-11-05 21:00:00,1.053397387266159
2018-11-05 22:00:00,1.1931846141815186
2018-11-05 23:00:00,1.3603429794311523
2018-11-06 00:00:00,1.5317829847335815
2018-11-06 01:00:00,1.6517001390457153
2018-11-06 02:00:00,1.9812726974487305
2018-11-06 03:00:00,2.82423996925354
2018-11-06 04:00:00,2.5668768882751465
2018-11-06 05:00:00,3.192687511444092
2018-11-06 06:00:00,3.303281307220459
2018-11-06 07:00:00,3.3696653842926025
2018-11-06 08:00:00,3.5157201290130615
2018-11-06 09:00:00,3.57057785987854
2018-11-06 10:00:00,3.1920692920684814
2018-11-06 11:00:00,2.0236144065856934
2018-11-06 12:00:00,1.076270580291748
2018-11-06 13:00:00,1.1447890996932983
2018-11-06 14:00:00,1.183276653289795
2018-11-06 15:00:00,1.246399164199829
2018-11-06 16:00:00,1.3610676527023315
2018-11-06 17:00:00,1.4699410200119019
2018-11-06 18:00:00,1.5117583274841309
2018-11-06 19:00:00,1.4565699100494385
2018-11-06 20:00:00,1.3369159698486328
2018-11-06 21:00:00,1.234394907951355
2018-11-06 22:00:00,1.164370059967041
2018-11-06 23:00:00,1.1366041898727417
2018-11-07 00:00:00,1.1247479915618896
2018-11-07 01:00:00,1.123904824256897
2018-11-07 02:00:00,1.0866578817367554
2018-11-07 03:00:00,2.1934871673583984
2018-11-07 04:00:00,2.0010772347450256
2018-11-07 05:00:00,1.7148466110229492
2018-11-07 06:00:00,2.238977164030075
2018-11-07 07:00:00,2.29398775100708
2018-11-07 08:00:00,2.3167581856250763
2018-11-07 09:00:00,2.2182974815368652
2018-11-07 10:00:00,1.9391140937805176
2018-11-07 11:00:00,0.8452370166778564
2018-11-07 12:00:00,0.6233481243252754
2018-11-07 13:00:00,0.3489949479699135
2018-11-07 14:00:00,-0.012486636638641357
2018-11-07 15:00:00,-0.3287854790687561
2018-11-07 16:00:00,-0.46783143281936646
2018-11-07 17:00:00,-0.5563294887542725
2018-11-07 18:00:00,-0.6246159672737122
2018-11-07 19:00:00,-0.6564944386482239
2018-11-07 20:00:00,-0.6550673171877861
2018-11-07 21:00:00,-0.6243825554847717
2018-11-07 22:00:00,-0.6907309889793396
2018-11-07 23:00:00,-0.6967896744608879
2018-11-08 00:00:00,-0.6832765340805054
2018-11-08 01:00:00,-0.7057516574859619
2018-11-08 02:00:00,-0.7264404296875
2018-11-08 03:00:00,-0.8633787706494331
2018-11-08 04:00:00,-0.8225769996643066
2018-11-08 05:00:00,-0.7958505153656006
2018-11-08 06:00:00,-0.5882471725344658
2018-11-08 07:00:00,-0.2632575109601021
2018-11-08 08:00:00,0.1511191725730896
2018-11-08 09:00:00,0.5513250790536404
2018-11-08 10:00:00,0.7244993895292282
2018-11-08 11:00:00,0.40581510215997696
2018-11-08 12:00:00,0.45947660505771637
2018-11-08 13:00:00,0.4228362888097763
2018-11-08 14:00:00,0.28122156858444214
2018-11-08 15:00:00,0.10591650009155273
2018-11-08 16:00:00,0.0034302473068237305
2018-11-08 17:00:00,-0.10841894149780273
2018-11-08 18:00:00,-0.20258992910385132
2018-11-08 19:00:00,-0.27463972568511963
2018-11-08 20:00:00,-0.3106570243835449
2018-11-08 21:00:00,-0.2732912302017212
2018-11-08 22:00:00,-0.2822338342666626
2018-11-08 23:00:00,-0.25958216190338135
2018-11-09 00:00:00,-0.1309707760810852
2018-11-09 01:00:00,0.052608370780944824
2018-11-09 02:00:00,0.24056637287139893
2018-11-09 03:00:00,0.32923364639282227
2018-11-09 04:00:00,0.4977399706840515
2018-11-09 05:00:00,0.43468308448791504
2018-11-09 06:00:00,0.37704354524612427
2018-11-09 07:00:00,0.4802713990211487
2018-11-09 08:00:00,0.5217038542032242
2018-11-09 09:00:00,0.5293654203414917
2018-11-09 10:00:00,0.5343174040317535
2018-11-09 11:00:00,0.2945869415998459
2018-11-09 12:00:00,0.1883843932300806
2018-11-09 13:00:00,0.004680857062339783
2018-11-09 14:00:00,-0.1862245835363865
2018-11-09 15:00:00,-0.3174596056342125
2018-11-09 16:00:00,-0.42338918149471283
2018-11-09 17:00:00,-0.5337202697992325
2018-11-09 18:00:00,-0.6118447780609131
2018-11-09 19:00:00,-0.6949536204338074
2018-11-09 20:00:00,-0.8081553429365158
2018-11-09 21:00:00,-0.8747858554124832
2018-11-09 22:00:00,-0.8407917618751526
2018-11-09 23:00:00,-0.7728269696235657
2018-11-10 00:00:00,-0.6052106022834778
2018-11-10 01:00:00,-0.440633200109005
2018-11-10 02:00:00,-0.22063079290091991
2018-11-10 03:00:00,-0.08001582324504852
2018-11-10 04:00:00,-0.19372820854187012
2018-11-10 05:00:00,-0.43622102588415146
2018-11-10 06:00:00,-0.5413237884640694
2018-11-10 07:00:00,-0.46286676079034805
2018-11-10 08:00:00,-0.3724903091788292
2018-11-10 09:00:00,-0.30460554361343384
2018-11-10 10:00:00,-0.16276615858078003
2018-11-10 11:00:00,-0.07208502292633057
2018-11-10 12:00:00,-0.071504607796669
2018-11-10 13:00:00,-0.1226111650466919
2018-11-10 14:00:00,-0.2570975795388222
2018-11-10 15:00:00,-0.4537570923566818
2018-11-10 16:00:00,-0.5546265691518784
2018-11-10 17:00:00,-0.616129994392395
2018-11-10 18:00:00,-0.6267850995063782
2018-11-10 19:00:00,-0.6848251819610596
2018-11-10 20:00:00,-0.802250862121582
2018-11-10 21:00:00,-0.8173067569732666
2018-11-10 22:00:00,-0.5532999038696289
2018-11-10 23:00:00,-0.2571830227971077
2018-11-11 00:00:00,0.16715509817004204
2018-11-11 01:00:00,0.5458053946495056
2018-11-11 02:00:00,0.616664469242096
2018-11-11 03:00:00,0.7292561531066895
2018-11-11 04:00:00,1.5343425273895264
2018-11-11 05:00:00,0.9093184769153595
2018-11-11 06:00:00,0.683921568095684
2018-11-11 07:00:00,0.7946411371231079
2018-11-11 08:00:00,0.7380735874176025
2018-11-11 09:00:00,0.2953658699989319
2018-11-11 10:00:00,-0.0015469193458557129
2018-11-11 11:00:00,-0.26235270500183105
2018-11-11 12:00:00,-0.5951767042279243
2018-11-11 13:00:00,-0.7902471944689751
2018-11-11 14:00:00,-0.8770900219678879
2018-11-11 15:00:00,-0.898109644651413
2018-11-11 16:00:00,-0.8730181455612183
2018-11-11 17:00:00,-0.8410649299621582
2018-11-11 18:00:00,-0.7872511148452759
2018-11-11 19:00:00,-0.6874436885118484
2018-11-11 20:00:00,-0.5073342248797417
2018-11-11 21:00:00,-0.28640127182006836
2018-11-11 22:00:00,-0.06865476816892624
2018-11-11 23:00:00,0.09847032371908426
2018-11-12 00:00:00,0.2285960391163826
2018-11-12 01:00:00,0.3123610019683838
2018-11-12 02:00:00,0.2914978936314583
2018-11-12 03:00:00,0.12523728981614113
2018-11-12 04:00:00,0.16069188714027405
2018-11-12 05:00:00,-0.014384854584932327
2018-11-12 06:00:00,0.19109952449798584
2018-11-12 07:00:00,1.1943490654230118
2018-11-12 08:00:00,1.5865280628204346
2018-11-12 09:00:00,1.6674773693084717
2018-11-12 10:00:00,0.9910822361707687
2018-11-12 11:00:00,0.26389818266034126
2018-11-12 12:00:00,0.03532228618860245
2018-11-12 13:00:00,-0.24110069125890732
2018-11-12 14:00:00,-0.45829832553863525
2018-11-12 15:00:00,-0.6086752414703369
2018-11-12 16:00:00,-0.6373742818832397
2018-11-12 17:00:00,-0.5956698656082153
2018-11-12 18:00:00,-0.5485106110572815
2018-11-12 19:00:00,-0.5271201133728027
2018-11-12 20:00:00,-0.5199790596961975
2018-11-12 21:00:00,-0.5514565631747246
2018-11-12 22:00:00,-0.6167818307876587
2018-11-12 23:00:00,-0.6888237595558167
2018-11-13 00:00:00,-0.7150925993919373
2018-11-13 01:00:00,-0.7379555702209473
2018-11-13 02:00:00,-0.6662274599075317
2018-11-13 03:00:00,-0.42637723684310913
2018-11-13 04:00:00,-0.6384861990809441
2018-11-13 05:00:00,-0.5413440391421318
2018-11-13 06:00:00,-0.5549489185214043
2018-11-13 07:00:00,-0.2304614782333374
2018-11-13 08:00:00,0.09003782272338867
2018-11-13 09:00:00,0.29034167528152466
2018-11-13 10:00:00,0.08693993836641312
2018-11-13 11:00:00,-0.09684038162231445
2018-11-13 12:00:00,-0.40075093507766724
2018-11-13 13:00:00,-0.6115854382514954
2018-11-13 14:00:00,-0.729618027806282
2018-11-13 15:00:00,-0.820186659693718
2018-11-13 16:00:00,-0.8711286783218384
2018-11-13 17:00:00,-0.9519761800765991
2018-11-13 18:00:00,-1.0325305461883545
2018-11-13 19:00:00,-1.0983859300613403
2018-11-13 20:00:00,-1.1379860639572144
2018-11-13 21:00:00,-1.1204911470413208
2018-11-13 22:00:00,-1.0795822143554688
2018-11-13 23:00:00,-0.9254060983657837
2018-11-14 00:00:00,-0.5932960510253906
2018-11-14 01:00:00,-0.2349853515625
2018-11-14 02:00:00,-0.1405562162399292
2018-11-14 03:00:00,-0.3265509605407715
2018-11-14 04:00:00,-1.0638062953948975
2018-11-14 05:00:00,-1.324445366859436
2018-11-14 06:00:00,-0.9239453077316284
2018-11-14 07:00:00,-0.05565285682678223
2018-11-14 08:00:00,0.21694433689117432
2018-11-14 09:00:00,0.18122804164886475
2018-11-14 10:00:00,-0.03783297538757324
2018-11-14 11:00:00,-0.17786455154418945
2018-11-14 12:00:00,-0.5408622026443481
2018-11-14 13:00:00,-0.8616926670074463
2018-11-14 14:00:00,-0.9849274158477783
2018-11-14 15:00:00,-0.9966280460357666
2018-11-14 16:00:00,-0.9234904050827026
2018-11-14 17:00:00,-0.8366924524307251
2018-11-14 18:00:00,-0.7602404356002808
2018-11-14 19:00:00,-0.694100022315979
2018-11-14 20:00:00,-0.6752150058746338
2018-11-14 21:00:00,-0.6103135347366333
2018-11-14 22:00:00,-0.6059293746948242
2018-11-14 23:00:00,-0.6483172178268433
2018-11-15 00:00:00,-0.6684743165969849
2018-11-15 01:00:00,-0.5994781851768494
2018-11-15 02:00:00,-0.4614379405975342
2018-11-15 03:00:00,-0.4451552629470825
2018-11-15 04:00:00,-0.29229575395584106
2018-11-15 05:00:00,0.15769141912460327
2018-11-15 06:00:00,0.6632468700408936
2018-11-15 07:00:00,1.1466450691223145
2018-11-15 08:00:00,1.3982955813407898
2018-11-15 09:00:00,1.73115673661232
2018-11-15 10:00:00,1.8027683198451996
2018-11-15 11:00:00,1.3184081315994263
2018-11-15 12:00:00,0.8024532794952393
2018-11-15 13:00:00,0.8679032325744629
2018-11-15 14:00:00,0.9011207818984985
2018-11-15 15:00:00,0.927406907081604
2018-11-15 16:00:00,1.1164277791976929
2018-11-15 17:00:00,1.2234349250793457
2018-11-15 18:00:00,1.3315480947494507
2018-11-15 19:00:00,1.4237236976623535
2018-11-15 20:00:00,1.5057731866836548
2018-11-15 21:00:00,1.5651657581329346
2018-11-15 22:00:00,1.6794850826263428
2018-11-15 23:00:00,1.849104404449463
2018-11-16 00:00:00,2.0749218463897705
2018-11-16 01:00:00,2.264862507581711
2018-11-16 02:00:00,2.786189079284668
2018-11-16 03:00:00,3.6946568489074707
2018-11-16 04:00:00,3.4325382709503174
2018-11-16 05:00:00,4.260739803314209
2018-11-16 06:00:00,4.451395511627197
2018-11-16 07:00:00,4.414611339569092
2018-11-16 08:00:00,4.4571146965026855
2018-11-16 09:00:00,4.433995246887207
2018-11-16 10:00:00,3.9131011962890625
2018-11-16 11:00:00,2.373828172683716
2018-11-16 12:00:00,1.1823641061782837
2018-11-16 13:00:00,1.244458556175232
2018-11-16 14:00:00,1.291205644607544
2018-11-16 15:00:00,1.374588966369629
2018-11-16 16:00:00,1.5407657623291016
2018-11-16 17:00:00,1.6948071718215942
2018-11-16 18:00:00,1.8602968752384186
2018-11-16 19:00:00,1.8650933802127838
2018-11-16 20:00:00,1.774063229560852
2018-11-16 21:00:00,1.7114650011062622
2018-11-16 22:00:00,1.5640859603881836
2018-11-16 23:00:00,1.486642837524414
2018-11-17 00:00:00,1.496673583984375
2018-11-17 01:00:00,1.5057594776153564
2018-11-17 02:00:00,1.5269044637680054
2018-11-17 03:00:00,2.845510482788086
2018-11-17 04:00:00,2.802088499069214
2018-11-17 05:00:00,2.7109971046447754
2018-11-17 06:00:00,3.8520453572273254
2018-11-17 07:00:00,3.6007394790649414
2018-11-17 08:00:00,3.42825585603714
2018-11-17 09:00:00,3.207226276397705
2018-11-17 10:00:00,2.6343026161193848
2018-11-17 11:00:00,1.0536344051361084
2018-11-17 12:00:00,0.9586615562438965
2018-11-17 13:00:00,1.0917770564556122
2018-11-17 14:00:00,1.1370588541030884
2018-11-17 15:00:00,1.1254103183746338
2018-11-17 16:00:00,1.1405808925628662
2018-11-17 17:00:00,1.158640742301941
2018-11-17 18:00:00,1.1495362520217896
2018-11-17 19:00:00,1.0451317131519318
2018-11-17 20:00:00,0.8288224339485168
2018-11-17 21:00:00,0.6653305292129517
2018-11-17 22:00:00,0.5789647102355957
2018-11-17 23:00:00,0.4655979871749878
2018-11-18 00:00:00,0.37372779846191406
2018-11-18 01:00:00,0.2704364061355591
2018-11-18 02:00:00,0.17862296104431152
2018-11-18 03:00:00,0.0942009687423706
2018-11-18 04:00:00,-0.15446412563323975
2018-11-18 05:00:00,-0.40566444396972656
2018-11-18 06:00:00,-0.41502654552459717
2018-11-18 07:00:00,-0.6105425357818604
2018-11-18 08:00:00,-0.6435941457748413
2018-11-18 09:00:00,-0.6499769687652588
2018-11-18 10:00:00,-0.6725599765777588
2018-11-18 11:00:00,-0.44201624393463135
2018-11-18 12:00:00,-0.7762038111686707
2018-11-18 13:00:00,-0.9658981561660767
2018-11-18 14:00:00,-1.0854538679122925
2018-11-18 15:00:00,-1.1654760986566544
2018-11-18 16:00:00,-1.2637383937835693
2018-11-18 17:00:00,-1.3100473880767822
2018-11-18 18:00:00,-1.305281162261963
2018-11-18 19:00:00,-1.4048702716827393
2018-11-18 20:00:00,-1.3650918006896973
2018-11-18 21:00:00,-1.305171012878418
2018-11-18 22:00:00,-1.3162434101104736
2018-11-18 23:00:00,-1.067166805267334
2018-11-19 00:00:00,-0.9133243560791016
2018-11-19 01:00:00,-0.8116076588630676
2018-11-19 02:00:00,-0.7609246969223022
2018-11-19 03:00:00,-1.5682522058486938
2018-11-19 04:00:00,-1.5593302249908447
2018-11-19 05:00:00,-1.5661232471466064
2018-11-19 06:00:00,-1.6132630109786987
2018-11-19 07:00:00,-1.3256477266550064
2018-11-19 08:00:00,-1.1854463815689087
2018-11-19 09:00:00,-1.2468042373657227
2018-11-19 10:00:00,-1.3268566131591797
2018-11-19 11:00:00,-0.8276282548904419
2018-11-19 12:00:00,-1.1751333475112915
2018-11-19 13:00:00,-1.3662739992141724
2018-11-19 14:00:00,-1.4397746324539185
2018-11-19 15:00:00,-1.4228622913360596
2018-11-19 16:00:00,-1.3358913660049438
2018-11-19 17:00:00,-1.2331892251968384
2018-11-19 18:00:00,-1.1112664937973022
2018-11-19 19:00:00,-0.99745774269104
2018-11-19 20:00:00,-0.890919879078865
2018-11-19 21:00:00,-0.7120814323425293
2018-11-19 22:00:00,-0.5767241716384888
2018-11-19 23:00:00,-0.39933907985687256
2018-11-20 00:00:00,-0.22091799974441528
2018-11-20 01:00:00,-0.04296344518661499
2018-11-20 02:00:00,0.24495114386081696
2018-11-20 03:00:00,0.48600852489471436
2018-11-20 04:00:00,1.1289211511611938
2018-11-20 05:00:00,1.191110372543335
2018-11-20 06:00:00,1.8856337070465088
2018-11-20 07:00:00,2.1999270915985107
2018-11-20 08:00:00,2.4664344787597656
2018-11-20 09:00:00,2.5979831218719482
2018-11-20 10:00:00,2.2086157500743866
2018-11-20 11:00:00,0.873870849609375
2018-11-20 12:00:00,0.7555912733078003
2018-11-20 13:00:00,0.6520050168037415
2018-11-20 14:00:00,0.5738762021064758
2018-11-20 15:00:00,0.5470870137214661
2018-11-20 16:00:00,0.6738966107368469
2018-11-20 17:00:00,0.8323162794113159
2018-11-20 18:00:00,0.9818055629730225
2018-11-20 19:00:00,1.1002261638641357
2018-11-20 20:00:00,1.2121539115905762
2018-11-20 21:00:00,1.3242113590240479
2018-11-20 22:00:00,1.3877043724060059
2018-11-20 23:00:00,1.407813549041748
2018-11-21 00:00:00,1.3704993724822998
2018-11-21 01:00:00,1.3225970268249512
2018-11-21 02:00:00,1.3249180316925049
2018-11-21 03:00:00,2.3576807975769043
2018-11-21 04:00:00,2.8336567878723145
2018-11-21 05:00:00,2.8207504749298096
2018-11-21 06:00:00,3.4881105422973633
2018-11-21 07:00:00,3.1731066703796387
2018-11-21 08:00:00,2.913738250732422
2018-11-21 09:00:00,2.8028502464294434
2018-11-21 10:00:00,2.46317195892334
2018-11-21 11:00:00,1.0927727222442627
2018-11-21 12:00:00,1.0748116970062256
2018-11-21 13:00:00,1.1746711730957031
2018-11-21 14:00:00,1.119314432144165
2018-11-21 15:00:00,1.0033019036054611
2018-11-21 16:00:00,0.9398632049560547
2018-11-21 17:00:00,0.9684948921203613
2018-11-21 18:00:00,1.0726542472839355
2018-11-21 19:00:00,1.1921043395996094
2018-11-21 20:00:00,1.2791612148284912
2018-11-21 21:00:00,1.274359941482544
2018-11-21 22:00:00,1.1518268585205078
2018-11-21 23:00:00,0.9777388572692871
2018-11-22 00:00:00,0.7961239814758301
2018-11-22 01:00:00,0.6157021448016167
2018-11-22 02:00:00,0.382799681276083
2018-11-22 03:00:00,0.09621208906173706
2018-11-22 04:00:00,-0.14768654108047485
2018-11-22 05:00:00,0.015094995498657227
2018-11-22 06:00:00,0.7348047494888306
2018-11-22 07:00:00,1.2507069110870361
2018-11-22 08:00:00,1.5811758041381836
2018-11-22 09:00:00,1.612830638885498
2018-11-22 10:00:00,1.2565475702285767
2018-11-22 11:00:00,0.31702280044555664
2018-11-22 12:00:00,0.16316914558410645
2018-11-22 13:00:00,-0.10362541675567627
2018-11-22 14:00:00,-0.25208282470703125
2018-11-22 15:00:00,-0.2898993492126465
2018-11-22 16:00:00,-0.2478613257408142
2018-11-22 17:00:00,-0.12950903177261353
2018-11-22 18:00:00,0.046064674854278564
2018-11-22 19:00:00,0.20643484592437744
2018-11-22 20:00:00,0.3071926236152649
2018-11-22 21:00:00,0.39441921561956406
2018-11-22 22:00:00,0.46550554037094116
2018-11-22 23:00:00,0.6018164232373238
2018-11-23 00:00:00,0.7810683250427246
2018-11-23 01:00:00,0.9418103247880936
2018-11-23 02:00:00,1.0860644578933716
2018-11-23 03:00:00,2.1780733466148376
2018-11-23 04:00:00,2.5721516609191895
2018-11-23 05:00:00,2.5733869075775146
2018-11-23 06:00:00,3.378502368927002
2018-11-23 07:00:00,3.4989399909973145
2018-11-23 08:00:00,3.684670925140381
2018-11-23 09:00:00,3.8063213229179382
2018-11-23 10:00:00,3.4352707862854004
2018-11-23 11:00:00,1.9370343685150146
2018-11-23 12:00:00,1.2392618507146835
2018-11-23 13:00:00,1.3182053565979004
2018-11-23 14:00:00,1.4000962972640991
2018-11-23 15:00:00,1.4812369346618652
2018-11-23 16:00:00,1.7349293231964111
2018-11-23 17:00:00,1.9518556594848633
2018-11-23 18:00:00,2.0731465816497803
2018-11-23 19:00:00,2.1936192512512207
2018-11-23 20:00:00,2.370134115219116
2018-11-23 21:00:00,2.431281328201294
2018-11-23 22:00:00,2.100579023361206
2018-11-23 23:00:00,2.1725471019744873
2018-11-24 00:00:00,2.430569887161255
2018-11-24 01:00:00,2.553422451019287
2018-11-24 02:00:00,2.7804055213928223
2018-11-24 03:00:00,3.8506977558135986
2018-11-24 04:00:00,3.473992109298706
2018-11-24 05:00:00,3.9108176231384277
2018-11-24 06:00:00,4.645961284637451
2018-11-24 07:00:00,4.512662410736084
2018-11-24 08:00:00,4.408273696899414
2018-11-24 09:00:00,4.214515686035156
2018-11-24 10:00:00,3.576103687286377
2018-11-24 11:00:00,1.773905634880066
2018-11-24 12:00:00,0.9046579003334045
2018-11-24 13:00:00,0.8408299684524536
2018-11-24 14:00:00,0.7783182859420776
2018-11-24 15:00:00,0.7764294147491455
2018-11-24 16:00:00,0.9666433334350586
2018-11-24 17:00:00,1.173463225364685
2018-11-24 18:00:00,1.3127751350402832
2018-11-24 19:00:00,1.3163946866989136
2018-11-24 20:00:00,1.2337522506713867
2018-11-24 21:00:00,1.1096000522375107
2018-11-24 22:00:00,1.0235895812511444
2018-11-24 23:00:00,1.0230687856674194
2018-11-25 00:00:00,1.0861635208129883
2018-11-25 01:00:00,1.1870737075805664
2018-11-25 02:00:00,1.230276346206665
2018-11-25 03:00:00,2.2915973365306854
2018-11-25 04:00:00,2.3089780509471893
2018-11-25 05:00:00,1.8158727586269379
2018-11-25 06:00:00,2.2497353553771973
2018-11-25 07:00:00,1.9194135665893555
2018-11-25 08:00:00,1.6047136783599854
2018-11-25 09:00:00,1.3666765689849854
2018-11-25 10:00:00,1.2165454626083374
2018-11-25 11:00:00,0.4903388023376465
2018-11-25 12:00:00,0.4070512056350708
2018-11-25 13:00:00,0.35072803497314453
2018-11-25 14:00:00,0.2813926935195923
2018-11-25 15:00:00,0.20536082983016968
2018-11-25 16:00:00,0.11115413904190063
2018-11-25 17:00:00,0.03361326456069946
2018-11-25 18:00:00,0.012796878814697266
2018-11-25 19:00:00,0.07140371203422546
2018-11-25 20:00:00,0.23720383644104004
2018-11-25 21:00:00,0.4407128691673279
2018-11-25 22:00:00,0.5791254043579102
2018-11-25 23:00:00,0.7096463441848755
2018-11-26 00:00:00,0.8409385085105896
2018-11-26 01:00:00,0.9642183780670166
2018-11-26 02:00:00,1.0494842529296875
2018-11-26 03:00:00,1.063698023557663
2018-11-26 04:00:00,1.6591928005218506
2018-11-26 05:00:00,1.296281337738037
2018-11-26 06:00:00,1.7997455596923828
2018-11-26 07:00:00,1.643345594406128
2018-11-26 08:00:00,1.531311273574829
2018-11-26 09:00:00,1.3679764419794083
2018-11-26 10:00:00,1.2955775260925293
2018-11-26 11:00:00,0.49416106939315796
2018-11-26 12:00:00,0.3220086097717285
2018-11-26 13:00:00,-0.08969271183013916
2018-11-26 14:00:00,-0.3012695908546448
2018-11-26 15:00:00,-0.3183608651161194
2018-11-26 16:00:00,-0.4887866973876953
2018-11-26 17:00:00,-0.627022385597229
2018-11-26 18:00:00,-0.6438573598861694
2018-11-26 19:00:00,-0.7658639550209045
2018-11-26 20:00:00,-0.7113764882087708
2018-11-26 21:00:00,-0.5964463949203491
2018-11-26 22:00:00,-0.6777462363243103
2018-11-26 23:00:00,-0.7105644941329956
2018-11-27 00:00:00,-0.6285247877240181
2018-11-27 01:00:00,-0.5627357363700867
2018-11-27 02:00:00,-0.5843856334686279
2018-11-27 03:00:00,-0.5596450567245483
2018-11-27 04:00:00,-0.9673211574554443
2018-11-27 05:00:00,-0.9822357892990112
2018-11-27 06:00:00,-1.5763626992702484
2018-11-27 07:00:00,-1.444814920425415
2018-11-27 08:00:00,-1.1776307821273804
2018-11-27 09:00:00,-1.0668774843215942
2018-11-27 10:00:00,-0.8753122091293335
2018-11-27 11:00:00,-0.4031006097793579
2018-11-27 12:00:00,-0.5938417911529541
2018-11-27 13:00:00,-0.5447282791137695
2018-11-27 14:00:00,-0.4559541940689087
2018-11-27 15:00:00,-0.5448188781738281
2018-11-27 16:00:00,-0.6767439842224121
2018-11-27 17:00:00,-0.7300081253051758
2018-11-27 18:00:00,-0.7404618263244629
2018-11-27 19:00:00,-0.675166130065918
2018-11-27 20:00:00,-0.5930073261260986
2018-11-27 21:00:00,-0.4906879663467407
2018-11-27 22:00:00,-0.30173784494400024
2018-11-27 23:00:00,0.01025402545928955
2018-11-28 00:00:00,0.33432483673095703
2018-11-28 01:00:00,0.38786476850509644
2018-11-28 02:00:00,0.3575335144996643
2018-11-28 03:00:00,0.26394569873809814
2018-11-28 04:00:00,0.09799069166183472
2018-11-28 05:00:00,-0.05526784062385559
2018-11-28 06:00:00,-0.06434014439582825
2018-11-28 07:00:00,-0.45176755636930466
2018-11-28 08:00:00,-0.7608637847006321
2018-11-28 09:00:00,-0.8364467918872833
2018-11-28 10:00:00,-0.7169431149959564
2018-11-28 11:00:00,-0.33493536710739136
2018-11-28 12:00:00,-0.13734525069594383
2018-11-28 13:00:00,0.036748647689819336
2018-11-28 14:00:00,0.2370753288269043
2018-11-28 15:00:00,0.47377198562026024
2018-11-28 16:00:00,0.7103932350873947
2018-11-28 17:00:00,0.8784854114055634
2018-11-28 18:00:00,0.9914952516555786
2018-11-28 19:00:00,1.064710259437561
2018-11-28 20:00:00,1.0979762077331543
2018-11-28 21:00:00,1.1232030391693115
2018-11-28 22:00:00,1.1678491830825806
2018-11-28 23:00:00,1.2176620960235596
2018-11-29 00:00:00,1.1952131986618042
2018-11-29 01:00:00,1.1619654893875122
2018-11-29 02:00:00,1.2003380060195923
2018-11-29 03:00:00,2.2182646095752716
2018-11-29 04:00:00,2.3760976791381836
2018-11-29 05:00:00,1.8662270307540894
2018-11-29 06:00:00,2.1792469024658203
2018-11-29 07:00:00,2.1536612510681152
2018-11-29 08:00:00,2.039522409439087
2018-11-29 09:00:00,1.920881986618042
2018-11-29 10:00:00,1.5176499038934708
2018-11-29 11:00:00,0.5339673757553101
2018-11-29 12:00:00,0.5098122507333755
2018-11-29 13:00:00,0.46858642995357513
2018-11-29 14:00:00,0.45193280279636383
2018-11-29 15:00:00,0.5154218077659607
2018-11-29 16:00:00,0.6125168204307556
2018-11-29 17:00:00,0.7116440534591675
2018-11-29 18:00:00,0.8127365708351135
2018-11-29 19:00:00,0.8812121748924255
2018-11-29 20:00:00,0.9383615255355835
2018-11-29 21:00:00,1.0098185241222382
2018-11-29 22:00:00,1.0412040948867798
2018-11-29 23:00:00,1.0635966062545776
2018-11-30 00:00:00,1.1016557216644287
2018-11-30 01:00:00,1.156904697418213
2018-11-30 02:00:00,1.2035081386566162
2018-11-30 03:00:00,1.9874091148376465
2018-11-30 04:00:00,2.405738353729248
2018-11-30 05:00:00,2.309236764907837
2018-11-30 06:00:00,2.918471574783325
2018-11-30 07:00:00,2.9893171787261963
2018-11-30 08:00:00,2.9897208213806152
2018-11-30 09:00:00,2.888230800628662
2018-11-30 10:00:00,2.6050925254821777
2018-11-30 11:00:00,1.1750341653823853
2018-11-30 12:00:00,0.8616399765014648
2018-11-30 13:00:00,0.7414321303367615
2018-11-30 14:00:00,0.6103856563568115
2018-11-30 15:00:00,0.52187579870224
2018-11-30 16:00:00,0.5477233529090881
2018-11-30 17:00:00,0.6088220477104187
2018-11-30 18:00:00,0.6907586455345154
2018-11-30 19:00:00,0.7841418087482452
2018-11-30 20:00:00,0.8839033842086792
2018-11-30 21:00:00,1.0004305839538574
2018-11-30 22:00:00,1.1109005212783813
2018-11-30 23:00:00,1.205488920211792
2018-12-01 00:00:00,1.2739737033843994
2018-12-01 01:00:00,1.3145595788955688
2018-12-01 02:00:00,1.3199284076690674
2018-12-01 03:00:00,2.150123655796051
2018-12-01 04:00:00,2.5955593585968018
2018-12-01 05:00:00,2.2903144359588623
2018-12-01 06:00:00,3.362333297729492
2018-12-01 07:00:00,3.239816904067993
2018-12-01 08:00:00,3.1047699451446533
2018-12-01 09:00:00,2.939340829849243
2018-12-01 10:00:00,2.4946858882904053
2018-12-01 11:00:00,0.8633038997650146
2018-12-01 12:00:00,0.9088888168334961
2018-12-01 13:00:00,0.8902421444654465
2018-12-01 14:00:00,0.772300198674202
2018-12-01 15:00:00,0.6549136638641357
2018-12-01 16:00:00,0.6450839042663574
2018-12-01 17:00:00,0.7112911343574524
2018-12-01 18:00:00,0.7943724989891052
2018-12-01 19:00:00,0.8887305855751038
2018-12-01 20:00:00,0.8634769469499588
2018-12-01 21:00:00,0.8173962831497192
2018-12-01 22:00:00,0.5994199514389038
2018-12-01 23:00:00,0.3888018727302551
2018-12-02 00:00:00,0.2320324182510376
2018-12-02 01:00:00,0.12804913520812988
2018-12-02 02:00:00,-0.0020813941955566406
2018-12-02 03:00:00,-0.2044757604598999
2018-12-02 04:00:00,-0.22834956645965576
2018-12-02 05:00:00,0.06162619590759277
2018-12-02 06:00:00,0.5971578359603882
2018-12-02 07:00:00,0.5627046823501587
2018-12-02 08:00:00,0.6033502817153931
2018-12-02 09:00:00,0.6255136728286743
2018-12-02 10:00:00,0.6016457080841064
2018-12-02 11:00:00,0.19967997074127197
2018-12-02 12:00:00,0.27563607692718506
2018-12-02 13:00:00,0.26095545291900635
2018-12-02 14:00:00,0.24188899993896484
2018-12-02 15:00:00,0.21591222286224365
2018-12-02 16:00:00,0.13598108291625977
2018-12-02 17:00:00,0.11558568477630615
2018-12-02 18:00:00,0.13216662406921387
2018-12-02 19:00:00,0.19653868675231934
2018-12-02 20:00:00,0.265541136264801
2018-12-02 21:00:00,0.3363625407218933
2018-12-02 22:00:00,0.42681920528411865
2018-12-02 23:00:00,0.4740522503852844
2018-12-03 00:00:00,0.5546520948410034
2018-12-03 01:00:00,0.667721688747406
2018-12-03 02:00:00,0.7414494752883911
2018-12-03 03:00:00,0.5647475719451904
2018-12-03 04:00:00,1.0482487678527832
2018-12-03 05:00:00,0.7630032300949097
2018-12-03 06:00:00,1.358151912689209
2018-12-03 07:00:00,1.2265615463256836
2018-12-03 08:00:00,1.213615745306015
2018-12-03 09:00:00,1.23697829246521
2018-12-03 10:00:00,1.2022476196289062
2018-12-03 11:00:00,0.4215201139450073
2018-12-03 12:00:00,0.4107856750488281
2018-12-03 13:00:00,0.4083135724067688
2018-12-03 14:00:00,0.41071802377700806
2018-12-03 15:00:00,0.41084665060043335
2018-12-03 16:00:00,0.36189842224121094
2018-12-03 17:00:00,0.25638270378112793
2018-12-03 18:00:00,0.11027902364730835
2018-12-03 19:00:00,-0.04646122455596924
2018-12-03 20:00:00,-0.21016114950180054
2018-12-03 21:00:00,-0.3158521056175232
2018-12-03 22:00:00,-0.33959823846817017
2018-12-03 23:00:00,-0.2840433120727539
2018-12-04 00:00:00,-0.1405773162841797
2018-12-04 01:00:00,0.07669293880462646
2018-12-04 02:00:00,0.3390909656882286
2018-12-04 03:00:00,0.38687920570373535
2018-12-04 04:00:00,1.185993418097496
2018-12-04 05:00:00,1.026993989944458
2018-12-04 06:00:00,1.2992286682128906
2018-12-04 07:00:00,1.31867253780365
2018-12-04 08:00:00,1.3534369468688965
2018-12-04 09:00:00,1.4339845180511475
2018-12-04 10:00:00,1.4019110202789307
2018-12-04 11:00:00,0.5046473741531372
2018-12-04 12:00:00,0.565093994140625
2018-12-04 13:00:00,0.5018231272697449
2018-12-04 14:00:00,0.4094158411026001
2018-12-04 15:00:00,0.2837043032050133
2018-12-04 16:00:00,0.2047104611992836
2018-12-04 17:00:00,0.16470319032669067
2018-12-04 18:00:00,0.19767999649047852
2018-12-04 19:00:00,0.24145573377609253
2018-12-04 20:00:00,0.3091180920600891
2018-12-04 21:00:00,0.45257389545440674
2018-12-04 22:00:00,0.5818076133728027
2018-12-04 23:00:00,0.7515574097633362
2018-12-05 00:00:00,0.9339132010936737
2018-12-05 01:00:00,1.052483543753624
2018-12-05 02:00:00,1.089806780219078
2018-12-05 03:00:00,0.950882151722908
2018-12-05 04:00:00,1.936614990234375
2018-12-05 05:00:00,1.466052532196045
2018-12-05 06:00:00,2.161038875579834
2018-12-05 07:00:00,2.1105351746082306
2018-12-05 08:00:00,1.993342399597168
2018-12-05 09:00:00,1.806213617324829
2018-12-05 10:00:00,1.3679988384246826
2018-12-05 11:00:00,0.3286833241581917
2018-12-05 12:00:00,0.16294818930327892
2018-12-05 13:00:00,-0.04930509626865387
2018-12-05 14:00:00,-0.22848177328705788
2018-12-05 15:00:00,-0.40819108486175537
2018-12-05 16:00:00,-0.5096803903579712
2018-12-05 17:00:00,-0.6042890623211861
2018-12-05 18:00:00,-0.6777868196368217
2018-12-05 19:00:00,-0.7204883545637131
2018-12-05 20:00:00,-0.7515523433685303
2018-12-05 21:00:00,-0.7025639563798904
2018-12-05 22:00:00,-0.6261051148176193
2018-12-05 23:00:00,-0.519679706543684
2018-12-06 00:00:00,-0.4031919091939926
2018-12-06 01:00:00,-0.26317695528268814
2018-12-06 02:00:00,-0.05264585092663765
2018-12-06 03:00:00,0.1275961995124817
2018-12-06 04:00:00,0.12281539291143417
2018-12-06 05:00:00,0.11157438904047012
2018-12-06 06:00:00,0.6072429344058037
2018-12-06 07:00:00,0.8257456943392754
2018-12-06 08:00:00,1.019910842180252
2018-12-06 09:00:00,1.156852014362812
2018-12-06 10:00:00,1.450519010424614
2018-12-06 11:00:00,0.6387888193130493
2018-12-06 12:00:00,0.6115342974662781
2018-12-06 13:00:00,0.6146424263715744
2018-12-06 14:00:00,0.6411064863204956
2018-12-06 15:00:00,0.7119663953781128
2018-12-06 16:00:00,0.7653218507766724
2018-12-06 17:00:00,0.8174514770507812
2018-12-06 18:00:00,0.8620461225509644
2018-12-06 19:00:00,0.8793394565582275
2018-12-06 20:00:00,0.877717137336731
2018-12-06 21:00:00,0.8627852201461792
2018-12-06 22:00:00,0.8583031892776489
2018-12-06 23:00:00,0.8668181896209717
2018-12-07 00:00:00,0.8923335075378418
2018-12-07 01:00:00,0.9598597288131714
2018-12-07 02:00:00,1.0427427291870117
2018-12-07 03:00:00,1.6843309998512268
2018-12-07 04:00:00,2.1821110248565674
2018-12-07 05:00:00,1.857609361410141
2018-12-07 06:00:00,2.617532253265381
2018-12-07 07:00:00,2.6135363578796387
2018-12-07 08:00:00,2.5801548659801483
2018-12-07 09:00:00,2.4757041931152344
2018-12-07 10:00:00,2.160394698381424
2018-12-07 11:00:00,0.7778511047363281
2018-12-07 12:00:00,0.5920391082763672
2018-12-07 13:00:00,0.40902209281921387
2018-12-07 14:00:00,0.23546719551086426
2018-12-07 15:00:00,0.11276030540466309
2018-12-07 16:00:00,0.1359097957611084
2018-12-07 17:00:00,0.18751943111419678
2018-12-07 18:00:00,0.24402427673339844
2018-12-07 19:00:00,0.2913644313812256
2018-12-07 20:00:00,0.3515188694000244
2018-12-07 21:00:00,0.38855481147766113
2018-12-07 22:00:00,0.34923601150512695
2018-12-07 23:00:00,0.3578794002532959
2018-12-08 00:00:00,0.3892543315887451
2018-12-08 01:00:00,0.4313470125198364
2018-12-08 02:00:00,0.5010961294174194
2018-12-08 03:00:00,0.4074699878692627
2018-12-08 04:00:00,0.9852581024169922
2018-12-08 05:00:00,0.8306076526641846
2018-12-08 06:00:00,1.4679613262414932
2018-12-08 07:00:00,1.731421485543251
2018-12-08 08:00:00,1.765775442123413
2018-12-08 09:00:00,1.6319539546966553
2018-12-08 10:00:00,1.3752517700195312
2018-12-08 11:00:00,0.36360859870910645
2018-12-08 12:00:00,0.28930234909057617
2018-12-08 13:00:00,0.0691366195678711
2018-12-08 14:00:00,-0.10345208644866943
2018-12-08 15:00:00,-0.24338889122009277
2018-12-08 16:00:00,-0.3426492214202881
2018-12-08 17:00:00,-0.39549553394317627
2018-12-08 18:00:00,-0.42010295391082764
2018-12-08 19:00:00,-0.41315436363220215
2018-12-08 20:00:00,-0.3659782409667969
2018-12-08 21:00:00,-0.30575597286224365
2018-12-08 22:00:00,-0.18458479642868042
2018-12-08 23:00:00,0.046121835708618164
2018-12-09 00:00:00,0.4239121899008751
2018-12-09 01:00:00,0.8212863206863403
2018-12-09 02:00:00,1.0279953479766846
2018-12-09 03:00:00,0.7169849276542664
2018-12-09 04:00:00,1.5847088098526
2018-12-09 05:00:00,1.071967601776123
2018-12-09 06:00:00,1.5821563005447388
2018-12-09 07:00:00,1.5831447839736938
2018-12-09 08:00:00,1.477862223982811
2018-12-09 09:00:00,1.3532847166061401
2018-12-09 10:00:00,1.0824189186096191
2018-12-09 11:00:00,0.19779715687036514
2018-12-09 12:00:00,-0.006449341773986816
2018-12-09 13:00:00,-0.2758886218070984
2018-12-09 14:00:00,-0.5111476331949234
2018-12-09 15:00:00,-0.7188525274395943
2018-12-09 16:00:00,-0.8311781883239746
2018-12-09 17:00:00,-0.905838131904602
2018-12-09 18:00:00,-0.9459532499313354
2018-12-09 19:00:00,-0.9380642175674438
2018-12-09 20:00:00,-0.9450010061264038
2018-12-09 21:00:00,-0.9574878215789795
2018-12-09 22:00:00,-1.0183937549591064
2018-12-09 23:00:00,-1.044188141822815
2018-12-10 00:00:00,-1.0228458642959595
2018-12-10 01:00:00,-0.929948091506958
2018-12-10 02:00:00,-0.7839292287826538
2018-12-10 03:00:00,-0.5524023771286011
2018-12-10 04:00:00,-0.9382613897323608
2018-12-10 05:00:00,-0.7324481010437012
2018-12-10 06:00:00,-0.4399181567132473
2018-12-10 07:00:00,-0.26664143800735474
2018-12-10 08:00:00,-0.3094726800918579
2018-12-10 09:00:00,-0.4692127853631973
2018-12-10 10:00:00,-0.7070151418447495
2018-12-10 11:00:00,-0.5387427657842636
2018-12-10 12:00:00,-0.9998980760574341
2018-12-10 13:00:00,-1.1590359061956406
2018-12-10 14:00:00,-1.2282427549362183
2018-12-10 15:00:00,-1.207124724984169
2018-12-10 16:00:00,-1.1177232414484024
2018-12-10 17:00:00,-0.9942094087600708
2018-12-10 18:00:00,-0.8490653038024902
2018-12-10 19:00:00,-0.7295690774917603
2018-12-10 20:00:00,-0.6131895184516907
2018-12-10 21:00:00,-0.46482907235622406
2018-12-10 22:00:00,-0.26876813918352127
2018-12-10 23:00:00,-0.03245839476585388
2018-12-11 00:00:00,0.14585143327713013
2018-12-11 01:00:00,0.2513429522514343
2018-12-11 02:00:00,0.3584485650062561
2018-12-11 03:00:00,0.3202105164527893
2018-12-11 04:00:00,0.4088989496231079
2018-12-11 05:00:00,0.1392565369606018
2018-12-11 06:00:00,-0.06436419486999512
2018-12-11 07:00:00,-0.010195136070251465
2018-12-11 08:00:00,0.012658357620239258
2018-12-11 09:00:00,-0.08835434913635254
2018-12-11 10:00:00,-0.3822685480117798
2018-12-11 11:00:00,-0.33714163303375244
2018-12-11 12:00:00,-0.7875244170427322
2018-12-11 13:00:00,-0.9965522289276123
2018-12-11 14:00:00,-1.102920189499855
2018-12-11 15:00:00,-1.1590697914361954
2018-12-11 16:00:00,-1.1371413469314575
2018-12-11 17:00:00,-1.0920462608337402
2018-12-11 18:00:00,-1.052314281463623
2018-12-11 19:00:00,-1.0105570554733276
2018-12-11 20:00:00,-0.9593843221664429
2018-12-11 21:00:00,-0.9002536535263062
2018-12-11 22:00:00,-0.8764543533325195
2018-12-11 23:00:00,-0.8932284116744995
2018-12-12 00:00:00,-0.9728502035140991
2018-12-12 01:00:00,-1.125917911529541
2018-12-12 02:00:00,-1.3895148038864136
2018-12-12 03:00:00,-2.2019953429698944
2018-12-12 04:00:00,-2.7429442405700684
2018-12-12 05:00:00,-2.908031463623047
2018-12-12 06:00:00,-3.186710834503174
2018-12-12 07:00:00,-3.1047005653381348
2018-12-12 08:00:00,-2.810694456100464
2018-12-12 09:00:00,-2.7297861576080322
2018-12-12 10:00:00,-2.882960796356201
2018-12-12 11:00:00,-2.382814884185791
2018-12-12 12:00:00,-1.835508108139038
2018-12-12 13:00:00,-2.09784197807312
2018-12-12 14:00:00,-2.0019547939300537
2018-12-12 15:00:00,-1.6502913534641266
2018-12-12 16:00:00,-1.3038440942764282
2018-12-12 17:00:00,-1.0338760614395142
2018-12-12 18:00:00,-0.8988265991210938
2018-12-12 19:00:00,-0.7896852493286133
2018-12-12 20:00:00,-0.681850790977478
2018-12-12 21:00:00,-0.5406046509742737
2018-12-12 22:00:00,-0.33948349952697754
2018-12-12 23:00:00,-0.1357513666152954
2018-12-13 00:00:00,0.04338264465332031
2018-12-13 01:00:00,0.1331961750984192
2018-12-13 02:00:00,0.14464926719665527
2018-12-13 03:00:00,0.26438069343566895
2018-12-13 04:00:00,0.161246657371521
2018-12-13 05:00:00,0.2382824420928955
2018-12-13 06:00:00,0.4927830696105957
2018-12-13 07:00:00,0.8760894536972046
2018-12-13 08:00:00,1.3222991228103638
2018-12-13 09:00:00,1.6650877892971039
2018-12-13 10:00:00,1.5884736776351929
2018-12-13 11:00:00,1.0379464626312256
2018-12-13 12:00:00,0.7261159420013428
2018-12-13 13:00:00,0.7077853679656982
2018-12-13 14:00:00,0.6548058986663818
2018-12-13 15:00:00,0.6288721561431885
2018-12-13 16:00:00,0.6547859907150269
2018-12-13 17:00:00,0.6757913827896118
2018-12-13 18:00:00,0.6699354648590088
2018-12-13 19:00:00,0.6445646286010742
2018-12-13 20:00:00,0.5970808267593384
2018-12-13 21:00:00,0.5500564575195312
2018-12-13 22:00:00,0.5628577470779419
2018-12-13 23:00:00,0.6152538061141968
2018-12-14 00:00:00,0.6857041120529175
2018-12-14 01:00:00,0.7418051958084106
2018-12-14 02:00:00,0.7889026403427124
2018-12-14 03:00:00,1.7730468809604645
2018-12-14 04:00:00,1.560984492301941
2018-12-14 05:00:00,1.5074515342712402
2018-12-14 06:00:00,1.563615083694458
2018-12-14 07:00:00,1.7273669242858887
2018-12-14 08:00:00,1.806443214416504
2018-12-14 09:00:00,1.7532355785369873
2018-12-14 10:00:00,1.7390153408050537
2018-12-14 11:00:00,1.1936917304992676
2018-12-14 12:00:00,0.8915989845991135
2018-12-14 13:00:00,1.0089412927627563
2018-12-14 14:00:00,1.0984325408935547
2018-12-14 15:00:00,1.1655998229980469
2018-12-14 16:00:00,1.161697268486023
2018-12-14 17:00:00,1.123682975769043
2018-12-14 18:00:00,1.0636649429798126
2018-12-14 19:00:00,0.9961540699005127
2018-12-14 20:00:00,0.9138706922531128
2018-12-14 21:00:00,0.8791975528001785
2018-12-14 22:00:00,0.9497780799865723
2018-12-14 23:00:00,1.0257223844528198
2018-12-15 00:00:00,1.1042826175689697
2018-12-15 01:00:00,1.1714662313461304
2018-12-15 02:00:00,1.261940836906433
2018-12-15 03:00:00,2.588286876678467
2018-12-15 04:00:00,2.3745293617248535
2018-12-15 05:00:00,2.298889636993408
2018-12-15 06:00:00,2.0897634029388428
2018-12-15 07:00:00,2.0053723454475403
2018-12-15 08:00:00,1.9765001237392426
2018-12-15 09:00:00,1.9692626595497131
2018-12-15 10:00:00,1.8415066301822662
2018-12-15 11:00:00,0.912921741604805
2018-12-15 12:00:00,0.997553676366806
2018-12-15 13:00:00,1.0213638544082642
2018-12-15 14:00:00,0.9636924266815186
2018-12-15 15:00:00,0.8750361204147339
2018-12-15 16:00:00,0.8374547511339188
2018-12-15 17:00:00,0.7830657958984375
2018-12-15 18:00:00,0.7393284440040588
2018-12-15 19:00:00,0.7213405966758728
2018-12-15 20:00:00,0.7392597198486328
2018-12-15 21:00:00,0.7989537715911865
2018-12-15 22:00:00,0.8630184680223465
2018-12-15 23:00:00,0.9070775955915451
2018-12-16 00:00:00,0.9071713089942932
2018-12-16 01:00:00,0.8937771916389465
2018-12-16 02:00:00,0.8878676891326904
2018-12-16 03:00:00,1.8809399008750916
2018-12-16 04:00:00,1.557322382926941
2018-12-16 05:00:00,1.306571125984192
2018-12-16 06:00:00,0.9984315633773804
2018-12-16 07:00:00,0.8048567771911621
2018-12-16 08:00:00,0.7022842168807983
2018-12-16 09:00:00,0.65776526927948
2018-12-16 10:00:00,0.8353289365768433
2018-12-16 11:00:00,0.5241365432739258
2018-12-16 12:00:00,0.8750874996185303
2018-12-16 13:00:00,0.9870179891586304
2018-12-16 14:00:00,1.0489239692687988
2018-12-16 15:00:00,1.0553991794586182
2018-12-16 16:00:00,0.9791992902755737
2018-12-16 17:00:00,0.8628659248352051
2018-12-16 18:00:00,0.7070094347000122
2018-12-16 19:00:00,0.55680251121521
2018-12-16 20:00:00,0.4364657402038574
2018-12-16 21:00:00,0.39637458324432373
2018-12-16 22:00:00,0.4374300241470337
2018-12-16 23:00:00,0.5409283638000488
2018-12-17 00:00:00,0.6890308856964111
2018-12-17 01:00:00,0.8122611045837402
2018-12-17 02:00:00,0.8739194869995117
2018-12-17 03:00:00,1.8840793371200562
2018-12-17 04:00:00,1.7236690521240234
2018-12-17 05:00:00,1.5341160297393799
2018-12-17 06:00:00,1.2267718315124512
2018-12-17 07:00:00,1.12953282892704
2018-12-17 08:00:00,1.2242817878723145
2018-12-17 09:00:00,1.4110805988311768
2018-12-17 10:00:00,1.377825140953064
2018-12-17 11:00:00,0.6402867436408997
2018-12-17 12:00:00,0.877921462059021
2018-12-17 13:00:00,0.9786968231201172
2018-12-17 14:00:00,1.0473533868789673
2018-12-17 15:00:00,1.0888745784759521
2018-12-17 16:00:00,1.115319013595581
2018-12-17 17:00:00,1.0771310329437256
2018-12-17 18:00:00,0.9830501079559326
2018-12-17 19:00:00,0.8474351167678833
2018-12-17 20:00:00,0.7128682732582092
2018-12-17 21:00:00,0.6477842926979065
2018-12-17 22:00:00,0.7090128064155579
2018-12-17 23:00:00,0.8751215934753418
2018-12-18 00:00:00,1.0163030922412872
2018-12-18 01:00:00,1.1096603870391846
2018-12-18 02:00:00,1.1547917127609253
2018-12-18 03:00:00,2.1762547492980957
2018-12-18 04:00:00,2.3359808921813965
2018-12-18 05:00:00,2.143033742904663
2018-12-18 06:00:00,2.5763301849365234
2018-12-18 07:00:00,2.6217896938323975
2018-12-18 08:00:00,2.684648275375366
2018-12-18 09:00:00,2.889936685562134
2018-12-18 10:00:00,2.9219107627868652
2018-12-18 11:00:00,1.424882173538208
2018-12-18 12:00:00,1.3249446153640747
2018-12-18 13:00:00,1.3812206983566284
2018-12-18 14:00:00,1.4191049337387085
2018-12-18 15:00:00,1.4516733884811401
2018-12-18 16:00:00,1.4840197563171387
2018-12-18 17:00:00,1.4792909622192383
2018-12-18 18:00:00,1.4299323558807373
2018-12-18 19:00:00,1.349642038345337
2018-12-18 20:00:00,1.3230204582214355
2018-12-18 21:00:00,1.3107070922851562
2018-12-18 22:00:00,1.2838995456695557
2018-12-18 23:00:00,1.2934777736663818
2018-12-19 00:00:00,1.2943620681762695
2018-12-19 01:00:00,1.2364639043807983
2018-12-19 02:00:00,1.1738929748535156
2018-12-19 03:00:00,1.76067915558815
2018-12-19 04:00:00,2.177985429763794
2018-12-19 05:00:00,1.7847034931182861
2018-12-19 06:00:00,2.1394333839416504
2018-12-19 07:00:00,2.1066792011260986
2018-12-19 08:00:00,1.9690418243408203
2018-12-19 09:00:00,1.7868969440460205
2018-12-19 10:00:00,1.537144660949707
2018-12-19 11:00:00,0.6071570515632629
2018-12-19 12:00:00,1.0249039977788925
2018-12-19 13:00:00,1.1647606045007706
2018-12-19 14:00:00,1.2453162521123886
2018-12-19 15:00:00,1.2668006420135498
2018-12-19 16:00:00,1.1896440982818604
2018-12-19 17:00:00,0.9589037895202637
2018-12-19 18:00:00,0.6325488090515137
2018-12-19 19:00:00,0.34967517852783203
2018-12-19 20:00:00,0.16742050647735596
2018-12-19 21:00:00,0.0913800597190857
2018-12-19 22:00:00,0.17810285091400146
2018-12-19 23:00:00,0.413291871547699
2018-12-20 00:00:00,0.7094901725649834
2018-12-20 01:00:00,0.9334569424390793
2018-12-20 02:00:00,1.0274355560541153
2018-12-20 03:00:00,0.7244676947593689
2018-12-20 04:00:00,1.285363793373108
2018-12-20 05:00:00,0.8895196914672852
2018-12-20 06:00:00,1.2585623115301132
2018-12-20 07:00:00,1.4105576276779175
2018-12-20 08:00:00,1.6490592956542969
2018-12-20 09:00:00,1.7960917949676514
2018-12-20 10:00:00,1.4848522245883942
2018-12-20 11:00:00,0.5682152509689331
2018-12-20 12:00:00,0.7103640586137772
2018-12-20 13:00:00,0.7270462512969971
2018-12-20 14:00:00,0.7506167888641357
2018-12-20 15:00:00,0.7749390602111816
2018-12-20 16:00:00,0.835729718208313
2018-12-20 17:00:00,0.8511306047439575
2018-12-20 18:00:00,0.8504452258348465
2018-12-20 19:00:00,0.88234643638134
2018-12-20 20:00:00,0.9302587956190109
2018-12-20 21:00:00,1.0161197483539581
2018-12-20 22:00:00,1.0892499685287476
2018-12-20 23:00:00,1.1571587324142456
2018-12-21 00:00:00,1.217777132987976
2018-12-21 01:00:00,1.2662168741226196
2018-12-21 02:00:00,1.2968236207962036
2018-12-21 03:00:00,1.5406928062438965
2018-12-21 04:00:00,2.267124891281128
2018-12-21 05:00:00,1.7529869079589844
2018-12-21 06:00:00,2.3664023876190186
2018-12-21 07:00:00,2.377128839492798
2018-12-21 08:00:00,2.306212395429611
2018-12-21 09:00:00,2.2187561988830566
2018-12-21 10:00:00,2.00377494096756
2018-12-21 11:00:00,0.7885222434997559
2018-12-21 12:00:00,0.9965755939483643
2018-12-21 13:00:00,1.038669228553772
2018-12-21 14:00:00,1.043656826019287
2018-12-21 15:00:00,1.0088001489639282
2018-12-21 16:00:00,0.9003498554229736
2018-12-21 17:00:00,0.7907440662384033
2018-12-21 18:00:00,0.7290259078145027
2018-12-21 19:00:00,0.7745521664619446
2018-12-21 20:00:00,0.9051926881074905
2018-12-21 21:00:00,1.0290603637695312
2018-12-21 22:00:00,1.0835458040237427
2018-12-21 23:00:00,1.1311891078948975
2018-12-22 00:00:00,1.185910701751709
2018-12-22 01:00:00,1.205272912979126
2018-12-22 02:00:00,1.1673030853271484
2018-12-22 03:00:00,0.82106614112854
2018-12-22 04:00:00,1.1314399242401123
2018-12-22 05:00:00,0.43338853120803833
2018-12-22 06:00:00,0.44482362270355225
2018-12-22 07:00:00,0.21375471353530884
2018-12-22 08:00:00,0.12405431270599365
2018-12-22 09:00:00,-0.0921640396118164
2018-12-22 10:00:00,-0.14158201217651367
2018-12-22 11:00:00,-0.3380407691001892
2018-12-22 12:00:00,-0.6598775386810303
2018-12-22 13:00:00,-0.935853511095047
2018-12-22 14:00:00,-1.104946255683899
2018-12-22 15:00:00,-1.18388831615448
2018-12-22 16:00:00,-1.3152745962142944
2018-12-22 17:00:00,-1.3847532272338867
2018-12-22 18:00:00,-1.395810604095459
2018-12-22 19:00:00,-1.3590306043624878
2018-12-22 20:00:00,-1.297468900680542
2018-12-22 21:00:00,-1.1977229118347168
2018-12-22 22:00:00,-1.0230621099472046
2018-12-22 23:00:00,-0.9173061400651932
2018-12-23 00:00:00,-0.873529240489006
2018-12-23 01:00:00,-0.8417357206344604
2018-12-23 02:00:00,-0.779464602470398
2018-12-23 03:00:00,-0.5627033114433289
2018-12-23 04:00:00,-1.2673092037439346
2018-12-23 05:00:00,-1.241512656211853
2018-12-23 06:00:00,-1.0931396782398224
2018-12-23 07:00:00,-0.8763325251638889
2018-12-23 08:00:00,-0.7729381397366524
2018-12-23 09:00:00,-0.6046886593103409
2018-12-23 10:00:00,-0.3832991123199463
2018-12-23 11:00:00,-0.10159812867641449
2018-12-23 12:00:00,-0.11634932458400726
2018-12-23 13:00:00,-0.10374041274189949
2018-12-23 14:00:00,-0.08413317799568176
2018-12-23 15:00:00,-0.08361096680164337
2018-12-23 16:00:00,-0.11168351955711842
2018-12-23 17:00:00,-0.19435343891382217
2018-12-23 18:00:00,-0.2912917323410511
2018-12-23 19:00:00,-0.3628424182534218
2018-12-23 20:00:00,-0.42475326359272003
2018-12-23 21:00:00,-0.46064092218875885
2018-12-23 22:00:00,-0.41834547370672226
2018-12-23 23:00:00,-0.2730959430336952
2018-12-24 00:00:00,-0.0033224821090698242
2018-12-24 01:00:00,0.32724815607070923
2018-12-24 02:00:00,0.576609194278717
2018-12-24 03:00:00,0.5725364089012146
2018-12-24 04:00:00,1.219968542456627
2018-12-24 05:00:00,0.9801407158374786
2018-12-24 06:00:00,1.4371422827243805
2018-12-24 07:00:00,1.6524133682250977
2018-12-24 08:00:00,1.875586748123169
2018-12-24 09:00:00,2.001526415348053
2018-12-24 10:00:00,2.00485897064209
2018-12-24 11:00:00,0.8204531669616699
2018-12-24 12:00:00,0.9249509572982788
2018-12-24 13:00:00,0.8969314098358154
2018-12-24 14:00:00,0.8773765563964844
2018-12-24 15:00:00,0.8752784729003906
2018-12-24 16:00:00,0.9251514673233032
2018-12-24 17:00:00,0.9191269874572754
2018-12-24 18:00:00,0.8591164350509644
2018-12-24 19:00:00,0.8040758371353149
2018-12-24 20:00:00,0.7833473682403564
2018-12-24 21:00:00,0.8199225664138794
2018-12-24 22:00:00,0.8969929218292236
2018-12-24 23:00:00,0.9859377145767212
2018-12-25 00:00:00,1.0976002216339111
2018-12-25 01:00:00,1.2605822086334229
2018-12-25 02:00:00,1.469081997871399
2018-12-25 03:00:00,2.73885178565979
2018-12-25 04:00:00,3.0336928367614746
2018-12-25 05:00:00,2.7766575813293457
2018-12-25 06:00:00,3.833235740661621
2018-12-25 07:00:00,3.5831348299980164
2018-12-25 08:00:00,3.34255313873291
2018-12-25 09:00:00,3.108520030975342
2018-12-25 10:00:00,2.780637741088867
2018-12-25 11:00:00,1.1887606382369995
2018-12-25 12:00:00,1.09882652759552
2018-12-25 13:00:00,1.1347312927246094
2018-12-25 14:00:00,1.1648881435394287
2018-12-25 15:00:00,1.2166985273361206
2018-12-25 16:00:00,1.2499204874038696
2018-12-25 17:00:00,1.2540632486343384
2018-12-25 18:00:00,1.243988275527954
2018-12-25 19:00:00,1.2262779474258423
2018-12-25 20:00:00,1.193398118019104
2018-12-25 21:00:00,1.1661567687988281
2018-12-25 22:00:00,1.1744250059127808
2018-12-25 23:00:00,1.167906403541565
2018-12-26 00:00:00,1.1749861240386963
2018-12-26 01:00:00,1.1734825372695923
2018-12-26 02:00:00,1.1600368022918701
2018-12-26 03:00:00,1.56966632604599
2018-12-26 04:00:00,2.1245415210723877
2018-12-26 05:00:00,1.8175090551376343
2018-12-26 06:00:00,2.9383859634399414
2018-12-26 07:00:00,3.111417531967163
2018-12-26 08:00:00,3.212808847427368
2018-12-26 09:00:00,3.242417335510254
2018-12-26 10:00:00,2.8529422283172607
2018-12-26 11:00:00,0.960890531539917
2018-12-26 12:00:00,0.9812455177307129
2018-12-26 13:00:00,0.8161989450454712
2018-12-26 14:00:00,0.6221068501472473
2018-12-26 15:00:00,0.4556248188018799
2018-12-26 16:00:00,0.3940984010696411
2018-12-26 17:00:00,0.32582390308380127
2018-12-26 18:00:00,0.28430378437042236
2018-12-26 19:00:00,0.17711853981018066
2018-12-26 20:00:00,0.069832444190979
2018-12-26 21:00:00,0.07409226894378662
2018-12-26 22:00:00,0.1728227138519287
2018-12-26 23:00:00,0.3654186725616455
2018-12-27 00:00:00,0.529784083366394
2018-12-27 01:00:00,0.6633942127227783
2018-12-27 02:00:00,0.7108725309371948
2018-12-27 03:00:00,0.5373058319091797
2018-12-27 04:00:00,1.2504595518112183
2018-12-27 05:00:00,1.1736849546432495
2018-12-27 06:00:00,1.7945556640625
2018-12-27 07:00:00,2.1366777420043945
2018-12-27 08:00:00,2.3085901737213135
2018-12-27 09:00:00,2.356295108795166
2018-12-27 10:00:00,2.2178876399993896
2018-12-27 11:00:00,1.003401517868042
2018-12-27 12:00:00,0.958508774638176
2018-12-27 13:00:00,0.9876691848039627
2018-12-27 14:00:00,1.020778775215149
2018-12-27 15:00:00,1.054489016532898
2018-12-27 16:00:00,1.138976588845253
2018-12-27 17:00:00,1.2289166450500488
2018-12-27 18:00:00,1.289924144744873
2018-12-27 19:00:00,1.2747917175292969
2018-12-27 20:00:00,1.2510687112808228
2018-12-27 21:00:00,1.3115413188934326
2018-12-27 22:00:00,1.4420143365859985
2018-12-27 23:00:00,1.6052669286727905
2018-12-28 00:00:00,1.687801718711853
2018-12-28 01:00:00,1.6970839500427246
2018-12-28 02:00:00,1.6334848403930664
2018-12-28 03:00:00,2.597433567047119
2018-12-28 04:00:00,2.5591483116149902
2018-12-28 05:00:00,2.1914005279541016
2018-12-28 06:00:00,3.311936378479004
2018-12-28 07:00:00,3.2306222915649414
2018-12-28 08:00:00,3.162940263748169
2018-12-28 09:00:00,3.1017446517944336
2018-12-28 10:00:00,2.8520569801330566
2018-12-28 11:00:00,1.2171001434326172
2018-12-28 12:00:00,1.2265973091125488
2018-12-28 13:00:00,1.2371118068695068
2018-12-28 14:00:00,1.1866563558578491
2018-12-28 15:00:00,1.1149826049804688
2018-12-28 16:00:00,1.0636303424835205
2018-12-28 17:00:00,1.0090347528457642
2018-12-28 18:00:00,0.9771599769592285
2018-12-28 19:00:00,0.9894241094589233
2018-12-28 20:00:00,1.0291266441345215
2018-12-28 21:00:00,1.104578971862793
2018-12-28 22:00:00,1.1957350969314575
2018-12-28 23:00:00,1.2858610153198242
2018-12-29 00:00:00,1.3217992782592773
2018-12-29 01:00:00,1.293931484222412
2018-12-29 02:00:00,1.2651338577270508
2018-12-29 03:00:00,1.7013742923736572
2018-12-29 04:00:00,2.3453216552734375
2018-12-29 05:00:00,1.9763054847717285
2018-12-29 06:00:00,3.111590623855591
2018-12-29 07:00:00,3.157654047012329
2018-12-29 08:00:00,3.1379778385162354
2018-12-29 09:00:00,3.009352445602417
2018-12-29 10:00:00,2.4862747192382812
2018-12-29 11:00:00,0.8499966859817505
2018-12-29 12:00:00,0.969184160232544
2018-12-29 13:00:00,0.8107500150799751
2018-12-29 14:00:00,0.49651746451854706
2018-12-29 15:00:00,0.1192476823925972
2018-12-29 16:00:00,-0.21304946951568127
2018-12-29 17:00:00,-0.46529000997543335
2018-12-29 18:00:00,-0.6339036263525486
2018-12-29 19:00:00,-0.7095614671707153
2018-12-29 20:00:00,-0.6980075836181641
2018-12-29 21:00:00,-0.577517319470644
2018-12-29 22:00:00,-0.3185872957110405
2018-12-29 23:00:00,-0.07766133546829224
2018-12-30 00:00:00,0.23393168300390244
2018-12-30 01:00:00,0.442795991897583
2018-12-30 02:00:00,0.5540159866213799
2018-12-30 03:00:00,0.49949873238801956
2018-12-30 04:00:00,0.8954384028911591
2018-12-30 05:00:00,0.6968462467193604
2018-12-30 06:00:00,1.257751703262329
2018-12-30 07:00:00,1.4615900665521622
2018-12-30 08:00:00,1.5037016868591309
2018-12-30 09:00:00,1.4278787672519684
2018-12-30 10:00:00,1.059785395860672
2018-12-30 11:00:00,0.32178157567977905
2018-12-30 12:00:00,0.11322087049484253
2018-12-30 13:00:00,-0.17560886032879353
2018-12-30 14:00:00,-0.4047229290008545
2018-12-30 15:00:00,-0.5818469114601612
2018-12-30 16:00:00,-0.6819116994738579
2018-12-30 17:00:00,-0.6822915486991405
2018-12-30 18:00:00,-0.6486354023218155
2018-12-30 19:00:00,-0.5815523266792297
2018-12-30 20:00:00,-0.4905971437692642
2018-12-30 21:00:00,-0.32243943214416504
2018-12-30 22:00:00,0.01262044906616211
2018-12-30 23:00:00,0.39010751247406006
2018-12-31 00:00:00,0.7120718359947205
2018-12-31 01:00:00,0.9677800834178925
2018-12-31 02:00:00,1.1009420156478882
2018-12-31 03:00:00,1.4429891258478165
2018-12-31 04:00:00,2.2586281299591064
2018-12-31 05:00:00,2.0444812774658203
2018-12-31 06:00:00,3.075044631958008
2018-12-31 07:00:00,3.295600414276123
2018-12-31 08:00:00,3.372234344482422
2018-12-31 09:00:00,3.285712718963623
2018-12-31 10:00:00,2.850341320037842
2018-12-31 11:00:00,1.1284068822860718
2018-12-31 12:00:00,1.1115484237670898
2018-12-31 13:00:00,1.0810233354568481
2018-12-31 14:00:00,1.0221039950847626
2018-12-31 15:00:00,0.962469145655632
2018-12-31 16:00:00,0.8940808326005936
2018-12-31 17:00:00,0.7698879241943359
2018-12-31 18:00:00,0.6625041961669922
2018-12-31 19:00:00,0.6244361326098442
2018-12-31 20:00:00,0.5720024704933167
2018-12-31 21:00:00,0.5649642422795296
2018-12-31 22:00:00,0.5954179763793945
2018-12-31 23:00:00,0.7052744030952454
2019-01-01 00:00:00,0.8467880487442017
2019-01-01 01:00:00,0.9857372045516968
2019-01-01 02:00:00,1.0608935356140137
2019-01-01 03:00:00,0.8787475824356079
2019-01-01 04:00:00,1.6901495456695557
2019-01-01 05:00:00,1.1753926277160645
2019-01-01 06:00:00,1.6460267305374146
2019-01-01 07:00:00,1.814060777425766
2019-01-01 08:00:00,1.8434522151947021
2019-01-01 09:00:00,1.6288758218288422
2019-01-01 10:00:00,1.0991896390914917
2019-01-01 11:00:00,0.3063027262687683
2019-01-01 12:00:00,0.17924398183822632
2019-01-01 13:00:00,-0.033356085419654846
2019-01-01 14:00:00,-0.2594788298010826
2019-01-01 15:00:00,-0.49997853487730026
2019-01-01 16:00:00,-0.6712840050458908
2019-01-01 17:00:00,-0.883675217628479
2019-01-01 18:00:00,-1.0715298503637314
2019-01-01 19:00:00,-1.1077853590250015
2019-01-01 20:00:00,-1.0693923234939575
2019-01-01 21:00:00,-1.017173171043396
2019-01-01 22:00:00,-0.9084450006484985
2019-01-01 23:00:00,-0.8048160076141357
2019-01-02 00:00:00,-0.7742000222206116
2019-01-02 01:00:00,-0.7400974035263062
2019-01-02 02:00:00,-0.7948814630508423
2019-01-02 03:00:00,-0.7158986330032349
2019-01-02 04:00:00,-1.5259970426559448
2019-01-02 05:00:00,-1.2957708686590195
2019-01-02 06:00:00,-1.0843265056610107
2019-01-02 07:00:00,-0.8125338554382324
2019-01-02 08:00:00,-0.5360993891954422
2019-01-02 09:00:00,-0.22562181949615479
2019-01-02 10:00:00,0.035237252712249756
2019-01-02 11:00:00,0.002928316593170166
2019-01-02 12:00:00,-0.05953240394592285
2019-01-02 13:00:00,-0.04939927160739899
2019-01-02 14:00:00,0.035969143733382225
2019-01-02 15:00:00,0.11592237278819084
2019-01-02 16:00:00,0.1515001580119133
2019-01-02 17:00:00,0.15049947053194046
2019-01-02 18:00:00,0.11099520325660706
2019-01-02 19:00:00,0.1412535011768341
2019-01-02 20:00:00,0.24234098196029663
2019-01-02 21:00:00,0.3654281497001648
2019-01-02 22:00:00,0.4847491979598999
2019-01-02 23:00:00,0.66329425573349
2019-01-03 00:00:00,0.8283877372741699
2019-01-03 01:00:00,0.9890691041946411
2019-01-03 02:00:00,1.1092047691345215
2019-01-03 03:00:00,1.9042630791664124
2019-01-03 04:00:00,2.38765549659729
2019-01-03 05:00:00,2.1170456409454346
2019-01-03 06:00:00,2.9322669506073
2019-01-03 07:00:00,3.232351779937744
2019-01-03 08:00:00,3.3287558555603027
2019-01-03 09:00:00,3.2907066345214844
2019-01-03 10:00:00,3.0169386863708496
2019-01-03 11:00:00,1.271653413772583
2019-01-03 12:00:00,1.1726350784301758
2019-01-03 13:00:00,1.2280956506729126
2019-01-03 14:00:00,1.2623937278985977
2019-01-03 15:00:00,1.2969915866851807
2019-01-03 16:00:00,1.3569685220718384
2019-01-03 17:00:00,1.330420732498169
2019-01-03 18:00:00,1.1602052450180054
2019-01-03 19:00:00,1.0154750347137451
2019-01-03 20:00:00,0.90204918384552
2019-01-03 21:00:00,0.9349921941757202
2019-01-03 22:00:00,1.0463382005691528
2019-01-03 23:00:00,1.171269178390503
2019-01-04 00:00:00,1.3064098358154297
2019-01-04 01:00:00,1.4093137979507446
2019-01-04 02:00:00,1.3778865337371826
2019-01-04 03:00:00,2.5550169944763184
2019-01-04 04:00:00,1.968277394771576
2019-01-04 05:00:00,1.5946474075317383
2019-01-04 06:00:00,1.551833152770996
2019-01-04 07:00:00,1.5603064596652985
2019-01-04 08:00:00,1.3754149675369263
2019-01-04 09:00:00,0.9748367071151733
2019-01-04 10:00:00,0.48032712936401367
2019-01-04 11:00:00,0.5060073137283325
2019-01-04 12:00:00,0.5225865840911865
2019-01-04 13:00:00,0.36724042892456055
2019-01-04 14:00:00,0.21730530261993408
2019-01-04 15:00:00,0.01625669002532959
2019-01-04 16:00:00,-0.4208616018295288
2019-01-04 17:00:00,-0.8128269910812378
2019-01-04 18:00:00,-1.0932847261428833
2019-01-04 19:00:00,-1.2510536909103394
2019-01-04 20:00:00,-1.3222695589065552
2019-01-04 21:00:00,-1.3455792665481567
2019-01-04 22:00:00,-1.2972365617752075
2019-01-04 23:00:00,-1.2010347843170166
2019-01-05 00:00:00,-1.0801535844802856
2019-01-05 01:00:00,-0.9758645296096802
2019-01-05 02:00:00,-0.8835635185241699
2019-01-05 03:00:00,-1.1832671165466309
2019-01-05 04:00:00,-1.5998915433883667
2019-01-05 05:00:00,-1.5036877393722534
2019-01-05 06:00:00,-1.9150454998016357
2019-01-05 07:00:00,-1.7238317430019379
2019-01-05 08:00:00,-1.6445160806179047
2019-01-05 09:00:00,-1.6504361629486084
2019-01-05 10:00:00,-1.7425737380981445
2019-01-05 11:00:00,-0.8360240459442139
2019-01-05 12:00:00,-1.21683669090271
2019-01-05 13:00:00,-1.3090914487838745
2019-01-05 14:00:00,-1.3651232719421387
2019-01-05 15:00:00,-1.4338817596435547
2019-01-05 16:00:00,-1.4139162302017212
2019-01-05 17:00:00,-1.3786733150482178
2019-01-05 18:00:00,-1.3369873762130737
2019-01-05 19:00:00,-1.278857946395874
2019-01-05 20:00:00,-1.1971781253814697
2019-01-05 21:00:00,-1.080905333161354
2019-01-05 22:00:00,-0.9774048328399658
2019-01-05 23:00:00,-0.8762593865394592
2019-01-06 00:00:00,-0.7829854488372803
2019-01-06 01:00:00,-0.6926933526992798
2019-01-06 02:00:00,-0.6026502847671509
2019-01-06 03:00:00,-0.7442508861422539
2019-01-06 04:00:00,-1.3086200952529907
2019-01-06 05:00:00,-1.2449207305908203
2019-01-06 06:00:00,-1.6867187023162842
2019-01-06 07:00:00,-1.9948608875274658
2019-01-06 08:00:00,-1.7854580879211426
2019-01-06 09:00:00,-1.3647226095199585
2019-01-06 10:00:00,-0.7134960889816284
2019-01-06 11:00:00,0.0282745361328125
2019-01-06 12:00:00,0.31499481201171875
2019-01-06 13:00:00,0.5371149778366089
2019-01-06 14:00:00,0.7154052257537842
2019-01-06 15:00:00,0.6972049474716187
2019-01-06 16:00:00,0.4402156472206116
2019-01-06 17:00:00,0.23937475681304932
2019-01-06 18:00:00,0.12625718116760254
2019-01-06 19:00:00,0.08516407012939453
2019-01-06 20:00:00,0.046252667903900146
2019-01-06 21:00:00,0.04079127311706543
2019-01-06 22:00:00,0.15499040484428406
2019-01-06 23:00:00,0.297014057636261
2019-01-07 00:00:00,0.4476466774940491
2019-01-07 01:00:00,0.5855587720870972
2019-01-07 02:00:00,0.7021546363830566
2019-01-07 03:00:00,1.5199964046478271
2019-01-07 04:00:00,1.5097957849502563
2019-01-07 05:00:00,1.6714023351669312
2019-01-07 06:00:00,1.8553931713104248
2019-01-07 07:00:00,1.959935188293457
2019-01-07 08:00:00,1.9601173400878906
2019-01-07 09:00:00,1.9446178078651428
2019-01-07 10:00:00,1.869751513004303
2019-01-07 11:00:00,0.8715873956680298
2019-01-07 12:00:00,0.9059630632400513
2019-01-07 13:00:00,0.9812343120574951
2019-01-07 14:00:00,1.003855437040329
2019-01-07 15:00:00,1.0246000289916992
2019-01-07 16:00:00,1.1198170185089111
2019-01-07 17:00:00,1.1231037378311157
2019-01-07 18:00:00,1.0138982236385345
2019-01-07 19:00:00,0.804345890879631
2019-01-07 20:00:00,0.6498473808169365
2019-01-07 21:00:00,0.6006455421447754
2019-01-07 22:00:00,0.6918486431241035
2019-01-07 23:00:00,0.9118344783782959
2019-01-08 00:00:00,1.1087490320205688
2019-01-08 01:00:00,1.2753803730010986
2019-01-08 02:00:00,1.3651424646377563
2019-01-08 03:00:00,2.223792552947998
2019-01-08 04:00:00,2.062062978744507
2019-01-08 05:00:00,2.212423801422119
2019-01-08 06:00:00,2.9134559631347656
2019-01-08 07:00:00,2.74442720413208
2019-01-08 08:00:00,2.829122304916382
2019-01-08 09:00:00,3.0693609714508057
2019-01-08 10:00:00,3.1204962730407715
2019-01-08 11:00:00,1.736501544713974
2019-01-08 12:00:00,1.3850491046905518
2019-01-08 13:00:00,1.5329515933990479
2019-01-08 14:00:00,1.660790205001831
2019-01-08 15:00:00,1.7821776866912842
2019-01-08 16:00:00,1.9435389041900635
2019-01-08 17:00:00,2.0009567737579346
2019-01-08 18:00:00,1.9876232147216797
2019-01-08 19:00:00,1.9290224015712738
2019-01-08 20:00:00,1.9350789189338684
2019-01-08 21:00:00,2.0672175884246826
2019-01-08 22:00:00,1.969252109527588
2019-01-08 23:00:00,1.927947759628296
2019-01-09 00:00:00,1.8879508972167969
2019-01-09 01:00:00,1.7602298259735107
2019-01-09 02:00:00,1.7111387252807617
2019-01-09 03:00:00,2.851213216781616
2019-01-09 04:00:00,2.7137656211853027
2019-01-09 05:00:00,2.9534904956817627
2019-01-09 06:00:00,3.769659996032715
2019-01-09 07:00:00,3.8552494049072266
2019-01-09 08:00:00,3.9006900787353516
2019-01-09 09:00:00,3.863417625427246
2019-01-09 10:00:00,3.559573173522949
2019-01-09 11:00:00,2.269341468811035
2019-01-09 12:00:00,1.3538248538970947
2019-01-09 13:00:00,1.4641131162643433
2019-01-09 14:00:00,1.541692852973938
2019-01-09 15:00:00,1.5761809349060059
2019-01-09 16:00:00,1.6227080821990967
2019-01-09 17:00:00,1.5868918895721436
2019-01-09 18:00:00,1.5511380434036255
2019-01-09 19:00:00,1.5600805282592773
2019-01-09 20:00:00,1.619666576385498
2019-01-09 21:00:00,1.7115719318389893
2019-01-09 22:00:00,1.6259965896606445
2019-01-09 23:00:00,1.55343759059906
2019-01-10 00:00:00,1.4936782121658325
2019-01-10 01:00:00,1.493802547454834
2019-01-10 02:00:00,1.5720431804656982
2019-01-10 03:00:00,2.8059120178222656
2019-01-10 04:00:00,2.2565648555755615
2019-01-10 05:00:00,2.4555234909057617
2019-01-10 06:00:00,2.8388028144836426
2019-01-10 07:00:00,2.6681442260742188
2019-01-10 08:00:00,2.6230812072753906
2019-01-10 09:00:00,2.502741813659668
2019-01-10 10:00:00,2.0333847403526306
2019-01-10 11:00:00,0.6005306243896484
2019-01-10 12:00:00,0.7927882671356201
2019-01-10 13:00:00,0.577380895614624
2019-01-10 14:00:00,0.4001275300979614
2019-01-10 15:00:00,0.18885111808776855
2019-01-10 16:00:00,0.05977708101272583
2019-01-10 17:00:00,-0.06628555059432983
2019-01-10 18:00:00,-0.2297196388244629
2019-01-10 19:00:00,-0.3627440929412842
2019-01-10 20:00:00,-0.48043107986450195
2019-01-10 21:00:00,-0.5789162516593933
2019-01-10 22:00:00,-0.6674947142601013
2019-01-10 23:00:00,-0.7846279442310333
2019-01-11 00:00:00,-0.931214302778244
2019-01-11 01:00:00,-1.0151512622833252
2019-01-11 02:00:00,-0.9926728010177612
2019-01-11 03:00:00,-0.512306809425354
2019-01-11 04:00:00,-0.7666598558425903
2019-01-11 05:00:00,-0.40603160858154297
2019-01-11 06:00:00,-0.5046752691268921
2019-01-11 07:00:00,-0.39184296131134033
2019-01-11 08:00:00,-0.35026872158050537
2019-01-11 09:00:00,-0.44300228357315063
2019-01-11 10:00:00,-0.43257999420166016
2019-01-11 11:00:00,-0.19415146112442017
2019-01-11 12:00:00,-0.2826002761721611
2019-01-11 13:00:00,-0.35460537672042847
2019-01-11 14:00:00,-0.4276243671774864
2019-01-11 15:00:00,-0.5161290764808655
2019-01-11 16:00:00,-0.6301254630088806
2019-01-11 17:00:00,-0.71965092420578
2019-01-11 18:00:00,-0.7388654351234436
2019-01-11 19:00:00,-0.728622317314148
2019-01-11 20:00:00,-0.7165200114250183
2019-01-11 21:00:00,-0.6798074245452881
2019-01-11 22:00:00,-0.6189256906509399
2019-01-11 23:00:00,-0.6237223148345947
2019-01-12 00:00:00,-0.6667538285255432
2019-01-12 01:00:00,-0.7497450113296509
2019-01-12 02:00:00,-0.824604868888855
2019-01-12 03:00:00,-0.5835862159729004
2019-01-12 04:00:00,-0.9445259869098663
2019-01-12 05:00:00,-0.6563447713851929
2019-01-12 06:00:00,-0.48496001958847046
2019-01-12 07:00:00,-0.19131940603256226
2019-01-12 08:00:00,0.01082766056060791
2019-01-12 09:00:00,0.15369874238967896
2019-01-12 10:00:00,0.12894773483276367
2019-01-12 11:00:00,0.036713480949401855
2019-01-12 12:00:00,-0.04440122842788696
2019-01-12 13:00:00,-0.19674324989318848
2019-01-12 14:00:00,-0.3823246359825134
2019-01-12 15:00:00,-0.6152090579271317
2019-01-12 16:00:00,-0.752487376332283
2019-01-12 17:00:00,-0.8317084312438965
2019-01-12 18:00:00,-0.866803765296936
2019-01-12 19:00:00,-0.8379166126251221
2019-01-12 20:00:00,-0.7072043418884277
2019-01-12 21:00:00,-0.6019038110971451
2019-01-12 22:00:00,-0.592168390750885
2019-01-12 23:00:00,-0.6622878909111023
2019-01-13 00:00:00,-0.7508738040924072
2019-01-13 01:00:00,-0.8171639442443848
2019-01-13 02:00:00,-0.8230891674757004
2019-01-13 03:00:00,-1.171337515115738
2019-01-13 04:00:00,-1.2956551313400269
2019-01-13 05:00:00,-0.8917808458209038
2019-01-13 06:00:00,-0.5342120490968227
2019-01-13 07:00:00,-0.2815263867378235
2019-01-13 08:00:00,-0.0054537951946258545
2019-01-13 09:00:00,0.2939783111214638
2019-01-13 10:00:00,0.4984847269952297
2019-01-13 11:00:00,0.41837169975042343
2019-01-13 12:00:00,0.41880226135253906
2019-01-13 13:00:00,0.5702878832817078
2019-01-13 14:00:00,0.7196240872144699
2019-01-13 15:00:00,0.8098461553454399
2019-01-13 16:00:00,0.8702220916748047
2019-01-13 17:00:00,0.9180110692977905
2019-01-13 18:00:00,1.0840907096862793
2019-01-13 19:00:00,1.3131103366613388
2019-01-13 20:00:00,1.448456048965454
2019-01-13 21:00:00,1.5607432126998901
2019-01-13 22:00:00,1.69683837890625
2019-01-13 23:00:00,1.6266281604766846
2019-01-14 00:00:00,1.520645260810852
2019-01-14 01:00:00,1.55133855342865
2019-01-14 02:00:00,1.7334107458591461
2019-01-14 03:00:00,2.8262758255004883
2019-01-14 04:00:00,2.794607639312744
2019-01-14 05:00:00,3.8469861149787903
2019-01-14 06:00:00,4.179356515407562
2019-01-14 07:00:00,4.1916332840919495
2019-01-14 08:00:00,4.0396939516067505
2019-01-14 09:00:00,3.7273268699645996
2019-01-14 10:00:00,3.598766505718231
2019-01-14 11:00:00,3.1891818046569824
2019-01-14 12:00:00,1.819072961807251
2019-01-14 13:00:00,2.12460133433342
2019-01-14 14:00:00,2.410385847091675
2019-01-14 15:00:00,2.4459869861602783
2019-01-14 16:00:00,2.455300807952881
2019-01-14 17:00:00,2.433798313140869
2019-01-14 18:00:00,2.3928165435791016
2019-01-14 19:00:00,2.335801362991333
2019-01-14 20:00:00,2.1828818321228027
2019-01-14 21:00:00,2.0760402977466583
2019-01-14 22:00:00,2.1796493530273438
2019-01-14 23:00:00,2.268807888031006
2019-01-15 00:00:00,2.2339985370635986
2019-01-15 01:00:00,2.190943479537964
2019-01-15 02:00:00,2.04740047454834
2019-01-15 03:00:00,3.068070411682129
2019-01-15 04:00:00,2.7901453971862793
2019-01-15 05:00:00,3.045785665512085
2019-01-15 06:00:00,3.9044065475463867
2019-01-15 07:00:00,3.9313895106315613
2019-01-15 08:00:00,3.9020139575004578
2019-01-15 09:00:00,3.8203110694885254
2019-01-15 10:00:00,3.3597395420074463
2019-01-15 11:00:00,1.8369073867797852
2019-01-15 12:00:00,1.1477835178375244
2019-01-15 13:00:00,1.1944828033447266
2019-01-15 14:00:00,1.2150497436523438
2019-01-15 15:00:00,1.212170124053955
2019-01-15 16:00:00,1.1829502582550049
2019-01-15 17:00:00,1.1019740104675293
2019-01-15 18:00:00,0.9275979995727539
2019-01-15 19:00:00,0.660207986831665
2019-01-15 20:00:00,0.5048287510871887
2019-01-15 21:00:00,0.5185408592224121
2019-01-15 22:00:00,0.549206018447876
2019-01-15 23:00:00,0.324792742729187
2019-01-16 00:00:00,0.3800168037414551
2019-01-16 01:00:00,0.47979557514190674
2019-01-16 02:00:00,0.2022085189819336
2019-01-16 03:00:00,-0.1114417314529419
2019-01-16 04:00:00,-0.5781491994857788
2019-01-16 05:00:00,-0.6133224964141846
2019-01-16 06:00:00,-0.48849570751190186
2019-01-16 07:00:00,-0.2641019821166992
2019-01-16 08:00:00,-0.055144429206848145
2019-01-16 09:00:00,0.11833000183105469
2019-01-16 10:00:00,0.12770533561706543
2019-01-16 11:00:00,0.21682524681091309
2019-01-16 12:00:00,0.24087214469909668
2019-01-16 13:00:00,-0.029981136322021484
2019-01-16 14:00:00,-0.2659003734588623
2019-01-16 15:00:00,-0.4060429334640503
2019-01-16 16:00:00,-0.45057404041290283
2019-01-16 17:00:00,-0.3717392683029175
2019-01-16 18:00:00,-0.16978657245635986
2019-01-16 19:00:00,0.05940103530883789
2019-01-16 20:00:00,0.204850435256958
2019-01-16 21:00:00,0.28182947635650635
2019-01-16 22:00:00,0.38064026832580566
2019-01-16 23:00:00,0.5447371006011963
2019-01-17 00:00:00,0.7297207117080688
2019-01-17 01:00:00,0.8762468099594116
2019-01-17 02:00:00,0.9303097724914551
2019-01-17 03:00:00,1.0909454822540283
2019-01-17 04:00:00,1.8766205310821533
2019-01-17 05:00:00,1.5282248258590698
2019-01-17 06:00:00,1.5830810070037842
2019-01-17 07:00:00,1.5041368007659912
2019-01-17 08:00:00,1.4991728067398071
2019-01-17 09:00:00,1.4760178327560425
2019-01-17 10:00:00,1.4674445390701294
2019-01-17 11:00:00,0.6180600002408028
2019-01-17 12:00:00,0.9997308254241943
2019-01-17 13:00:00,1.0613933801651
2019-01-17 14:00:00,1.015858769416809
2019-01-17 15:00:00,0.8893593549728394
2019-01-17 16:00:00,0.7457486316561699
2019-01-17 17:00:00,0.5952358990907669
2019-01-17 18:00:00,0.515347421169281
2019-01-17 19:00:00,0.5293848589062691
2019-01-17 20:00:00,0.5720989108085632
2019-01-17 21:00:00,0.6425675079226494
2019-01-17 22:00:00,0.691556341946125
2019-01-17 23:00:00,0.7364704608917236
2019-01-18 00:00:00,0.8022630214691162
2019-01-18 01:00:00,0.851942241191864
2019-01-18 02:00:00,0.950074315071106
2019-01-18 03:00:00,2.254998654127121
2019-01-18 04:00:00,2.0798370838165283
2019-01-18 05:00:00,1.8048744201660156
2019-01-18 06:00:00,2.207232505083084
2019-01-18 07:00:00,2.157039135694504
2019-01-18 08:00:00,2.1107230186462402
2019-01-18 09:00:00,1.9131464958190918
2019-01-18 10:00:00,1.8058443069458008
2019-01-18 11:00:00,0.69386887550354
2019-01-18 12:00:00,0.9070977866649628
2019-01-18 13:00:00,0.8500476330518723
2019-01-18 14:00:00,0.7645665407180786
2019-01-18 15:00:00,0.692352294921875
2019-01-18 16:00:00,0.6725335121154785
2019-01-18 17:00:00,0.6978902816772461
2019-01-18 18:00:00,0.6483402252197266
2019-01-18 19:00:00,0.6067033410072327
2019-01-18 20:00:00,0.6255292892456055
2019-01-18 21:00:00,0.6407830119132996
2019-01-18 22:00:00,0.6066110134124756
2019-01-18 23:00:00,0.5747260451316833
2019-01-19 00:00:00,0.5486655831336975
2019-01-19 01:00:00,0.6031454801559448
2019-01-19 02:00:00,0.7817166447639465
2019-01-19 03:00:00,1.6208032369613647
2019-01-19 04:00:00,1.7862935066223145
2019-01-19 05:00:00,1.6688995361328125
2019-01-19 06:00:00,2.6978068351745605
2019-01-19 07:00:00,2.8545894622802734
2019-01-19 08:00:00,2.806513786315918
2019-01-19 09:00:00,2.5858798027038574
2019-01-19 10:00:00,2.2220308780670166
2019-01-19 11:00:00,0.6613084673881531
2019-01-19 12:00:00,0.6097396016120911
2019-01-19 13:00:00,0.4439946413040161
2019-01-19 14:00:00,0.26281583309173584
2019-01-19 15:00:00,0.12363564968109131
2019-01-19 16:00:00,-0.01591968536376953
2019-01-19 17:00:00,-0.2245798110961914
2019-01-19 18:00:00,-0.43579787015914917
2019-01-19 19:00:00,-0.610297679901123
2019-01-19 20:00:00,-0.7573534250259399
2019-01-19 21:00:00,-0.8672775030136108
2019-01-19 22:00:00,-0.8069457560777664
2019-01-19 23:00:00,-0.5865141898393631
2019-01-20 00:00:00,-0.18218112736940384
2019-01-20 01:00:00,0.08086332678794861
2019-01-20 02:00:00,0.3168407082557678
2019-01-20 03:00:00,0.2524213194847107
2019-01-20 04:00:00,0.31972962617874146
2019-01-20 05:00:00,-0.21991032361984253
2019-01-20 06:00:00,0.2256888747215271
2019-01-20 07:00:00,0.5402013808488846
2019-01-20 08:00:00,0.6282761543989182
2019-01-20 09:00:00,0.5489381551742554
2019-01-20 10:00:00,0.40205301344394684
2019-01-20 11:00:00,-0.04215657711029053
2019-01-20 12:00:00,-0.5708843469619751
2019-01-20 13:00:00,-0.8993623703718185
2019-01-20 14:00:00,-1.087407574057579
2019-01-20 15:00:00,-1.1965725421905518
2019-01-20 16:00:00,-1.2301738262176514
2019-01-20 17:00:00,-1.1744630336761475
2019-01-20 18:00:00,-1.1061495542526245
2019-01-20 19:00:00,-1.099479079246521
2019-01-20 20:00:00,-1.140183925628662
2019-01-20 21:00:00,-1.186423048377037
2019-01-20 22:00:00,-1.1939573287963867
2019-01-20 23:00:00,-1.1754539161920547
2019-01-21 00:00:00,-1.1475684493780136
2019-01-21 01:00:00,-1.1752334833145142
2019-01-21 02:00:00,-1.2609127759933472
2019-01-21 03:00:00,-1.835278034210205
2019-01-21 04:00:00,-2.280827760696411
2019-01-21 05:00:00,-2.4452309608459473
2019-01-21 06:00:00,-3.02388334274292
2019-01-21 07:00:00,-3.3561642169952393
2019-01-21 08:00:00,-3.8206162452697754
2019-01-21 09:00:00,-4.075501024723053
2019-01-21 10:00:00,-3.6320159435272217
2019-01-21 11:00:00,-3.316922664642334
2019-01-21 12:00:00,-3.3035826683044434
2019-01-21 13:00:00,-3.840703010559082
2019-01-21 14:00:00,-4.0599276423454285
2019-01-21 15:00:00,-3.729404926300049
2019-01-21 16:00:00,-3.5426841974258423
2019-01-21 17:00:00,-4.689636707305908
2019-01-21 18:00:00,-5.142000198364258
2019-01-21 19:00:00,-5.591859817504883
2019-01-21 20:00:00,-5.377065658569336
2019-01-21 21:00:00,-4.402882099151611
2019-01-21 22:00:00,-4.429006099700928
2019-01-21 23:00:00,-3.78617525100708
2019-01-22 00:00:00,-2.9527067840099335
2019-01-22 01:00:00,-2.2080419212579727
2019-01-22 02:00:00,-1.3696055561304092
2019-01-22 03:00:00,-0.9021482467651367
2019-01-22 04:00:00,-0.4736492186784744
2019-01-22 05:00:00,-0.03046587109565735
2019-01-22 06:00:00,0.4347727596759796
2019-01-22 07:00:00,0.8642818927764893
2019-01-22 08:00:00,1.0214691162109375
2019-01-22 09:00:00,1.1215987130999565
2019-01-22 10:00:00,1.057070031762123
2019-01-22 11:00:00,0.561626672744751
2019-01-22 12:00:00,0.5820273756980896
2019-01-22 13:00:00,0.42959827184677124
2019-01-22 14:00:00,0.20615267753601074
2019-01-22 15:00:00,0.05367577075958252
2019-01-22 16:00:00,-0.0239219069480896
2019-01-22 17:00:00,-0.11325132846832275
2019-01-22 18:00:00,-0.2046452760696411
2019-01-22 19:00:00,-0.2842257618904114
2019-01-22 20:00:00,-0.32754313945770264
2019-01-22 21:00:00,-0.3054938316345215
2019-01-22 22:00:00,-0.20064806938171387
2019-01-22 23:00:00,-0.08980536460876465
2019-01-23 00:00:00,0.041152775287628174
2019-01-23 01:00:00,0.16091710329055786
2019-01-23 02:00:00,0.27162909507751465
2019-01-23 03:00:00,0.830561637878418
2019-01-23 04:00:00,0.7851881980895996
2019-01-23 05:00:00,0.4354531764984131
2019-01-23 06:00:00,0.6582927256822586
2019-01-23 07:00:00,0.9476695507764816
2019-01-23 08:00:00,1.2250168323516846
2019-01-23 09:00:00,1.3906382322311401
2019-01-23 10:00:00,1.2642903327941895
2019-01-23 11:00:00,0.9429428577423096
2019-01-23 12:00:00,0.47957783937454224
2019-01-23 13:00:00,0.44998592138290405
2019-01-23 14:00:00,0.35183629393577576
2019-01-23 15:00:00,0.24110883474349976
2019-01-23 16:00:00,0.17138642072677612
2019-01-23 17:00:00,0.1286247968673706
2019-01-23 18:00:00,0.08720111846923828
2019-01-23 19:00:00,0.008698701858520508
2019-01-23 20:00:00,-0.11298137903213501
2019-01-23 21:00:00,-0.2161542773246765
2019-01-23 22:00:00,-0.28005558252334595
2019-01-23 23:00:00,-0.28551119565963745
2019-01-24 00:00:00,-0.2919952869415283
2019-01-24 01:00:00,-0.2930751442909241
2019-01-24 02:00:00,-0.32760727405548096
2019-01-24 03:00:00,-0.6911977529525757
2019-01-24 04:00:00,-0.6136503219604492
2019-01-24 05:00:00,-0.6548370122909546
2019-01-24 06:00:00,-0.4578036069869995
2019-01-24 07:00:00,-0.29568541049957275
2019-01-24 08:00:00,-0.23982512950897217
2019-01-24 09:00:00,-0.24667179584503174
2019-01-24 10:00:00,-0.052220702171325684
2019-01-24 11:00:00,0.24754619598388672
2019-01-24 12:00:00,0.3128676414489746
2019-01-24 13:00:00,0.5268063545227051
2019-01-24 14:00:00,0.6086838245391846
2019-01-24 15:00:00,0.6285940408706665
2019-01-24 16:00:00,0.5850759744644165
2019-01-24 17:00:00,0.5399515628814697
2019-01-24 18:00:00,0.49427056312561035
2019-01-24 19:00:00,0.5381772518157959
2019-01-24 20:00:00,0.7333271503448486
2019-01-24 21:00:00,1.068677306175232
2019-01-24 22:00:00,1.4160951375961304
2019-01-24 23:00:00,1.7866846323013306
2019-01-25 00:00:00,1.9901251792907715
2019-01-25 01:00:00,1.7664886116981506
2019-01-25 02:00:00,1.295095980167389
2019-01-25 03:00:00,0.47246837615966797
2019-01-25 04:00:00,-0.12690627574920654
2019-01-25 05:00:00,-0.20038902759552002
2019-01-25 06:00:00,0.3665238618850708
2019-01-25 07:00:00,0.5637654066085815
2019-01-25 08:00:00,0.6095102429389954
2019-01-25 09:00:00,0.688092052936554
2019-01-25 10:00:00,0.9137762784957886
2019-01-25 11:00:00,0.8190993815660477
2019-01-25 12:00:00,0.22797727584838867
2019-01-25 13:00:00,0.027884364128112793
2019-01-25 14:00:00,-0.14261841773986816
2019-01-25 15:00:00,-0.2334575057029724
2019-01-25 16:00:00,-0.21238666772842407
2019-01-25 17:00:00,-0.1034383773803711
2019-01-25 18:00:00,0.07169607281684875
2019-01-25 19:00:00,0.27063862420618534
2019-01-25 20:00:00,0.433221198618412
2019-01-25 21:00:00,0.5446206256747246
2019-01-25 22:00:00,0.610950231552124
2019-01-25 23:00:00,0.6931808590888977
2019-01-26 00:00:00,0.8102940917015076
2019-01-26 01:00:00,0.9229383021593094
2019-01-26 02:00:00,0.9949207752943039
2019-01-26 03:00:00,2.2229228019714355
2019-01-26 04:00:00,1.8732106685638428
2019-01-26 05:00:00,1.836996465921402
2019-01-26 06:00:00,1.509124994277954
2019-01-26 07:00:00,1.3884483575820923
2019-01-26 08:00:00,1.4431582689285278
2019-01-26 09:00:00,1.5885494947433472
2019-01-26 10:00:00,1.6612824201583862
2019-01-26 11:00:00,1.465203046798706
2019-01-26 12:00:00,0.7808879017829895
2019-01-26 13:00:00,0.9130010604858398
2019-01-26 14:00:00,0.9622338116168976
2019-01-26 15:00:00,0.990431547164917
2019-01-26 16:00:00,0.9728007316589355
2019-01-26 17:00:00,0.9353808164596558
2019-01-26 18:00:00,0.8740352392196655
2019-01-26 19:00:00,0.8074740171432495
2019-01-26 20:00:00,0.72607421875
2019-01-26 21:00:00,0.678329348564148
2019-01-26 22:00:00,0.7380106449127197
2019-01-26 23:00:00,0.8351866006851196
2019-01-27 00:00:00,0.9937198162078857
2019-01-27 01:00:00,1.145618200302124
2019-01-27 02:00:00,1.3399746417999268
2019-01-27 03:00:00,2.9256432056427
2019-01-27 04:00:00,2.675027370452881
2019-01-27 05:00:00,3.4070792198181152
2019-01-27 06:00:00,3.4900195598602295
2019-01-27 07:00:00,3.225989818572998
2019-01-27 08:00:00,2.929490089416504
2019-01-27 09:00:00,2.683773994445801
2019-01-27 10:00:00,2.4199378490448
2019-01-27 11:00:00,1.8688910007476807
2019-01-27 12:00:00,0.9820182621479034
2019-01-27 13:00:00,1.0982835292816162
2019-01-27 14:00:00,1.192814826965332
2019-01-27 15:00:00,1.2911381721496582
2019-01-27 16:00:00,1.3953232765197754
2019-01-27 17:00:00,1.4707823991775513
2019-01-27 18:00:00,1.496265172958374
2019-01-27 19:00:00,1.4661260843276978
2019-01-27 20:00:00,1.432864785194397
2019-01-27 21:00:00,1.4588992595672607
2019-01-27 22:00:00,1.3859498500823975
2019-01-27 23:00:00,1.3251724243164062
2019-01-28 00:00:00,1.3386013507843018
2019-01-28 01:00:00,1.4002989530563354
2019-01-28 02:00:00,1.7058167457580566
2019-01-28 03:00:00,2.6555299758911133
2019-01-28 04:00:00,2.571458339691162
2019-01-28 05:00:00,3.256821870803833
2019-01-28 06:00:00,3.3169515132904053
2019-01-28 07:00:00,3.114569902420044
2019-01-28 08:00:00,3.182976484298706
2019-01-28 09:00:00,3.206555128097534
2019-01-28 10:00:00,3.008657693862915
2019-01-28 11:00:00,2.3526546955108643
2019-01-28 12:00:00,1.2609868049621582
2019-01-28 13:00:00,1.420325756072998
2019-01-28 14:00:00,1.4623768329620361
2019-01-28 15:00:00,1.5394566059112549
2019-01-28 16:00:00,1.4378507137298584
2019-01-28 17:00:00,1.3483927249908447
2019-01-28 18:00:00,1.414793848991394
2019-01-28 19:00:00,1.6301524639129639
2019-01-28 20:00:00,1.749976634979248
2019-01-28 21:00:00,1.7848913669586182
2019-01-28 22:00:00,1.7854235172271729
2019-01-28 23:00:00,1.8545420169830322
2019-01-29 00:00:00,2.0294368267059326
2019-01-29 01:00:00,2.1253268718719482
2019-01-29 02:00:00,2.6163883209228516
2019-01-29 03:00:00,3.151005744934082
2019-01-29 04:00:00,2.7365729808807373
2019-01-29 05:00:00,2.981698513031006
2019-01-29 06:00:00,3.01811146736145
2019-01-29 07:00:00,2.6239073276519775
2019-01-29 08:00:00,2.487879991531372
2019-01-29 09:00:00,2.4794952869415283
2019-01-29 10:00:00,2.345191717147827
2019-01-29 11:00:00,1.3941184282302856
2019-01-29 12:00:00,1.0460536628961563
2019-01-29 13:00:00,1.284050703048706
2019-01-29 14:00:00,1.3674137592315674
2019-01-29 15:00:00,1.427342176437378
2019-01-29 16:00:00,1.369229793548584
2019-01-29 17:00:00,1.3193377256393433
2019-01-29 18:00:00,1.2187604904174805
2019-01-29 19:00:00,1.0023984909057617
2019-01-29 20:00:00,0.6590930819511414
2019-01-29 21:00:00,0.5618676543235779
2019-01-29 22:00:00,0.7035621404647827
2019-01-29 23:00:00,0.6366169452667236
2019-01-30 00:00:00,0.6770233511924744
2019-01-30 01:00:00,0.972751647233963
2019-01-30 02:00:00,1.1402602195739746
2019-01-30 03:00:00,2.4285085201263428
2019-01-30 04:00:00,1.8533828258514404
2019-01-30 05:00:00,1.4723825454711914
2019-01-30 06:00:00,2.028502941131592
2019-01-30 07:00:00,2.147064447402954
2019-01-30 08:00:00,2.0418177247047424
2019-01-30 09:00:00,1.5874316692352295
2019-01-30 10:00:00,1.2069525569677353
2019-01-30 11:00:00,0.8073950260877609
2019-01-30 12:00:00,0.7473979592323303
2019-01-30 13:00:00,0.709319531917572
2019-01-30 14:00:00,0.46336930990219116
2019-01-30 15:00:00,-0.05632901191711426
2019-01-30 16:00:00,-0.5519179105758667
2019-01-30 17:00:00,-0.8772463798522949
2019-01-30 18:00:00,-1.0711851119995117
2019-01-30 19:00:00,-1.1594399213790894
2019-01-30 20:00:00,-1.1976172924041748
2019-01-30 21:00:00,-1.2177624702453613
2019-01-30 22:00:00,-1.2260699272155762
2019-01-30 23:00:00,-1.1915702819824219
2019-01-31 00:00:00,-1.097740888595581
2019-01-31 01:00:00,-1.021321177482605
2019-01-31 02:00:00,-0.9944690465927124
2019-01-31 03:00:00,-2.0442118048667908
2019-01-31 04:00:00,-1.6432512998580933
2019-01-31 05:00:00,-2.0650326907634735
2019-01-31 06:00:00,-1.9464666843414307
2019-01-31 07:00:00,-1.6894326210021973
2019-01-31 08:00:00,-1.581898808479309
2019-01-31 09:00:00,-1.4062585830688477
2019-01-31 10:00:00,-1.3125349283218384
2019-01-31 11:00:00,-0.9908463656902313
2019-01-31 12:00:00,-0.7706352472305298
2019-01-31 13:00:00,-0.9643648862838745
2019-01-31 14:00:00,-1.1827213764190674
2019-01-31 15:00:00,-1.4529213905334473
2019-01-31 16:00:00,-1.7365635633468628
2019-01-31 17:00:00,-1.9910326600074768
2019-01-31 18:00:00,-2.0336117148399353
2019-01-31 19:00:00,-2.0487256050109863
2019-01-31 20:00:00,-2.048464775085449
2019-01-31 21:00:00,-1.7770000398159027
2019-01-31 22:00:00,-1.3702192306518555
2019-01-31 23:00:00,-1.024318128824234
2019-02-01 00:00:00,-0.8197274208068848
2019-02-01 01:00:00,-0.6266953945159912
2019-02-01 02:00:00,-0.29507430642843246
2019-02-01 03:00:00,0.028206869959831238
2019-02-01 04:00:00,0.4851846694946289
2019-02-01 05:00:00,0.6153517961502075
2019-02-01 06:00:00,0.2542181983590126
2019-02-01 07:00:00,0.2832445874810219
2019-02-01 08:00:00,0.35343920812010765
2019-02-01 09:00:00,0.5802214182913303
2019-02-01 10:00:00,0.8609297275543213
2019-02-01 11:00:00,0.5912087559700012
2019-02-01 12:00:00,0.7940757274627686
2019-02-01 13:00:00,0.7491496205329895
2019-02-01 14:00:00,0.6830974817276001
2019-02-01 15:00:00,0.6555823683738708
2019-02-01 16:00:00,0.6651144027709961
2019-02-01 17:00:00,0.7062458992004395
2019-02-01 18:00:00,0.7533383965492249
2019-02-01 19:00:00,0.786569356918335
2019-02-01 20:00:00,0.8054628968238831
2019-02-01 21:00:00,0.8371171355247498
2019-02-01 22:00:00,0.8755295276641846
2019-02-01 23:00:00,0.9143376350402832
2019-02-02 00:00:00,0.9175347834825516
2019-02-02 01:00:00,0.9245569705963135
2019-02-02 02:00:00,1.1638338565826416
2019-02-02 03:00:00,2.347681999206543
2019-02-02 04:00:00,1.94791978597641
2019-02-02 05:00:00,1.8597348928451538
2019-02-02 06:00:00,1.776802659034729
2019-02-02 07:00:00,1.734636664390564
2019-02-02 08:00:00,1.8708921372890472
2019-02-02 09:00:00,2.0489869713783264
2019-02-02 10:00:00,2.0852367877960205
2019-02-02 11:00:00,1.578482985496521
2019-02-02 12:00:00,1.0299200862646103
2019-02-02 13:00:00,1.2129945755004883
2019-02-02 14:00:00,1.2762506008148193
2019-02-02 15:00:00,1.3325639963150024
2019-02-02 16:00:00,1.337024450302124
2019-02-02 17:00:00,1.294198989868164
2019-02-02 18:00:00,1.1961251497268677
2019-02-02 19:00:00,1.0713847875595093
2019-02-02 20:00:00,0.9548077136278152
2019-02-02 21:00:00,0.8774569630622864
2019-02-02 22:00:00,0.847293496131897
2019-02-02 23:00:00,0.839073896408081
2019-02-03 00:00:00,0.8670671582221985
2019-02-03 01:00:00,0.9333701133728027
2019-02-03 02:00:00,1.0150091499090195
2019-02-03 03:00:00,2.4411516189575195
2019-02-03 04:00:00,2.131112575531006
2019-02-03 05:00:00,2.187877893447876
2019-02-03 06:00:00,2.043635815382004
2019-02-03 07:00:00,1.9019691050052643
2019-02-03 08:00:00,1.7447776794433594
2019-02-03 09:00:00,1.6747686862945557
2019-02-03 10:00:00,1.6882133483886719
2019-02-03 11:00:00,1.2336115837097168
2019-02-03 12:00:00,0.9698643386363983
2019-02-03 13:00:00,1.1164510250091553
2019-02-03 14:00:00,1.080288290977478
2019-02-03 15:00:00,1.052583932876587
2019-02-03 16:00:00,1.015730381011963
2019-02-03 17:00:00,0.9234656095504761
2019-02-03 18:00:00,0.8460992574691772
2019-02-03 19:00:00,0.735374927520752
2019-02-03 20:00:00,0.5812917351722717
2019-02-03 21:00:00,0.5686866641044617
2019-02-03 22:00:00,0.6524139642715454
2019-02-03 23:00:00,0.7405647039413452
2019-02-04 00:00:00,0.7497190237045288
2019-02-04 01:00:00,0.7562593221664429
2019-02-04 02:00:00,0.6146459579467773
2019-02-04 03:00:00,0.818816065788269
2019-02-04 04:00:00,0.5594078302383423
2019-02-04 05:00:00,0.6158225536346436
2019-02-04 06:00:00,0.924910306930542
2019-02-04 07:00:00,1.3835439682006836
2019-02-04 08:00:00,1.9309768080711365
2019-02-04 09:00:00,2.3102064430713654
2019-02-04 10:00:00,2.2821159660816193
2019-02-04 11:00:00,1.350300908088684
2019-02-04 12:00:00,0.638760507106781
2019-02-04 13:00:00,0.5350543260574341
2019-02-04 14:00:00,0.38941502571105957
2019-02-04 15:00:00,0.1561291217803955
2019-02-04 16:00:00,-0.04679000377655029
2019-02-04 17:00:00,-0.2940073013305664
2019-02-04 18:00:00,-0.6512496471405029
2019-02-04 19:00:00,-0.82483971118927
2019-02-04 20:00:00,-0.867447018623352
2019-02-04 21:00:00,-0.8891561031341553
2019-02-04 22:00:00,-0.8014674186706543
2019-02-04 23:00:00,-0.7558377981185913
2019-02-05 00:00:00,-0.8095368146896362
2019-02-05 01:00:00,-0.8574478626251221
2019-02-05 02:00:00,-0.8260055780410767
2019-02-05 03:00:00,-1.5420540571212769
2019-02-05 04:00:00,-1.728980302810669
2019-02-05 05:00:00,-1.643308401107788
2019-02-05 06:00:00,-1.4139193296432495
2019-02-05 07:00:00,-1.1566797494888306
2019-02-05 08:00:00,-0.7281696796417236
2019-02-05 09:00:00,-0.379491925239563
2019-02-05 10:00:00,-0.2083556056022644
2019-02-05 11:00:00,-0.13946964591741562
2019-02-05 12:00:00,-0.3667961359024048
2019-02-05 13:00:00,-0.7130086347460747
2019-02-05 14:00:00,-0.9987624883651733
2019-02-05 15:00:00,-1.1319774389266968
2019-02-05 16:00:00,-1.198409914970398
2019-02-05 17:00:00,-1.224744200706482
2019-02-05 18:00:00,-1.1803323030471802
2019-02-05 19:00:00,-1.1253293752670288
2019-02-05 20:00:00,-1.0943119376897812
2019-02-05 21:00:00,-1.1024173647165298
2019-02-05 22:00:00,-1.0332508236169815
2019-02-05 23:00:00,-0.9086351841688156
2019-02-06 00:00:00,-0.7568714022636414
2019-02-06 01:00:00,-0.5876429080963135
2019-02-06 02:00:00,-0.45192259550094604
2019-02-06 03:00:00,-0.39704346656799316
2019-02-06 04:00:00,-0.39171338081359863
2019-02-06 05:00:00,-0.1870904564857483
2019-02-06 06:00:00,0.2512845993041992
2019-02-06 07:00:00,0.3726917505264282
2019-02-06 08:00:00,0.22510981559753418
2019-02-06 09:00:00,-0.23682105541229248
2019-02-06 10:00:00,-1.1548386812210083
2019-02-06 11:00:00,-1.904086172580719
2019-02-06 12:00:00,-2.260838955640793
2019-02-06 13:00:00,-2.9392383098602295
2019-02-06 14:00:00,-3.1371665000915527
2019-02-06 15:00:00,-3.140225887298584
2019-02-06 16:00:00,-2.9426679611206055
2019-02-06 17:00:00,-2.876692056655884
2019-02-06 18:00:00,-2.7231922149658203
2019-02-06 19:00:00,-2.803311347961426
2019-02-06 20:00:00,-2.7671217918395996
2019-02-06 21:00:00,-2.757458209991455
2019-02-06 22:00:00,-2.466320961713791
2019-02-06 23:00:00,-2.3437547385692596
2019-02-07 00:00:00,-2.0729689598083496
2019-02-07 01:00:00,-1.8159496784210205
2019-02-07 02:00:00,-2.029552459716797
2019-02-07 03:00:00,-2.4960429668426514
2019-02-07 04:00:00,-3.0458483695983887
2019-02-07 05:00:00,-3.25321626663208
2019-02-07 06:00:00,-2.9602513015270233
2019-02-07 07:00:00,-2.3803551197052
2019-02-07 08:00:00,-1.702186495065689
2019-02-07 09:00:00,-1.1138331890106201
2019-02-07 10:00:00,-0.8753409832715988
2019-02-07 11:00:00,-0.7407445907592773
2019-02-07 12:00:00,-0.7015282660722733
2019-02-07 13:00:00,-0.81712207198143
2019-02-07 14:00:00,-0.9137426316738129
2019-02-07 15:00:00,-1.059596449136734
2019-02-07 16:00:00,-0.9074812829494476
2019-02-07 17:00:00,-0.4861385188996792
2019-02-07 18:00:00,0.42245496064424515
2019-02-07 19:00:00,1.0785193555057049
2019-02-07 20:00:00,1.581465631723404
2019-02-07 21:00:00,1.910771131515503
2019-02-07 22:00:00,1.6256201267242432
2019-02-07 23:00:00,1.2534334510564804
2019-02-08 00:00:00,0.9452483355998993
2019-02-08 01:00:00,0.7000607326626778
2019-02-08 02:00:00,0.3987661600112915
2019-02-08 03:00:00,0.2547309994697571
2019-02-08 04:00:00,0.10292613506317139
2019-02-08 05:00:00,0.34760361909866333
2019-02-08 06:00:00,0.5229636579751968
2019-02-08 07:00:00,0.5629983730614185
2019-02-08 08:00:00,0.6947649270296097
2019-02-08 09:00:00,0.9488027170300484
2019-02-08 10:00:00,1.4597448408603668
2019-02-08 11:00:00,1.6612882614135742
2019-02-08 12:00:00,1.012983113527298
2019-02-08 13:00:00,1.217069149017334
2019-02-08 14:00:00,1.4232909679412842
2019-02-08 15:00:00,1.5491688251495361
2019-02-08 16:00:00,1.4196844100952148
2019-02-08 17:00:00,1.3449812084436417
2019-02-08 18:00:00,1.4195108264684677
2019-02-08 19:00:00,1.5587033331394196
2019-02-08 20:00:00,1.826533555984497
2019-02-08 21:00:00,2.1375691890716553
2019-02-08 22:00:00,2.1715068221092224
2019-02-08 23:00:00,1.9269437789916992
2019-02-09 00:00:00,1.7153103351593018
2019-02-09 01:00:00,1.6900112628936768
2019-02-09 02:00:00,2.2872815430164337
2019-02-09 03:00:00,2.715571165084839
2019-02-09 04:00:00,2.6272387504577637
2019-02-09 05:00:00,3.3137831687927246
2019-02-09 06:00:00,3.1760663986206055
2019-02-09 07:00:00,2.8184361457824707
2019-02-09 08:00:00,2.5715551376342773
2019-02-09 09:00:00,2.4959726333618164
2019-02-09 10:00:00,2.3505475521087646
2019-02-09 11:00:00,2.0049872994422913
2019-02-09 12:00:00,0.9595720767974854
2019-02-09 13:00:00,1.1923925876617432
2019-02-09 14:00:00,1.2494832277297974
2019-02-09 15:00:00,1.287259817123413
2019-02-09 16:00:00,1.2613712549209595
2019-02-09 17:00:00,1.1553730964660645
2019-02-09 18:00:00,0.8912239074707031
2019-02-09 19:00:00,0.5290427803993225
2019-02-09 20:00:00,0.4720051884651184
2019-02-09 21:00:00,0.577400267124176
2019-02-09 22:00:00,0.5953463390469551
2019-02-09 23:00:00,0.6417322158813477
2019-02-10 00:00:00,0.676264226436615
2019-02-10 01:00:00,0.718679666519165
2019-02-10 02:00:00,0.8656489849090576
2019-02-10 03:00:00,2.1540768146514893
2019-02-10 04:00:00,1.7755208015441895
2019-02-10 05:00:00,1.7150256633758545
2019-02-10 06:00:00,2.1160693168640137
2019-02-10 07:00:00,2.2271945476531982
2019-02-10 08:00:00,2.2947685718536377
2019-02-10 09:00:00,2.3163182735443115
2019-02-10 10:00:00,2.0862311720848083
2019-02-10 11:00:00,1.3660303354263306
2019-02-10 12:00:00,0.7546262741088867
2019-02-10 13:00:00,0.7449332401156425
2019-02-10 14:00:00,0.5433943867683411
2019-02-10 15:00:00,0.20579463243484497
2019-02-10 16:00:00,-0.04564545303583145
2019-02-10 17:00:00,-0.12041113898158073
2019-02-10 18:00:00,-0.1341426596045494
2019-02-10 19:00:00,-0.2036231691017747
2019-02-10 20:00:00,-0.3459560349583626
2019-02-10 21:00:00,-0.3267963007092476
2019-02-10 22:00:00,-0.16169629245996475
2019-02-10 23:00:00,-0.2846347689628601
2019-02-11 00:00:00,-0.25248032808303833
2019-02-11 01:00:00,0.1273646056652069
2019-02-11 02:00:00,0.2840643525123596
2019-02-11 03:00:00,0.9184882342815399
2019-02-11 04:00:00,0.9818583726882935
2019-02-11 05:00:00,1.230205774307251
2019-02-11 06:00:00,1.2630791664123535
2019-02-11 07:00:00,1.2029691934585571
2019-02-11 08:00:00,1.1878997087478638
2019-02-11 09:00:00,1.2133703380823135
2019-02-11 10:00:00,1.158445343375206
2019-02-11 11:00:00,0.606066882610321
2019-02-11 12:00:00,0.81040258705616
2019-02-11 13:00:00,0.9105031490325928
2019-02-11 14:00:00,0.7960672825574875
2019-02-11 15:00:00,0.6489137411117554
2019-02-11 16:00:00,0.43439143896102905
2019-02-11 17:00:00,0.2106040120124817
2019-02-11 18:00:00,0.2501157224178314
2019-02-11 19:00:00,0.07393524050712585
2019-02-11 20:00:00,-0.10397344827651978
2019-02-11 21:00:00,-0.19692200422286987
2019-02-11 22:00:00,-0.2474278211593628
2019-02-11 23:00:00,-0.3017314076423645
2019-02-12 00:00:00,-0.42522650957107544
2019-02-12 01:00:00,-0.002300560474395752
2019-02-12 02:00:00,0.1451207399368286
2019-02-12 03:00:00,0.435718834400177
2019-02-12 04:00:00,0.2688198685646057
2019-02-12 05:00:00,0.011662840843200684
2019-02-12 06:00:00,-0.044905900955200195
2019-02-12 07:00:00,0.1282721757888794
2019-02-12 08:00:00,0.2393639087677002
2019-02-12 09:00:00,0.4733123779296875
2019-02-12 10:00:00,0.4057995080947876
2019-02-12 11:00:00,0.07853960990905762
2019-02-12 12:00:00,-0.14164072275161743
2019-02-12 13:00:00,-0.3389676809310913
2019-02-12 14:00:00,-0.3937576413154602
2019-02-12 15:00:00,-0.427046000957489
2019-02-12 16:00:00,-0.4680396169424057
2019-02-12 17:00:00,-0.5092247501015663
2019-02-12 18:00:00,-0.6967322826385498
2019-02-12 19:00:00,-0.8834326267242432
2019-02-12 20:00:00,-1.0226680040359497
2019-02-12 21:00:00,-1.0670762062072754
2019-02-12 22:00:00,-0.9903312921524048
2019-02-12 23:00:00,-0.9227274656295776
2019-02-13 00:00:00,-0.865912914276123
2019-02-13 01:00:00,-0.7770904898643494
2019-02-13 02:00:00,-0.5271283984184265
2019-02-13 03:00:00,-0.5244607925415039
2019-02-13 04:00:00,-0.47554266452789307
2019-02-13 05:00:00,-0.24674487113952637
2019-02-13 06:00:00,-0.1394110918045044
2019-02-13 07:00:00,0.029692888259887695
2019-02-13 08:00:00,0.1415311098098755
2019-02-13 09:00:00,0.04197824001312256
2019-02-13 10:00:00,-0.13103628158569336
2019-02-13 11:00:00,-0.15702617168426514
2019-02-13 12:00:00,-0.3610692024230957
2019-02-13 13:00:00,-0.5786632299423218
2019-02-13 14:00:00,-0.668678879737854
2019-02-13 15:00:00,-0.6694029569625854
2019-02-13 16:00:00,-0.7844610661268234
2019-02-13 17:00:00,-0.9279106855392456
2019-02-13 18:00:00,-1.0605698823928833
2019-02-13 19:00:00,-1.21358323097229
2019-02-13 20:00:00,-1.256967544555664
2019-02-13 21:00:00,-1.3144655227661133
2019-02-13 22:00:00,-1.1724451780319214
2019-02-13 23:00:00,-0.9463992118835449
2019-02-14 00:00:00,-0.71519386023283
2019-02-14 01:00:00,-0.587161585688591
2019-02-14 02:00:00,-0.6816803067922592
2019-02-14 03:00:00,-1.097531072795391
2019-02-14 04:00:00,-2.6373066902160645
2019-02-14 05:00:00,-3.1992976665496826
2019-02-14 06:00:00,-4.16826206445694
2019-02-14 07:00:00,-4.538387298583984
2019-02-14 08:00:00,-4.290053844451904
2019-02-14 09:00:00,-3.628053903579712
2019-02-14 10:00:00,-2.5027356147766113
2019-02-14 11:00:00,-1.8530181050300598
2019-02-14 12:00:00,-1.7507477402687073
2019-02-14 13:00:00,-2.858059376478195
2019-02-14 14:00:00,-3.7168707847595215
2019-02-14 15:00:00,-3.555058479309082
2019-02-14 16:00:00,-3.0788938999176025
2019-02-14 17:00:00,-2.718475580215454
2019-02-14 18:00:00,-2.4767472445964813
2019-02-14 19:00:00,-2.204305350780487
2019-02-14 20:00:00,-1.7928178310394287
2019-02-14 21:00:00,-1.3687454462051392
2019-02-14 22:00:00,-0.9359250068664551
2019-02-14 23:00:00,-0.665367841720581
2019-02-15 00:00:00,-0.4451419711112976
2019-02-15 01:00:00,-0.2620827555656433
2019-02-15 02:00:00,-0.06085646152496338
2019-02-15 03:00:00,0.2990480661392212
2019-02-15 04:00:00,0.43747152760624886
2019-02-15 05:00:00,0.6313707828521729
2019-02-15 06:00:00,0.5770723819732666
2019-02-15 07:00:00,0.4174840524792671
2019-02-15 08:00:00,0.4006814993917942
2019-02-15 09:00:00,0.6202642768621445
2019-02-15 10:00:00,0.8900262415409088
2019-02-15 11:00:00,1.0139995515346527
2019-02-15 12:00:00,0.619411900639534
2019-02-15 13:00:00,0.7543174102902412
2019-02-15 14:00:00,0.8111152648925781
2019-02-15 15:00:00,0.6732701063156128
2019-02-15 16:00:00,0.47718334197998047
2019-02-15 17:00:00,0.20747766643762589
2019-02-15 18:00:00,-0.01719433069229126
2019-02-15 19:00:00,-0.13750237226486206
2019-02-15 20:00:00,-0.14981681108474731
2019-02-15 21:00:00,-0.014293991029262543
2019-02-15 22:00:00,0.08140596747398376
2019-02-15 23:00:00,0.15758037567138672
2019-02-16 00:00:00,0.22600430250167847
2019-02-16 01:00:00,0.1881275475025177
2019-02-16 02:00:00,0.15144875645637512
2019-02-16 03:00:00,0.27658677101135254
2019-02-16 04:00:00,-0.003105759620666504
2019-02-16 05:00:00,0.07271021604537964
2019-02-16 06:00:00,0.4880361407995224
2019-02-16 07:00:00,1.1080752611160278
2019-02-16 08:00:00,1.5067729949951172
2019-02-16 09:00:00,1.6192712783813477
2019-02-16 10:00:00,1.6300264596939087
2019-02-16 11:00:00,1.5280903577804565
2019-02-16 12:00:00,0.6444241404533386
2019-02-16 13:00:00,0.7512602210044861
2019-02-16 14:00:00,0.8019734025001526
2019-02-16 15:00:00,0.7982598543167114
2019-02-16 16:00:00,0.8419565558433533
2019-02-16 17:00:00,0.8899569511413574
2019-02-16 18:00:00,0.8945576697587967
2019-02-16 19:00:00,0.9012560844421387
2019-02-16 20:00:00,0.902925968170166
2019-02-16 21:00:00,0.9677944481372833
2019-02-16 22:00:00,1.1762237548828125
2019-02-16 23:00:00,1.438452959060669
2019-02-17 00:00:00,1.5908068418502808
2019-02-17 01:00:00,1.8438544273376465
2019-02-17 02:00:00,2.7503433227539062
2019-02-17 03:00:00,2.944587230682373
2019-02-17 04:00:00,2.736562490463257
2019-02-17 05:00:00,3.464384078979492
2019-02-17 06:00:00,3.2521960735321045
2019-02-17 07:00:00,2.8432421684265137
2019-02-17 08:00:00,2.7797083854675293
2019-02-17 09:00:00,2.918368101119995
2019-02-17 10:00:00,2.7689154148101807
2019-02-17 11:00:00,2.597543716430664
2019-02-17 12:00:00,0.9995925724506378
2019-02-17 13:00:00,0.9246515929698944
2019-02-17 14:00:00,0.8269727826118469
2019-02-17 15:00:00,0.9425641298294067
2019-02-17 16:00:00,0.8288027048110962
2019-02-17 17:00:00,0.7123317122459412
2019-02-17 18:00:00,0.5397262573242188
2019-02-17 19:00:00,0.21980106830596924
2019-02-17 20:00:00,0.06079563684761524
2019-02-17 21:00:00,-0.1492052562534809
2019-02-17 22:00:00,-0.3799567446112633
2019-02-17 23:00:00,-0.5219880193471909
2019-02-18 00:00:00,-0.5887780338525772
2019-02-18 01:00:00,-0.5859754085540771
2019-02-18 02:00:00,-0.417013943195343
2019-02-18 03:00:00,-0.35323119163513184
2019-02-18 04:00:00,-0.07381641864776611
2019-02-18 05:00:00,0.9119441509246826
2019-02-18 06:00:00,1.4796165525913239
2019-02-18 07:00:00,1.3067441880702972
2019-02-18 08:00:00,1.0559030771255493
2019-02-18 09:00:00,0.7596163749694824
2019-02-18 10:00:00,0.2506815195083618
2019-02-18 11:00:00,-0.2313288450241089
2019-02-18 12:00:00,-0.5959546566009521
2019-02-18 13:00:00,-0.7119225263595581
2019-02-18 14:00:00,-0.5485103130340576
2019-02-18 15:00:00,-0.09126508235931396
2019-02-18 16:00:00,0.5710264444351196
2019-02-18 17:00:00,1.1314051151275635
2019-02-18 18:00:00,1.5896990299224854
2019-02-18 19:00:00,1.729546070098877
2019-02-18 20:00:00,1.7697854936122894
2019-02-18 21:00:00,1.7705196738243103
2019-02-18 22:00:00,1.5526074171066284
2019-02-18 23:00:00,1.169718861579895
2019-02-19 00:00:00,0.700035572052002
2019-02-19 01:00:00,0.3017362952232361
2019-02-19 02:00:00,-0.09481966495513916
2019-02-19 03:00:00,-0.7291098088026047
2019-02-19 04:00:00,-0.9788188934326172
2019-02-19 05:00:00,-0.17871646583080292
2019-02-19 06:00:00,0.8579050302505493
2019-02-19 07:00:00,1.1463141739368439
2019-02-19 08:00:00,1.3024829626083374
2019-02-19 09:00:00,1.3332879543304443
2019-02-19 10:00:00,1.0973061174154282
2019-02-19 11:00:00,0.4168102163821459
2019-02-19 12:00:00,0.10502344369888306
2019-02-19 13:00:00,-0.223263718187809
2019-02-19 14:00:00,-0.47193634510040283
2019-02-19 15:00:00,-0.6452933475375175
2019-02-19 16:00:00,-0.8096950501203537
2019-02-19 17:00:00,-1.009133219718933
2019-02-19 18:00:00,-1.2071466445922852
2019-02-19 19:00:00,-1.4144504070281982
2019-02-19 20:00:00,-1.5168776512145996
2019-02-19 21:00:00,-1.212037444114685
2019-02-19 22:00:00,-1.3698621988296509
2019-02-19 23:00:00,-1.4268088340759277
2019-02-20 00:00:00,-1.2099664062261581
2019-02-20 01:00:00,-0.866827130317688
2019-02-20 02:00:00,-0.5561815500259399
2019-02-20 03:00:00,-0.7399247884750366
2019-02-20 04:00:00,-1.0815598964691162
2019-02-20 05:00:00,-1.7662425637245178
2019-02-20 06:00:00,-2.828904628753662
2019-02-20 07:00:00,-2.849628448486328
2019-02-20 08:00:00,-2.961801052093506
2019-02-20 09:00:00,-3.167698383331299
2019-02-20 10:00:00,-3.0285868644714355
2019-02-20 11:00:00,-2.6917564868927
2019-02-20 12:00:00,-1.3713268041610718
2019-02-20 13:00:00,-1.5220869779586792
2019-02-20 14:00:00,-1.894071638584137
2019-02-20 15:00:00,-2.212275266647339
2019-02-20 16:00:00,-2.554004430770874
2019-02-20 17:00:00,-2.6078991889953613
2019-02-20 18:00:00,-2.448037624359131
2019-02-20 19:00:00,-2.2271251678466797
2019-02-20 20:00:00,-2.3528780937194824
2019-02-20 21:00:00,-2.4978556632995605
2019-02-20 22:00:00,-2.548398017883301
2019-02-20 23:00:00,-2.389738082885742
2019-02-21 00:00:00,-1.910020351409912
2019-02-21 01:00:00,-1.378555178642273
2019-02-21 02:00:00,-1.8062559366226196
2019-02-21 03:00:00,-2.219407558441162
2019-02-21 04:00:00,-2.2302613258361816
2019-02-21 05:00:00,-2.4374990463256836
2019-02-21 06:00:00,-2.1087989807128906
2019-02-21 07:00:00,-1.5787481367588043
2019-02-21 08:00:00,-1.049777865409851
2019-02-21 09:00:00,-0.6519352197647095
2019-02-21 10:00:00,-0.4484502077102661
2019-02-21 11:00:00,-0.2862408757209778
2019-02-21 12:00:00,-0.33353424072265625
2019-02-21 13:00:00,-0.6382518410682678
2019-02-21 14:00:00,-0.647159218788147
2019-02-21 15:00:00,-0.4787193611264229
2019-02-21 16:00:00,-0.011816680431365967
2019-02-21 17:00:00,0.38910651206970215
2019-02-21 18:00:00,1.0232195854187012
2019-02-21 19:00:00,1.327398419380188
2019-02-21 20:00:00,1.534421443939209
2019-02-21 21:00:00,1.7156236171722412
2019-02-21 22:00:00,1.8371249437332153
2019-02-21 23:00:00,1.683882474899292
2019-02-22 00:00:00,1.532966136932373
2019-02-22 01:00:00,1.3965126276016235
2019-02-22 02:00:00,1.8879601955413818
2019-02-22 03:00:00,1.9997406005859375
2019-02-22 04:00:00,2.0137133598327637
2019-02-22 05:00:00,2.2695369720458984
2019-02-22 06:00:00,2.5497312545776367
2019-02-22 07:00:00,2.7447891235351562
2019-02-22 08:00:00,2.914181709289551
2019-02-22 09:00:00,2.969174385070801
2019-02-22 10:00:00,3.0000882148742676
2019-02-22 11:00:00,2.771177291870117
2019-02-22 12:00:00,1.499847173690796
2019-02-22 13:00:00,1.3138436079025269
2019-02-22 14:00:00,1.4635380804538727
2019-02-22 15:00:00,1.5729057788848877
2019-02-22 16:00:00,1.5351873934268951
2019-02-22 17:00:00,1.563469409942627
2019-02-22 18:00:00,1.3366184085607529
2019-02-22 19:00:00,1.243399977684021
2019-02-22 20:00:00,1.1151264011859894
2019-02-22 21:00:00,1.102380782365799
2019-02-22 22:00:00,1.2925208806991577
2019-02-22 23:00:00,1.4280316829681396
2019-02-23 00:00:00,2.0594483017921448
2019-02-23 01:00:00,2.5803232192993164
2019-02-23 02:00:00,3.023360252380371
2019-02-23 03:00:00,2.910564661026001
2019-02-23 04:00:00,3.172273635864258
2019-02-23 05:00:00,3.712144374847412
2019-02-23 06:00:00,3.8099002838134766
2019-02-23 07:00:00,3.916250705718994
2019-02-23 08:00:00,3.9598422050476074
2019-02-23 09:00:00,3.933932304382324
2019-02-23 10:00:00,3.706604242324829
2019-02-23 11:00:00,3.121361017227173
2019-02-23 12:00:00,1.1541283130645752
2019-02-23 13:00:00,1.105858564376831
2019-02-23 14:00:00,1.1021306365728378
2019-02-23 15:00:00,1.0696683079004288
2019-02-23 16:00:00,1.0897614806890488
2019-02-23 17:00:00,1.0678505897521973
2019-02-23 18:00:00,1.0004533529281616
2019-02-23 19:00:00,0.9831165075302124
2019-02-23 20:00:00,0.9884055554866791
2019-02-23 21:00:00,1.0705384016036987
2019-02-23 22:00:00,1.150059700012207
2019-02-23 23:00:00,1.114231362938881
2019-02-24 00:00:00,1.0243418216705322
2019-02-24 01:00:00,1.1162805557250977
2019-02-24 02:00:00,1.581083059310913
2019-02-24 03:00:00,2.4102725982666016
2019-02-24 04:00:00,2.0057558715343475
2019-02-24 05:00:00,2.871302366256714
2019-02-24 06:00:00,3.077697515487671
2019-02-24 07:00:00,3.1231532096862793
2019-02-24 08:00:00,3.136237621307373
2019-02-24 09:00:00,3.105895757675171
2019-02-24 10:00:00,2.846153974533081
2019-02-24 11:00:00,2.2813079357147217
2019-02-24 12:00:00,0.7175370454788208
2019-02-24 13:00:00,0.6528713703155518
2019-02-24 14:00:00,0.35235142707824707
2019-02-24 15:00:00,0.053990721702575684
2019-02-24 16:00:00,-0.15399187803268433
2019-02-24 17:00:00,-0.35228967666625977
2019-02-24 18:00:00,-0.4974744915962219
2019-02-24 19:00:00,-0.6201355457305908
2019-02-24 20:00:00,-0.7391953468322754
2019-02-24 21:00:00,-0.8485833406448364
2019-02-24 22:00:00,-0.9174726009368896
2019-02-24 23:00:00,-1.0218405723571777
2019-02-25 00:00:00,-1.138932228088379
2019-02-25 01:00:00,-1.1753093004226685
2019-02-25 02:00:00,-0.8466774225234985
2019-02-25 03:00:00,-1.3662019968032837
2019-02-25 04:00:00,-0.8852419853210449
2019-02-25 05:00:00,-0.6526113152503967
2019-02-25 06:00:00,0.08188998699188232
2019-02-25 07:00:00,0.7779945135116577
2019-02-25 08:00:00,1.2187654972076416
2019-02-25 09:00:00,1.3950756788253784
2019-02-25 10:00:00,1.1826133728027344
2019-02-25 11:00:00,0.7332098558545113
2019-02-25 12:00:00,-0.09053586795926094
2019-02-25 13:00:00,-0.6438958644866943
2019-02-25 14:00:00,-0.848495677113533
2019-02-25 15:00:00,-1.0145611763000488
2019-02-25 16:00:00,-1.140913724899292
2019-02-25 17:00:00,-1.2155952453613281
2019-02-25 18:00:00,-1.264532446861267
2019-02-25 19:00:00,-1.2888904809951782
2019-02-25 20:00:00,-1.2584192901849747
2019-02-25 21:00:00,-1.2089688777923584
2019-02-25 22:00:00,-1.1063773781061172
2019-02-25 23:00:00,-0.9528331756591797
2019-02-26 00:00:00,-0.7662498503923416
2019-02-26 01:00:00,-0.5527666062116623
2019-02-26 02:00:00,-0.46652793884277344
2019-02-26 03:00:00,-0.9493091404438019
2019-02-26 04:00:00,-0.8740341439843178
2019-02-26 05:00:00,-0.182266004383564
2019-02-26 06:00:00,0.17227120697498322
2019-02-26 07:00:00,0.6673276424407959
2019-02-26 08:00:00,1.3935484886169434
2019-02-26 09:00:00,1.864997386932373
2019-02-26 10:00:00,1.7427876889705658
2019-02-26 11:00:00,0.9715023934841156
2019-02-26 12:00:00,0.3282764106988907
2019-02-26 13:00:00,-0.050212204456329346
2019-02-26 14:00:00,-0.1359252892434597
2019-02-26 15:00:00,-0.2055482268333435
2019-02-26 16:00:00,-0.3441542834043503
2019-02-26 17:00:00,-0.320401094853878
2019-02-26 18:00:00,-0.3452279157936573
2019-02-26 19:00:00,-0.5071104913949966
2019-02-26 20:00:00,-0.7352424263954163
2019-02-26 21:00:00,-0.951511338353157
2019-02-26 22:00:00,-0.7283860370516777
2019-02-26 23:00:00,-0.507802352309227
2019-02-27 00:00:00,-0.38704419136047363
2019-02-27 01:00:00,-0.3072156310081482
2019-02-27 02:00:00,-0.5848340690135956
2019-02-27 03:00:00,-0.8805188834667206
2019-02-27 04:00:00,-1.1382089853286743
2019-02-27 05:00:00,0.7117387056350708
2019-02-27 06:00:00,1.8790246546268463
2019-02-27 07:00:00,2.3115322589874268
2019-02-27 08:00:00,2.3446009159088135
2019-02-27 09:00:00,2.2557687759399414
2019-02-27 10:00:00,1.8319487571716309
2019-02-27 11:00:00,1.3600084781646729
2019-02-27 12:00:00,0.3010808527469635
2019-02-27 13:00:00,-0.13124290108680725
2019-02-27 14:00:00,-0.4436516761779785
2019-02-27 15:00:00,-0.6614878177642822
2019-02-27 16:00:00,-0.7282708883285522
2019-02-27 17:00:00,-0.717078685760498
2019-02-27 18:00:00,-0.6805270910263062
2019-02-27 19:00:00,-0.6162683963775635
2019-02-27 20:00:00,-0.5064405202865601
2019-02-27 21:00:00,-0.38171446323394775
2019-02-27 22:00:00,-0.24284577369689941
2019-02-27 23:00:00,-0.05165839195251465
2019-02-28 00:00:00,0.2013179063796997
2019-02-28 01:00:00,0.5264674425125122
2019-02-28 02:00:00,0.6494002342224121
2019-02-28 03:00:00,1.6510756015777588
2019-02-28 04:00:00,2.220013380050659
2019-02-28 05:00:00,2.6414387226104736
2019-02-28 06:00:00,2.9616963863372803
2019-02-28 07:00:00,3.184751033782959
2019-02-28 08:00:00,3.0623936653137207
2019-02-28 09:00:00,2.9644722938537598
2019-02-28 10:00:00,2.7838664054870605
2019-02-28 11:00:00,2.4378252029418945
2019-02-28 12:00:00,0.8182826638221741
2019-02-28 13:00:00,0.7469555735588074
2019-02-28 14:00:00,0.6441282033920288
2019-02-28 15:00:00,0.4254772439599037
2019-02-28 16:00:00,0.19469768181443214
2019-02-28 17:00:00,0.01577031798660755
2019-02-28 18:00:00,-0.03764485567808151
2019-02-28 19:00:00,0.019384682178497314
2019-02-28 20:00:00,0.09234481863677502
2019-02-28 21:00:00,0.12831007689237595
2019-02-28 22:00:00,0.20181474834680557
2019-02-28 23:00:00,0.28986313194036484
2019-03-01 00:00:00,0.37916481494903564
2019-03-01 01:00:00,0.5207116603851318
2019-03-01 02:00:00,0.6203336715698242
2019-03-01 03:00:00,1.6452627182006836
2019-03-01 04:00:00,1.955277681350708
2019-03-01 05:00:00,2.3657054901123047
2019-03-01 06:00:00,2.4608263969421387
2019-03-01 07:00:00,2.471628189086914
2019-03-01 08:00:00,2.323640823364258
2019-03-01 09:00:00,2.073232650756836
2019-03-01 10:00:00,1.6711981296539307
2019-03-01 11:00:00,1.025181531906128
2019-03-01 12:00:00,0.13453519344329834
2019-03-01 13:00:00,-0.10555368661880493
2019-03-01 14:00:00,0.023935019969940186
2019-03-01 15:00:00,0.44243234395980835
2019-03-01 16:00:00,0.10759983211755753
2019-03-01 17:00:00,0.09857037663459778
2019-03-01 18:00:00,-0.2079353961162269
2019-03-01 19:00:00,-0.3801676630973816
2019-03-01 20:00:00,-0.5207027345895767
2019-03-01 21:00:00,-0.551626980304718
2019-03-01 22:00:00,-0.59285569190979
2019-03-01 23:00:00,-0.6634567975997925
2019-03-02 00:00:00,-0.7974124550819397
2019-03-02 01:00:00,-0.8609088063240051
2019-03-02 02:00:00,-0.6974968910217285
2019-03-02 03:00:00,-1.4785116910934448
2019-03-02 04:00:00,-1.627213478088379
2019-03-02 05:00:00,-1.4789268970489502
2019-03-02 06:00:00,-1.3520729541778564
2019-03-02 07:00:00,-1.144721508026123
2019-03-02 08:00:00,-1.4470386505126953
2019-03-02 09:00:00,-1.6115745306015015
2019-03-02 10:00:00,0.3212968111038208
2019-03-02 11:00:00,0.3147219717502594
2019-03-02 12:00:00,-0.8402986526489258
2019-03-02 13:00:00,-1.338456243276596
2019-03-02 14:00:00,-2.1740155816078186
2019-03-02 15:00:00,-2.674443244934082
2019-03-02 16:00:00,-2.4373579025268555
2019-03-02 17:00:00,-2.4752538204193115
2019-03-02 18:00:00,-2.33368918299675
2019-03-02 19:00:00,-1.9526637494564056
2019-03-02 20:00:00,-1.6127874851226807
2019-03-02 21:00:00,-1.4751523733139038
2019-03-02 22:00:00,-1.5600363314151764
2019-03-02 23:00:00,-1.6721244752407074
2019-03-03 00:00:00,-1.6529506742954254
2019-03-03 01:00:00,-1.5936688482761383
2019-03-03 02:00:00,-2.494469165802002
2019-03-03 03:00:00,-2.4272351264953613
2019-03-03 04:00:00,-3.0849504470825195
2019-03-03 05:00:00,-3.1960842609405518
2019-03-03 06:00:00,-2.8779640197753906
2019-03-03 07:00:00,-2.4617960155010223
2019-03-03 08:00:00,-1.8084800243377686
2019-03-03 09:00:00,-1.039071798324585
2019-03-03 10:00:00,-0.3527219295501709
2019-03-03 11:00:00,-0.011702723801136017
2019-03-03 12:00:00,0.03204917162656784
2019-03-03 13:00:00,0.042084455490112305
2019-03-03 14:00:00,-0.01687377691268921
2019-03-03 15:00:00,-0.08035445213317871
2019-03-03 16:00:00,-0.13000035285949707
2019-03-03 17:00:00,-0.10898017883300781
2019-03-03 18:00:00,-0.03756117820739746
2019-03-03 19:00:00,0.044045329093933105
2019-03-03 20:00:00,0.201218843460083
2019-03-03 21:00:00,0.3506118059158325
2019-03-03 22:00:00,0.38999414443969727
2019-03-03 23:00:00,0.3990180492401123
2019-03-04 00:00:00,0.44512373208999634
2019-03-04 01:00:00,0.5522856116294861
2019-03-04 02:00:00,0.6208248734474182
2019-03-04 03:00:00,1.5470304489135742
2019-03-04 04:00:00,1.7426962852478027
2019-03-04 05:00:00,1.8278238773345947
2019-03-04 06:00:00,1.8856421113014221
2019-03-04 07:00:00,2.1026682555675507
2019-03-04 08:00:00,2.3716464042663574
2019-03-04 09:00:00,2.5284571647644043
2019-03-04 10:00:00,2.5813021659851074
2019-03-04 11:00:00,2.4805235862731934
2019-03-04 12:00:00,1.6643619537353516
2019-03-04 13:00:00,0.9959808588027954
2019-03-04 14:00:00,1.0613876581192017
2019-03-04 15:00:00,1.071279302239418
2019-03-04 16:00:00,1.0985842943191528
2019-03-04 17:00:00,1.1149972677230835
2019-03-04 18:00:00,1.1019866466522217
2019-03-04 19:00:00,1.0508801639080048
2019-03-04 20:00:00,0.9816100597381592
2019-03-04 21:00:00,0.9272475987672806
2019-03-04 22:00:00,0.9027626514434814
2019-03-04 23:00:00,0.9561039209365845
2019-03-05 00:00:00,1.0320134311914444
2019-03-05 01:00:00,1.1198534965515137
2019-03-05 02:00:00,2.1223952770233154
2019-03-05 03:00:00,2.3259172439575195
2019-03-05 04:00:00,2.6908233165740967
2019-03-05 05:00:00,2.8168768882751465
2019-03-05 06:00:00,2.8684370517730713
2019-03-05 07:00:00,2.9579203128814697
2019-03-05 08:00:00,3.095979690551758
2019-03-05 09:00:00,3.095308780670166
2019-03-05 10:00:00,2.9735193252563477
2019-03-05 11:00:00,2.701364755630493
2019-03-05 12:00:00,1.2455222606658936
2019-03-05 13:00:00,0.9567886590957642
2019-03-05 14:00:00,0.9162842035293579
2019-03-05 15:00:00,0.8642659783363342
2019-03-05 16:00:00,0.8312872052192688
2019-03-05 17:00:00,0.825080931186676
2019-03-05 18:00:00,0.819829523563385
2019-03-05 19:00:00,0.8152600526809692
2019-03-05 20:00:00,0.8129642605781555
2019-03-05 21:00:00,0.8465629816055298
2019-03-05 22:00:00,0.850559413433075
2019-03-05 23:00:00,0.872860312461853
2019-03-06 00:00:00,0.9736824482679367
2019-03-06 01:00:00,1.0965728759765625
2019-03-06 02:00:00,1.6823386251926422
2019-03-06 03:00:00,2.294975519180298
2019-03-06 04:00:00,2.7537343502044678
2019-03-06 05:00:00,3.037492513656616
2019-03-06 06:00:00,3.160210609436035
2019-03-06 07:00:00,3.356509208679199
2019-03-06 08:00:00,3.5168404579162598
2019-03-06 09:00:00,3.532758951187134
2019-03-06 10:00:00,3.436069965362549
2019-03-06 11:00:00,3.004897117614746
2019-03-06 12:00:00,1.1439330577850342
2019-03-06 13:00:00,0.9385047405958176
2019-03-06 14:00:00,0.9232434034347534
2019-03-06 15:00:00,0.915249764919281
2019-03-06 16:00:00,0.9113940000534058
2019-03-06 17:00:00,0.8946826457977295
2019-03-06 18:00:00,0.8303714990615845
2019-03-06 19:00:00,0.7174462676048279
2019-03-06 20:00:00,0.5922725796699524
2019-03-06 21:00:00,0.44198787212371826
2019-03-06 22:00:00,0.3317890167236328
2019-03-06 23:00:00,0.2902410626411438
2019-03-07 00:00:00,0.3825007677078247
2019-03-07 01:00:00,0.5450942516326904
2019-03-07 02:00:00,0.5010143518447876
2019-03-07 03:00:00,1.0138733386993408
2019-03-07 04:00:00,1.1867141723632812
2019-03-07 05:00:00,2.0863733291625977
2019-03-07 06:00:00,2.3704991340637207
2019-03-07 07:00:00,2.5826940536499023
2019-03-07 08:00:00,2.6913411617279053
2019-03-07 09:00:00,2.776782512664795
2019-03-07 10:00:00,2.567173510789871
2019-03-07 11:00:00,2.1752614974975586
2019-03-07 12:00:00,0.568267285823822
2019-03-07 13:00:00,0.3824117183685303
2019-03-07 14:00:00,0.02471601963043213
2019-03-07 15:00:00,-0.25813567638397217
2019-03-07 16:00:00,-0.4245171546936035
2019-03-07 17:00:00,-0.48354554176330566
2019-03-07 18:00:00,-0.4790468215942383
2019-03-07 19:00:00,-0.4545867294073105
2019-03-07 20:00:00,-0.5535800494253635
2019-03-07 21:00:00,-0.6336766630411148
2019-03-07 22:00:00,-0.6208838857710361
2019-03-07 23:00:00,-0.6104825139045715
2019-03-08 00:00:00,-0.592951837927103
2019-03-08 01:00:00,-0.6076469495892525
2019-03-08 02:00:00,-0.49281370639801025
2019-03-08 03:00:00,-0.7847931385040283
2019-03-08 04:00:00,-0.18930095434188843
2019-03-08 05:00:00,0.4215155839920044
2019-03-08 06:00:00,0.7153584957122803
2019-03-08 07:00:00,0.9033254384994507
2019-03-08 08:00:00,1.16092249751091
2019-03-08 09:00:00,1.3059928119182587
2019-03-08 10:00:00,0.9471380710601807
2019-03-08 11:00:00,0.43486928939819336
2019-03-08 12:00:00,-0.3224252462387085
2019-03-08 13:00:00,-0.8530393838882446
2019-03-08 14:00:00,-1.347733736038208
2019-03-08 15:00:00,-1.6148653030395508
2019-03-08 16:00:00,-1.3512911647558212
2019-03-08 17:00:00,-1.111228585243225
2019-03-08 18:00:00,-0.9485244452953339
2019-03-08 19:00:00,-0.8505452126264572
2019-03-08 20:00:00,-0.7786474823951721
2019-03-08 21:00:00,-0.7033474445343018
2019-03-08 22:00:00,-0.4492882490158081
2019-03-08 23:00:00,-0.15611505508422852
2019-03-09 00:00:00,0.17496705055236816
2019-03-09 01:00:00,0.5349268913269043
2019-03-09 02:00:00,1.5068374872207642
2019-03-09 03:00:00,1.9788442254066467
2019-03-09 04:00:00,2.1651468575000763
2019-03-09 05:00:00,2.206908196210861
2019-03-09 06:00:00,2.3809981048107147
2019-03-09 07:00:00,2.663113594055176
2019-03-09 08:00:00,3.021594762802124
2019-03-09 09:00:00,3.2663636207580566
2019-03-09 10:00:00,3.1418652534484863
2019-03-09 11:00:00,2.922356128692627
2019-03-09 12:00:00,1.8194612860679626
2019-03-09 13:00:00,0.9853271245956421
2019-03-09 14:00:00,0.9438631534576416
2019-03-09 15:00:00,0.8172991275787354
2019-03-09 16:00:00,0.7225005626678467
2019-03-09 17:00:00,0.6658215522766113
2019-03-09 18:00:00,0.6577321290969849
2019-03-09 19:00:00,0.6642942428588867
2019-03-09 20:00:00,0.672254204750061
2019-03-09 21:00:00,0.6899838447570801
2019-03-09 22:00:00,0.6910157203674316
2019-03-09 23:00:00,0.6735613346099854
2019-03-10 00:00:00,0.7269710302352905
2019-03-10 01:00:00,0.8123724460601807
2019-03-10 02:00:00,1.6989141404628754
2019-03-10 03:00:00,1.882938027381897
2019-03-10 04:00:00,2.2292490005493164
2019-03-10 05:00:00,2.1247622966766357
2019-03-10 06:00:00,2.237351655960083
2019-03-10 07:00:00,2.402406930923462
2019-03-10 08:00:00,2.513474941253662
2019-03-10 09:00:00,2.529585361480713
2019-03-10 10:00:00,2.2705607414245605
2019-03-10 11:00:00,2.0293998420238495
2019-03-10 12:00:00,0.6935528516769409
2019-03-10 13:00:00,0.9512434303760529
2019-03-10 14:00:00,0.5368891432881355
2019-03-10 15:00:00,-0.15500817447900772
2019-03-10 16:00:00,-0.6955650597810745
2019-03-10 17:00:00,-1.0344423204660416
2019-03-10 18:00:00,-1.211977705359459
2019-03-10 19:00:00,-1.3140027523040771
2019-03-10 20:00:00,-1.380117654800415
2019-03-10 21:00:00,-1.4315743446350098
2019-03-10 22:00:00,-1.5775341987609863
2019-03-10 23:00:00,-1.7997244596481323
2019-03-11 00:00:00,-2.0907294750213623
2019-03-11 01:00:00,-2.3142299950122833
2019-03-11 02:00:00,-3.4474728107452393
2019-03-11 03:00:00,-3.3215181827545166
2019-03-11 04:00:00,-3.6697144508361816
2019-03-11 05:00:00,-3.5419390201568604
2019-03-11 06:00:00,-2.701420307159424
2019-03-11 07:00:00,-1.8947625160217285
2019-03-11 08:00:00,-1.270894169807434
2019-03-11 09:00:00,-0.6788496971130371
2019-03-11 10:00:00,-0.11445140838623047
2019-03-11 11:00:00,0.4959365874528885
2019-03-11 12:00:00,0.540891420096159
2019-03-11 13:00:00,0.9679141342639923
2019-03-11 14:00:00,1.2279855012893677
2019-03-11 15:00:00,1.169409155845642
2019-03-11 16:00:00,1.1151618957519531
2019-03-11 17:00:00,0.8798692300915718
2019-03-11 18:00:00,0.6319605857133865
2019-03-11 19:00:00,0.4034857749938965
2019-03-11 20:00:00,0.3352539762854576
2019-03-11 21:00:00,0.35778504610061646
2019-03-11 22:00:00,0.34892982244491577
2019-03-11 23:00:00,0.3386405110359192
2019-03-12 00:00:00,0.36771464347839355
2019-03-12 01:00:00,0.4393901973962784
2019-03-12 02:00:00,0.8216414749622345
2019-03-12 03:00:00,1.115381732583046
2019-03-12 04:00:00,1.0961750745773315
2019-03-12 05:00:00,1.1024240255355835
2019-03-12 06:00:00,1.306751012802124
2019-03-12 07:00:00,1.6665856838226318
2019-03-12 08:00:00,2.0435266196727753
2019-03-12 09:00:00,2.3412277698516846
2019-03-12 10:00:00,2.4388234615325928
2019-03-12 11:00:00,2.526472806930542
2019-03-12 12:00:00,1.623553603887558
2019-03-12 13:00:00,1.1108200252056122
2019-03-12 14:00:00,1.319247841835022
2019-03-12 15:00:00,1.474250078201294
2019-03-12 16:00:00,1.375603199005127
2019-03-12 17:00:00,1.3766169548034668
2019-03-12 18:00:00,1.2656519412994385
2019-03-12 19:00:00,1.0520963668823242
2019-03-12 20:00:00,0.9644887745380402
2019-03-12 21:00:00,0.6876275539398193
2019-03-12 22:00:00,0.4524940252304077
2019-03-12 23:00:00,0.37000415474176407
2019-03-13 00:00:00,0.38631850108504295
2019-03-13 01:00:00,0.4297468028962612
2019-03-13 02:00:00,0.38156216964125633
2019-03-13 03:00:00,0.3605854958295822
2019-03-13 04:00:00,0.48018158972263336
2019-03-13 05:00:00,1.475269079208374
2019-03-13 06:00:00,1.7557854652404785
2019-03-13 07:00:00,2.0329455733299255
2019-03-13 08:00:00,1.3933184146881104
2019-03-13 09:00:00,0.815626859664917
2019-03-13 10:00:00,0.5056809037923813
2019-03-13 11:00:00,0.1347036361694336
2019-03-13 12:00:00,-0.18304789252579212
2019-03-13 13:00:00,-0.49486225843429565
2019-03-13 14:00:00,-0.71129509806633
2019-03-13 15:00:00,-0.9078278541564941
2019-03-13 16:00:00,-0.9565328359603882
2019-03-13 17:00:00,-0.9630358219146729
2019-03-13 18:00:00,-0.9464257955551147
2019-03-13 19:00:00,-0.9374685734510422
2019-03-13 20:00:00,-0.8987336158752441
2019-03-13 21:00:00,-0.8107804656028748
2019-03-13 22:00:00,-0.6583576202392578
2019-03-13 23:00:00,-0.5362040996551514
2019-03-14 00:00:00,-0.38824981451034546
2019-03-14 01:00:00,-0.24850958585739136
2019-03-14 02:00:00,-0.307250440120697
2019-03-14 03:00:00,-0.10056273639202118
2019-03-14 04:00:00,-0.1444544941186905
2019-03-14 05:00:00,-0.14029818773269653
2019-03-14 06:00:00,0.2497415989637375
2019-03-14 07:00:00,0.8508124649524689
2019-03-14 08:00:00,1.3860151767730713
2019-03-14 09:00:00,1.6579795479774475
2019-03-14 10:00:00,1.8144254684448242
2019-03-14 11:00:00,1.863060712814331
2019-03-14 12:00:00,1.5933947563171387
2019-03-14 13:00:00,1.1627614796161652
2019-03-14 14:00:00,1.2128887474536896
2019-03-14 15:00:00,1.0393067598342896
2019-03-14 16:00:00,0.6921954154968262
2019-03-14 17:00:00,0.43231791630387306
2019-03-14 18:00:00,0.3337133526802063
2019-03-14 19:00:00,0.36763453483581543
2019-03-14 20:00:00,0.44864529371261597
2019-03-14 21:00:00,0.5120983272790909
2019-03-14 22:00:00,0.5482891798019409
2019-03-14 23:00:00,0.6031769588589668
2019-03-15 00:00:00,0.6504700258374214
2019-03-15 01:00:00,0.7050678730010986
2019-03-15 02:00:00,1.5712902545928955
2019-03-15 03:00:00,1.5359135866165161
2019-03-15 04:00:00,1.546593427658081
2019-03-15 05:00:00,1.6273614168167114
2019-03-15 06:00:00,1.6737453937530518
2019-03-15 07:00:00,1.702681064605713
2019-03-15 08:00:00,1.6979478895664215
2019-03-15 09:00:00,1.5636707544326782
2019-03-15 10:00:00,1.5164175033569336
2019-03-15 11:00:00,1.56492280960083
2019-03-15 12:00:00,1.0988121032714844
2019-03-15 13:00:00,0.8439861536026001
2019-03-15 14:00:00,0.931932806968689
2019-03-15 15:00:00,0.9134833812713623
2019-03-15 16:00:00,0.8584620952606201
2019-03-15 17:00:00,0.7500883340835571
2019-03-15 18:00:00,0.6614522933959961
2019-03-15 19:00:00,0.6666200160980225
2019-03-15 20:00:00,0.7733512371778488
2019-03-15 21:00:00,0.9213697910308838
2019-03-15 22:00:00,1.0548222213983536
2019-03-15 23:00:00,1.1197932958602905
2019-03-16 00:00:00,1.124318242073059
2019-03-16 01:00:00,1.0961189568042755
2019-03-16 02:00:00,2.0947994589805603
2019-03-16 03:00:00,2.192261219024658
2019-03-16 04:00:00,2.5691699981689453
2019-03-16 05:00:00,2.30609130859375
2019-03-16 06:00:00,1.9457645416259766
2019-03-16 07:00:00,1.620801568031311
2019-03-16 08:00:00,1.5352919101715088
2019-03-16 09:00:00,1.6665146350860596
2019-03-16 10:00:00,1.851987600326538
2019-03-16 11:00:00,1.9137320518493652
2019-03-16 12:00:00,0.8428846597671509
2019-03-16 13:00:00,1.055668592453003
2019-03-16 14:00:00,1.1539452075958252
2019-03-16 15:00:00,1.2427942752838135
2019-03-16 16:00:00,1.2500282526016235
2019-03-16 17:00:00,1.1265993118286133
2019-03-16 18:00:00,1.009583741426468
2019-03-16 19:00:00,0.9842954576015472
2019-03-16 20:00:00,0.995011568069458
2019-03-16 21:00:00,0.9973065108060837
2019-03-16 22:00:00,1.000981479883194
2019-03-16 23:00:00,1.0074915885925293
2019-03-17 00:00:00,0.9912086725234985
2019-03-17 01:00:00,0.9758410900831223
2019-03-17 02:00:00,1.957785189151764
2019-03-17 03:00:00,1.9230737090110779
2019-03-17 04:00:00,1.987065315246582
2019-03-17 05:00:00,1.7817599773406982
2019-03-17 06:00:00,1.691792368888855
2019-03-17 07:00:00,1.6317687034606934
2019-03-17 08:00:00,1.6985288858413696
2019-03-17 09:00:00,1.8470509052276611
2019-03-17 10:00:00,2.054523468017578
2019-03-17 11:00:00,2.2031173706054688
2019-03-17 12:00:00,0.9665316343307495
2019-03-17 13:00:00,1.085369348526001
2019-03-17 14:00:00,1.0974013805389404
2019-03-17 15:00:00,1.1077994108200073
2019-03-17 16:00:00,1.1178476810455322
2019-03-17 17:00:00,1.1095576286315918
2019-03-17 18:00:00,1.061758279800415
2019-03-17 19:00:00,0.9385326206684113
2019-03-17 20:00:00,0.7615848779678345
2019-03-17 21:00:00,0.568004846572876
2019-03-17 22:00:00,0.46127623319625854
2019-03-17 23:00:00,0.558623194694519
2019-03-18 00:00:00,0.7351277470588684
2019-03-18 01:00:00,0.7397977709770203
2019-03-18 02:00:00,1.0762202739715576
2019-03-18 03:00:00,1.1229822486639023
2019-03-18 04:00:00,0.743267834186554
2019-03-18 05:00:00,0.7968519032001495
2019-03-18 06:00:00,1.4180698245763779
2019-03-18 07:00:00,2.226381301879883
2019-03-18 08:00:00,2.192241907119751
2019-03-18 09:00:00,2.2823729515075684
2019-03-18 10:00:00,2.5536742210388184
2019-03-18 11:00:00,2.67387318611145
2019-03-18 12:00:00,0.9102998226881027
2019-03-18 13:00:00,1.0097700357437134
2019-03-18 14:00:00,1.0264017432928085
2019-03-18 15:00:00,0.9513213038444519
2019-03-18 16:00:00,0.9776064157485962
2019-03-18 17:00:00,1.1024370193481445
2019-03-18 18:00:00,1.2467913627624512
2019-03-18 19:00:00,1.2421141862869263
2019-03-18 20:00:00,1.0979231595993042
2019-03-18 21:00:00,0.8608704805374146
2019-03-18 22:00:00,0.6458966732025146
2019-03-18 23:00:00,0.5432998538017273
2019-03-19 00:00:00,0.5761345773935318
2019-03-19 01:00:00,0.72230064868927
2019-03-19 02:00:00,1.2273843586444855
2019-03-19 03:00:00,1.7775275707244873
2019-03-19 04:00:00,2.545103996992111
2019-03-19 05:00:00,3.4329397678375244
2019-03-19 06:00:00,3.4215409755706787
2019-03-19 07:00:00,3.213498592376709
2019-03-19 08:00:00,2.9331789016723633
2019-03-19 09:00:00,2.6331288814544678
2019-03-19 10:00:00,2.3216512203216553
2019-03-19 11:00:00,1.930481493473053
2019-03-19 12:00:00,0.6442277431488037
2019-03-19 13:00:00,-0.0016427040100097656
2019-03-19 14:00:00,-0.5054970383644104
2019-03-19 15:00:00,-0.847381941974163
2019-03-19 16:00:00,-1.1626743078231812
2019-03-19 17:00:00,-1.4004676342010498
2019-03-19 18:00:00,-1.541392207145691
2019-03-19 19:00:00,-1.581369161605835
2019-03-19 20:00:00,-1.550466775894165
2019-03-19 21:00:00,-1.5041627883911133
2019-03-19 22:00:00,-1.4095346927642822
2019-03-19 23:00:00,-1.3289284706115723
2019-03-20 00:00:00,-1.2377113103866577
2019-03-20 01:00:00,-1.1261072158813477
2019-03-20 02:00:00,-1.882460355758667
2019-03-20 03:00:00,-1.682835340499878
2019-03-20 04:00:00,-1.9152604043483734
2019-03-20 05:00:00,-1.9119467735290527
2019-03-20 06:00:00,-1.3405262231826782
2019-03-20 07:00:00,-0.7091076821088791
2019-03-20 08:00:00,-0.188528873026371
2019-03-20 09:00:00,0.2328246831893921
2019-03-20 10:00:00,0.5993060991168022
2019-03-20 11:00:00,0.7423709630966187
2019-03-20 12:00:00,0.2933899462223053
2019-03-20 13:00:00,0.05084672383964062
2019-03-20 14:00:00,-0.18501871824264526
2019-03-20 15:00:00,-0.3425362706184387
2019-03-20 16:00:00,-0.4939143657684326
2019-03-20 17:00:00,-0.5676139183342457
2019-03-20 18:00:00,-0.6112196370959282
2019-03-20 19:00:00,-0.6782813370227814
2019-03-20 20:00:00,-0.7459573894739151
2019-03-20 21:00:00,-0.7716193050146103
2019-03-20 22:00:00,-0.6210236251354218
2019-03-20 23:00:00,-0.4897071272134781
2019-03-21 00:00:00,-0.317135825753212
2019-03-21 01:00:00,-0.06946128606796265
2019-03-21 02:00:00,0.28211361169815063
2019-03-21 03:00:00,0.5886321812868118
2019-03-21 04:00:00,-0.15639656782150269
2019-03-21 05:00:00,-0.9141757190227509
2019-03-21 06:00:00,-0.8167835623025894
2019-03-21 07:00:00,-0.5021343380212784
2019-03-21 08:00:00,-0.11177510023117065
2019-03-21 09:00:00,0.3400399833917618
2019-03-21 10:00:00,0.8389176204800606
2019-03-21 11:00:00,1.1836814880371094
2019-03-21 12:00:00,0.8277257680892944
2019-03-21 13:00:00,0.5871949195861816
2019-03-21 14:00:00,0.6439100503921509
2019-03-21 15:00:00,0.6426581740379333
2019-03-21 16:00:00,0.5841287970542908
2019-03-21 17:00:00,0.5731359124183655
2019-03-21 18:00:00,0.6207255125045776
2019-03-21 19:00:00,0.6915444135665894
2019-03-21 20:00:00,0.6829875111579895
2019-03-21 21:00:00,0.6111848950386047
2019-03-21 22:00:00,0.5305829048156738
2019-03-21 23:00:00,0.5024620890617371
2019-03-22 00:00:00,0.5544815063476562
2019-03-22 01:00:00,0.6645736247301102
2019-03-22 02:00:00,1.523301213979721
2019-03-22 03:00:00,1.8584589958190918
2019-03-22 04:00:00,2.7511820793151855
2019-03-22 05:00:00,3.140265703201294
2019-03-22 06:00:00,3.3816146850585938
2019-03-22 07:00:00,3.7409420013427734
2019-03-22 08:00:00,4.048156261444092
2019-03-22 09:00:00,4.088849902153015
2019-03-22 10:00:00,3.820417881011963
2019-03-22 11:00:00,3.286734104156494
2019-03-22 12:00:00,2.195112943649292
2019-03-22 13:00:00,1.1405209302902222
2019-03-22 14:00:00,1.106148600578308
2019-03-22 15:00:00,1.0277934074401855
2019-03-22 16:00:00,1.082642674446106
2019-03-22 17:00:00,1.0567385852336884
2019-03-22 18:00:00,1.0029021501541138
2019-03-22 19:00:00,0.9994664192199707
2019-03-22 20:00:00,0.9633191823959351
2019-03-22 21:00:00,0.8994016647338867
2019-03-22 22:00:00,1.0924350023269653
2019-03-22 23:00:00,1.4008256196975708
2019-03-23 00:00:00,1.536368727684021
2019-03-23 01:00:00,1.7225446701049805
2019-03-23 02:00:00,3.1619043350219727
2019-03-23 03:00:00,2.975614547729492
2019-03-23 04:00:00,3.689636707305908
2019-03-23 05:00:00,3.8282965421676636
2019-03-23 06:00:00,3.8102898597717285
2019-03-23 07:00:00,4.022425174713135
2019-03-23 08:00:00,4.229953765869141
2019-03-23 09:00:00,4.308651447296143
2019-03-23 10:00:00,4.133578181266785
2019-03-23 11:00:00,3.594793975353241
2019-03-23 12:00:00,2.5401041507720947
2019-03-23 13:00:00,1.0693283081054688
2019-03-23 14:00:00,0.9859046041965485
2019-03-23 15:00:00,0.8659194707870483
2019-03-23 16:00:00,0.9295584410429001
2019-03-23 17:00:00,0.9738398790359497
2019-03-23 18:00:00,0.811024621129036
2019-03-23 19:00:00,0.6080579310655594
2019-03-23 20:00:00,0.5014111995697021
2019-03-23 21:00:00,0.5939863920211792
2019-03-23 22:00:00,0.673158124089241
2019-03-23 23:00:00,0.7015171498060226
2019-03-24 00:00:00,0.6751646548509598
2019-03-24 01:00:00,0.7928014993667603
2019-03-24 02:00:00,1.4485218524932861
2019-03-24 03:00:00,1.4249201714992523
2019-03-24 04:00:00,1.3774039670825005
2019-03-24 05:00:00,2.1718027591705322
2019-03-24 06:00:00,3.196967124938965
2019-03-24 07:00:00,3.6742262840270996
2019-03-24 08:00:00,3.7880314588546753
2019-03-24 09:00:00,3.7737061381340027
2019-03-24 10:00:00,3.3140856623649597
2019-03-24 11:00:00,2.431401252746582
2019-03-24 12:00:00,1.0105361938476562
2019-03-24 13:00:00,0.07958754897117615
2019-03-24 14:00:00,-0.2966064214706421
2019-03-24 15:00:00,-0.31812067329883575
2019-03-24 16:00:00,-0.08183526992797852
2019-03-24 17:00:00,0.10902297496795654
2019-03-24 18:00:00,0.1754443645477295
2019-03-24 19:00:00,0.1912020444869995
2019-03-24 20:00:00,0.1450079083442688
2019-03-24 21:00:00,0.157684326171875
2019-03-24 22:00:00,0.35635364055633545
2019-03-24 23:00:00,0.674124538898468
2019-03-25 00:00:00,0.9022983312606812
2019-03-25 01:00:00,1.0432066917419434
2019-03-25 02:00:00,2.0551604628562927
2019-03-25 03:00:00,1.9420155584812164
2019-03-25 04:00:00,1.4529234170913696
2019-03-25 05:00:00,1.2182633727788925
2019-03-25 06:00:00,1.219060331583023
2019-03-25 07:00:00,1.7265808582305908
2019-03-25 08:00:00,2.2115879356861115
2019-03-25 09:00:00,2.3049516677856445
2019-03-25 10:00:00,2.466566801071167
2019-03-25 11:00:00,2.6256778240203857
2019-03-25 12:00:00,2.097826272249222
2019-03-25 13:00:00,0.9746590852737427
2019-03-25 14:00:00,1.105994462966919
2019-03-25 15:00:00,1.3089497089385986
2019-03-25 16:00:00,1.266184538602829
2019-03-25 17:00:00,0.9564031362533569
2019-03-25 18:00:00,0.7861934155225754
2019-03-25 19:00:00,0.7744762897491455
2019-03-25 20:00:00,0.7660523056983948
2019-03-25 21:00:00,0.9242863655090332
2019-03-25 22:00:00,1.131882667541504
2019-03-25 23:00:00,1.1845848560333252
2019-03-26 00:00:00,1.2618359327316284
2019-03-26 01:00:00,1.2135696411132812
2019-03-26 02:00:00,2.299933433532715
2019-03-26 03:00:00,2.3088130950927734
2019-03-26 04:00:00,2.99642014503479
2019-03-26 05:00:00,3.425920009613037
2019-03-26 06:00:00,3.7129125595092773
2019-03-26 07:00:00,3.934210777282715
2019-03-26 08:00:00,4.060700535774231
2019-03-26 09:00:00,4.026374161243439
2019-03-26 10:00:00,3.9481353759765625
2019-03-26 11:00:00,3.6811325550079346
2019-03-26 12:00:00,2.612691640853882
2019-03-26 13:00:00,1.1260395050048828
2019-03-26 14:00:00,0.986007571220398
2019-03-26 15:00:00,0.9359752684831619
2019-03-26 16:00:00,0.9820911586284637
2019-03-26 17:00:00,1.0872652530670166
2019-03-26 18:00:00,1.1800471544265747
2019-03-26 19:00:00,1.1708669662475586
2019-03-26 20:00:00,1.1494746208190918
2019-03-26 21:00:00,1.1996692419052124
2019-03-26 22:00:00,1.2389295101165771
2019-03-26 23:00:00,1.0372755527496338
2019-03-27 00:00:00,0.8591693639755249
2019-03-27 01:00:00,0.9489787817001343
2019-03-27 02:00:00,1.799424409866333
2019-03-27 03:00:00,2.094314604997635
2019-03-27 04:00:00,2.6771719455718994
2019-03-27 05:00:00,2.984963893890381
2019-03-27 06:00:00,2.949150562286377
2019-03-27 07:00:00,3.0730645656585693
2019-03-27 08:00:00,3.2299256324768066
2019-03-27 09:00:00,3.2918930053710938
2019-03-27 10:00:00,3.012331485748291
2019-03-27 11:00:00,2.5222761631011963
2019-03-27 12:00:00,1.0308944880962372
2019-03-27 13:00:00,0.7499651908874512
2019-03-27 14:00:00,0.7850768119096756
2019-03-27 15:00:00,0.8211621046066284
2019-03-27 16:00:00,0.9030612260103226
2019-03-27 17:00:00,0.9458429366350174
2019-03-27 18:00:00,0.9686065912246704
2019-03-27 19:00:00,0.9824858903884888
2019-03-27 20:00:00,0.9973891228437424
2019-03-27 21:00:00,0.9857465922832489
2019-03-27 22:00:00,0.9490527659654617
2019-03-27 23:00:00,0.9767123460769653
2019-03-28 00:00:00,1.058618187904358
2019-03-28 01:00:00,1.0780527591705322
2019-03-28 02:00:00,1.3115911483764648
2019-03-28 03:00:00,1.6686049699783325
2019-03-28 04:00:00,1.967078447341919
2019-03-28 05:00:00,2.428863048553467
2019-03-28 06:00:00,2.4952588081359863
2019-03-28 07:00:00,2.650555372238159
2019-03-28 08:00:00,2.7814745903015137
2019-03-28 09:00:00,2.6945512294769287
2019-03-28 10:00:00,2.3306844234466553
2019-03-28 11:00:00,1.9486000537872314
2019-03-28 12:00:00,0.7606685161590576
2019-03-28 13:00:00,0.47275179624557495
2019-03-28 14:00:00,0.28171706199645996
2019-03-28 15:00:00,0.04214739799499512
2019-03-28 16:00:00,0.08680035918951035
2019-03-28 17:00:00,0.18978464230895042
2019-03-28 18:00:00,0.24754352681338787
2019-03-28 19:00:00,0.0998389758169651
2019-03-28 20:00:00,-0.052976552862674
2019-03-28 21:00:00,-0.11203724145889282
2019-03-28 22:00:00,-0.16695564985275269
2019-03-28 23:00:00,-0.08629417419433594
2019-03-29 00:00:00,0.06728875637054443
2019-03-29 01:00:00,0.30264031887054443
2019-03-29 02:00:00,0.5390808582305908
2019-03-29 03:00:00,0.6505156755447388
2019-03-29 04:00:00,0.718917965888977
2019-03-29 05:00:00,0.9731096029281616
2019-03-29 06:00:00,1.3439742028713226
2019-03-29 07:00:00,1.988785743713379
2019-03-29 08:00:00,2.5755982100963593
2019-03-29 09:00:00,2.9988229274749756
2019-03-29 10:00:00,2.9922728538513184
2019-03-29 11:00:00,2.6335694789886475
2019-03-29 12:00:00,1.173258051276207
2019-03-29 13:00:00,0.5243194103240967
2019-03-29 14:00:00,0.15901368856430054
2019-03-29 15:00:00,-0.2164132297039032
2019-03-29 16:00:00,-0.4678157716989517
2019-03-29 17:00:00,-0.5864108204841614
2019-03-29 18:00:00,-0.6418953537940979
2019-03-29 19:00:00,-0.6703586578369141
2019-03-29 20:00:00,-0.662278950214386
2019-03-29 21:00:00,-0.6446483135223389
2019-03-29 22:00:00,-0.651482105255127
2019-03-29 23:00:00,-0.6699740886688232
2019-03-30 00:00:00,-0.7087254524230957
2019-03-30 01:00:00,-0.6652213335037231
2019-03-30 02:00:00,-0.7285607308149338
2019-03-30 03:00:00,-0.5643133521080017
2019-03-30 04:00:00,-0.7361504584550858
2019-03-30 05:00:00,-0.7947805374860764
2019-03-30 06:00:00,-0.6405178382992744
2019-03-30 07:00:00,-0.4634779691696167
2019-03-30 08:00:00,-0.3563470393419266
2019-03-30 09:00:00,-0.35599543154239655
2019-03-30 10:00:00,-0.08096170425415039
2019-03-30 11:00:00,0.0962449461221695
2019-03-30 12:00:00,-0.046508900821208954
2019-03-30 13:00:00,-0.14636046066880226
2019-03-30 14:00:00,-0.30166033655405045
2019-03-30 15:00:00,-0.42243050038814545
2019-03-30 16:00:00,-0.5166450664401054
2019-03-30 17:00:00,-0.4773957133293152
2019-03-30 18:00:00,-0.36034345626831055
2019-03-30 19:00:00,-0.23771309852600098
2019-03-30 20:00:00,-0.10537385940551758
2019-03-30 21:00:00,0.07993429899215698
2019-03-30 22:00:00,0.42870038747787476
2019-03-30 23:00:00,0.7787895202636719
2019-03-31 00:00:00,1.0624827146530151
2019-03-31 01:00:00,1.3219035863876343
2019-03-31 02:00:00,1.9965665340423584
2019-03-31 03:00:00,2.0658822059631348
2019-03-31 04:00:00,2.634160041809082
2019-03-31 05:00:00,3.4389991760253906
2019-03-31 06:00:00,3.990884006023407
2019-03-31 07:00:00,4.408015727996826
2019-03-31 08:00:00,4.591824531555176
2019-03-31 09:00:00,4.502422332763672
2019-03-31 10:00:00,4.103044509887695
2019-03-31 11:00:00,3.6724047660827637
2019-03-31 12:00:00,2.532698631286621
2019-03-31 13:00:00,1.2557117938995361
2019-03-31 14:00:00,1.1690113544464111
2019-03-31 15:00:00,1.0938105583190918
2019-03-31 16:00:00,1.2875189781188965
2019-03-31 17:00:00,1.481351375579834
2019-03-31 18:00:00,1.4887721538543701
2019-03-31 19:00:00,1.565872311592102
2019-03-31 20:00:00,1.5997086763381958
2019-03-31 21:00:00,1.4583525657653809
2019-03-31 22:00:00,1.2243880033493042
2019-03-31 23:00:00,1.2277824878692627
2019-04-01 00:00:00,1.3347541093826294
2019-04-01 01:00:00,1.4994235038757324
2019-04-01 02:00:00,3.1321909427642822
2019-04-01 03:00:00,2.9693756103515625
2019-04-01 04:00:00,3.9113036394119263
2019-04-01 05:00:00,4.109681129455566
2019-04-01 06:00:00,3.903975486755371
2019-04-01 07:00:00,3.7459118366241455
2019-04-01 08:00:00,3.6478965282440186
2019-04-01 09:00:00,3.5685808658599854
2019-04-01 10:00:00,3.818502426147461
2019-04-01 11:00:00,3.7303459644317627
2019-04-01 12:00:00,2.567333698272705
2019-04-01 13:00:00,1.0776680707931519
2019-04-01 14:00:00,0.8988362550735474
2019-04-01 15:00:00,0.8053168058395386
2019-04-01 16:00:00,0.7635387778282166
2019-04-01 17:00:00,0.7115139365196228
2019-04-01 18:00:00,0.47609782218933105
2019-04-01 19:00:00,0.17538514733314514
2019-04-01 20:00:00,-0.16248688101768494
2019-04-01 21:00:00,-0.5116401314735413
2019-04-01 22:00:00,-0.5235854387283325
2019-04-01 23:00:00,-0.309134840965271
2019-04-02 00:00:00,0.07379671931266785
2019-04-02 01:00:00,0.2927897199988365
2019-04-02 02:00:00,0.44040441513061523
2019-04-02 03:00:00,0.582960844039917
2019-04-02 04:00:00,0.8160813301801682
2019-04-02 05:00:00,1.4562915563583374
2019-04-02 06:00:00,2.022084414958954
2019-04-02 07:00:00,2.414491891860962
2019-04-02 08:00:00,2.275301933288574
2019-04-02 09:00:00,2.0457210540771484
2019-04-02 10:00:00,1.9971864223480225
2019-04-02 11:00:00,2.009600818157196
2019-04-02 12:00:00,1.002875879406929
2019-04-02 13:00:00,0.6593989059329033
2019-04-02 14:00:00,0.6043722629547119
2019-04-02 15:00:00,0.624271035194397
2019-04-02 16:00:00,0.7581254839897156
2019-04-02 17:00:00,0.794865608215332
2019-04-02 18:00:00,0.7714202404022217
2019-04-02 19:00:00,0.7311052083969116
2019-04-02 20:00:00,0.7067287564277649
2019-04-02 21:00:00,0.7923062443733215
2019-04-02 22:00:00,0.8511059284210205
2019-04-02 23:00:00,0.9446848630905151
2019-04-03 00:00:00,0.9950133562088013
2019-04-03 01:00:00,0.9947166740894318
2019-04-03 02:00:00,1.1521833837032318
2019-04-03 03:00:00,1.2864434719085693
2019-04-03 04:00:00,1.7801721096038818
2019-04-03 05:00:00,2.597769021987915
2019-04-03 06:00:00,2.8251397609710693
2019-04-03 07:00:00,2.8797037601470947
2019-04-03 08:00:00,2.8051085472106934
2019-04-03 09:00:00,2.683369368314743
2019-04-03 10:00:00,2.475640296936035
2019-04-03 11:00:00,2.1979551315307617
2019-04-03 12:00:00,0.8572119921445847
2019-04-03 13:00:00,0.7224692702293396
2019-04-03 14:00:00,0.505211591720581
2019-04-03 15:00:00,0.23401451110839844
2019-04-03 16:00:00,-0.2419823408126831
2019-04-03 17:00:00,-0.7169800996780396
2019-04-03 18:00:00,-1.036239743232727
2019-04-03 19:00:00,-1.1599944829940796
2019-04-03 20:00:00,-1.1724885702133179
2019-04-03 21:00:00,-1.1660488843917847
2019-04-03 22:00:00,-1.0610699653625488
2019-04-03 23:00:00,-0.8880572319030762
2019-04-04 00:00:00,-0.7034813165664673
2019-04-04 01:00:00,-0.5261610746383667
2019-04-04 02:00:00,-0.7047716379165649
2019-04-04 03:00:00,-0.5881980657577515
2019-04-04 04:00:00,-0.42435455322265625
2019-04-04 05:00:00,0.60991370677948
2019-04-04 06:00:00,1.031680703163147
2019-04-04 07:00:00,1.2339279651641846
2019-04-04 08:00:00,1.3798284530639648
2019-04-04 09:00:00,1.529118150472641
2019-04-04 10:00:00,1.6364829540252686
2019-04-04 11:00:00,1.6017484664916992
2019-04-04 12:00:00,0.8292215317487717
2019-04-04 13:00:00,0.3415147066116333
2019-04-04 14:00:00,0.1622411012649536
2019-04-04 15:00:00,-0.007721066474914551
2019-04-04 16:00:00,-0.2614494562149048
2019-04-04 17:00:00,-0.48404692858457565
2019-04-04 18:00:00,-0.6628827601671219
2019-04-04 19:00:00,-0.8085353374481201
2019-04-04 20:00:00,-0.9315255582332611
2019-04-04 21:00:00,-1.0416476726531982
2019-04-04 22:00:00,-1.037276729941368
2019-04-04 23:00:00,-0.9347331076860428
2019-04-05 00:00:00,-0.7622503042221069
2019-04-05 01:00:00,-0.5930972099304199
2019-04-05 02:00:00,-1.0687601417303085
2019-04-05 03:00:00,-1.0253820270299911
2019-04-05 04:00:00,-1.1272748708724976
2019-04-05 05:00:00,-0.908292293548584
2019-04-05 06:00:00,-0.7572131156921387
2019-04-05 07:00:00,-0.23886287212371826
2019-04-05 08:00:00,0.698667049407959
2019-04-05 09:00:00,1.5338265895843506
2019-04-05 10:00:00,1.9438467919826508
2019-04-05 11:00:00,2.0704171657562256
2019-04-05 12:00:00,1.2276494354009628
2019-04-05 13:00:00,0.4639071226119995
2019-04-05 14:00:00,0.25270551443099976
2019-04-05 15:00:00,0.08684444427490234
2019-04-05 16:00:00,-0.10208266973495483
2019-04-05 17:00:00,-0.20660936832427979
2019-04-05 18:00:00,-0.2721720337867737
2019-04-05 19:00:00,-0.40562301874160767
2019-04-05 20:00:00,-0.5305557698011398
2019-04-05 21:00:00,-0.6191762685775757
2019-04-05 22:00:00,-0.3904459476470947
2019-04-05 23:00:00,-0.2431793212890625
2019-04-06 00:00:00,-0.06282785534858704
2019-04-06 01:00:00,0.17337193340063095
2019-04-06 02:00:00,0.7782132029533386
2019-04-06 03:00:00,1.2682251930236816
2019-04-06 04:00:00,1.9132475852966309
2019-04-06 05:00:00,2.29341459274292
2019-04-06 06:00:00,2.406285047531128
2019-04-06 07:00:00,2.499130964279175
2019-04-06 08:00:00,2.656696319580078
2019-04-06 09:00:00,2.9188880920410156
2019-04-06 10:00:00,2.829505443572998
2019-04-06 11:00:00,2.7908902168273926
2019-04-06 12:00:00,1.6813485622406006
2019-04-06 13:00:00,0.7789418250322342
2019-04-06 14:00:00,0.6323308497667313
2019-04-06 15:00:00,0.44660186767578125
2019-04-06 16:00:00,0.18204903602600098
2019-04-06 17:00:00,-0.25881481170654297
2019-04-06 18:00:00,-0.7413262203335762
2019-04-06 19:00:00,-1.0463123172521591
2019-04-06 20:00:00,-1.2445942163467407
2019-04-06 21:00:00,-1.4009124040603638
2019-04-06 22:00:00,-1.2769560813903809
2019-04-06 23:00:00,-1.1721677780151367
2019-04-07 00:00:00,-1.1191302835941315
2019-04-07 01:00:00,-1.1928833723068237
2019-04-07 02:00:00,-2.406959742307663
2019-04-07 03:00:00,-2.3439345359802246
2019-04-07 04:00:00,-2.721001148223877
2019-04-07 05:00:00,-2.574772596359253
2019-04-07 06:00:00,-2.295523166656494
2019-04-07 07:00:00,-1.8550590574741364
2019-04-07 08:00:00,-1.297263741493225
2019-04-07 09:00:00,-0.6854373216629028
2019-04-07 10:00:00,-0.14801931381225586
2019-04-07 11:00:00,0.13583070039749146
2019-04-07 12:00:00,-0.004152119159698486
2019-04-07 13:00:00,-0.3600237965583801
2019-04-07 14:00:00,-0.7546714544296265
2019-04-07 15:00:00,-0.9731779098510742
2019-04-07 16:00:00,-0.9164195954799652
2019-04-07 17:00:00,-0.8096105754375458
2019-04-07 18:00:00,-0.6126776933670044
2019-04-07 19:00:00,-0.4429485760629177
2019-04-07 20:00:00,-0.33848869800567627
2019-04-07 21:00:00,-0.24656248837709427
2019-04-07 22:00:00,-0.40078604221343994
2019-04-07 23:00:00,-0.43970832973718643
2019-04-08 00:00:00,-0.3647684156894684
2019-04-08 01:00:00,-0.35621416568756104
2019-04-08 02:00:00,-0.8862380981445312
2019-04-08 03:00:00,-1.4153995513916016
2019-04-08 04:00:00,-1.1252890825271606
2019-04-08 05:00:00,-0.702685721218586
2019-04-08 06:00:00,-0.24277804791927338
2019-04-08 07:00:00,0.13555588573217392
2019-04-08 08:00:00,0.49201714992523193
2019-04-08 09:00:00,0.8737848997116089
2019-04-08 10:00:00,1.1903202682733536
2019-04-08 11:00:00,1.3200832605361938
2019-04-08 12:00:00,0.9792641401290894
2019-04-08 13:00:00,0.10866665840148926
2019-04-08 14:00:00,-0.28428518772125244
2019-04-08 15:00:00,-0.6196792125701904
2019-04-08 16:00:00,-0.8624879866838455
2019-04-08 17:00:00,-1.0051510334014893
2019-04-08 18:00:00,-1.0556808710098267
2019-04-08 19:00:00,-1.078283667564392
2019-04-08 20:00:00,-1.1079968214035034
2019-04-08 21:00:00,-1.132286176085472
2019-04-08 22:00:00,-1.1004280894994736
2019-04-08 23:00:00,-1.0517737716436386
2019-04-09 00:00:00,-1.0083774328231812
2019-04-09 01:00:00,-0.9161021709442139
2019-04-09 02:00:00,-1.5542958974838257
2019-04-09 03:00:00,-1.224103331565857
2019-04-09 04:00:00,-0.9137900993227959
2019-04-09 05:00:00,-0.6202949211001396
2019-04-09 06:00:00,-0.049131033942103386
2019-04-09 07:00:00,0.7612300366163254
2019-04-09 08:00:00,1.4473624229431152
2019-04-09 09:00:00,1.8815255165100098
2019-04-09 10:00:00,2.1145622730255127
2019-04-09 11:00:00,2.104602098464966
2019-04-09 12:00:00,1.5628526210784912
2019-04-09 13:00:00,0.34806644916534424
2019-04-09 14:00:00,0.008178174495697021
2019-04-09 15:00:00,-0.33544600009918213
2019-04-09 16:00:00,-0.5417042970657349
2019-04-09 17:00:00,-0.6100192666053772
2019-04-09 18:00:00,-0.563867449760437
2019-04-09 19:00:00,-0.4555128812789917
2019-04-09 20:00:00,-0.3781942129135132
2019-04-09 21:00:00,-0.3640258312225342
2019-04-09 22:00:00,-0.41835451126098633
2019-04-09 23:00:00,-0.5261898040771484
2019-04-10 00:00:00,-0.6455587148666382
2019-04-10 01:00:00,-0.76561439037323
2019-04-10 02:00:00,-1.2926034927368164
2019-04-10 03:00:00,-1.3045958280563354
2019-04-10 04:00:00,-0.6835744827985764
2019-04-10 05:00:00,-0.26986342668533325
2019-04-10 06:00:00,0.17830407619476318
2019-04-10 07:00:00,0.8955552875995636
2019-04-10 08:00:00,1.61906099319458
2019-04-10 09:00:00,2.1478822231292725
2019-04-10 10:00:00,2.303075075149536
2019-04-10 11:00:00,2.3612709045410156
2019-04-10 12:00:00,2.065744459629059
2019-04-10 13:00:00,0.6895758509635925
2019-04-10 14:00:00,0.4215652346611023
2019-04-10 15:00:00,0.08560872077941895
2019-04-10 16:00:00,-0.05165308713912964
2019-04-10 17:00:00,-0.10111674666404724
2019-04-10 18:00:00,-0.1165851354598999
2019-04-10 19:00:00,-0.11513924598693848
2019-04-10 20:00:00,-0.09318704158067703
2019-04-10 21:00:00,-0.06291639059782028
2019-04-10 22:00:00,-0.03100094199180603
2019-04-10 23:00:00,0.012904733419418335
2019-04-11 00:00:00,0.028786391019821167
2019-04-11 01:00:00,0.022329777479171753
2019-04-11 02:00:00,0.051515400409698486
2019-04-11 03:00:00,0.23717045783996582
2019-04-11 04:00:00,0.8393160179257393
2019-04-11 05:00:00,1.5530624240636826
2019-04-11 06:00:00,2.126849412918091
2019-04-11 07:00:00,2.497309446334839
2019-04-11 08:00:00,2.6353631019592285
2019-04-11 09:00:00,2.6461172103881836
2019-04-11 10:00:00,2.5369372367858887
2019-04-11 11:00:00,2.2906782627105713
2019-04-11 12:00:00,1.6782910823822021
2019-04-11 13:00:00,0.32029443979263306
2019-04-11 14:00:00,-0.031291842460632324
2019-04-11 15:00:00,-0.30201250314712524
2019-04-11 16:00:00,-0.5419358760118484
2019-04-11 17:00:00,-0.6485297232866287
2019-04-11 18:00:00,-0.7088569402694702
2019-04-11 19:00:00,-0.7747399806976318
2019-04-11 20:00:00,-0.8535948246717453
2019-04-11 21:00:00,-0.9515740424394608
2019-04-11 22:00:00,-0.586787112057209
2019-04-11 23:00:00,-0.2465980052947998
2019-04-12 00:00:00,0.1077461801469326
2019-04-12 01:00:00,0.5083048902451992
2019-04-12 02:00:00,1.4614096581935883
2019-04-12 03:00:00,1.6722674369812012
2019-04-12 04:00:00,1.8358725905418396
2019-04-12 05:00:00,1.6213101744651794
2019-04-12 06:00:00,1.8151454329490662
2019-04-12 07:00:00,2.2204856276512146
2019-04-12 08:00:00,2.52131724357605
2019-04-12 09:00:00,2.6069812774658203
2019-04-12 10:00:00,2.7693543434143066
2019-04-12 11:00:00,2.669909954071045
2019-04-12 12:00:00,2.3581383228302
2019-04-12 13:00:00,0.7250362634658813
2019-04-12 14:00:00,0.5002793073654175
2019-04-12 15:00:00,0.28288692235946655
2019-04-12 16:00:00,0.10539752244949341
2019-04-12 17:00:00,-0.04193124175071716
2019-04-12 18:00:00,-0.17634129524230957
2019-04-12 19:00:00,-0.2786269783973694
2019-04-12 20:00:00,-0.330513596534729
2019-04-12 21:00:00,-0.3858449850231409
2019-04-12 22:00:00,-0.19014981389045715
2019-04-12 23:00:00,-0.012795507907867432
2019-04-13 00:00:00,0.13485103845596313
2019-04-13 01:00:00,0.2706748843193054
2019-04-13 02:00:00,1.018998622894287
2019-04-13 03:00:00,1.405644416809082
2019-04-13 04:00:00,1.8983314037322998
2019-04-13 05:00:00,2.344807595014572
2019-04-13 06:00:00,2.7008130252361298
2019-04-13 07:00:00,2.790932148694992
2019-04-13 08:00:00,2.79178187251091
2019-04-13 09:00:00,2.8032655715942383
2019-04-13 10:00:00,2.772883892059326
2019-04-13 11:00:00,2.664257526397705
2019-04-13 12:00:00,2.2687792778015137
2019-04-13 13:00:00,0.9656832218170166
2019-04-13 14:00:00,0.5003590658307076
2019-04-13 15:00:00,0.23324310779571533
2019-04-13 16:00:00,0.20473406463861465
2019-04-13 17:00:00,0.21374326944351196
2019-04-13 18:00:00,0.18938511610031128
2019-04-13 19:00:00,0.11557114124298096
2019-04-13 20:00:00,0.015800535678863525
2019-04-13 21:00:00,-0.05831509828567505
2019-04-13 22:00:00,0.11676383018493652
2019-04-13 23:00:00,0.4306894540786743
2019-04-14 00:00:00,0.8206319808959961
2019-04-14 01:00:00,1.5612144470214844
2019-04-14 02:00:00,2.648386001586914
2019-04-14 03:00:00,2.705049991607666
2019-04-14 04:00:00,2.717587947845459
2019-04-14 05:00:00,3.1181118488311768
2019-04-14 06:00:00,3.633558750152588
2019-04-14 07:00:00,3.940243721008301
2019-04-14 08:00:00,4.054582595825195
2019-04-14 09:00:00,4.026336669921875
2019-04-14 10:00:00,3.86623477935791
2019-04-14 11:00:00,3.6364855766296387
2019-04-14 12:00:00,3.232600688934326
2019-04-14 13:00:00,1.4284669160842896
2019-04-14 14:00:00,1.194658637046814
2019-04-14 15:00:00,1.0790311098098755
2019-04-14 16:00:00,0.9134393930435181
2019-04-14 17:00:00,0.743313193321228
2019-04-14 18:00:00,0.5996400117874146
2019-04-14 19:00:00,0.5121731758117676
2019-04-14 20:00:00,0.4518958330154419
2019-04-14 21:00:00,0.3587520122528076
2019-04-14 22:00:00,0.41573524475097656
2019-04-14 23:00:00,0.485262393951416
2019-04-15 00:00:00,0.5247718095779419
2019-04-15 01:00:00,0.6337732821702957
2019-04-15 02:00:00,0.8761907070875168
2019-04-15 03:00:00,0.9795912802219391
2019-04-15 04:00:00,1.2267085015773773
2019-04-15 05:00:00,1.5409553050994873
2019-04-15 06:00:00,2.107469320297241
2019-04-15 07:00:00,2.7949225902557373
2019-04-15 08:00:00,3.4182848930358887
2019-04-15 09:00:00,3.8851529359817505
2019-04-15 10:00:00,3.982648253440857
2019-04-15 11:00:00,3.7320609092712402
2019-04-15 12:00:00,3.33176326751709
2019-04-15 13:00:00,1.3665131330490112
2019-04-15 14:00:00,1.0233516693115234
2019-04-15 15:00:00,1.021288424730301
2019-04-15 16:00:00,2.75792533159256
2019-04-15 17:00:00,5.493168413639069
2019-04-15 18:00:00,6.186501502990723
2019-04-15 19:00:00,5.362732410430908
2019-04-15 20:00:00,3.961443305015564
2019-04-15 21:00:00,2.942683696746826
2019-04-15 22:00:00,2.3314871788024902
2019-04-15 23:00:00,2.421562671661377
2019-04-16 00:00:00,3.075899600982666
2019-04-16 01:00:00,2.7206750214099884
2019-04-16 02:00:00,1.0379152446985245
2019-04-16 03:00:00,-0.7693116813898087
2019-04-16 04:00:00,-1.0000355243682861
2019-04-16 05:00:00,-0.33780574798583984
2019-04-16 06:00:00,-0.11022508144378662
2019-04-16 07:00:00,-0.3861738443374634
2019-04-16 08:00:00,-0.6556482315063477
2019-04-16 09:00:00,-1.1118554174900055
2019-04-16 10:00:00,-1.5907721519470215
2019-04-16 11:00:00,-1.5253057479858398
2019-04-16 12:00:00,-1.0060876607894897
2019-04-16 13:00:00,-0.38513803482055664
2019-04-16 14:00:00,-0.29080694913864136
2019-04-16 15:00:00,-0.1106417179107666
2019-04-16 16:00:00,0.6771507263183594
2019-04-16 17:00:00,1.5702636241912842
2019-04-16 18:00:00,1.7067123055458069
2019-04-16 19:00:00,1.2685589790344238
2019-04-16 20:00:00,0.037342071533203125
2019-04-16 21:00:00,-0.49484920501708984
2019-04-16 22:00:00,-0.5046038627624512
2019-04-16 23:00:00,-0.6526654958724976
2019-04-17 00:00:00,-0.747409462928772
2019-04-17 01:00:00,-0.8653252124786377
2019-04-17 02:00:00,-1.0529398918151855
2019-04-17 03:00:00,-1.4799288511276245
2019-04-17 04:00:00,-2.3166556358337402
2019-04-17 05:00:00,-2.667899578809738
2019-04-17 06:00:00,-2.538011312484741
2019-04-17 07:00:00,-2.15421462059021
2019-04-17 08:00:00,-1.826669454574585
2019-04-17 09:00:00,-1.7055661529302597
2019-04-17 10:00:00,-1.6627792716026306
2019-04-17 11:00:00,-1.784309446811676
2019-04-17 12:00:00,-1.8863673210144043
2019-04-17 13:00:00,-1.1867986619472504
2019-04-17 14:00:00,-0.8020645380020142
2019-04-17 15:00:00,-0.5675629377365112
2019-04-17 16:00:00,-0.7495402097702026
2019-04-17 17:00:00,-0.9556665420532227
2019-04-17 18:00:00,-1.0455507040023804
2019-04-17 19:00:00,-0.7088425159454346
2019-04-17 20:00:00,-0.44572603702545166
2019-04-17 21:00:00,-0.46509528160095215
2019-04-17 22:00:00,-0.6999495029449463
2019-04-17 23:00:00,-0.9745889902114868
2019-04-18 00:00:00,-1.1638712882995605
2019-04-18 01:00:00,-1.7647593021392822
2019-04-18 02:00:00,-2.1095798015594482
2019-04-18 03:00:00,-1.9530503749847412
2019-04-18 04:00:00,-1.2405134439468384
2019-04-18 05:00:00,-0.4495319128036499
2019-04-18 06:00:00,0.2600778341293335
2019-04-18 07:00:00,0.8158849477767944
2019-04-18 08:00:00,1.2276884317398071
2019-04-18 09:00:00,1.5695223808288574
2019-04-18 10:00:00,1.7824928760528564
2019-04-18 11:00:00,1.9025084972381592
2019-04-18 12:00:00,1.908041387796402
2019-04-18 13:00:00,0.8247467279434204
2019-04-18 14:00:00,0.8173094987869263
2019-04-18 15:00:00,0.8420535326004028
2019-04-18 16:00:00,0.8108969926834106
2019-04-18 17:00:00,0.7383415699005127
2019-04-18 18:00:00,0.6312140226364136
2019-04-18 19:00:00,0.5378775000572205
2019-04-18 20:00:00,0.49211186170578003
2019-04-18 21:00:00,0.5058764219284058
2019-04-18 22:00:00,0.5905480980873108
2019-04-18 23:00:00,0.6685935854911804
2019-04-19 00:00:00,0.7087122201919556
2019-04-19 01:00:00,0.9029892683029175
2019-04-19 02:00:00,1.5519310235977173
2019-04-19 03:00:00,2.035650908946991
2019-04-19 04:00:00,2.0425286889076233
2019-04-19 05:00:00,1.8725135326385498
2019-04-19 06:00:00,1.7942335605621338
2019-04-19 07:00:00,1.836680293083191
2019-04-19 08:00:00,1.9813780188560486
2019-04-19 09:00:00,2.155202865600586
2019-04-19 10:00:00,2.402174949645996
2019-04-19 11:00:00,2.440333843231201
2019-04-19 12:00:00,2.317766398191452
2019-04-19 13:00:00,0.8625757694244385
2019-04-19 14:00:00,1.0326814502477646
2019-04-19 15:00:00,1.0683406591415405
2019-04-19 16:00:00,1.0473387092351913
2019-04-19 17:00:00,0.9980485588312149
2019-04-19 18:00:00,0.9496033638715744
2019-04-19 19:00:00,0.9340541362762451
2019-04-19 20:00:00,0.951894000172615
2019-04-19 21:00:00,0.9584729671478271
2019-04-19 22:00:00,0.8984477072954178
2019-04-19 23:00:00,0.7576876878738403
2019-04-20 00:00:00,0.5858036279678345
2019-04-20 01:00:00,0.47489750385284424
2019-04-20 02:00:00,0.876829981803894
2019-04-20 03:00:00,1.0369913578033447
2019-04-20 04:00:00,1.3360047340393066
2019-04-20 05:00:00,1.4945273399353027
2019-04-20 06:00:00,1.6464064121246338
2019-04-20 07:00:00,1.881237268447876
2019-04-20 08:00:00,2.1516909897327423
2019-04-20 09:00:00,2.377880096435547
2019-04-20 10:00:00,2.4658026695251465
2019-04-20 11:00:00,2.502448797225952
2019-04-20 12:00:00,2.408573627471924
2019-04-20 13:00:00,0.9259405136108398
2019-04-20 14:00:00,1.059205323457718
2019-04-20 15:00:00,1.0307142436504364
2019-04-20 16:00:00,1.0005162060260773
2019-04-20 17:00:00,0.9588075876235962
2019-04-20 18:00:00,0.8958434462547302
2019-04-20 19:00:00,0.8244843482971191
2019-04-20 20:00:00,0.7792792320251465
2019-04-20 21:00:00,0.7689691781997681
2019-04-20 22:00:00,0.7764866948127747
2019-04-20 23:00:00,0.7682845592498779
2019-04-21 00:00:00,0.7367846965789795
2019-04-21 01:00:00,0.66100013256073
2019-04-21 02:00:00,1.3498361110687256
2019-04-21 03:00:00,1.2169157266616821
2019-04-21 04:00:00,1.8646492958068848
2019-04-21 05:00:00,2.13460773229599
2019-04-21 06:00:00,2.4859061241149902
2019-04-21 07:00:00,2.8858933448791504
2019-04-21 08:00:00,3.266995429992676
2019-04-21 09:00:00,3.5905418395996094
2019-04-21 10:00:00,3.557828187942505
2019-04-21 11:00:00,3.404722213745117
2019-04-21 12:00:00,2.944829225540161
2019-04-21 13:00:00,1.0491595566272736
2019-04-21 14:00:00,0.8037027716636658
2019-04-21 15:00:00,0.6069557666778564
2019-04-21 16:00:00,0.4217553734779358
2019-04-21 17:00:00,0.23750995844602585
2019-04-21 18:00:00,0.043784260749816895
2019-04-21 19:00:00,-0.14028776437044144
2019-04-21 20:00:00,-0.3107978105545044
2019-04-21 21:00:00,-0.5007481724023819
2019-04-21 22:00:00,-0.5482540726661682
2019-04-21 23:00:00,-0.5158331394195557
2019-04-22 00:00:00,-0.42114365100860596
2019-04-22 01:00:00,-0.31197822093963623
2019-04-22 02:00:00,-0.3732529878616333
2019-04-22 03:00:00,-0.24582833051681519
2019-04-22 04:00:00,0.2812808007001877
2019-04-22 05:00:00,1.003349781036377
2019-04-22 06:00:00,1.7052124440670013
2019-04-22 07:00:00,2.354487866163254
2019-04-22 08:00:00,2.947091817855835
2019-04-22 09:00:00,3.3697926998138428
2019-04-22 10:00:00,3.469433546066284
2019-04-22 11:00:00,3.4535322189331055
2019-04-22 12:00:00,3.156278371810913
2019-04-22 13:00:00,1.2901133298873901
2019-04-22 14:00:00,1.0917011499404907
2019-04-22 15:00:00,1.0048332512378693
2019-04-22 16:00:00,0.8971860408782959
2019-04-22 17:00:00,0.8337387293577194
2019-04-22 18:00:00,0.7822760343551636
2019-04-22 19:00:00,0.7188336849212646
2019-04-22 20:00:00,0.6275033801794052
2019-04-22 21:00:00,0.48641717433929443
2019-04-22 22:00:00,0.28005650639533997
2019-04-22 23:00:00,0.020778313279151917
2019-04-23 00:00:00,-0.29128989577293396
2019-04-23 01:00:00,-0.5366649031639099
2019-04-23 02:00:00,-1.5297455787658691
2019-04-23 03:00:00,-1.5360276699066162
2019-04-23 04:00:00,-0.3406529426574707
2019-04-23 05:00:00,0.7664206027984619
2019-04-23 06:00:00,1.2787666320800781
2019-04-23 07:00:00,1.585550308227539
2019-04-23 08:00:00,1.7756986618041992
2019-04-23 09:00:00,1.9265294075012207
2019-04-23 10:00:00,2.09609055519104
2019-04-23 11:00:00,2.165849208831787
2019-04-23 12:00:00,1.9419970512390137
2019-04-23 13:00:00,0.5914543271064758
2019-04-23 14:00:00,0.47559618949890137
2019-04-23 15:00:00,0.2073032259941101
2019-04-23 16:00:00,-0.12187248468399048
2019-04-23 17:00:00,-0.3776026964187622
2019-04-23 18:00:00,-0.5817676037549973
2019-04-23 19:00:00,-0.7396491765975952
2019-04-23 20:00:00,-0.8389575481414795
2019-04-23 21:00:00,-0.9062703847885132
2019-04-23 22:00:00,-0.9520589113235474
2019-04-23 23:00:00,-0.9779424667358398
2019-04-24 00:00:00,-1.0154559910297394
2019-04-24 01:00:00,-1.4210214465856552
2019-04-24 02:00:00,-1.9934289455413818
2019-04-24 03:00:00,-2.027604877948761
2019-04-24 04:00:00,-1.9360871315002441
2019-04-24 05:00:00,-1.5454728603363037
2019-04-24 06:00:00,-0.9120371639728546
2019-04-24 07:00:00,-0.23732823133468628
2019-04-24 08:00:00,0.37332968041300774
2019-04-24 09:00:00,0.8410708457231522
2019-04-24 10:00:00,1.2771837711334229
2019-04-24 11:00:00,1.6532700061798096
2019-04-24 12:00:00,1.7416350841522217
2019-04-24 13:00:00,0.6590242385864258
2019-04-24 14:00:00,0.5512229204177856
2019-04-24 15:00:00,0.2566452622413635
2019-04-24 16:00:00,-0.13794010877609253
2019-04-24 17:00:00,-0.46689820289611816
2019-04-24 18:00:00,-0.7525754570960999
2019-04-24 19:00:00,-0.956902265548706
2019-04-24 20:00:00,-1.0509445667266846
2019-04-24 21:00:00,-1.1185435056686401
2019-04-24 22:00:00,-1.0625789165496826
2019-04-24 23:00:00,-0.9623961448669434
2019-04-25 00:00:00,-0.8713794946670532
2019-04-25 01:00:00,-0.7974981069564819
2019-04-25 02:00:00,-1.6097700595855713
2019-04-25 03:00:00,-1.4192605912685394
2019-04-25 04:00:00,-1.5842813551425934
2019-04-25 05:00:00,-1.506158709526062
2019-04-25 06:00:00,-1.1138721704483032
2019-04-25 07:00:00,-0.34896206855773926
2019-04-25 08:00:00,0.6452696323394775
2019-04-25 09:00:00,1.61545991897583
2019-04-25 10:00:00,2.475298911333084
2019-04-25 11:00:00,3.1688573956489563
2019-04-25 12:00:00,3.564873695373535
2019-04-25 13:00:00,1.9313340783119202
2019-04-25 14:00:00,1.9803569316864014
2019-04-25 15:00:00,2.0861241817474365
2019-04-25 16:00:00,1.837613582611084
2019-04-25 17:00:00,1.577654242515564
2019-04-25 18:00:00,1.0949028730392456
2019-04-25 19:00:00,0.670373797416687
2019-04-25 20:00:00,0.45863306522369385
2019-04-25 21:00:00,0.38894081115722656
2019-04-25 22:00:00,0.4443051815032959
2019-04-25 23:00:00,0.5624516010284424
2019-04-26 00:00:00,0.7768796682357788
2019-04-26 01:00:00,1.1538280248641968
2019-04-26 02:00:00,1.6914342939853668
2019-04-26 03:00:00,1.6659793853759766
2019-04-26 04:00:00,1.6854538917541504
2019-04-26 05:00:00,1.9585003852844238
2019-04-26 06:00:00,2.4411652088165283
2019-04-26 07:00:00,2.8341290950775146
2019-04-26 08:00:00,3.097764015197754
2019-04-26 09:00:00,3.2750229835510254
2019-04-26 10:00:00,3.475952625274658
2019-04-26 11:00:00,3.4819812774658203
2019-04-26 12:00:00,3.237555980682373
2019-04-26 13:00:00,1.5621957778930664
2019-04-26 14:00:00,1.1967885494232178
2019-04-26 15:00:00,1.0575770139694214
2019-04-26 16:00:00,0.9398726969957352
2019-04-26 17:00:00,0.8280719518661499
2019-04-26 18:00:00,0.7560423612594604
2019-04-26 19:00:00,0.732290506362915
2019-04-26 20:00:00,0.7592074424028397
2019-04-26 21:00:00,0.7312799692153931
2019-04-26 22:00:00,0.7094880789518356
2019-04-26 23:00:00,0.7216802015900612
2019-04-27 00:00:00,0.763731837272644
2019-04-27 01:00:00,0.9834607914090157
2019-04-27 02:00:00,1.655611515045166
2019-04-27 03:00:00,2.093393087387085
2019-04-27 04:00:00,3.630739688873291
2019-04-27 05:00:00,4.099722504615784
2019-04-27 06:00:00,4.520622253417969
2019-04-27 07:00:00,4.837791919708252
2019-04-27 08:00:00,5.032757759094238
2019-04-27 09:00:00,5.0644612312316895
2019-04-27 10:00:00,4.871805667877197
2019-04-27 11:00:00,4.608983993530273
2019-04-27 12:00:00,4.161493301391602
2019-04-27 13:00:00,2.4544129371643066
2019-04-27 14:00:00,1.616210788488388
2019-04-27 15:00:00,1.4443519115447998
2019-04-27 16:00:00,1.2708001136779785
2019-04-27 17:00:00,1.131636381149292
2019-04-27 18:00:00,0.9408862590789795
2019-04-27 19:00:00,0.8202882558107376
2019-04-27 20:00:00,0.787401556968689
2019-04-27 21:00:00,0.7439751699566841
2019-04-27 22:00:00,0.841815710067749
2019-04-27 23:00:00,1.0091570615768433
2019-04-28 00:00:00,1.198657974600792
2019-04-28 01:00:00,1.734644502401352
2019-04-28 02:00:00,2.5145726203918457
2019-04-28 03:00:00,2.7873644828796387
2019-04-28 04:00:00,4.289374351501465
2019-04-28 05:00:00,4.436108648777008
2019-04-28 06:00:00,4.449912071228027
2019-04-28 07:00:00,4.477307856082916
2019-04-28 08:00:00,4.533266007900238
2019-04-28 09:00:00,4.561115264892578
2019-04-28 10:00:00,4.386836528778076
2019-04-28 11:00:00,3.9794827699661255
2019-04-28 12:00:00,3.3700531125068665
2019-04-28 13:00:00,1.493342012166977
2019-04-28 14:00:00,0.9071667194366455
2019-04-28 15:00:00,0.6371198892593384
2019-04-28 16:00:00,0.5172943100333214
2019-04-28 17:00:00,0.4521104861050844
2019-04-28 18:00:00,0.416156567633152
2019-04-28 19:00:00,0.40543267875909805
2019-04-28 20:00:00,0.42714762687683105
2019-04-28 21:00:00,0.454576313495636
2019-04-28 22:00:00,0.5344792455434799
2019-04-28 23:00:00,0.6170299053192139
2019-04-29 00:00:00,0.6863647773861885
2019-04-29 01:00:00,0.8019521310925484
2019-04-29 02:00:00,1.7605981826782227
2019-04-29 03:00:00,1.6726324707269669
2019-04-29 04:00:00,2.566777467727661
2019-04-29 05:00:00,3.000429391860962
2019-04-29 06:00:00,3.3642969131469727
2019-04-29 07:00:00,3.600342273712158
2019-04-29 08:00:00,3.6213653683662415
2019-04-29 09:00:00,3.5095105171203613
2019-04-29 10:00:00,3.2603657245635986
2019-04-29 11:00:00,2.921710729598999
2019-04-29 12:00:00,2.368645191192627
2019-04-29 13:00:00,0.606020987033844
2019-04-29 14:00:00,0.23753046989440918
2019-04-29 15:00:00,-0.215378038585186
2019-04-29 16:00:00,-0.495182529091835
2019-04-29 17:00:00,-0.7102871537208557
2019-04-29 18:00:00,-0.8541443794965744
2019-04-29 19:00:00,-0.9314065426588058
2019-04-29 20:00:00,-0.9801380336284637
2019-04-29 21:00:00,-1.0039329528808594
2019-04-29 22:00:00,-0.9984371364116669
2019-04-29 23:00:00,-1.0191576480865479
2019-04-30 00:00:00,-1.002329707145691
2019-04-30 01:00:00,-0.6137468218803406
2019-04-30 02:00:00,-0.822551965713501
2019-04-30 03:00:00,-0.5828432887792587
2019-04-30 04:00:00,-0.8402294665575027
2019-04-30 05:00:00,-1.0220619440078735
2019-04-30 06:00:00,-0.9199690818786621
2019-04-30 07:00:00,-0.6677331924438477
2019-04-30 08:00:00,-0.3101496696472168
2019-04-30 09:00:00,0.1523745059967041
2019-04-30 10:00:00,0.47689712047576904
2019-04-30 11:00:00,0.8322451114654541
2019-04-30 12:00:00,1.1179407835006714
2019-04-30 13:00:00,0.5678156614303589
2019-04-30 14:00:00,0.9111555814743042
2019-04-30 15:00:00,1.215371012687683
2019-04-30 16:00:00,1.4679413735866547
2019-04-30 17:00:00,1.7535176277160645
2019-04-30 18:00:00,1.9562302231788635
2019-04-30 19:00:00,2.028231382369995
2019-04-30 20:00:00,2.0074194073677063
2019-04-30 21:00:00,1.926196575164795
2019-04-30 22:00:00,1.7381291389465332
2019-04-30 23:00:00,1.4383704662322998
2019-05-01 00:00:00,0.9920276403427124
2019-05-01 01:00:00,0.5464401245117188
2019-05-01 02:00:00,0.03264378011226654
2019-05-01 03:00:00,-0.8134975135326385
2019-05-01 04:00:00,-0.5805328339338303
2019-05-01 05:00:00,-0.17673742771148682
2019-05-01 06:00:00,0.09063619375228882
2019-05-01 07:00:00,0.4778707027435303
2019-05-01 08:00:00,1.0089683532714844
2019-05-01 09:00:00,1.6222350597381592
2019-05-01 10:00:00,1.9337468147277832
2019-05-01 11:00:00,2.146601915359497
2019-05-01 12:00:00,2.145354241132736
2019-05-01 13:00:00,0.9311028718948364
2019-05-01 14:00:00,1.112502098083496
2019-05-01 15:00:00,1.1330502033233643
2019-05-01 16:00:00,1.113988995552063
2019-05-01 17:00:00,1.045764684677124
2019-05-01 18:00:00,0.9010002613067627
2019-05-01 19:00:00,0.6526925712823868
2019-05-01 20:00:00,0.3382471799850464
2019-05-01 21:00:00,-0.052525877952575684
2019-05-01 22:00:00,-0.46740126609802246
2019-05-01 23:00:00,-0.834589958190918
2019-05-02 00:00:00,-1.0848717540502548
2019-05-02 01:00:00,-1.4366443157196045
2019-05-02 02:00:00,-3.2124288082122803
2019-05-02 03:00:00,-3.4649510383605957
2019-05-02 04:00:00,-3.978015422821045
2019-05-02 05:00:00,-3.9330168962478638
2019-05-02 06:00:00,-3.6152549982070923
2019-05-02 07:00:00,-3.1619873046875
2019-05-02 08:00:00,-2.6330347061157227
2019-05-02 09:00:00,-2.044970989227295
2019-05-02 10:00:00,-1.5099403858184814
2019-05-02 11:00:00,-0.9702003300189972
2019-05-02 12:00:00,-0.5290201902389526
2019-05-02 13:00:00,-0.12715119123458862
2019-05-02 14:00:00,-0.09617388248443604
2019-05-02 15:00:00,-0.039124488830566406
2019-05-02 16:00:00,-0.2976706922054291
2019-05-02 17:00:00,-0.6698384247720242
2019-05-02 18:00:00,-0.9826632887125015
2019-05-02 19:00:00,-1.2095049619674683
2019-05-02 20:00:00,-1.359534502029419
2019-05-02 21:00:00,-1.525742530822754
2019-05-02 22:00:00,-1.0680269002914429
2019-05-02 23:00:00,-0.8090458512306213
2019-05-03 00:00:00,-0.7286756038665771
2019-05-03 01:00:00,-0.8542582988739014
2019-05-03 02:00:00,-1.6207419633865356
2019-05-03 03:00:00,-2.1216673851013184
2019-05-03 04:00:00,-2.3759727478027344
2019-05-03 05:00:00,-1.7424499839544296
2019-05-03 06:00:00,-0.9988712966442108
2019-05-03 07:00:00,-0.28744757175445557
2019-05-03 08:00:00,0.4466228038072586
2019-05-03 09:00:00,1.1947043240070343
2019-05-03 10:00:00,1.3942675590515137
2019-05-03 11:00:00,1.718301996588707
2019-05-03 12:00:00,1.8387069553136826
2019-05-03 13:00:00,0.8707506358623505
2019-05-03 14:00:00,0.5860466361045837
2019-05-03 15:00:00,0.32521555572748184
2019-05-03 16:00:00,0.08553832769393921
2019-05-03 17:00:00,-0.08273670077323914
2019-05-03 18:00:00,-0.18692508339881897
2019-05-03 19:00:00,-0.23395797610282898
2019-05-03 20:00:00,-0.2524724304676056
2019-05-03 21:00:00,-0.2287958860397339
2019-05-03 22:00:00,-0.14150935411453247
2019-05-03 23:00:00,-0.05874478816986084
2019-05-04 00:00:00,0.005420327186584473
2019-05-04 01:00:00,0.09781795740127563
2019-05-04 02:00:00,0.5262908935546875
2019-05-04 03:00:00,0.9273256957530975
2019-05-04 04:00:00,1.1919615268707275
2019-05-04 05:00:00,1.9585485458374023
2019-05-04 06:00:00,2.68681263923645
2019-05-04 07:00:00,3.3613545894622803
2019-05-04 08:00:00,3.9456849098205566
2019-05-04 09:00:00,4.457885265350342
2019-05-04 10:00:00,4.67284631729126
2019-05-04 11:00:00,4.708335876464844
2019-05-04 12:00:00,4.512000560760498
2019-05-04 13:00:00,2.647261619567871
2019-05-04 14:00:00,1.711417317390442
2019-05-04 15:00:00,1.5708266496658325
2019-05-04 16:00:00,1.459821343421936
2019-05-04 17:00:00,1.3552372455596924
2019-05-04 18:00:00,1.2846688032150269
2019-05-04 19:00:00,1.274335265159607
2019-05-04 20:00:00,1.2845596075057983
2019-05-04 21:00:00,1.2579760551452637
2019-05-04 22:00:00,1.129658818244934
2019-05-04 23:00:00,1.0117124319076538
2019-05-05 00:00:00,0.9503588676452637
2019-05-05 01:00:00,0.9866774082183838
2019-05-05 02:00:00,2.2339675426483154
2019-05-05 03:00:00,2.287903308868408
2019-05-05 04:00:00,3.3166255950927734
2019-05-05 05:00:00,3.8359538316726685
2019-05-05 06:00:00,4.196075797080994
2019-05-05 07:00:00,4.43862920999527
2019-05-05 08:00:00,4.596297740936279
2019-05-05 09:00:00,4.639776229858398
2019-05-05 10:00:00,4.445160865783691
2019-05-05 11:00:00,4.133295059204102
2019-05-05 12:00:00,3.7225019931793213
2019-05-05 13:00:00,1.430230975151062
2019-05-05 14:00:00,1.2342264652252197
2019-05-05 15:00:00,1.1922001987695694
2019-05-05 16:00:00,1.1175680309534073
2019-05-05 17:00:00,1.0976001024246216
2019-05-05 18:00:00,1.133833885192871
2019-05-05 19:00:00,1.2363085895776749
2019-05-05 20:00:00,1.3863063007593155
2019-05-05 21:00:00,1.5320185720920563
2019-05-05 22:00:00,1.568892240524292
2019-05-05 23:00:00,1.4760546684265137
2019-05-06 00:00:00,1.311732530593872
2019-05-06 01:00:00,1.056327223777771
2019-05-06 02:00:00,1.6282811760902405
2019-05-06 03:00:00,1.0877704620361328
2019-05-06 04:00:00,2.914447784423828
2019-05-06 05:00:00,3.56988525390625
2019-05-06 06:00:00,4.1311259269714355
2019-05-06 07:00:00,4.664172649383545
2019-05-06 08:00:00,5.063405513763428
2019-05-06 09:00:00,5.324410438537598
2019-05-06 10:00:00,5.199403762817383
2019-05-06 11:00:00,4.904873847961426
2019-05-06 12:00:00,4.342639446258545
2019-05-06 13:00:00,1.7202017307281494
2019-05-06 14:00:00,1.407808780670166
2019-05-06 15:00:00,1.2924872636795044
2019-05-06 16:00:00,1.0976996719837189
2019-05-06 17:00:00,0.9409080445766449
2019-05-06 18:00:00,0.77687668800354
2019-05-06 19:00:00,0.5870878547430038
2019-05-06 20:00:00,0.38570223189890385
2019-05-06 21:00:00,0.1973920464515686
2019-05-06 22:00:00,0.41787707805633545
2019-05-06 23:00:00,0.7221591472625732
2019-05-07 00:00:00,0.9952614307403564
2019-05-07 01:00:00,1.1170746088027954
2019-05-07 02:00:00,2.5757073760032654
2019-05-07 03:00:00,2.8167169094085693
2019-05-07 04:00:00,3.827886939048767
2019-05-07 05:00:00,4.479540824890137
2019-05-07 06:00:00,4.821127414703369
2019-05-07 07:00:00,5.113553524017334
2019-05-07 08:00:00,5.317212104797363
2019-05-07 09:00:00,5.433046817779541
2019-05-07 10:00:00,5.331366539001465
2019-05-07 11:00:00,5.063050270080566
2019-05-07 12:00:00,4.551111698150635
2019-05-07 13:00:00,1.8567125797271729
2019-05-07 14:00:00,1.6163064241409302
2019-05-07 15:00:00,1.5706663131713867
2019-05-07 16:00:00,1.4976691007614136
2019-05-07 17:00:00,1.4375762939453125
2019-05-07 18:00:00,1.3907209634780884
2019-05-07 19:00:00,1.377002477645874
2019-05-07 20:00:00,1.4025404453277588
2019-05-07 21:00:00,1.4340171813964844
2019-05-07 22:00:00,1.4138504266738892
2019-05-07 23:00:00,1.372138261795044
2019-05-08 00:00:00,1.3466078042984009
2019-05-08 01:00:00,1.4829659461975098
2019-05-08 02:00:00,2.94245982170105
2019-05-08 03:00:00,3.1810302734375
2019-05-08 04:00:00,3.9444565773010254
2019-05-08 05:00:00,4.20289945602417
2019-05-08 06:00:00,4.55918025970459
2019-05-08 07:00:00,4.921096324920654
2019-05-08 08:00:00,5.237959861755371
2019-05-08 09:00:00,5.453047275543213
2019-05-08 10:00:00,5.472794055938721
2019-05-08 11:00:00,5.338881969451904
2019-05-08 12:00:00,4.892183303833008
2019-05-08 13:00:00,2.5058903992176056
2019-05-08 14:00:00,1.902587890625
2019-05-08 15:00:00,1.8279677033424377
2019-05-08 16:00:00,1.7501533031463623
2019-05-08 17:00:00,1.640657439827919
2019-05-08 18:00:00,1.618134245276451
2019-05-08 19:00:00,1.711808204650879
2019-05-08 20:00:00,1.9250879287719727
2019-05-08 21:00:00,2.230957508087158
2019-05-08 22:00:00,2.254141867160797
2019-05-08 23:00:00,2.4401306807994843
2019-05-09 00:00:00,2.7506358325481415
2019-05-09 01:00:00,3.747804641723633
2019-05-09 02:00:00,4.435905933380127
2019-05-09 03:00:00,5.105198860168457
2019-05-09 04:00:00,5.666746139526367
2019-05-09 05:00:00,5.3465776443481445
2019-05-09 06:00:00,5.070973873138428
2019-05-09 07:00:00,5.073575019836426
2019-05-09 08:00:00,5.229850769042969
2019-05-09 09:00:00,5.3894548416137695
2019-05-09 10:00:00,5.310305118560791
2019-05-09 11:00:00,5.16786003112793
2019-05-09 12:00:00,4.836686134338379
2019-05-09 13:00:00,2.973121404647827
2019-05-09 14:00:00,2.252251386642456
2019-05-09 15:00:00,2.6361372470855713
2019-05-09 16:00:00,3.0383176803588867
2019-05-09 17:00:00,3.2483158111572266
2019-05-09 18:00:00,3.3798186779022217
2019-05-09 19:00:00,3.532221794128418
2019-05-09 20:00:00,3.6840405464172363
2019-05-09 21:00:00,3.735085964202881
2019-05-09 22:00:00,4.0034953355789185
2019-05-09 23:00:00,4.071300506591797
2019-05-10 00:00:00,4.042367458343506
2019-05-10 01:00:00,4.430337429046631
2019-05-10 02:00:00,4.585038185119629
2019-05-10 03:00:00,5.1053547859191895
2019-05-10 04:00:00,5.014867782592773
2019-05-10 05:00:00,4.617529392242432
2019-05-10 06:00:00,4.2938079833984375
2019-05-10 07:00:00,4.147894382476807
2019-05-10 08:00:00,4.139801025390625
2019-05-10 09:00:00,4.167217373847961
2019-05-10 10:00:00,4.16505241394043
2019-05-10 11:00:00,4.001121997833252
2019-05-10 12:00:00,3.6620323061943054
2019-05-10 13:00:00,1.6884257793426514
2019-05-10 14:00:00,1.3495447635650635
2019-05-10 15:00:00,1.3500688076019287
2019-05-10 16:00:00,1.3847821950912476
2019-05-10 17:00:00,1.4760569334030151
2019-05-10 18:00:00,1.6833842992782593
2019-05-10 19:00:00,1.9286548495292664
2019-05-10 20:00:00,2.0703070759773254
2019-05-10 21:00:00,2.1553461849689484
2019-05-10 22:00:00,1.7298870086669922
2019-05-10 23:00:00,1.3088817596435547
2019-05-11 00:00:00,1.0151760876178741
2019-05-11 01:00:00,0.9762670993804932
2019-05-11 02:00:00,1.4764593988656998
2019-05-11 03:00:00,1.0543024837970734
2019-05-11 04:00:00,0.7216156460344791
2019-05-11 05:00:00,0.542618602514267
2019-05-11 06:00:00,0.5588813126087189
2019-05-11 07:00:00,0.791581604629755
2019-05-11 08:00:00,1.1886426080018282
2019-05-11 09:00:00,1.847543329000473
2019-05-11 10:00:00,3.0991754233837128
2019-05-11 11:00:00,4.548672676086426
2019-05-11 12:00:00,5.151832580566406
2019-05-11 13:00:00,4.374773979187012
2019-05-11 14:00:00,2.6704280972480774
2019-05-11 15:00:00,1.3686362504959106
2019-05-11 16:00:00,1.1986225992441177
2019-05-11 17:00:00,1.8911094665527344
2019-05-11 18:00:00,2.6464409828186035
2019-05-11 19:00:00,2.7133145332336426
2019-05-11 20:00:00,2.0924554467201233
2019-05-11 21:00:00,1.319819450378418
2019-05-11 22:00:00,1.1347124725580215
2019-05-11 23:00:00,1.2624953985214233
2019-05-12 00:00:00,1.45879065990448
2019-05-12 01:00:00,2.7496724128723145
2019-05-12 02:00:00,2.7287344932556152
2019-05-12 03:00:00,3.1110429763793945
2019-05-12 04:00:00,2.853651523590088
2019-05-12 05:00:00,2.6863067150115967
2019-05-12 06:00:00,2.7851991653442383
2019-05-12 07:00:00,3.0276339054107666
2019-05-12 08:00:00,3.3787856101989746
2019-05-12 09:00:00,3.8164215087890625
2019-05-12 10:00:00,3.9328770637512207
2019-05-12 11:00:00,3.9592875242233276
2019-05-12 12:00:00,3.8358688354492188
2019-05-12 13:00:00,2.8233802318573
2019-05-12 14:00:00,1.5787781476974487
2019-05-12 15:00:00,1.7952954769134521
2019-05-12 16:00:00,1.8533371984958649
2019-05-12 17:00:00,1.8420634269714355
2019-05-12 18:00:00,1.7257401943206787
2019-05-12 19:00:00,1.5379441976547241
2019-05-12 20:00:00,1.3454015254974365
2019-05-12 21:00:00,1.181734323501587
2019-05-12 22:00:00,1.1155540943145752
2019-05-12 23:00:00,1.0517141819000244
2019-05-13 00:00:00,0.9861526936292648
2019-05-13 01:00:00,0.7120062112808228
2019-05-13 02:00:00,1.278817668557167
2019-05-13 03:00:00,0.7838559150695801
2019-05-13 04:00:00,0.7568172812461853
2019-05-13 05:00:00,1.1077923774719238
2019-05-13 06:00:00,1.4891881048679352
2019-05-13 07:00:00,1.6334158778190613
2019-05-13 08:00:00,1.4884675443172455
2019-05-13 09:00:00,1.2026923149824142
2019-05-13 10:00:00,1.069819837808609
2019-05-13 11:00:00,1.1633632332086563
2019-05-13 12:00:00,1.2865656465291977
2019-05-13 13:00:00,0.615398408845067
2019-05-13 14:00:00,0.3373294472694397
2019-05-13 15:00:00,0.13173330202698708
2019-05-13 16:00:00,0.3535001203417778
2019-05-13 17:00:00,0.5864401310682297
2019-05-13 18:00:00,0.8246266543865204
2019-05-13 19:00:00,1.1251621544361115
2019-05-13 20:00:00,1.3496403694152832
2019-05-13 21:00:00,1.420337587594986
2019-05-13 22:00:00,0.7748507261276245
2019-05-13 23:00:00,0.1520911455154419
2019-05-14 00:00:00,-0.43633854389190674
2019-05-14 01:00:00,-1.1603823602199554
2019-05-14 02:00:00,-1.4234294891357422
2019-05-14 03:00:00,-0.11444199085235596
2019-05-14 04:00:00,0.8659111261367798
2019-05-14 05:00:00,1.397699236869812
2019-05-14 06:00:00,1.9924604892730713
2019-05-14 07:00:00,2.6645045280456543
2019-05-14 08:00:00,3.377262592315674
2019-05-14 09:00:00,3.9565324783325195
2019-05-14 10:00:00,4.220964431762695
2019-05-14 11:00:00,4.281765460968018
2019-05-14 12:00:00,4.091995716094971
2019-05-14 13:00:00,3.399852752685547
2019-05-14 14:00:00,1.748633623123169
2019-05-14 15:00:00,1.3828517198562622
2019-05-14 16:00:00,1.0276235342025757
2019-05-14 17:00:00,0.764641523361206
2019-05-14 18:00:00,0.5930330753326416
2019-05-14 19:00:00,0.4489835500717163
2019-05-14 20:00:00,0.3160289525985718
2019-05-14 21:00:00,0.19618690013885498
2019-05-14 22:00:00,-0.03543293476104736
2019-05-14 23:00:00,-0.2907918691635132
2019-05-15 00:00:00,-0.5644707828760147
2019-05-15 01:00:00,-0.5092191100120544
2019-05-15 02:00:00,-1.3469732999801636
2019-05-15 03:00:00,-1.239935651421547
2019-05-15 04:00:00,-0.624300479888916
2019-05-15 05:00:00,-0.07913301140069962
2019-05-15 06:00:00,0.2871110439300537
2019-05-15 07:00:00,0.5057639628648758
2019-05-15 08:00:00,0.7588067799806595
2019-05-15 09:00:00,1.1418066024780273
2019-05-15 10:00:00,1.3716604560613632
2019-05-15 11:00:00,1.7543925344944
2019-05-15 12:00:00,1.9652032852172852
2019-05-15 13:00:00,1.3657890856266022
2019-05-15 14:00:00,0.5286700129508972
2019-05-15 15:00:00,0.087589792907238
2019-05-15 16:00:00,-0.11317695677280426
2019-05-15 17:00:00,-0.3025129437446594
2019-05-15 18:00:00,-0.41695302724838257
2019-05-15 19:00:00,-0.405659556388855
2019-05-15 20:00:00,-0.3194805383682251
2019-05-15 21:00:00,-0.27282214164733887
2019-05-15 22:00:00,-0.1865595579147339
2019-05-15 23:00:00,-0.17423570156097412
2019-05-16 00:00:00,-0.18566924333572388
2019-05-16 01:00:00,-0.21693676710128784
2019-05-16 02:00:00,-0.04960179328918457
2019-05-16 03:00:00,1.063225731253624
2019-05-16 04:00:00,0.8672879189252853
2019-05-16 05:00:00,0.6695533245801926
2019-05-16 06:00:00,0.7748055458068848
2019-05-16 07:00:00,1.2414467334747314
2019-05-16 08:00:00,1.9380483627319336
2019-05-16 09:00:00,2.7128891944885254
2019-05-16 10:00:00,3.5051212310791016
2019-05-16 11:00:00,3.930611312389374
2019-05-16 12:00:00,3.9549301862716675
2019-05-16 13:00:00,3.17207670211792
2019-05-16 14:00:00,1.4572129249572754
2019-05-16 15:00:00,1.2780797481536865
2019-05-16 16:00:00,1.1248442977666855
2019-05-16 17:00:00,0.9852580726146698
2019-05-16 18:00:00,0.8850133121013641
2019-05-16 19:00:00,0.8177436515688896
2019-05-16 20:00:00,0.7396361753344536
2019-05-16 21:00:00,0.6129066944122314
2019-05-16 22:00:00,0.5484826564788818
2019-05-16 23:00:00,0.4812946319580078
2019-05-17 00:00:00,0.4469456672668457
2019-05-17 01:00:00,0.9723057448863983
2019-05-17 02:00:00,1.3439491987228394
2019-05-17 03:00:00,1.7113670706748962
2019-05-17 04:00:00,1.3806740045547485
2019-05-17 05:00:00,1.3369140475988388
2019-05-17 06:00:00,1.52463698387146
2019-05-17 07:00:00,1.8965651988983154
2019-05-17 08:00:00,2.4063940048217773
2019-05-17 09:00:00,2.9904890060424805
2019-05-17 10:00:00,3.5355472564697266
2019-05-17 11:00:00,3.914175033569336
2019-05-17 12:00:00,4.104639053344727
2019-05-17 13:00:00,3.6961073875427246
2019-05-17 14:00:00,3.218411684036255
2019-05-17 15:00:00,3.0622010231018066
2019-05-17 16:00:00,2.6859242916107178
2019-05-17 17:00:00,2.2292721271514893
2019-05-17 18:00:00,1.9468200206756592
2019-05-17 19:00:00,1.8111409544944763
2019-05-17 20:00:00,1.6124485731124878
2019-05-17 21:00:00,1.5641658306121826
2019-05-17 22:00:00,1.600273847579956
2019-05-17 23:00:00,1.8051555752754211
2019-05-18 00:00:00,2.0974335074424744
2019-05-18 01:00:00,3.0621049404144287
2019-05-18 02:00:00,3.4334304332733154
2019-05-18 03:00:00,3.0409152507781982
2019-05-18 04:00:00,2.562962293624878
2019-05-18 05:00:00,2.140315353870392
2019-05-18 06:00:00,1.9133176803588867
2019-05-18 07:00:00,1.9131460189819336
2019-05-18 08:00:00,2.103593796491623
2019-05-18 09:00:00,2.441493511199951
2019-05-18 10:00:00,2.763737440109253
2019-05-18 11:00:00,3.039525270462036
2019-05-18 12:00:00,3.068594217300415
2019-05-18 13:00:00,2.4433188438415527
2019-05-18 14:00:00,1.1902552843093872
2019-05-18 15:00:00,1.3795654773712158
2019-05-18 16:00:00,1.6115810871124268
2019-05-18 17:00:00,1.7864174842834473
2019-05-18 18:00:00,2.033509701490402
2019-05-18 19:00:00,2.4325110912323
2019-05-18 20:00:00,2.724501371383667
2019-05-18 21:00:00,2.6696271896362305
2019-05-18 22:00:00,2.3009302616119385
2019-05-18 23:00:00,1.9445030689239502
2019-05-19 00:00:00,1.7438383102416992
2019-05-19 01:00:00,2.9475488662719727
2019-05-19 02:00:00,2.8491926193237305
2019-05-19 03:00:00,3.188821315765381
2019-05-19 04:00:00,3.3776583671569824
2019-05-19 05:00:00,3.6616477966308594
2019-05-19 06:00:00,3.9624085426330566
2019-05-19 07:00:00,4.268947660923004
2019-05-19 08:00:00,4.536755084991455
2019-05-19 09:00:00,4.67609977722168
2019-05-19 10:00:00,4.4208192229270935
2019-05-19 11:00:00,4.166143417358398
2019-05-19 12:00:00,3.754176616668701
2019-05-19 13:00:00,2.144150733947754
2019-05-19 14:00:00,1.3255659490823746
2019-05-19 15:00:00,1.3129918575286865
2019-05-19 16:00:00,1.4044468402862549
2019-05-19 17:00:00,1.4571834802627563
2019-05-19 18:00:00,1.4345345497131348
2019-05-19 19:00:00,1.3532696962356567
2019-05-19 20:00:00,1.341937318444252
2019-05-19 21:00:00,1.3645559549331665
2019-05-19 22:00:00,1.1923612356185913
2019-05-19 23:00:00,0.9601752758026123
2019-05-20 00:00:00,0.6910827159881592
2019-05-20 01:00:00,0.73558509349823
2019-05-20 02:00:00,0.7114015817642212
2019-05-20 03:00:00,0.7571673169732094
2019-05-20 04:00:00,1.5578821450471878
2019-05-20 05:00:00,2.1735179722309113
2019-05-20 06:00:00,2.913954019546509
2019-05-20 07:00:00,3.751934230327606
2019-05-20 08:00:00,4.450948655605316
2019-05-20 09:00:00,4.839122772216797
2019-05-20 10:00:00,4.702511370182037
2019-05-20 11:00:00,4.490047931671143
2019-05-20 12:00:00,4.047379553318024
2019-05-20 13:00:00,2.4944546222686768
2019-05-20 14:00:00,1.3596851825714111
2019-05-20 15:00:00,1.3152917623519897
2019-05-20 16:00:00,1.3408637940883636
2019-05-20 17:00:00,1.2417162656784058
2019-05-20 18:00:00,1.2227795124053955
2019-05-20 19:00:00,1.3122504949569702
2019-05-20 20:00:00,1.3709526062011719
2019-05-20 21:00:00,1.369284987449646
2019-05-20 22:00:00,1.4017903804779053
2019-05-20 23:00:00,1.285504087805748
2019-05-21 00:00:00,1.07202909886837
2019-05-21 01:00:00,1.803335577249527
2019-05-21 02:00:00,2.193913519382477
2019-05-21 03:00:00,2.633786678314209
2019-05-21 04:00:00,2.8930208683013916
2019-05-21 05:00:00,3.0947704315185547
2019-05-21 06:00:00,3.2624175548553467
2019-05-21 07:00:00,3.448807954788208
2019-05-21 08:00:00,3.822050094604492
2019-05-21 09:00:00,4.514115333557129
2019-05-21 10:00:00,5.011200904846191
2019-05-21 11:00:00,5.349478721618652
2019-05-21 12:00:00,5.682341575622559
2019-05-21 13:00:00,5.281952857971191
2019-05-21 14:00:00,3.502963602542877
2019-05-21 15:00:00,1.534580945968628
2019-05-21 16:00:00,0.7203301191329956
2019-05-21 17:00:00,0.8858814239501953
2019-05-21 18:00:00,1.2504833936691284
2019-05-21 19:00:00,1.6532208919525146
2019-05-21 20:00:00,1.9186519980430603
2019-05-21 21:00:00,1.9899332523345947
2019-05-21 22:00:00,1.7887052595615387
2019-05-21 23:00:00,1.616748571395874
2019-05-22 00:00:00,1.3873957395553589
2019-05-22 01:00:00,1.4509073495864868
2019-05-22 02:00:00,1.275620922446251
2019-05-22 03:00:00,1.0536057949066162
2019-05-22 04:00:00,1.7003917694091797
2019-05-22 05:00:00,1.9615334868431091
2019-05-22 06:00:00,2.2793378829956055
2019-05-22 07:00:00,2.7147722244262695
2019-05-22 08:00:00,3.193704843521118
2019-05-22 09:00:00,3.6462299823760986
2019-05-22 10:00:00,3.651449680328369
2019-05-22 11:00:00,3.5690903663635254
2019-05-22 12:00:00,3.4502552151679993
2019-05-22 13:00:00,2.404547691345215
2019-05-22 14:00:00,1.1708003282546997
2019-05-22 15:00:00,1.0085076093673706
2019-05-22 16:00:00,0.8994487524032593
2019-05-22 17:00:00,0.8175942450761795
2019-05-22 18:00:00,0.7898442298173904
2019-05-22 19:00:00,0.7494268417358398
2019-05-22 20:00:00,0.6447521522641182
2019-05-22 21:00:00,0.5215316861867905
2019-05-22 22:00:00,0.45561014115810394
2019-05-22 23:00:00,0.44647639989852905
2019-05-23 00:00:00,0.48905588686466217
2019-05-23 01:00:00,0.40918049961328506
2019-05-23 02:00:00,1.4372687190771103
2019-05-23 03:00:00,1.9228526055812836
2019-05-23 04:00:00,1.5999786853790283
2019-05-23 05:00:00,0.3625471517443657
2019-05-23 06:00:00,0.04429855942726135
2019-05-23 07:00:00,0.600399374961853
2019-05-23 08:00:00,1.3637283146381378
2019-05-23 09:00:00,1.7276971340179443
2019-05-23 10:00:00,1.4755144268274307
2019-05-23 11:00:00,1.1222374439239502
2019-05-23 12:00:00,0.7364742755889893
2019-05-23 13:00:00,0.15750783681869507
2019-05-23 14:00:00,-0.28981414437294006
2019-05-23 15:00:00,-0.8275944739580154
2019-05-23 16:00:00,-1.3045089542865753
2019-05-23 17:00:00,-1.5686063766479492
2019-05-23 18:00:00,-1.604046255350113
2019-05-23 19:00:00,-1.4988354444503784
2019-05-23 20:00:00,-1.2659943103790283
2019-05-23 21:00:00,-1.0220218002796173
2019-05-23 22:00:00,-0.6594222784042358
2019-05-23 23:00:00,-0.38007867336273193
2019-05-24 00:00:00,-0.1367000937461853
2019-05-24 01:00:00,0.062046825885772705
2019-05-24 02:00:00,0.5561835765838623
2019-05-24 03:00:00,0.8546425104141235
2019-05-24 04:00:00,0.812700629234314
2019-05-24 05:00:00,0.6919729262590408
2019-05-24 06:00:00,0.7933635711669922
2019-05-24 07:00:00,1.297933354973793
2019-05-24 08:00:00,1.947422742843628
2019-05-24 09:00:00,2.545257806777954
2019-05-24 10:00:00,2.9017586708068848
2019-05-24 11:00:00,3.0801029205322266
2019-05-24 12:00:00,3.0386206805706024
2019-05-24 13:00:00,2.729577988386154
2019-05-24 14:00:00,1.5678062438964844
2019-05-24 15:00:00,1.564798504114151
2019-05-24 16:00:00,1.5821082592010498
2019-05-24 17:00:00,1.6054396629333496
2019-05-24 18:00:00,1.6208058297634125
2019-05-24 19:00:00,1.5729196071624756
2019-05-24 20:00:00,1.4804697036743164
2019-05-24 21:00:00,1.3948198556900024
2019-05-24 22:00:00,1.4492978900671005
2019-05-24 23:00:00,1.4365592002868652
2019-05-25 00:00:00,1.3311859369277954
2019-05-25 01:00:00,2.11346572637558
2019-05-25 02:00:00,2.442928522825241
2019-05-25 03:00:00,4.019187092781067
2019-05-25 04:00:00,4.562226831912994
2019-05-25 05:00:00,5.020846843719482
2019-05-25 06:00:00,5.4718017578125
2019-05-25 07:00:00,5.890719413757324
2019-05-25 08:00:00,6.177464962005615
2019-05-25 09:00:00,6.334734916687012
2019-05-25 10:00:00,6.021002769470215
2019-05-25 11:00:00,5.66878604888916
2019-05-25 12:00:00,5.18012809753418
2019-05-25 13:00:00,4.301844537258148
2019-05-25 14:00:00,2.176269769668579
2019-05-25 15:00:00,1.8152329921722412
2019-05-25 16:00:00,1.7980704307556152
2019-05-25 17:00:00,1.8011229038238525
2019-05-25 18:00:00,1.863509088754654
2019-05-25 19:00:00,1.7763539254665375
2019-05-25 20:00:00,1.6263387203216553
2019-05-25 21:00:00,1.5001029968261719
2019-05-25 22:00:00,1.3551446199417114
2019-05-25 23:00:00,1.270151972770691
2019-05-26 00:00:00,1.2212836742401123
2019-05-26 01:00:00,2.1560943126678467
2019-05-26 02:00:00,2.6825194358825684
2019-05-26 03:00:00,3.505481719970703
2019-05-26 04:00:00,3.8921634554862976
2019-05-26 05:00:00,4.032424747943878
2019-05-26 06:00:00,4.139056205749512
2019-05-26 07:00:00,4.2482523918151855
2019-05-26 08:00:00,4.333864212036133
2019-05-26 09:00:00,4.378028869628906
2019-05-26 10:00:00,4.454326152801514
2019-05-26 11:00:00,4.372341156005859
2019-05-26 12:00:00,4.120655059814453
2019-05-26 13:00:00,2.944768190383911
2019-05-26 14:00:00,1.5505616664886475
2019-05-26 15:00:00,1.5317533016204834
2019-05-26 16:00:00,1.463911533355713
2019-05-26 17:00:00,1.385819435119629
2019-05-26 18:00:00,1.3360278606414795
2019-05-26 19:00:00,1.2954879999160767
2019-05-26 20:00:00,1.235924243927002
2019-05-26 21:00:00,1.145571231842041
2019-05-26 22:00:00,1.0183923244476318
2019-05-26 23:00:00,0.9209988117218018
2019-05-27 00:00:00,0.8768355846405029
2019-05-27 01:00:00,1.2669360637664795
2019-05-27 02:00:00,1.8194365501403809
2019-05-27 03:00:00,2.286287307739258
2019-05-27 04:00:00,3.740498721599579
2019-05-27 05:00:00,4.069111704826355
2019-05-27 06:00:00,4.3433056473731995
2019-05-27 07:00:00,4.672997951507568
2019-05-27 08:00:00,5.0357208251953125
2019-05-27 09:00:00,5.331181526184082
2019-05-27 10:00:00,5.227839469909668
2019-05-27 11:00:00,5.028733253479004
2019-05-27 12:00:00,4.674072265625
2019-05-27 13:00:00,3.3687233924865723
2019-05-27 14:00:00,1.714632511138916
2019-05-27 15:00:00,1.6373622417449951
2019-05-27 16:00:00,1.5504052639007568
2019-05-27 17:00:00,1.4589957296848297
2019-05-27 18:00:00,1.3479846715927124
2019-05-27 19:00:00,1.1868095397949219
2019-05-27 20:00:00,0.953787088394165
2019-05-27 21:00:00,0.6678047180175781
2019-05-27 22:00:00,0.5490604639053345
2019-05-27 23:00:00,0.44725048542022705
2019-05-28 00:00:00,0.40419912338256836
2019-05-28 01:00:00,0.46788203716278076
2019-05-28 02:00:00,1.1792274713516235
2019-05-28 03:00:00,1.5158256590366364
2019-05-28 04:00:00,2.705536365509033
2019-05-28 05:00:00,3.567862033843994
2019-05-28 06:00:00,4.22092342376709
2019-05-28 07:00:00,4.7121381759643555
2019-05-28 08:00:00,5.087342739105225
2019-05-28 09:00:00,5.317512512207031
2019-05-28 10:00:00,5.279472827911377
2019-05-28 11:00:00,5.0962958335876465
2019-05-28 12:00:00,4.805861473083496
2019-05-28 13:00:00,3.6443734169006348
2019-05-28 14:00:00,1.9951986968517303
2019-05-28 15:00:00,1.9809212684631348
2019-05-28 16:00:00,2.0361714363098145
2019-05-28 17:00:00,2.0630075931549072
2019-05-28 18:00:00,2.1114485263824463
2019-05-28 19:00:00,2.1624221801757812
2019-05-28 20:00:00,2.21737340092659
2019-05-28 21:00:00,2.2864410877227783
2019-05-28 22:00:00,2.0764734745025635
2019-05-28 23:00:00,1.778602510690689
2019-05-29 00:00:00,1.4088529348373413
2019-05-29 01:00:00,1.527658075094223
2019-05-29 02:00:00,1.6102561950683594
2019-05-29 03:00:00,1.2180875539779663
2019-05-29 04:00:00,2.2763099670410156
2019-05-29 05:00:00,2.717737913131714
2019-05-29 06:00:00,3.2744264602661133
2019-05-29 07:00:00,3.8191475868225098
2019-05-29 08:00:00,4.241937637329102
2019-05-29 09:00:00,4.523553848266602
2019-05-29 10:00:00,4.623743534088135
2019-05-29 11:00:00,4.634835720062256
2019-05-29 12:00:00,4.46749210357666
2019-05-29 13:00:00,3.118208169937134
2019-05-29 14:00:00,1.7763512134552002
2019-05-29 15:00:00,1.848696231842041
2019-05-29 16:00:00,1.7829461097717285
2019-05-29 17:00:00,1.7155542373657227
2019-05-29 18:00:00,1.6555284261703491
2019-05-29 19:00:00,1.5885580778121948
2019-05-29 20:00:00,1.5172452926635742
2019-05-29 21:00:00,1.4422361850738525
2019-05-29 22:00:00,1.3731250762939453
2019-05-29 23:00:00,1.2845579385757446
2019-05-30 00:00:00,1.1745991706848145
2019-05-30 01:00:00,1.012197732925415
2019-05-30 02:00:00,1.7220268249511719
2019-05-30 03:00:00,1.281813144683838
2019-05-30 04:00:00,1.208158254623413
2019-05-30 05:00:00,1.388651967048645
2019-05-30 06:00:00,1.9834034442901611
2019-05-30 07:00:00,2.722398281097412
2019-05-30 08:00:00,3.472099781036377
2019-05-30 09:00:00,4.147074222564697
2019-05-30 10:00:00,4.53481912612915
2019-05-30 11:00:00,4.7590837478637695
2019-05-30 12:00:00,4.677856922149658
2019-05-30 13:00:00,3.150348663330078
2019-05-30 14:00:00,1.8289570808410645
2019-05-30 15:00:00,1.8215370178222656
2019-05-30 16:00:00,2.0470213294029236
2019-05-30 17:00:00,2.2667293548583984
2019-05-30 18:00:00,2.4509835243225098
2019-05-30 19:00:00,2.635145902633667
2019-05-30 20:00:00,2.873910427093506
2019-05-30 21:00:00,3.145995855331421
2019-05-30 22:00:00,3.1976985931396484
2019-05-30 23:00:00,3.1230692863464355
2019-05-31 00:00:00,2.814941883087158
2019-05-31 01:00:00,3.385913372039795
2019-05-31 02:00:00,3.340186595916748
2019-05-31 03:00:00,3.351193428039551
2019-05-31 04:00:00,3.299532890319824
2019-05-31 05:00:00,2.5649831295013428
2019-05-31 06:00:00,1.981760025024414
2019-05-31 07:00:00,1.6391819715499878
2019-05-31 08:00:00,1.5343934297561646
2019-05-31 09:00:00,1.5799757242202759
2019-05-31 10:00:00,2.1204389929771423
2019-05-31 11:00:00,2.559948682785034
2019-05-31 12:00:00,2.787444829940796
2019-05-31 13:00:00,1.1806843280792236
2019-05-31 14:00:00,1.3749487400054932
2019-05-31 15:00:00,1.5865784883499146
2019-05-31 16:00:00,1.7335762977600098
2019-05-31 17:00:00,1.8387176990509033
2019-05-31 18:00:00,1.8782734870910645
2019-05-31 19:00:00,1.8547395467758179
2019-05-31 20:00:00,1.7710593938827515
2019-05-31 21:00:00,1.6727075576782227
2019-05-31 22:00:00,1.7026996612548828
2019-05-31 23:00:00,1.6954654455184937
2019-06-01 00:00:00,1.654114842414856
2019-06-01 01:00:00,1.9612688422203064
2019-06-01 02:00:00,2.392487794160843
2019-06-01 03:00:00,1.948087140917778
2019-06-01 04:00:00,1.7429915964603424
2019-06-01 05:00:00,1.256780594587326
2019-06-01 06:00:00,1.1458739042282104
2019-06-01 07:00:00,1.3840660154819489
2019-06-01 08:00:00,1.8524389266967773
2019-06-01 09:00:00,2.457441806793213
2019-06-01 10:00:00,2.789128541946411
2019-06-01 11:00:00,3.2360708713531494
2019-06-01 12:00:00,3.4624619483947754
2019-06-01 13:00:00,2.2851014137268066
2019-06-01 14:00:00,1.281105637550354
2019-06-01 15:00:00,1.2146046161651611
2019-06-01 16:00:00,1.1858793497085571
2019-06-01 17:00:00,1.0538781881332397
2019-06-01 18:00:00,0.7418512850999832
2019-06-01 19:00:00,0.2056828737258911
2019-06-01 20:00:00,-0.3941909074783325
2019-06-01 21:00:00,-0.8083732575178146
2019-06-01 22:00:00,-0.9625053405761719
2019-06-01 23:00:00,-1.184265598654747
2019-06-02 00:00:00,-1.5107381343841553
2019-06-02 01:00:00,-2.7508184909820557
2019-06-02 02:00:00,-3.244416058063507
2019-06-02 03:00:00,-4.316761493682861
2019-06-02 04:00:00,-4.055550575256348
2019-06-02 05:00:00,-3.50972318649292
2019-06-02 06:00:00,-2.730523109436035
2019-06-02 07:00:00,-1.7209529876708984
2019-06-02 08:00:00,-0.5024569034576416
2019-06-02 09:00:00,0.7759714126586914
2019-06-02 10:00:00,1.5780468881130219
2019-06-02 11:00:00,2.207658529281616
2019-06-02 12:00:00,2.568455457687378
2019-06-02 13:00:00,1.559988021850586
2019-06-02 14:00:00,1.052140474319458
2019-06-02 15:00:00,1.1041330099105835
2019-06-02 16:00:00,1.1111868619918823
2019-06-02 17:00:00,1.0590455532073975
2019-06-02 18:00:00,0.8206803724169731
2019-06-02 19:00:00,0.5003131609410048
2019-06-02 20:00:00,0.2375105619430542
2019-06-02 21:00:00,-0.000752568244934082
2019-06-02 22:00:00,-0.07756191492080688
2019-06-02 23:00:00,-0.21313989162445068
2019-06-03 00:00:00,-0.4241046905517578
2019-06-03 01:00:00,-1.1855796873569489
2019-06-03 02:00:00,-2.262326240539551
2019-06-03 03:00:00,-3.21185639500618
2019-06-03 04:00:00,-3.0332150161266327
2019-06-03 05:00:00,-2.54718279838562
2019-06-03 06:00:00,-1.8633496761322021
2019-06-03 07:00:00,-1.0437500476837158
2019-06-03 08:00:00,-0.20606446266174316
2019-06-03 09:00:00,0.5326538532972336
2019-06-03 10:00:00,0.7519686371088028
2019-06-03 11:00:00,1.002222329378128
2019-06-03 12:00:00,1.1237392500042915
2019-06-03 13:00:00,0.2502782940864563
2019-06-03 14:00:00,-0.3120284080505371
2019-06-03 15:00:00,-0.844077855348587
2019-06-03 16:00:00,-1.1326566934585571
2019-06-03 17:00:00,-1.3426499366760254
2019-06-03 18:00:00,-1.6286416053771973
2019-06-03 19:00:00,-2.0559399127960205
2019-06-03 20:00:00,-2.307051181793213
2019-06-03 21:00:00,-2.2767910957336426
2019-06-03 22:00:00,-1.885040283203125
2019-06-03 23:00:00,-1.9782028198242188
2019-06-04 00:00:00,-2.3646130561828613
2019-06-04 01:00:00,-3.671675205230713
2019-06-04 02:00:00,-3.702482223510742
2019-06-04 03:00:00,-3.476102828979492
2019-06-04 04:00:00,-2.420267105102539
2019-06-04 05:00:00,-1.3702257871627808
2019-06-04 06:00:00,-0.3638114333152771
2019-06-04 07:00:00,0.5966365337371826
2019-06-04 08:00:00,1.285602331161499
2019-06-04 09:00:00,1.8464010655879974
2019-06-04 10:00:00,1.7857013642787933
2019-06-04 11:00:00,1.9110889434814453
2019-06-04 12:00:00,1.9005467891693115
2019-06-04 13:00:00,1.3606297969818115
2019-06-04 14:00:00,0.35901135206222534
2019-06-04 15:00:00,-0.246379554271698
2019-06-04 16:00:00,-0.5209836363792419
2019-06-04 17:00:00,-0.6405101418495178
2019-06-04 18:00:00,-0.5541703104972839
2019-06-04 19:00:00,-0.4307780861854553
2019-06-04 20:00:00,-0.3310052156448364
2019-06-04 21:00:00,-0.30485236644744873
2019-06-04 22:00:00,-0.2372758388519287
2019-06-04 23:00:00,-0.3352161645889282
2019-06-05 00:00:00,-0.6138697862625122
2019-06-05 01:00:00,-1.8002334237098694
2019-06-05 02:00:00,-2.5293340384960175
2019-06-05 03:00:00,-2.444149523973465
2019-06-05 04:00:00,-2.1344886124134064
2019-06-05 05:00:00,-1.8788750171661377
2019-06-05 06:00:00,-1.4096542298793793
2019-06-05 07:00:00,-0.7850887477397919
2019-06-05 08:00:00,-0.11218972504138947
2019-06-05 09:00:00,0.4936527758836746
2019-06-05 10:00:00,0.7046565860509872
2019-06-05 11:00:00,1.0731336772441864
2019-06-05 12:00:00,1.3493451178073883
2019-06-05 13:00:00,0.9439582824707031
2019-06-05 14:00:00,0.7370986938476562
2019-06-05 15:00:00,0.8438539206981659
2019-06-05 16:00:00,1.0278861224651337
2019-06-05 17:00:00,1.161106824874878
2019-06-05 18:00:00,1.2571907043457031
2019-06-05 19:00:00,1.3732893466949463
2019-06-05 20:00:00,1.5171587467193604
2019-06-05 21:00:00,1.7134960889816284
2019-06-05 22:00:00,1.829817295074463
2019-06-05 23:00:00,1.8852269649505615
2019-06-06 00:00:00,1.7093970775604248
2019-06-06 01:00:00,1.628483533859253
2019-06-06 02:00:00,1.1288750991225243
2019-06-06 03:00:00,-0.7831661403179169
2019-06-06 04:00:00,-2.283811569213867
2019-06-06 05:00:00,-2.911252498626709
2019-06-06 06:00:00,-2.820433169603348
2019-06-06 07:00:00,-2.4228317737579346
2019-06-06 08:00:00,-2.082876443862915
2019-06-06 09:00:00,-1.912141740322113
2019-06-06 10:00:00,-1.2400927543640137
2019-06-06 11:00:00,-0.4609587490558624
2019-06-06 12:00:00,0.39942479133605957
2019-06-06 13:00:00,0.7340546548366547
2019-06-06 14:00:00,0.60719895362854
2019-06-06 15:00:00,1.1931213438510895
2019-06-06 16:00:00,1.7077176868915558
2019-06-06 17:00:00,1.8215789198875427
2019-06-06 18:00:00,1.7195882201194763
2019-06-06 19:00:00,1.400671124458313
2019-06-06 20:00:00,0.9982447624206543
2019-06-06 21:00:00,0.5921072959899902
2019-06-06 22:00:00,0.006943881511688232
2019-06-06 23:00:00,-0.5964460223913193
2019-06-07 00:00:00,-0.9429889917373657
2019-06-07 01:00:00,-1.805156171321869
2019-06-07 02:00:00,-1.9354947209358215
2019-06-07 03:00:00,-2.1360148787498474
2019-06-07 04:00:00,-1.3776719570159912
2019-06-07 05:00:00,-0.5725528746843338
2019-06-07 06:00:00,0.3106318563222885
2019-06-07 07:00:00,1.1317274570465088
2019-06-07 08:00:00,1.676565021276474
2019-06-07 09:00:00,1.9773814678192139
2019-06-07 10:00:00,1.9910218715667725
2019-06-07 11:00:00,1.947972297668457
2019-06-07 12:00:00,1.754697561264038
2019-06-07 13:00:00,1.123694658279419
2019-06-07 14:00:00,0.35131776332855225
2019-06-07 15:00:00,0.11371099948883057
2019-06-07 16:00:00,0.12521052360534668
2019-06-07 17:00:00,0.19942307472229004
2019-06-07 18:00:00,0.35193532705307007
2019-06-07 19:00:00,0.5584161281585693
2019-06-07 20:00:00,0.723605751991272
2019-06-07 21:00:00,0.8233743906021118
2019-06-07 22:00:00,0.7669525146484375
2019-06-07 23:00:00,0.6498415470123291
2019-06-08 00:00:00,0.40906786546111107
2019-06-08 01:00:00,0.02783823013305664
2019-06-08 02:00:00,-0.4584958553314209
2019-06-08 03:00:00,-0.2318611741065979
2019-06-08 04:00:00,0.08815163373947144
2019-06-08 05:00:00,0.4768756628036499
2019-06-08 06:00:00,1.0405980348587036
2019-06-08 07:00:00,1.7807743549346924
2019-06-08 08:00:00,2.512287139892578
2019-06-08 09:00:00,3.1536190509796143
2019-06-08 10:00:00,3.453120231628418
2019-06-08 11:00:00,3.617530584335327
2019-06-08 12:00:00,3.6019468307495117
2019-06-08 13:00:00,2.9658641815185547
2019-06-08 14:00:00,1.365168809890747
2019-06-08 15:00:00,1.3863766193389893
2019-06-08 16:00:00,1.4321894645690918
2019-06-08 17:00:00,1.4701310396194458
2019-06-08 18:00:00,1.5063296556472778
2019-06-08 19:00:00,1.509581208229065
2019-06-08 20:00:00,1.432818055152893
2019-06-08 21:00:00,1.260768175125122
2019-06-08 22:00:00,1.0401692390441895
2019-06-08 23:00:00,0.839076042175293
2019-06-09 00:00:00,0.7315245866775513
2019-06-09 01:00:00,0.509271502494812
2019-06-09 02:00:00,1.034690022468567
2019-06-09 03:00:00,1.731918215751648
2019-06-09 04:00:00,2.6825809478759766
2019-06-09 05:00:00,3.129974842071533
2019-06-09 06:00:00,3.574277877807617
2019-06-09 07:00:00,4.02170467376709
2019-06-09 08:00:00,4.4313645362854
2019-06-09 09:00:00,4.674715995788574
2019-06-09 10:00:00,4.559568881988525
2019-06-09 11:00:00,4.3616743087768555
2019-06-09 12:00:00,4.144086837768555
2019-06-09 13:00:00,3.1503515243530273
2019-06-09 14:00:00,1.5597341060638428
2019-06-09 15:00:00,1.6071823835372925
2019-06-09 16:00:00,1.534787654876709
2019-06-09 17:00:00,1.4067497253417969
2019-06-09 18:00:00,1.2472578287124634
2019-06-09 19:00:00,1.0914134979248047
2019-06-09 20:00:00,0.9098168611526489
2019-06-09 21:00:00,0.6423441171646118
2019-06-09 22:00:00,0.664641261100769
2019-06-09 23:00:00,0.7110029458999634
2019-06-10 00:00:00,0.7468115091323853
2019-06-10 01:00:00,0.5525455474853516
2019-06-10 02:00:00,0.9871551990509033
2019-06-10 03:00:00,1.3419668674468994
2019-06-10 04:00:00,1.8015623092651367
2019-06-10 05:00:00,2.154100477695465
2019-06-10 06:00:00,2.6299569606781006
2019-06-10 07:00:00,3.0972466468811035
2019-06-10 08:00:00,3.4865989685058594
2019-06-10 09:00:00,3.790788173675537
2019-06-10 10:00:00,4.02127742767334
2019-06-10 11:00:00,4.105553567409515
2019-06-10 12:00:00,3.9960805773735046
2019-06-10 13:00:00,2.9347336292266846
2019-06-10 14:00:00,1.5872936248779297
2019-06-10 15:00:00,1.7233860492706299
2019-06-10 16:00:00,1.7704966068267822
2019-06-10 17:00:00,1.8147199153900146
2019-06-10 18:00:00,1.838712453842163
2019-06-10 19:00:00,1.7793702185153961
2019-06-10 20:00:00,1.6040602922439575
2019-06-10 21:00:00,1.3916149139404297
2019-06-10 22:00:00,1.4529595375061035
2019-06-10 23:00:00,1.6372349262237549
2019-06-11 00:00:00,1.7584176659584045
2019-06-11 01:00:00,2.3781843185424805
2019-06-11 02:00:00,2.808728724718094
2019-06-11 03:00:00,3.061644673347473
2019-06-11 04:00:00,3.7858896255493164
2019-06-11 05:00:00,3.7004165649414062
2019-06-11 06:00:00,3.757498264312744
2019-06-11 07:00:00,3.8540163040161133
2019-06-11 08:00:00,3.969904899597168
2019-06-11 09:00:00,4.103757977485657
2019-06-11 10:00:00,4.048928380012512
2019-06-11 11:00:00,4.099172592163086
2019-06-11 12:00:00,4.013367652893066
2019-06-11 13:00:00,2.9346842765808105
2019-06-11 14:00:00,1.2840992212295532
2019-06-11 15:00:00,1.1263954639434814
2019-06-11 16:00:00,1.0045047104358673
2019-06-11 17:00:00,0.8402600586414337
2019-06-11 18:00:00,0.7232040762901306
2019-06-11 19:00:00,0.9777059555053711
2019-06-11 20:00:00,1.5717272758483887
2019-06-11 21:00:00,1.7689489722251892
2019-06-11 22:00:00,0.7841466665267944
2019-06-11 23:00:00,-0.24473845958709717
2019-06-12 00:00:00,-1.334376335144043
2019-06-12 01:00:00,-2.8766396045684814
2019-06-12 02:00:00,-4.196420192718506
2019-06-12 03:00:00,-2.379942834377289
2019-06-12 04:00:00,-0.9942089021205902
2019-06-12 05:00:00,-0.9516618251800537
2019-06-12 06:00:00,-1.1190321445465088
2019-06-12 07:00:00,-1.217684030532837
2019-06-12 08:00:00,-1.0686802864074707
2019-06-12 09:00:00,-0.6511507034301758
2019-06-12 10:00:00,-0.22654223442077637
2019-06-12 11:00:00,0.34822988510131836
2019-06-12 12:00:00,0.7879043817520142
2019-06-12 13:00:00,0.4114009141921997
2019-06-12 14:00:00,-0.042894840240478516
2019-06-12 15:00:00,-0.41562390327453613
2019-06-12 16:00:00,-0.7779959440231323
2019-06-12 17:00:00,-0.9707601070404053
2019-06-12 18:00:00,-0.7811079025268555
2019-06-12 19:00:00,-0.3022691011428833
2019-06-12 20:00:00,0.1740015745162964
2019-06-12 21:00:00,0.4695158004760742
2019-06-12 22:00:00,0.9217805564403534
2019-06-12 23:00:00,1.3402247428894043
2019-06-13 00:00:00,1.478637456893921
2019-06-13 01:00:00,2.6425750255584717
2019-06-13 02:00:00,2.9527883529663086
2019-06-13 03:00:00,2.6869764029979706
2019-06-13 04:00:00,2.346225768327713
2019-06-13 05:00:00,2.2218029499053955
2019-06-13 06:00:00,2.229569673538208
2019-06-13 07:00:00,2.3495764434337616
2019-06-13 08:00:00,2.5646748542785645
2019-06-13 09:00:00,2.803009033203125
2019-06-13 10:00:00,2.930856704711914
2019-06-13 11:00:00,3.0736727714538574
2019-06-13 12:00:00,3.1181764602661133
2019-06-13 13:00:00,2.9180474281311035
2019-06-13 14:00:00,1.1889125108718872
2019-06-13 15:00:00,1.2306811809539795
2019-06-13 16:00:00,1.5550535917282104
2019-06-13 17:00:00,1.9259870052337646
2019-06-13 18:00:00,2.3692989349365234
2019-06-13 19:00:00,2.7674474716186523
2019-06-13 20:00:00,3.0534324645996094
2019-06-13 21:00:00,3.2328226566314697
2019-06-13 22:00:00,2.9280433654785156
2019-06-13 23:00:00,2.689917802810669
2019-06-14 00:00:00,2.5528993606567383
2019-06-14 01:00:00,3.775865077972412
2019-06-14 02:00:00,3.802060604095459
2019-06-14 03:00:00,3.904512107372284
2019-06-14 04:00:00,3.5872504115104675
2019-06-14 05:00:00,3.5314998626708984
2019-06-14 06:00:00,3.6002097129821777
2019-06-14 07:00:00,3.71929931640625
2019-06-14 08:00:00,3.8255605697631836
2019-06-14 09:00:00,3.8600263595581055
2019-06-14 10:00:00,3.903674900531769
2019-06-14 11:00:00,3.8646085262298584
2019-06-14 12:00:00,3.6980981826782227
2019-06-14 13:00:00,2.4673306941986084
2019-06-14 14:00:00,1.4159109592437744
2019-06-14 15:00:00,1.5568791627883911
2019-06-14 16:00:00,1.7925396859645844
2019-06-14 17:00:00,2.108884871006012
2019-06-14 18:00:00,2.4522268772125244
2019-06-14 19:00:00,2.7330007553100586
2019-06-14 20:00:00,2.8029210567474365
2019-06-14 21:00:00,2.6916184425354004
2019-06-14 22:00:00,2.462348699569702
2019-06-14 23:00:00,2.28169584274292
2019-06-15 00:00:00,2.2153193950653076
2019-06-15 01:00:00,3.6364989280700684
2019-06-15 02:00:00,3.846259891986847
2019-06-15 03:00:00,4.700199127197266
2019-06-15 04:00:00,4.924454212188721
2019-06-15 05:00:00,5.064324855804443
2019-06-15 06:00:00,5.211517333984375
2019-06-15 07:00:00,5.415815830230713
2019-06-15 08:00:00,5.664100646972656
2019-06-15 09:00:00,5.930810928344727
2019-06-15 10:00:00,5.869148254394531
2019-06-15 11:00:00,5.832540035247803
2019-06-15 12:00:00,5.786987781524658
2019-06-15 13:00:00,5.492615699768066
2019-06-15 14:00:00,4.248973309993744
2019-06-15 15:00:00,4.801376819610596
2019-06-15 16:00:00,5.4549641609191895
2019-06-15 17:00:00,5.672020435333252
2019-06-15 18:00:00,5.623065948486328
2019-06-15 19:00:00,5.533257007598877
2019-06-15 20:00:00,5.479029655456543
2019-06-15 21:00:00,5.261680603027344
2019-06-15 22:00:00,4.266155183315277
2019-06-15 23:00:00,3.3777992725372314
2019-06-16 00:00:00,2.617522954940796
2019-06-16 01:00:00,3.1807351112365723
2019-06-16 02:00:00,4.135737895965576
2019-06-16 03:00:00,4.3824543952941895
2019-06-16 04:00:00,4.622521877288818
2019-06-16 05:00:00,4.94119119644165
2019-06-16 06:00:00,5.316341876983643
2019-06-16 07:00:00,5.658647060394287
2019-06-16 08:00:00,5.8912835121154785
2019-06-16 09:00:00,5.948941707611084
2019-06-16 10:00:00,5.862270355224609
2019-06-16 11:00:00,5.7365403175354
2019-06-16 12:00:00,5.642416954040527
2019-06-16 13:00:00,5.542137622833252
2019-06-16 14:00:00,5.134276866912842
2019-06-16 15:00:00,5.161500930786133
2019-06-16 16:00:00,4.942108631134033
2019-06-16 17:00:00,4.433596611022949
2019-06-16 18:00:00,3.5832868814468384
2019-06-16 19:00:00,2.797502040863037
2019-06-16 20:00:00,2.206570625305176
2019-06-16 21:00:00,1.7136008590459824
2019-06-16 22:00:00,1.3777203559875488
2019-06-16 23:00:00,1.5244650840759277
2019-06-17 00:00:00,1.9172019958496094
2019-06-17 01:00:00,3.0265159606933594
2019-06-17 02:00:00,4.483256280422211
2019-06-17 03:00:00,4.594154417514801
2019-06-17 04:00:00,4.436168670654297
2019-06-17 05:00:00,4.246878147125244
2019-06-17 06:00:00,4.332622408866882
2019-06-17 07:00:00,4.8142218589782715
2019-06-17 08:00:00,5.244032382965088
2019-06-17 09:00:00,5.738980293273926
2019-06-17 10:00:00,6.2509684562683105
2019-06-17 11:00:00,6.461186408996582
2019-06-17 12:00:00,6.344588756561279
2019-06-17 13:00:00,5.831484317779541
2019-06-17 14:00:00,4.331755578517914
2019-06-17 15:00:00,3.7395713925361633
2019-06-17 16:00:00,2.6186967194080353
2019-06-17 17:00:00,1.6118411123752594
2019-06-17 18:00:00,1.0260950326919556
2019-06-17 19:00:00,0.4985285997390747
2019-06-17 20:00:00,-0.3165421485900879
2019-06-17 21:00:00,-1.0551357567310333
2019-06-17 22:00:00,-0.7608049213886261
2019-06-17 23:00:00,-0.4586012363433838
2019-06-18 00:00:00,-0.10043203830718994
2019-06-18 01:00:00,0.5248324424028397
2019-06-18 02:00:00,0.6477634459733963
2019-06-18 03:00:00,1.0187561437487602
2019-06-18 04:00:00,2.1008694767951965
2019-06-18 05:00:00,2.867443084716797
2019-06-18 06:00:00,3.2422378063201904
2019-06-18 07:00:00,3.333235740661621
2019-06-18 08:00:00,3.2743911743164062
2019-06-18 09:00:00,3.239748954772949
2019-06-18 10:00:00,2.9674205780029297
2019-06-18 11:00:00,2.8134589195251465
2019-06-18 12:00:00,2.6681127548217773
2019-06-18 13:00:00,2.33787202835083
2019-06-18 14:00:00,1.211863785982132
2019-06-18 15:00:00,0.8977451622486115
2019-06-18 16:00:00,0.6169625520706177
2019-06-18 17:00:00,0.3378758430480957
2019-06-18 18:00:00,0.1625010371208191
2019-06-18 19:00:00,0.0399613156914711
2019-06-18 20:00:00,-0.06344223022460938
2019-06-18 21:00:00,-0.15759706497192383
2019-06-18 22:00:00,-0.10007542558014393
2019-06-18 23:00:00,-0.055447861552238464
2019-06-19 00:00:00,-0.044490598142147064
2019-06-19 01:00:00,-0.10554039478302002
2019-06-19 02:00:00,0.11819937825202942
2019-06-19 03:00:00,0.29350364953279495
2019-06-19 04:00:00,0.34577345848083496
2019-06-19 05:00:00,0.2898647338151932
2019-06-19 06:00:00,0.25374531745910645
2019-06-19 07:00:00,0.2571752071380615
2019-06-19 08:00:00,0.38162827491760254
2019-06-19 09:00:00,0.5812746286392212
2019-06-19 10:00:00,0.6832616329193115
2019-06-19 11:00:00,0.878600150346756
2019-06-19 12:00:00,1.0324752628803253
2019-06-19 13:00:00,1.039390355348587
2019-06-19 14:00:00,0.3167586773633957
2019-06-19 15:00:00,0.28928259015083313
2019-06-19 16:00:00,0.1900501847267151
2019-06-19 17:00:00,0.1621103286743164
2019-06-19 18:00:00,0.20432236045598984
2019-06-19 19:00:00,0.2057858482003212
2019-06-19 20:00:00,0.12866337224841118
2019-06-19 21:00:00,0.03726637922227383
2019-06-19 22:00:00,-0.03073791414499283
2019-06-19 23:00:00,-0.0823141485452652
2019-06-20 00:00:00,-0.11575930193066597
2019-06-20 01:00:00,0.13450554013252258
2019-06-20 02:00:00,0.08011311292648315
2019-06-20 03:00:00,-0.29779650643467903
2019-06-20 04:00:00,-0.5034349337220192
2019-06-20 05:00:00,-0.4359095096588135
2019-06-20 06:00:00,0.053700175136327744
2019-06-20 07:00:00,0.777738694101572
2019-06-20 08:00:00,1.467659592628479
2019-06-20 09:00:00,1.9758238196372986
2019-06-20 10:00:00,2.040332317352295
2019-06-20 11:00:00,2.0804991722106934
2019-06-20 12:00:00,2.0332998633384705
2019-06-20 13:00:00,1.7966455221176147
2019-06-20 14:00:00,0.7068243026733398
2019-06-20 15:00:00,0.7026748657226562
2019-06-20 16:00:00,0.7974302768707275
2019-06-20 17:00:00,0.8560807704925537
2019-06-20 18:00:00,0.8859653472900391
2019-06-20 19:00:00,0.8807054758071899
2019-06-20 20:00:00,0.8316067457199097
2019-06-20 21:00:00,0.7839257717132568
2019-06-20 22:00:00,0.5666873455047607
2019-06-20 23:00:00,0.4102182388305664
2019-06-21 00:00:00,0.2768009901046753
2019-06-21 01:00:00,0.23278272151947021
2019-06-21 02:00:00,-0.04219496250152588
2019-06-21 03:00:00,0.13200891017913818
2019-06-21 04:00:00,0.3653087615966797
2019-06-21 05:00:00,0.6311014890670776
2019-06-21 06:00:00,0.8400075435638428
2019-06-21 07:00:00,1.124528393149376
2019-06-21 08:00:00,1.5584146976470947
2019-06-21 09:00:00,1.989112913608551
2019-06-21 10:00:00,2.0836653411388397
2019-06-21 11:00:00,2.1534933745861053
2019-06-21 12:00:00,2.0858478248119354
2019-06-21 13:00:00,1.7615554332733154
2019-06-21 14:00:00,0.6349590420722961
2019-06-21 15:00:00,0.5216631889343262
2019-06-21 16:00:00,0.4524613469839096
2019-06-21 17:00:00,0.34916776418685913
2019-06-21 18:00:00,0.23156297206878662
2019-06-21 19:00:00,0.11765962839126587
2019-06-21 20:00:00,0.01050657033920288
2019-06-21 21:00:00,-0.11005717515945435
2019-06-21 22:00:00,-0.1622059941291809
2019-06-21 23:00:00,-0.2130611538887024
2019-06-22 00:00:00,-0.2525222897529602
2019-06-22 01:00:00,-0.6461203023791313
2019-06-22 02:00:00,-0.4506704807281494
2019-06-22 03:00:00,0.4533893018960953
2019-06-22 04:00:00,0.9366647005081177
2019-06-22 05:00:00,1.1254788637161255
2019-06-22 06:00:00,1.2800861597061157
2019-06-22 07:00:00,1.482515811920166
2019-06-22 08:00:00,1.7137911319732666
2019-06-22 09:00:00,1.9270260334014893
2019-06-22 10:00:00,1.9781192243099213
2019-06-22 11:00:00,1.8852046430110931
2019-06-22 12:00:00,1.6755871772766113
2019-06-22 13:00:00,1.2946913242340088
2019-06-22 14:00:00,0.6071383953094482
2019-06-22 15:00:00,0.6371451616287231
2019-06-22 16:00:00,0.5058779120445251
2019-06-22 17:00:00,0.28346419148147106
2019-06-22 18:00:00,-0.29966286569833755
2019-06-22 19:00:00,-0.7755115032196045
2019-06-22 20:00:00,-1.2471617460250854
2019-06-22 21:00:00,-2.0406327843666077
2019-06-22 22:00:00,-2.1005656123161316
2019-06-22 23:00:00,-2.319846659898758
2019-06-23 00:00:00,-2.4704315662384033
2019-06-23 01:00:00,-3.296323776245117
2019-06-23 02:00:00,-2.778590440750122
2019-06-23 03:00:00,-2.0985803604125977
2019-06-23 04:00:00,-1.6786666810512543
2019-06-23 05:00:00,-1.3086835145950317
2019-06-23 06:00:00,-0.8998172730207443
2019-06-23 07:00:00,-0.5199635475873947
2019-06-23 08:00:00,-0.24786436557769775
2019-06-23 09:00:00,-0.15089207887649536
2019-06-23 10:00:00,-0.08835375308990479
2019-06-23 11:00:00,-0.15010273456573486
2019-06-23 12:00:00,-0.32409727573394775
2019-06-23 13:00:00,-0.6423595398664474
2019-06-23 14:00:00,-0.591781497001648
2019-06-23 15:00:00,-1.4481825903058052
2019-06-23 16:00:00,-2.8945156931877136
2019-06-23 17:00:00,-4.108358263969421
2019-06-23 18:00:00,-4.805580139160156
2019-06-23 19:00:00,-4.699592113494873
2019-06-23 20:00:00,-4.361232280731201
2019-06-23 21:00:00,-4.048241138458252
2019-06-23 22:00:00,-3.5394999980926514
2019-06-23 23:00:00,-3.0123984813690186
2019-06-24 00:00:00,-2.5179944038391113
2019-06-24 01:00:00,-2.5030317306518555
2019-06-24 02:00:00,-2.2910847663879395
2019-06-24 03:00:00,-1.9008532166481018
2019-06-24 04:00:00,-2.064554214477539
2019-06-24 05:00:00,-2.197608232498169
2019-06-24 06:00:00,-2.279704600572586
2019-06-24 07:00:00,-2.3125853836536407
2019-06-24 08:00:00,-2.401551693677902
2019-06-24 09:00:00,-2.5359580516815186
2019-06-24 10:00:00,-2.488970994949341
2019-06-24 11:00:00,-2.536834239959717
2019-06-24 12:00:00,-2.7004730701446533
2019-06-24 13:00:00,-2.8613572120666504
2019-06-24 14:00:00,-2.931112289428711
2019-06-24 15:00:00,-3.3482985496520996
2019-06-24 16:00:00,-3.4314169883728027
2019-06-24 17:00:00,-3.348257303237915
2019-06-24 18:00:00,-3.0975866317749023
2019-06-24 19:00:00,-2.7212562561035156
2019-06-24 20:00:00,-2.2854156494140625
2019-06-24 21:00:00,-1.8276817798614502
2019-06-24 22:00:00,-1.3213186264038086
2019-06-24 23:00:00,-0.9299369305372238
2019-06-25 00:00:00,-0.5904110670089722
2019-06-25 01:00:00,-0.46340763568878174
2019-06-25 02:00:00,0.8516241312026978
2019-06-25 03:00:00,1.4129694700241089
2019-06-25 04:00:00,1.4062327146530151
2019-06-25 05:00:00,1.4434218406677246
2019-06-25 06:00:00,1.5214247703552246
2019-06-25 07:00:00,1.63045072555542
2019-06-25 08:00:00,1.761939525604248
2019-06-25 09:00:00,1.958129495382309
2019-06-25 10:00:00,2.08661150932312
2019-06-25 11:00:00,2.2278449535369873
2019-06-25 12:00:00,2.2958202362060547
2019-06-25 13:00:00,2.235046863555908
2019-06-25 14:00:00,1.217602252960205
2019-06-25 15:00:00,1.1674701124429703
2019-06-25 16:00:00,1.1277292966842651
2019-06-25 17:00:00,0.9693980515003204
2019-06-25 18:00:00,0.8291545510292053
2019-06-25 19:00:00,0.7141976356506348
2019-06-25 20:00:00,0.6216939687728882
2019-06-25 21:00:00,0.5577635169029236
2019-06-25 22:00:00,0.6380333304405212
2019-06-25 23:00:00,0.7282416224479675
2019-06-26 00:00:00,0.7984509468078613
2019-06-26 01:00:00,1.879366159439087
2019-06-26 02:00:00,2.5913305282592773
2019-06-26 03:00:00,2.9149270057678223
2019-06-26 04:00:00,2.9005126953125
2019-06-26 05:00:00,2.8604414463043213
2019-06-26 06:00:00,2.821640729904175
2019-06-26 07:00:00,2.836139678955078
2019-06-26 08:00:00,2.9592936038970947
2019-06-26 09:00:00,3.180813789367676
2019-06-26 10:00:00,3.3583974838256836
2019-06-26 11:00:00,3.4690515995025635
2019-06-26 12:00:00,3.423013925552368
2019-06-26 13:00:00,3.0683512687683105
2019-06-26 14:00:00,1.3941504955291748
2019-06-26 15:00:00,1.2757790088653564
2019-06-26 16:00:00,1.207815408706665
2019-06-26 17:00:00,1.1821273565292358
2019-06-26 18:00:00,1.215407133102417
2019-06-26 19:00:00,1.2778761386871338
2019-06-26 20:00:00,1.35459303855896
2019-06-26 21:00:00,1.4313619136810303
2019-06-26 22:00:00,1.4132472276687622
2019-06-26 23:00:00,1.4300059080123901
2019-06-27 00:00:00,1.5007495880126953
2019-06-27 01:00:00,3.055398464202881
2019-06-27 02:00:00,3.006859302520752
2019-06-27 03:00:00,3.5634782314300537
2019-06-27 04:00:00,3.498124599456787
2019-06-27 05:00:00,3.634617328643799
2019-06-27 06:00:00,3.856853485107422
2019-06-27 07:00:00,4.0999979972839355
2019-06-27 08:00:00,4.327037811279297
2019-06-27 09:00:00,4.499292373657227
2019-06-27 10:00:00,4.5518951416015625
2019-06-27 11:00:00,4.516965389251709
2019-06-27 12:00:00,4.331311225891113
2019-06-27 13:00:00,3.8669333457946777
2019-06-27 14:00:00,1.9349639415740967
2019-06-27 15:00:00,1.6409473419189453
2019-06-27 16:00:00,1.5609164237976074
2019-06-27 17:00:00,1.5103625059127808
2019-06-27 18:00:00,1.4848283529281616
2019-06-27 19:00:00,1.4844136238098145
2019-06-27 20:00:00,1.5146479606628418
2019-06-27 21:00:00,1.5952236652374268
2019-06-27 22:00:00,1.6694450378417969
2019-06-27 23:00:00,1.6730351448059082
2019-06-28 00:00:00,1.5299031734466553
2019-06-28 01:00:00,2.515706777572632
2019-06-28 02:00:00,2.723017454147339
2019-06-28 03:00:00,3.0196402072906494
2019-06-28 04:00:00,3.0269651412963867
2019-06-28 05:00:00,3.1973955631256104
2019-06-28 06:00:00,3.4437179565429688
2019-06-28 07:00:00,3.740448474884033
2019-06-28 08:00:00,4.0502705574035645
2019-06-28 09:00:00,4.301716327667236
2019-06-28 10:00:00,4.410479545593262
2019-06-28 11:00:00,4.40938138961792
2019-06-28 12:00:00,4.2611083984375
2019-06-28 13:00:00,3.839271306991577
2019-06-28 14:00:00,2.0345091819763184
2019-06-28 15:00:00,1.7921514511108398
2019-06-28 16:00:00,1.618363380432129
2019-06-28 17:00:00,1.4624073505401611
2019-06-28 18:00:00,1.4645717144012451
2019-06-28 19:00:00,1.6032460927963257
2019-06-28 20:00:00,1.7540614604949951
2019-06-28 21:00:00,1.780792474746704
2019-06-28 22:00:00,1.7321698665618896
2019-06-28 23:00:00,1.6534104347229004
2019-06-29 00:00:00,1.5216500759124756
2019-06-29 01:00:00,2.662457227706909
2019-06-29 02:00:00,3.2015929222106934
2019-06-29 03:00:00,3.678284168243408
2019-06-29 04:00:00,3.710023880004883
2019-06-29 05:00:00,3.811798930168152
2019-06-29 06:00:00,4.006948113441467
2019-06-29 07:00:00,4.296391069889069
2019-06-29 08:00:00,4.631566524505615
2019-06-29 09:00:00,4.91194486618042
2019-06-29 10:00:00,4.900835990905762
2019-06-29 11:00:00,4.807656764984131
2019-06-29 12:00:00,4.533733367919922
2019-06-29 13:00:00,3.9345812797546387
2019-06-29 14:00:00,1.8343391418457031
2019-06-29 15:00:00,1.6526578664779663
2019-06-29 16:00:00,1.3636517524719238
2019-06-29 17:00:00,1.1754789352416992
2019-06-29 18:00:00,1.070321798324585
2019-06-29 19:00:00,1.0209321677684784
2019-06-29 20:00:00,1.0076196193695068
2019-06-29 21:00:00,0.9928247630596161
2019-06-29 22:00:00,0.9871975183486938
2019-06-29 23:00:00,0.8608313947916031
2019-06-30 00:00:00,0.6092600673437119
2019-06-30 01:00:00,0.6566238254308701
2019-06-30 02:00:00,0.4881223849952221
2019-06-30 03:00:00,0.9069898054003716
2019-06-30 04:00:00,1.3936372101306915
2019-06-30 05:00:00,1.639018066227436
2019-06-30 06:00:00,1.7777230739593506
2019-06-30 07:00:00,1.903761625289917
2019-06-30 08:00:00,2.1036853790283203
2019-06-30 09:00:00,2.3883572220802307
2019-06-30 10:00:00,2.5783939361572266
2019-06-30 11:00:00,2.7685065269470215
2019-06-30 12:00:00,2.7897820472717285
2019-06-30 13:00:00,2.4141117930412292
2019-06-30 14:00:00,0.9756050109863281
2019-06-30 15:00:00,0.8384575843811035
2019-06-30 16:00:00,0.7389533519744873
2019-06-30 17:00:00,0.6478942632675171
2019-06-30 18:00:00,0.5714236497879028
2019-06-30 19:00:00,0.4906473159790039
2019-06-30 20:00:00,0.4113450050354004
2019-06-30 21:00:00,0.3690236806869507
2019-06-30 22:00:00,0.2086416482925415
2019-06-30 23:00:00,0.07877886295318604
2019-07-01 00:00:00,0.003223896026611328
2019-07-01 01:00:00,-0.411496639251709
2019-07-01 02:00:00,-0.6167924702167511
2019-07-01 03:00:00,-0.3607371971011162
2019-07-01 04:00:00,0.040393710136413574
2019-07-01 05:00:00,0.18454454466700554
2019-07-01 06:00:00,0.3219078630208969
2019-07-01 07:00:00,0.571692943572998
2019-07-01 08:00:00,0.917111873626709
2019-07-01 09:00:00,1.322131872177124
2019-07-01 10:00:00,1.6657397747039795
2019-07-01 11:00:00,1.918464183807373
2019-07-01 12:00:00,1.9901225566864014
2019-07-01 13:00:00,1.7310409545898438
2019-07-01 14:00:00,0.6016231775283813
2019-07-01 15:00:00,0.46637704223394394
2019-07-01 16:00:00,0.36000023037195206
2019-07-01 17:00:00,0.29277753829956055
2019-07-01 18:00:00,0.24959345161914825
2019-07-01 19:00:00,0.214154914021492
2019-07-01 20:00:00,0.19069071114063263
2019-07-01 21:00:00,0.20915822684764862
2019-07-01 22:00:00,0.1290665864944458
2019-07-01 23:00:00,0.03981173038482666
2019-07-02 00:00:00,-0.04023587703704834
2019-07-02 01:00:00,-0.10209643840789795
2019-07-02 02:00:00,-0.20234251022338867
2019-07-02 03:00:00,-0.43591685593128204
2019-07-02 04:00:00,-0.21140718460083008
2019-07-02 05:00:00,0.13558441400527954
2019-07-02 06:00:00,0.5855555534362793
2019-07-02 07:00:00,1.0010883659124374
2019-07-02 08:00:00,1.3244354724884033
2019-07-02 09:00:00,1.5379835069179535
2019-07-02 10:00:00,1.5847033560276031
2019-07-02 11:00:00,1.469144344329834
2019-07-02 12:00:00,1.1714775562286377
2019-07-02 13:00:00,0.7379766702651978
2019-07-02 14:00:00,0.14440488815307617
2019-07-02 15:00:00,-0.05903613567352295
2019-07-02 16:00:00,-0.23361539840698242
2019-07-02 17:00:00,-0.42430341243743896
2019-07-02 18:00:00,-0.4970695972442627
2019-07-02 19:00:00,-0.5160956382751465
2019-07-02 20:00:00,-0.5471532344818115
2019-07-02 21:00:00,-0.4487583041191101
2019-07-02 22:00:00,-0.34599798917770386
2019-07-02 23:00:00,-0.35132116079330444
2019-07-03 00:00:00,-0.47307485342025757
2019-07-03 01:00:00,-0.7435420826077461
2019-07-03 02:00:00,-0.44709914922714233
2019-07-03 03:00:00,-0.35598569363355637
2019-07-03 04:00:00,-0.4565253257751465
2019-07-03 05:00:00,-0.719891794025898
2019-07-03 06:00:00,-0.993459939956665
2019-07-03 07:00:00,-1.206667885184288
2019-07-03 08:00:00,-1.4152799844741821
2019-07-03 09:00:00,-1.6062316745519638
2019-07-03 10:00:00,-1.5507712960243225
2019-07-03 11:00:00,-1.4472962319850922
2019-07-03 12:00:00,-1.3810528814792633
2019-07-03 13:00:00,-1.2913670241832733
2019-07-03 14:00:00,-0.7594023942947388
2019-07-03 15:00:00,-0.6727405786514282
2019-07-03 16:00:00,-0.5636971443891525
2019-07-03 17:00:00,-0.20901083946228027
2019-07-03 18:00:00,0.2795507460832596
2019-07-03 19:00:00,0.6431580036878586
2019-07-03 20:00:00,0.7986905574798584
2019-07-03 21:00:00,0.7967693731188774
2019-07-03 22:00:00,0.6853537559509277
2019-07-03 23:00:00,0.5584988668560982
2019-07-04 00:00:00,0.4960750937461853
2019-07-04 01:00:00,1.1036598682403564
2019-07-04 02:00:00,1.3385701328516006
2019-07-04 03:00:00,0.6511853970587254
2019-07-04 04:00:00,0.4390362352132797
2019-07-04 05:00:00,0.43167899549007416
2019-07-04 06:00:00,0.5094412714242935
2019-07-04 07:00:00,0.622992992401123
2019-07-04 08:00:00,0.7238422632217407
2019-07-04 09:00:00,0.8387953042984009
2019-07-04 10:00:00,0.6120928525924683
2019-07-04 11:00:00,0.4271746873855591
2019-07-04 12:00:00,0.3304266929626465
2019-07-04 13:00:00,0.2605634927749634
2019-07-04 14:00:00,0.19546127319335938
2019-07-04 15:00:00,0.2874959707260132
2019-07-04 16:00:00,0.421492837369442
2019-07-04 17:00:00,0.539628803730011
2019-07-04 18:00:00,0.539772629737854
2019-07-04 19:00:00,0.42753171920776367
2019-07-04 20:00:00,0.29673951864242554
2019-07-04 21:00:00,0.22669488191604614
2019-07-04 22:00:00,0.20329546928405762
2019-07-04 23:00:00,0.26966750621795654
2019-07-05 00:00:00,0.338592529296875
2019-07-05 01:00:00,0.5825072526931763
2019-07-05 02:00:00,0.4341003894805908
2019-07-05 03:00:00,0.2401655912399292
2019-07-05 04:00:00,0.4037240147590637
2019-07-05 05:00:00,0.6803957223892212
2019-07-05 06:00:00,0.9198284149169922
2019-07-05 07:00:00,1.0993239879608154
2019-07-05 08:00:00,1.2080748081207275
2019-07-05 09:00:00,1.2271376997232437
2019-07-05 10:00:00,0.899734616279602
2019-07-05 11:00:00,0.547902338206768
2019-07-05 12:00:00,0.2095089554786682
2019-07-05 13:00:00,-0.056289494037628174
2019-07-05 14:00:00,-0.3196617364883423
2019-07-05 15:00:00,-0.6400610208511353
2019-07-05 16:00:00,-0.670624852180481
2019-07-05 17:00:00,-0.5910533666610718
2019-07-05 18:00:00,-0.4447479695081711
2019-07-05 19:00:00,-0.30072206258773804
2019-07-05 20:00:00,-0.14923691749572754
2019-07-05 21:00:00,0.013099908828735352
2019-07-05 22:00:00,0.17184925079345703
2019-07-05 23:00:00,0.3525193929672241
2019-07-06 00:00:00,0.5267815589904785
2019-07-06 01:00:00,1.1687335819005966
2019-07-06 02:00:00,1.6685693264007568
2019-07-06 03:00:00,1.8172686100006104
2019-07-06 04:00:00,1.7190322875976562
2019-07-06 05:00:00,1.6343885958194733
2019-07-06 06:00:00,1.3917179256677628
2019-07-06 07:00:00,1.0879989564418793
2019-07-06 08:00:00,0.731772780418396
2019-07-06 09:00:00,0.31260205432772636
2019-07-06 10:00:00,-0.23930853605270386
2019-07-06 11:00:00,-0.8178322575986385
2019-07-06 12:00:00,-1.1669979244470596
2019-07-06 13:00:00,-1.3825185149908066
2019-07-06 14:00:00,-1.0939980745315552
2019-07-06 15:00:00,-1.7994036674499512
2019-07-06 16:00:00,-2.096012055873871
2019-07-06 17:00:00,-2.2685328125953674
2019-07-06 18:00:00,-2.2544405460357666
2019-07-06 19:00:00,-2.1896886825561523
2019-07-06 20:00:00,-1.9857776165008545
2019-07-06 21:00:00,-1.8421447277069092
2019-07-06 22:00:00,-1.6439529359340668
2019-07-06 23:00:00,-1.4083336889743805
2019-07-07 00:00:00,-1.11917245388031
2019-07-07 01:00:00,-0.8958288431167603
2019-07-07 02:00:00,-0.3131464719772339
2019-07-07 03:00:00,0.19938421249389648
2019-07-07 04:00:00,0.3951822519302368
2019-07-07 05:00:00,0.526015043258667
2019-07-07 06:00:00,0.6233175992965698
2019-07-07 07:00:00,0.7116824388504028
2019-07-07 08:00:00,0.8012914657592773
2019-07-07 09:00:00,0.8988994359970093
2019-07-07 10:00:00,1.0311237573623657
2019-07-07 11:00:00,1.0208302736282349
2019-07-07 12:00:00,0.9073981046676636
2019-07-07 13:00:00,0.5321015119552612
2019-07-07 14:00:00,0.4806636571884155
2019-07-07 15:00:00,0.4006599187850952
2019-07-07 16:00:00,0.33275115489959717
2019-07-07 17:00:00,0.28967583179473877
2019-07-07 18:00:00,0.28322136402130127
2019-07-07 19:00:00,0.3305014371871948
2019-07-07 20:00:00,0.2483987808227539
2019-07-07 21:00:00,0.3035132884979248
2019-07-07 22:00:00,0.32955873012542725
2019-07-07 23:00:00,0.313576340675354
2019-07-08 00:00:00,0.32208549976348877
2019-07-08 01:00:00,0.619994044303894
2019-07-08 02:00:00,0.8785626888275146
2019-07-08 03:00:00,0.9959014654159546
2019-07-08 04:00:00,1.193392038345337
2019-07-08 05:00:00,1.3866232633590698
2019-07-08 06:00:00,1.6300824880599976
2019-07-08 07:00:00,1.8430161476135254
2019-07-08 08:00:00,2.0200419425964355
2019-07-08 09:00:00,2.170670986175537
2019-07-08 10:00:00,2.2179017066955566
2019-07-08 11:00:00,2.1982924938201904
2019-07-08 12:00:00,2.0945780277252197
2019-07-08 13:00:00,1.3031930923461914
2019-07-08 14:00:00,0.7718355655670166
2019-07-08 15:00:00,1.0485466718673706
2019-07-08 16:00:00,1.3860062658786774
2019-07-08 17:00:00,1.603243738412857
2019-07-08 18:00:00,1.5918713510036469
2019-07-08 19:00:00,1.486303687095642
2019-07-08 20:00:00,1.358167052268982
2019-07-08 21:00:00,1.161421775817871
2019-07-08 22:00:00,1.129610538482666
2019-07-08 23:00:00,1.0987540483474731
2019-07-09 00:00:00,1.0608841180801392
2019-07-09 01:00:00,1.422799602150917
2019-07-09 02:00:00,1.6963385343551636
2019-07-09 03:00:00,2.7325172424316406
2019-07-09 04:00:00,3.7871317863464355
2019-07-09 05:00:00,4.291116774082184
2019-07-09 06:00:00,4.488950252532959
2019-07-09 07:00:00,4.439679145812988
2019-07-09 08:00:00,4.353703022003174
2019-07-09 09:00:00,4.2029290199279785
2019-07-09 10:00:00,3.5050628185272217
2019-07-09 11:00:00,2.81280779838562
2019-07-09 12:00:00,1.8276679515838623
2019-07-09 13:00:00,0.6234561800956726
2019-07-09 14:00:00,0.23404639959335327
2019-07-09 15:00:00,-0.15059274435043335
2019-07-09 16:00:00,-0.1040453314781189
2019-07-09 17:00:00,0.11997257545590401
2019-07-09 18:00:00,0.45818080753088
2019-07-09 19:00:00,0.7158286422491074
2019-07-09 20:00:00,0.977371335029602
2019-07-09 21:00:00,1.3157671689987183
2019-07-09 22:00:00,1.5984325408935547
2019-07-09 23:00:00,1.8254312872886658
2019-07-10 00:00:00,1.9398162364959717
2019-07-10 01:00:00,2.752091407775879
2019-07-10 02:00:00,3.1139209270477295
2019-07-10 03:00:00,4.673124313354492
2019-07-10 04:00:00,5.0721635818481445
2019-07-10 05:00:00,4.887189865112305
2019-07-10 06:00:00,4.6044840812683105
2019-07-10 07:00:00,4.40769100189209
2019-07-10 08:00:00,4.255002975463867
2019-07-10 09:00:00,4.12276554107666
2019-07-10 10:00:00,3.8786137104034424
2019-07-10 11:00:00,3.62988018989563
2019-07-10 12:00:00,3.102522134780884
2019-07-10 13:00:00,1.4727044105529785
2019-07-10 14:00:00,1.112984538078308
2019-07-10 15:00:00,1.1346604824066162
2019-07-10 16:00:00,1.3797016143798828
2019-07-10 17:00:00,1.8012514114379883
2019-07-10 18:00:00,2.4181205928325653
2019-07-10 19:00:00,3.0198915004730225
2019-07-10 20:00:00,3.23420786857605
2019-07-10 21:00:00,3.374603748321533
2019-07-10 22:00:00,3.273874282836914
2019-07-10 23:00:00,3.258836269378662
2019-07-11 00:00:00,3.3329734802246094
2019-07-11 01:00:00,3.9651564359664917
2019-07-11 02:00:00,4.694209039211273
2019-07-11 03:00:00,5.441762447357178
2019-07-11 04:00:00,5.33335542678833
2019-07-11 05:00:00,4.873923301696777
2019-07-11 06:00:00,4.668618202209473
2019-07-11 07:00:00,4.6415114402771
2019-07-11 08:00:00,4.671641826629639
2019-07-11 09:00:00,4.607652187347412
2019-07-11 10:00:00,4.380764961242676
2019-07-11 11:00:00,3.9088927507400513
2019-07-11 12:00:00,3.0598011016845703
2019-07-11 13:00:00,1.619114637374878
2019-07-11 14:00:00,1.212624430656433
2019-07-11 15:00:00,1.3222110271453857
2019-07-11 16:00:00,1.7317554950714111
2019-07-11 17:00:00,2.138083040714264
2019-07-11 18:00:00,2.382659435272217
2019-07-11 19:00:00,2.5572181046009064
2019-07-11 20:00:00,2.78255894780159
2019-07-11 21:00:00,3.1484575271606445
2019-07-11 22:00:00,3.385465621948242
2019-07-11 23:00:00,3.5643346905708313
2019-07-12 00:00:00,3.6237030029296875
2019-07-12 01:00:00,4.0064544677734375
2019-07-12 02:00:00,5.0766777992248535
2019-07-12 03:00:00,5.885734558105469
2019-07-12 04:00:00,5.770707130432129
2019-07-12 05:00:00,5.451930046081543
2019-07-12 06:00:00,5.233173847198486
2019-07-12 07:00:00,5.169742584228516
2019-07-12 08:00:00,5.166598320007324
2019-07-12 09:00:00,5.096880912780762
2019-07-12 10:00:00,4.930663108825684
2019-07-12 11:00:00,4.5942463874816895
2019-07-12 12:00:00,4.049158573150635
2019-07-12 13:00:00,2.36324405670166
2019-07-12 14:00:00,1.3522765636444092
2019-07-12 15:00:00,1.2977945804595947
2019-07-12 16:00:00,1.4465899467468262
2019-07-12 17:00:00,1.7150731086730957
2019-07-12 18:00:00,2.0416316390037537
2019-07-12 19:00:00,2.4211366176605225
2019-07-12 20:00:00,2.8703780472278595
2019-07-12 21:00:00,3.287907361984253
2019-07-12 22:00:00,3.4451169967651367
2019-07-12 23:00:00,3.607170581817627
2019-07-13 00:00:00,3.7406673431396484
2019-07-13 01:00:00,4.482106268405914
2019-07-13 02:00:00,5.136476039886475
2019-07-13 03:00:00,6.567867755889893
2019-07-13 04:00:00,7.091958522796631
2019-07-13 05:00:00,6.791325569152832
2019-07-13 06:00:00,6.3284101486206055
2019-07-13 07:00:00,5.9094343185424805
2019-07-13 08:00:00,5.649543762207031
2019-07-13 09:00:00,5.452136039733887
2019-07-13 10:00:00,5.100975036621094
2019-07-13 11:00:00,4.705293655395508
2019-07-13 12:00:00,4.1132097244262695
2019-07-13 13:00:00,2.333317518234253
2019-07-13 14:00:00,1.2793776988983154
2019-07-13 15:00:00,1.0490175783634186
2019-07-13 16:00:00,0.9343798160552979
2019-07-13 17:00:00,0.8527618646621704
2019-07-13 18:00:00,0.8990528583526611
2019-07-13 19:00:00,1.155548334121704
2019-07-13 20:00:00,1.415467232465744
2019-07-13 21:00:00,1.6406006813049316
2019-07-13 22:00:00,1.4967842102050781
2019-07-13 23:00:00,1.6448750495910645
2019-07-14 00:00:00,1.727757453918457
2019-07-14 01:00:00,2.5551070868968964
2019-07-14 02:00:00,3.2522993087768555
2019-07-14 03:00:00,4.403824329376221
2019-07-14 04:00:00,4.688194274902344
2019-07-14 05:00:00,4.474742412567139
2019-07-14 06:00:00,4.140888214111328
2019-07-14 07:00:00,3.8465805053710938
2019-07-14 08:00:00,3.6256349086761475
2019-07-14 09:00:00,3.4536194801330566
2019-07-14 10:00:00,3.2706942558288574
2019-07-14 11:00:00,3.0897419452667236
2019-07-14 12:00:00,2.7356693744659424
2019-07-14 13:00:00,1.4310179501771927
2019-07-14 14:00:00,0.679774921387434
2019-07-14 15:00:00,0.47816281020641327
2019-07-14 16:00:00,0.33747363090515137
2019-07-14 17:00:00,0.18495416641235352
2019-07-14 18:00:00,0.10978865623474121
2019-07-14 19:00:00,-0.39836812019348145
2019-07-14 20:00:00,-0.8822565078735352
2019-07-14 21:00:00,-1.225731611251831
2019-07-14 22:00:00,-1.0381092131137848
2019-07-14 23:00:00,-0.6632945537567139
2019-07-15 00:00:00,-0.2988927364349365
2019-07-15 01:00:00,0.20809674263000488
2019-07-15 02:00:00,2.122361183166504
2019-07-15 03:00:00,3.3297591507434845
2019-07-15 04:00:00,3.5773634910583496
2019-07-15 05:00:00,3.424285411834717
2019-07-15 06:00:00,3.197568416595459
2019-07-15 07:00:00,2.9950051307678223
2019-07-15 08:00:00,2.8631186485290527
2019-07-15 09:00:00,2.700425624847412
2019-07-15 10:00:00,2.4593167304992676
2019-07-15 11:00:00,1.9617767333984375
2019-07-15 12:00:00,0.8434358835220337
2019-07-15 13:00:00,0.8219433426856995
2019-07-15 14:00:00,0.6339259147644043
2019-07-15 15:00:00,0.3667250871658325
2019-07-15 16:00:00,0.14684993028640747
2019-07-15 17:00:00,0.07412070035934448
2019-07-15 18:00:00,0.004285752773284912
2019-07-15 19:00:00,-0.025514543056488037
2019-07-15 20:00:00,0.04794687032699585
2019-07-15 21:00:00,0.15521663427352905
2019-07-15 22:00:00,0.09594810009002686
2019-07-15 23:00:00,0.05213898420333862
2019-07-16 00:00:00,0.07477778196334839
2019-07-16 01:00:00,0.28099095821380615
2019-07-16 02:00:00,0.6772288382053375
2019-07-16 03:00:00,1.8348324298858643
2019-07-16 04:00:00,2.6741807758808136
2019-07-16 05:00:00,2.5425915718078613
2019-07-16 06:00:00,2.105654001235962
2019-07-16 07:00:00,1.6489605903625488
2019-07-16 08:00:00,1.2821683883666992
2019-07-16 09:00:00,1.0276129245758057
2019-07-16 10:00:00,0.8732099533081055
2019-07-16 11:00:00,0.6793834567070007
2019-07-16 12:00:00,0.38018999993801117
2019-07-16 13:00:00,0.1353735849261284
2019-07-16 14:00:00,0.007093578577041626
2019-07-16 15:00:00,-0.11137679405510426
2019-07-16 16:00:00,-0.13383431360125542
2019-07-16 17:00:00,-0.12558301351964474
2019-07-16 18:00:00,-0.10017401166260242
2019-07-16 19:00:00,-0.09753216989338398
2019-07-16 20:00:00,-0.11481082439422607
2019-07-16 21:00:00,-0.1286109909415245
2019-07-16 22:00:00,-0.3145198803395033
2019-07-16 23:00:00,-0.4497581832110882
2019-07-17 00:00:00,-0.6300625801086426
2019-07-17 01:00:00,-1.4132417291402817
2019-07-17 02:00:00,-1.4339467734098434
2019-07-17 03:00:00,-0.9166117161512375
2019-07-17 04:00:00,-0.19288176484405994
2019-07-17 05:00:00,0.35006702691316605
2019-07-17 06:00:00,0.6212643384933472
2019-07-17 07:00:00,0.8891435861587524
2019-07-17 08:00:00,1.1560530960559845
2019-07-17 09:00:00,1.355816125869751
2019-07-17 10:00:00,1.6093668937683105
2019-07-17 11:00:00,1.772632122039795
2019-07-17 12:00:00,1.7449716329574585
2019-07-17 13:00:00,1.0167518854141235
2019-07-17 14:00:00,0.751329779624939
2019-07-17 15:00:00,0.7119181156158447
2019-07-17 16:00:00,0.6683961749076843
2019-07-17 17:00:00,0.6087349057197571
2019-07-17 18:00:00,0.5318536758422852
2019-07-17 19:00:00,0.4336395263671875
2019-07-17 20:00:00,0.2424412965774536
2019-07-17 21:00:00,0.16274011135101318
2019-07-17 22:00:00,0.10730600357055664
2019-07-17 23:00:00,0.05072295665740967
2019-07-18 00:00:00,-0.01205986738204956
2019-07-18 01:00:00,0.030834972858428955
2019-07-18 02:00:00,0.035157859325408936
2019-07-18 03:00:00,0.011257171630859375
2019-07-18 04:00:00,-0.16857194900512695
2019-07-18 05:00:00,-0.10233092308044434
2019-07-18 06:00:00,-0.08124184608459473
2019-07-18 07:00:00,-0.3278930187225342
2019-07-18 08:00:00,-0.5531072616577148
2019-07-18 09:00:00,-0.5131633281707764
2019-07-18 10:00:00,-0.1345374584197998
2019-07-18 11:00:00,0.1909700632095337
2019-07-18 12:00:00,0.37872910499572754
2019-07-18 13:00:00,0.4105404019355774
2019-07-18 14:00:00,0.29953062534332275
2019-07-18 15:00:00,0.34965240955352783
2019-07-18 16:00:00,0.38130223751068115
2019-07-18 17:00:00,0.41445672512054443
2019-07-18 18:00:00,0.43054747581481934
2019-07-18 19:00:00,0.41455769538879395
2019-07-18 20:00:00,0.3641927242279053
2019-07-18 21:00:00,0.3063424229621887
2019-07-18 22:00:00,0.25471293926239014
2019-07-18 23:00:00,0.15410715341567993
2019-07-19 00:00:00,0.035180628299713135
2019-07-19 01:00:00,-0.09107130765914917
2019-07-19 02:00:00,0.009183764457702637
2019-07-19 03:00:00,-0.050424933433532715
2019-07-19 04:00:00,-0.038442015647888184
2019-07-19 05:00:00,0.03960762917995453
2019-07-19 06:00:00,0.11813079565763474
2019-07-19 07:00:00,0.20172417350113392
2019-07-19 08:00:00,0.2975177764892578
2019-07-19 09:00:00,0.4488847851753235
2019-07-19 10:00:00,0.4940124824643135
2019-07-19 11:00:00,0.5551615208387375
2019-07-19 12:00:00,0.5442193672060966
2019-07-19 13:00:00,0.37996333837509155
2019-07-19 14:00:00,0.18539029359817505
2019-07-19 15:00:00,0.03900608420372009
2019-07-19 16:00:00,0.046598974615335464
2019-07-19 17:00:00,0.03837507963180542
2019-07-19 18:00:00,0.0011431574821472168
2019-07-19 19:00:00,-0.07434940338134766
2019-07-19 20:00:00,-0.1938025951385498
2019-07-19 21:00:00,-0.3124842643737793
2019-07-19 22:00:00,-0.42136847972869873
2019-07-19 23:00:00,-0.5365084409713745
2019-07-20 00:00:00,-0.630812406539917
2019-07-20 01:00:00,-1.3601785898208618
2019-07-20 02:00:00,-1.0075587034225464
2019-07-20 03:00:00,-0.7118098735809326
2019-07-20 04:00:00,-0.6716452836990356
2019-07-20 05:00:00,-0.5484877824783325
2019-07-20 06:00:00,-0.39550501108169556
2019-07-20 07:00:00,-0.22147977352142334
2019-07-20 08:00:00,-0.020523786544799805
2019-07-20 09:00:00,0.16577741503715515
2019-07-20 10:00:00,0.31258589029312134
2019-07-20 11:00:00,0.432586969807744
2019-07-20 12:00:00,0.4630596023052931
2019-07-20 13:00:00,0.3276985250413418
2019-07-20 14:00:00,0.1880582831799984
2019-07-20 15:00:00,0.11583909578621387
2019-07-20 16:00:00,0.03639063239097595
2019-07-20 17:00:00,-0.08922049775719643
2019-07-20 18:00:00,-0.2609299570322037
2019-07-20 19:00:00,-0.42865534126758575
2019-07-20 20:00:00,-0.6481479406356812
2019-07-20 21:00:00,-0.8577005937695503
2019-07-20 22:00:00,-1.0116887167096138
2019-07-20 23:00:00,-1.0935341119766235
2019-07-21 00:00:00,-1.1535127013921738
2019-07-21 01:00:00,-1.7719521522521973
2019-07-21 02:00:00,-1.6840975284576416
2019-07-21 03:00:00,-1.4649105072021484
2019-07-21 04:00:00,-1.3158495426177979
2019-07-21 05:00:00,-1.147416591644287
2019-07-21 06:00:00,-0.9507561922073364
2019-07-21 07:00:00,-0.7428989410400391
2019-07-21 08:00:00,-0.5737314224243164
2019-07-21 09:00:00,-0.39205074310302734
2019-07-21 10:00:00,-0.4810837507247925
2019-07-21 11:00:00,-0.5516525506973267
2019-07-21 12:00:00,-0.5861942768096924
2019-07-21 13:00:00,-0.5010253190994263
2019-07-21 14:00:00,-0.4137977361679077
2019-07-21 15:00:00,-0.49434852600097656
2019-07-21 16:00:00,-0.45885300636291504
2019-07-21 17:00:00,-0.45290374755859375
2019-07-21 18:00:00,-0.5471081733703613
2019-07-21 19:00:00,-0.7919807434082031
2019-07-21 20:00:00,-1.1549164056777954
2019-07-21 21:00:00,-1.4890044927597046
2019-07-21 22:00:00,-1.412809133529663
2019-07-21 23:00:00,-1.2242848873138428
2019-07-22 00:00:00,-1.0143745094537735
2019-07-22 01:00:00,-1.4619336128234863
2019-07-22 02:00:00,-0.8817582130432129
2019-07-22 03:00:00,-0.3112965226173401
2019-07-22 04:00:00,-0.1056363582611084
2019-07-22 05:00:00,0.13957367092370987
2019-07-22 06:00:00,0.40627095848321915
2019-07-22 07:00:00,0.6212426498532295
2019-07-22 08:00:00,0.8050046730786562
2019-07-22 09:00:00,0.896817684173584
2019-07-22 10:00:00,0.8332690745592117
2019-07-22 11:00:00,0.8268499821424484
2019-07-22 12:00:00,0.7823692560195923
2019-07-22 13:00:00,0.5093626379966736
2019-07-22 14:00:00,0.4371320605278015
2019-07-22 15:00:00,0.4352101683616638
2019-07-22 16:00:00,0.40020301192998886
2019-07-22 17:00:00,0.336738720536232
2019-07-22 18:00:00,0.2054256796836853
2019-07-22 19:00:00,0.04094305634498596
2019-07-22 20:00:00,-0.12562594562768936
2019-07-22 21:00:00,-0.26732347160577774
2019-07-22 22:00:00,-0.23453488014638424
2019-07-22 23:00:00,-0.21934545785188675
2019-07-23 00:00:00,-0.23691731691360474
2019-07-23 01:00:00,-0.5707340389490128
2019-07-23 02:00:00,-0.2805754542350769
2019-07-23 03:00:00,0.6025395393371582
2019-07-23 04:00:00,1.04898139834404
2019-07-23 05:00:00,1.282665029168129
2019-07-23 06:00:00,1.4843526780605316
2019-07-23 07:00:00,1.649725690484047
2019-07-23 08:00:00,1.83784818649292
2019-07-23 09:00:00,1.947089672088623
2019-07-23 10:00:00,1.9757003784179688
2019-07-23 11:00:00,1.9915046095848083
2019-07-23 12:00:00,1.5961880683898926
2019-07-23 13:00:00,1.0065348446369171
2019-07-23 14:00:00,0.5641098618507385
2019-07-23 15:00:00,0.3357597589492798
2019-07-23 16:00:00,0.21189677715301514
2019-07-23 17:00:00,0.2887573838233948
2019-07-23 18:00:00,0.30917835235595703
2019-07-23 19:00:00,0.30939823389053345
2019-07-23 20:00:00,0.3187822103500366
2019-07-23 21:00:00,0.45319439470767975
2019-07-23 22:00:00,0.6234040260314941
2019-07-23 23:00:00,0.7423573732376099
2019-07-24 00:00:00,0.8349721431732178
2019-07-24 01:00:00,1.4520938396453857
2019-07-24 02:00:00,1.9647660851478577
2019-07-24 03:00:00,2.5737511813640594
2019-07-24 04:00:00,3.152434825897217
2019-07-24 05:00:00,3.4356510639190674
2019-07-24 06:00:00,3.4314355850219727
2019-07-24 07:00:00,3.338900089263916
2019-07-24 08:00:00,3.22241473197937
2019-07-24 09:00:00,3.1913259029388428
2019-07-24 10:00:00,2.6948904991149902
2019-07-24 11:00:00,2.073504865169525
2019-07-24 12:00:00,1.443400502204895
2019-07-24 13:00:00,0.9562437534332275
2019-07-24 14:00:00,0.7882076501846313
2019-07-24 15:00:00,0.7348288297653198
2019-07-24 16:00:00,0.8959290981292725
2019-07-24 17:00:00,1.1023558676242828
2019-07-24 18:00:00,1.116432785987854
2019-07-24 19:00:00,1.113204836845398
2019-07-24 20:00:00,1.5501369535923004
2019-07-24 21:00:00,1.5794411599636078
2019-07-24 22:00:00,1.1468616724014282
2019-07-24 23:00:00,1.0926250219345093
2019-07-25 00:00:00,1.4289473593235016
2019-07-25 01:00:00,2.245271682739258
2019-07-25 02:00:00,3.111531972885132
2019-07-25 03:00:00,3.2481069564819336
2019-07-25 04:00:00,3.267960786819458
2019-07-25 05:00:00,2.8249447345733643
2019-07-25 06:00:00,2.222958564758301
2019-07-25 07:00:00,1.7066614627838135
2019-07-25 08:00:00,1.4665961414575577
2019-07-25 09:00:00,1.4718394428491592
2019-07-25 10:00:00,1.7630136013031006
2019-07-25 11:00:00,2.215685337781906
2019-07-25 12:00:00,2.2195642292499542
2019-07-25 13:00:00,1.8535146713256836
2019-07-25 14:00:00,1.095574989914894
2019-07-25 15:00:00,0.7893261909484863
2019-07-25 16:00:00,0.5289952158927917
2019-07-25 17:00:00,0.3651602268218994
2019-07-25 18:00:00,0.14579248428344727
2019-07-25 19:00:00,-0.09295392036437988
2019-07-25 20:00:00,-0.3498691916465759
2019-07-25 21:00:00,-0.5020198971033096
2019-07-25 22:00:00,-0.5241872072219849
2019-07-25 23:00:00,-0.5261145830154419
2019-07-26 00:00:00,-0.5759764760732651
2019-07-26 01:00:00,-0.9920119941234589
2019-07-26 02:00:00,-1.4155713319778442
2019-07-26 03:00:00,-1.9620368480682373
2019-07-26 04:00:00,-2.390697717666626
2019-07-26 05:00:00,-2.6055803298950195
2019-07-26 06:00:00,-2.5559074878692627
2019-07-26 07:00:00,-2.339604616165161
2019-07-26 08:00:00,-2.0693905353546143
2019-07-26 09:00:00,-1.8300127983093262
2019-07-26 10:00:00,-1.538100004196167
2019-07-26 11:00:00,-1.2865967750549316
2019-07-26 12:00:00,-1.073878526687622
2019-07-26 13:00:00,-0.7255406379699707
2019-07-26 14:00:00,-0.5463998317718506
2019-07-26 15:00:00,-0.5333705544471741
2019-07-26 16:00:00,-0.7067754864692688
2019-07-26 17:00:00,-0.8869348764419556
2019-07-26 18:00:00,-0.9915146827697754
2019-07-26 19:00:00,-0.9882813692092896
2019-07-26 20:00:00,-0.9733097553253174
2019-07-26 21:00:00,-0.8812179118394852
2019-07-26 22:00:00,-0.8397369831800461
2019-07-26 23:00:00,-1.0116398334503174
2019-07-27 00:00:00,-1.2288402318954468
2019-07-27 01:00:00,-2.0050926208496094
2019-07-27 02:00:00,-2.6752495765686035
2019-07-27 03:00:00,-3.314365863800049
2019-07-27 04:00:00,-3.5270724296569824
2019-07-27 05:00:00,-3.790489971637726
2019-07-27 06:00:00,-4.118903636932373
2019-07-27 07:00:00,-4.445012152194977
2019-07-27 08:00:00,-4.704408168792725
2019-07-27 09:00:00,-4.839313983917236
2019-07-27 10:00:00,-4.536496162414551
2019-07-27 11:00:00,-4.154821932315826
2019-07-27 12:00:00,-3.626983165740967
2019-07-27 13:00:00,-2.707728862762451
2019-07-27 14:00:00,-1.9866631031036377
2019-07-27 15:00:00,-1.998525619506836
2019-07-27 16:00:00,-2.193545311689377
2019-07-27 17:00:00,-2.2184469997882843
2019-07-27 18:00:00,-2.261591911315918
2019-07-27 19:00:00,-2.3567862510681152
2019-07-27 20:00:00,-2.447329044342041
2019-07-27 21:00:00,-2.456620216369629
2019-07-27 22:00:00,-2.439606189727783
2019-07-27 23:00:00,-2.425421714782715
2019-07-28 00:00:00,-2.457054615020752
2019-07-28 01:00:00,-3.026174783706665
2019-07-28 02:00:00,-3.7249067425727844
2019-07-28 03:00:00,-4.332122325897217
2019-07-28 04:00:00,-4.518494606018066
2019-07-28 05:00:00,-4.708559036254883
2019-07-28 06:00:00,-4.882561683654785
2019-07-28 07:00:00,-4.927483558654785
2019-07-28 08:00:00,-4.853447914123535
2019-07-28 09:00:00,-4.55357551574707
2019-07-28 10:00:00,-4.061288952827454
2019-07-28 11:00:00,-3.5591962933540344
2019-07-28 12:00:00,-3.034670829772949
2019-07-28 13:00:00,-2.352524995803833
2019-07-28 14:00:00,-1.6749024391174316
2019-07-28 15:00:00,-2.0515055656433105
2019-07-28 16:00:00,-2.2387571334838867
2019-07-28 17:00:00,-2.501417875289917
2019-07-28 18:00:00,-2.6579811573028564
2019-07-28 19:00:00,-2.585888147354126
2019-07-28 20:00:00,-2.463719606399536
2019-07-28 21:00:00,-2.5297937393188477
2019-07-28 22:00:00,-2.6272518634796143
2019-07-28 23:00:00,-2.3450982570648193
2019-07-29 00:00:00,-2.0877537727355957
2019-07-29 01:00:00,-2.71628475189209
2019-07-29 02:00:00,-3.213125228881836
2019-07-29 03:00:00,-3.8115415573120117
2019-07-29 04:00:00,-4.17329216003418
2019-07-29 05:00:00,-4.421960830688477
2019-07-29 06:00:00,-4.496631622314453
2019-07-29 07:00:00,-4.418817520141602
2019-07-29 08:00:00,-4.342035293579102
2019-07-29 09:00:00,-4.254942417144775
2019-07-29 10:00:00,-3.9321703910827637
2019-07-29 11:00:00,-3.5797181129455566
2019-07-29 12:00:00,-3.0667872428894043
2019-07-29 13:00:00,-2.1219675540924072
2019-07-29 14:00:00,-1.4100139141082764
2019-07-29 15:00:00,-1.5471371412277222
2019-07-29 16:00:00,-1.7830177247524261
2019-07-29 17:00:00,-1.8342932760715485
2019-07-29 18:00:00,-1.7535722255706787
2019-07-29 19:00:00,-1.6038120687007904
2019-07-29 20:00:00,-1.877759873867035
2019-07-29 21:00:00,-2.1704308688640594
2019-07-29 22:00:00,-1.9146604537963867
2019-07-29 23:00:00,-1.5478332042694092
2019-07-30 00:00:00,-1.4518719911575317
2019-07-30 01:00:00,-2.1341137886047363
2019-07-30 02:00:00,-2.4838085174560547
2019-07-30 03:00:00,-3.081332206726074
2019-07-30 04:00:00,-3.501281976699829
2019-07-30 05:00:00,-3.827267646789551
2019-07-30 06:00:00,-3.9544525146484375
2019-07-30 07:00:00,-3.902063012123108
2019-07-30 08:00:00,-3.7967963218688965
2019-07-30 09:00:00,-3.57535457611084
2019-07-30 10:00:00,-3.175908327102661
2019-07-30 11:00:00,-2.867499589920044
2019-07-30 12:00:00,-2.383729010820389
2019-07-30 13:00:00,-1.7048559188842773
2019-07-30 14:00:00,-1.075175553560257
2019-07-30 15:00:00,-1.2211728394031525
2019-07-30 16:00:00,-1.4516923427581787
2019-07-30 17:00:00,-1.6322546005249023
2019-07-30 18:00:00,-1.5379931926727295
2019-07-30 19:00:00,-1.2280701398849487
2019-07-30 20:00:00,-0.899443507194519
2019-07-30 21:00:00,-0.666813313961029
2019-07-30 22:00:00,-0.7213619947433472
2019-07-30 23:00:00,-0.757067084312439
2019-07-31 00:00:00,-0.8388223052024841
2019-07-31 01:00:00,-1.5730056762695312
2019-07-31 02:00:00,-1.997425526380539
2019-07-31 03:00:00,-2.422002077102661
2019-07-31 04:00:00,-2.458866596221924
2019-07-31 05:00:00,-2.433124542236328
2019-07-31 06:00:00,-2.3681707680225372
2019-07-31 07:00:00,-2.2162470519542694
2019-07-31 08:00:00,-1.9515721797943115
2019-07-31 09:00:00,-1.6707015931606293
2019-07-31 10:00:00,-1.233563870191574
2019-07-31 11:00:00,-0.713572308421135
2019-07-31 12:00:00,-0.2689749598503113
2019-07-31 13:00:00,-0.1399567350745201
2019-07-31 14:00:00,-0.0388033352792263
2019-07-31 15:00:00,0.06596046686172485
2019-07-31 16:00:00,-0.01671133190393448
2019-07-31 17:00:00,-0.24170268326997757
2019-07-31 18:00:00,-0.49389004707336426
2019-07-31 19:00:00,-0.5682246536016464
2019-07-31 20:00:00,-0.6741118282079697
2019-07-31 21:00:00,-0.8800263404846191
2019-07-31 22:00:00,-0.867101401090622
2019-07-31 23:00:00,-0.7971304655075073
2019-08-01 00:00:00,-0.7335324287414551
2019-08-01 01:00:00,-1.2165599018335342
2019-08-01 02:00:00,-1.6105433404445648
2019-08-01 03:00:00,-2.1126603484153748
2019-08-01 04:00:00,-2.601424217224121
2019-08-01 05:00:00,-2.954908609390259
2019-08-01 06:00:00,-3.0530855655670166
2019-08-01 07:00:00,-2.6966910362243652
2019-08-01 08:00:00,-2.281453400850296
2019-08-01 09:00:00,-1.9968349933624268
2019-08-01 10:00:00,-1.7622415870428085
2019-08-01 11:00:00,-1.6204202324151993
2019-08-01 12:00:00,-1.5554109811782837
2019-08-01 13:00:00,-1.1692352443933487
2019-08-01 14:00:00,-0.9413357973098755
2019-08-01 15:00:00,-1.3253027498722076
2019-08-01 16:00:00,-1.6323277950286865
2019-08-01 17:00:00,-1.8027803897857666
2019-08-01 18:00:00,-1.7496245801448822
2019-08-01 19:00:00,-1.6316560506820679
2019-08-01 20:00:00,-1.5542147159576416
2019-08-01 21:00:00,-1.5427899360656738
2019-08-01 22:00:00,-1.4269344806671143
2019-08-01 23:00:00,-1.344515323638916
2019-08-02 00:00:00,-1.258087158203125
2019-08-02 01:00:00,-1.6816667318344116
2019-08-02 02:00:00,-1.4254480600357056
2019-08-02 03:00:00,-1.100059151649475
2019-08-02 04:00:00,-1.215149849653244
2019-08-02 05:00:00,-1.408883810043335
2019-08-02 06:00:00,-1.594788134098053
2019-08-02 07:00:00,-1.795377478003502
2019-08-02 08:00:00,-1.9267198890447617
2019-08-02 09:00:00,-2.0099282264709473
2019-08-02 10:00:00,-2.320159673690796
2019-08-02 11:00:00,-2.545867443084717
2019-08-02 12:00:00,-2.4110848903656006
2019-08-02 13:00:00,-2.01041316986084
2019-08-02 14:00:00,-1.6568087935447693
2019-08-02 15:00:00,-1.6373393535614014
2019-08-02 16:00:00,-1.6185498237609863
2019-08-02 17:00:00,-1.499161958694458
2019-08-02 18:00:00,-1.35909865796566
2019-08-02 19:00:00,-1.2604092210531235
2019-08-02 20:00:00,-1.1505208015441895
2019-08-02 21:00:00,-0.9809626317583025
2019-08-02 22:00:00,-0.9063844755291939
2019-08-02 23:00:00,-0.8502209112048149
2019-08-03 00:00:00,-0.8025625050067902
2019-08-03 01:00:00,-0.9927235841751099
2019-08-03 02:00:00,-1.3141531944274902
2019-08-03 03:00:00,-1.6266967728734016
2019-08-03 04:00:00,-2.343293458223343
2019-08-03 05:00:00,-3.120290994644165
2019-08-03 06:00:00,-3.5779385566711426
2019-08-03 07:00:00,-3.8230611085891724
2019-08-03 08:00:00,-3.9472707509994507
2019-08-03 09:00:00,-4.033862471580505
2019-08-03 10:00:00,-3.6957802772521973
2019-08-03 11:00:00,-3.2713959217071533
2019-08-03 12:00:00,-2.6179866790771484
2019-08-03 13:00:00,-1.5796852111816406
2019-08-03 14:00:00,-0.7974314093589783
2019-08-03 15:00:00,-0.6788925528526306
2019-08-03 16:00:00,-0.679345428943634
2019-08-03 17:00:00,-0.6950836181640625
2019-08-03 18:00:00,-0.7247959971427917
2019-08-03 19:00:00,-0.8365158140659332
2019-08-03 20:00:00,-1.045295625925064
2019-08-03 21:00:00,-1.0970752388238907
2019-08-03 22:00:00,-0.9007886648178101
2019-08-03 23:00:00,-0.6124085783958435
2019-08-04 00:00:00,-0.27314818650484085
2019-08-04 01:00:00,0.07952934503555298
2019-08-04 02:00:00,0.3127591907978058
2019-08-04 03:00:00,0.3385753482580185
2019-08-04 04:00:00,0.2857499420642853
2019-08-04 05:00:00,0.15522679686546326
2019-08-04 06:00:00,-0.21042228117585182
2019-08-04 07:00:00,-0.5720748156309128
2019-08-04 08:00:00,-0.7211591303348541
2019-08-04 09:00:00,-0.8140873908996582
2019-08-04 10:00:00,-0.8383462429046631
2019-08-04 11:00:00,-0.7334767542779446
2019-08-04 12:00:00,-0.43796776980161667
2019-08-04 13:00:00,-0.22138375043869019
2019-08-04 14:00:00,-0.1512553133070469
2019-08-04 15:00:00,-0.1813205871731043
2019-08-04 16:00:00,-0.3408799022436142
2019-08-04 17:00:00,-0.5439153909683228
2019-08-04 18:00:00,-0.7190486192703247
2019-08-04 19:00:00,-0.8835101127624512
2019-08-04 20:00:00,-1.0458979606628418
2019-08-04 21:00:00,-1.2187256813049316
2019-08-04 22:00:00,-1.1579433679580688
2019-08-04 23:00:00,-1.0964199304580688
2019-08-05 00:00:00,-1.0240342617034912
2019-08-05 01:00:00,-1.464582085609436
2019-08-05 02:00:00,-1.4249149560928345
2019-08-05 03:00:00,-1.097670078277588
2019-08-05 04:00:00,-0.5590598583221436
2019-08-05 05:00:00,-0.19344627857208252
2019-08-05 06:00:00,-0.011165380477905273
2019-08-05 07:00:00,0.022896528244018555
2019-08-05 08:00:00,-0.03788185119628906
2019-08-05 09:00:00,-0.1304837465286255
2019-08-05 10:00:00,-0.15154433250427246
2019-08-05 11:00:00,-0.05394864082336426
2019-08-05 12:00:00,0.040503501892089844
2019-08-05 13:00:00,0.13059639930725098
2019-08-05 14:00:00,0.07035660743713379
2019-08-05 15:00:00,0.05781745910644531
2019-08-05 16:00:00,0.11384642124176025
2019-08-05 17:00:00,0.18948805332183838
2019-08-05 18:00:00,0.1650865077972412
2019-08-05 19:00:00,0.05920827388763428
2019-08-05 20:00:00,-0.10196387767791748
2019-08-05 21:00:00,-0.32070302963256836
2019-08-05 22:00:00,-0.33416080474853516
2019-08-05 23:00:00,-0.33847475051879883
2019-08-06 00:00:00,-0.28996384143829346
2019-08-06 01:00:00,-0.3200490474700928
2019-08-06 02:00:00,-0.13695096969604492
2019-08-06 03:00:00,0.31873607635498047
2019-08-06 04:00:00,0.12052786350250244
2019-08-06 05:00:00,-0.3056659698486328
2019-08-06 06:00:00,-0.625986635684967
2019-08-06 07:00:00,-0.8275200128555298
2019-08-06 08:00:00,-0.8772310018539429
2019-08-06 09:00:00,-0.8421167135238647
2019-08-06 10:00:00,-0.8463862016797066
2019-08-06 11:00:00,-0.7589815258979797
2019-08-06 12:00:00,-0.44092847406864166
2019-08-06 13:00:00,-0.43683022260665894
2019-08-06 14:00:00,-0.4578287601470947
2019-08-06 15:00:00,-0.6455423831939697
2019-08-06 16:00:00,-0.830562949180603
2019-08-06 17:00:00,-0.9987930059432983
2019-08-06 18:00:00,-1.0697226822376251
2019-08-06 19:00:00,-1.0356178283691406
2019-08-06 20:00:00,-0.941109299659729
2019-08-06 21:00:00,-0.8532997965812683
2019-08-06 22:00:00,-0.7407113909721375
2019-08-06 23:00:00,-0.6519619226455688
2019-08-07 00:00:00,-0.5862634778022766
2019-08-07 01:00:00,-0.951752781867981
2019-08-07 02:00:00,-0.9508710205554962
2019-08-07 03:00:00,-0.9256978034973145
2019-08-07 04:00:00,-0.9745707511901855
2019-08-07 05:00:00,-1.049336314201355
2019-08-07 06:00:00,-1.1645290851593018
2019-08-07 07:00:00,-1.328092098236084
2019-08-07 08:00:00,-1.560394048690796
2019-08-07 09:00:00,-1.7295403480529785
2019-08-07 10:00:00,-1.8273019790649414
2019-08-07 11:00:00,-1.720597743988037
2019-08-07 12:00:00,-1.2580034583806992
2019-08-07 13:00:00,-0.9302608966827393
2019-08-07 14:00:00,-0.5223029851913452
2019-08-07 15:00:00,-0.3701389208436012
2019-08-07 16:00:00,-0.20705080777406693
2019-08-07 17:00:00,-0.033313922584056854
2019-08-07 18:00:00,0.08514830470085144
2019-08-07 19:00:00,0.11901158094406128
2019-08-07 20:00:00,0.049701303243637085
2019-08-07 21:00:00,-0.07608044147491455
2019-08-07 22:00:00,-0.28381815552711487
2019-08-07 23:00:00,-0.5097865909337997
2019-08-08 00:00:00,-0.5805936902761459
2019-08-08 01:00:00,-0.5558545142412186
2019-08-08 02:00:00,-0.3653864860534668
2019-08-08 03:00:00,-0.6716971844434738
2019-08-08 04:00:00,-1.1957747861742973
2019-08-08 05:00:00,-1.3853204250335693
2019-08-08 06:00:00,-1.4873223304748535
2019-08-08 07:00:00,-1.616854414343834
2019-08-08 08:00:00,-1.561702162027359
2019-08-08 09:00:00,-1.4852299690246582
2019-08-08 10:00:00,-1.2916975915431976
2019-08-08 11:00:00,-0.9887299090623856
2019-08-08 12:00:00,-0.6708371788263321
2019-08-08 13:00:00,-0.5615190267562866
2019-08-08 14:00:00,-0.47972720861434937
2019-08-08 15:00:00,-0.5893059968948364
2019-08-08 16:00:00,-0.7283725738525391
2019-08-08 17:00:00,-0.8722636699676514
2019-08-08 18:00:00,-1.1283523738384247
2019-08-08 19:00:00,-1.444250464439392
2019-08-08 20:00:00,-1.6247199773788452
2019-08-08 21:00:00,-1.734661340713501
2019-08-08 22:00:00,-1.8399747610092163
2019-08-08 23:00:00,-2.0951366424560547
2019-08-09 00:00:00,-2.395608425140381
2019-08-09 01:00:00,-2.8424460887908936
2019-08-09 02:00:00,-3.237860918045044
2019-08-09 03:00:00,-5.431561470031738
2019-08-09 04:00:00,-6.299832344055176
2019-08-09 05:00:00,-6.56206750869751
2019-08-09 06:00:00,-6.526232719421387
2019-08-09 07:00:00,-6.3229756355285645
2019-08-09 08:00:00,-6.09092903137207
2019-08-09 09:00:00,-5.885593414306641
2019-08-09 10:00:00,-5.681900501251221
2019-08-09 11:00:00,-5.375334739685059
2019-08-09 12:00:00,-4.629077970981598
2019-08-09 13:00:00,-3.4160173535346985
2019-08-09 14:00:00,-2.59842586517334
2019-08-09 15:00:00,-2.356086254119873
2019-08-09 16:00:00,-2.3532121181488037
2019-08-09 17:00:00,-2.4325422942638397
2019-08-09 18:00:00,-2.6821842193603516
2019-08-09 19:00:00,-2.893526315689087
2019-08-09 20:00:00,-2.9870662689208984
2019-08-09 21:00:00,-3.074770212173462
2019-08-09 22:00:00,-3.224277973175049
2019-08-09 23:00:00,-3.2613155841827393
2019-08-10 00:00:00,-3.4460989832878113
2019-08-10 01:00:00,-3.779596507549286
2019-08-10 02:00:00,-4.412384033203125
2019-08-10 03:00:00,-4.700582504272461
2019-08-10 04:00:00,-4.939752578735352
2019-08-10 05:00:00,-4.846826553344727
2019-08-10 06:00:00,-4.637009620666504
2019-08-10 07:00:00,-4.397694110870361
2019-08-10 08:00:00,-4.069071292877197
2019-08-10 09:00:00,-3.638151168823242
2019-08-10 10:00:00,-3.2469658851623535
2019-08-10 11:00:00,-2.8282718658447266
2019-08-10 12:00:00,-2.301262617111206
2019-08-10 13:00:00,-1.4797441959381104
2019-08-10 14:00:00,-0.9379903972148895
2019-08-10 15:00:00,-1.03154157102108
2019-08-10 16:00:00,-1.155411720275879
2019-08-10 17:00:00,-1.1309425979852676
2019-08-10 18:00:00,-0.9301279783248901
2019-08-10 19:00:00,-0.7439243197441101
2019-08-10 20:00:00,-0.6811884045600891
2019-08-10 21:00:00,-0.7858641445636749
2019-08-10 22:00:00,-0.9067608118057251
2019-08-10 23:00:00,-0.9946461915969849
2019-08-11 00:00:00,-1.063354730606079
2019-08-11 01:00:00,-1.5820993483066559
2019-08-11 02:00:00,-1.4270858764648438
2019-08-11 03:00:00,-1.3267873525619507
2019-08-11 04:00:00,-1.240787386894226
2019-08-11 05:00:00,-1.1578739881515503
2019-08-11 06:00:00,-1.1076078116893768
2019-08-11 07:00:00,-1.0031803846359253
2019-08-11 08:00:00,-0.7511775493621826
2019-08-11 09:00:00,-0.4582439661026001
2019-08-11 10:00:00,-0.12830722332000732
2019-08-11 11:00:00,0.10444355010986328
2019-08-11 12:00:00,0.22547078132629395
2019-08-11 13:00:00,0.3787328004837036
2019-08-11 14:00:00,0.20501995086669922
2019-08-11 15:00:00,0.23948168754577637
2019-08-11 16:00:00,0.2490372657775879
2019-08-11 17:00:00,0.341943621635437
2019-08-11 18:00:00,0.544690802693367
2019-08-11 19:00:00,0.8009583950042725
2019-08-11 20:00:00,1.0153632164001465
2019-08-11 21:00:00,1.1419620513916016
2019-08-11 22:00:00,1.2814662158489227
2019-08-11 23:00:00,1.351379632949829
2019-08-12 00:00:00,1.362885445356369
2019-08-12 01:00:00,1.962606430053711
2019-08-12 02:00:00,2.2687025368213654
2019-08-12 03:00:00,1.8381109237670898
2019-08-12 04:00:00,1.1928385496139526
2019-08-12 05:00:00,0.9453459233045578
2019-08-12 06:00:00,0.9442809075117111
2019-08-12 07:00:00,0.9120234251022339
2019-08-12 08:00:00,0.7970757931470871
2019-08-12 09:00:00,0.740553967654705
2019-08-12 10:00:00,0.9204263985157013
2019-08-12 11:00:00,1.0235853046178818
2019-08-12 12:00:00,0.6659795045852661
2019-08-12 13:00:00,0.5250588655471802
2019-08-12 14:00:00,0.5077983140945435
2019-08-12 15:00:00,0.508933961391449
2019-08-12 16:00:00,0.3839406371116638
2019-08-12 17:00:00,0.22107669711112976
2019-08-12 18:00:00,0.16345393657684326
2019-08-12 19:00:00,0.2496720552444458
2019-08-12 20:00:00,0.41965351998806
2019-08-12 21:00:00,0.5140780210494995
2019-08-12 22:00:00,0.5914648771286011
2019-08-12 23:00:00,0.6644577831029892
2019-08-13 00:00:00,0.7422012537717819
2019-08-13 01:00:00,1.0539746582508087
2019-08-13 02:00:00,1.6385571956634521
2019-08-13 03:00:00,1.9848200380802155
2019-08-13 04:00:00,1.7416921555995941
2019-08-13 05:00:00,1.2222226560115814
2019-08-13 06:00:00,0.6935842633247375
2019-08-13 07:00:00,0.30789533257484436
2019-08-13 08:00:00,0.08586505055427551
2019-08-13 09:00:00,-0.04674035310745239
2019-08-13 10:00:00,0.09134924411773682
2019-08-13 11:00:00,0.3578469157218933
2019-08-13 12:00:00,0.47592854499816895
2019-08-13 13:00:00,0.46896642446517944
2019-08-13 14:00:00,0.3880165219306946
2019-08-13 15:00:00,0.4390876665711403
2019-08-13 16:00:00,0.416717529296875
2019-08-13 17:00:00,0.3606114983558655
2019-08-13 18:00:00,0.30469467490911484
2019-08-13 19:00:00,0.1815117597579956
2019-08-13 20:00:00,-0.04515063762664795
2019-08-13 21:00:00,-0.17891383171081543
2019-08-13 22:00:00,-0.21122968196868896
2019-08-13 23:00:00,-0.2376171350479126
2019-08-14 00:00:00,-0.4661710858345032
2019-08-14 01:00:00,-1.0759340524673462
2019-08-14 02:00:00,-2.042849540710449
2019-08-14 03:00:00,-2.336512804031372
2019-08-14 04:00:00,-2.570099353790283
2019-08-14 05:00:00,-2.6813392639160156
2019-08-14 06:00:00,-2.6132829189300537
2019-08-14 07:00:00,-2.4799389839172363
2019-08-14 08:00:00,-2.22926664352417
2019-08-14 09:00:00,-1.8756442070007324
2019-08-14 10:00:00,-1.327950119972229
2019-08-14 11:00:00,-0.7916245460510254
2019-08-14 12:00:00,-0.3135557174682617
2019-08-14 13:00:00,-0.1668863296508789
2019-08-14 14:00:00,-0.08299851417541504
2019-08-14 15:00:00,-0.07155454158782959
2019-08-14 16:00:00,-0.23126667737960815
2019-08-14 17:00:00,-0.289482057094574
2019-08-14 18:00:00,-0.3358500599861145
2019-08-14 19:00:00,-0.41387122869491577
2019-08-14 20:00:00,-0.6304580569267273
2019-08-14 21:00:00,-0.8177735805511475
2019-08-14 22:00:00,-0.78086356818676
2019-08-14 23:00:00,-0.8552820682525635
2019-08-15 00:00:00,-1.0049715042114258
2019-08-15 01:00:00,-1.4215030670166016
2019-08-15 02:00:00,-2.007993459701538
2019-08-15 03:00:00,-2.386185884475708
2019-08-15 04:00:00,-3.0006885528564453
2019-08-15 05:00:00,-3.515003204345703
2019-08-15 06:00:00,-3.9300670623779297
2019-08-15 07:00:00,-4.118622779846191
2019-08-15 08:00:00,-4.101210594177246
2019-08-15 09:00:00,-3.8947010040283203
2019-08-15 10:00:00,-3.47323340177536
2019-08-15 11:00:00,-3.0254721641540527
2019-08-15 12:00:00,-2.328099012374878
2019-08-15 13:00:00,-1.6843461990356445
2019-08-15 14:00:00,-1.4888849258422852
2019-08-15 15:00:00,-2.044251024723053
2019-08-15 16:00:00,-2.3319311439990997
2019-08-15 17:00:00,-2.334203004837036
2019-08-15 18:00:00,-2.4369454383850098
2019-08-15 19:00:00,-2.4386043548583984
2019-08-15 20:00:00,-2.505270481109619
2019-08-15 21:00:00,-2.60115909576416
2019-08-15 22:00:00,-2.7810425758361816
2019-08-15 23:00:00,-2.9919610023498535
2019-08-16 00:00:00,-3.176442861557007
2019-08-16 01:00:00,-3.468183755874634
2019-08-16 02:00:00,-3.9006409645080566
2019-08-16 03:00:00,-4.031976699829102
2019-08-16 04:00:00,-4.369937896728516
2019-08-16 05:00:00,-4.7402238845825195
2019-08-16 06:00:00,-5.023186683654785
2019-08-16 07:00:00,-5.1626129150390625
2019-08-16 08:00:00,-5.137890338897705
2019-08-16 09:00:00,-5.017760753631592
2019-08-16 10:00:00,-4.890340328216553
2019-08-16 11:00:00,-4.5531206130981445
2019-08-16 12:00:00,-3.8560816645622253
2019-08-16 13:00:00,-2.4320483207702637
2019-08-16 14:00:00,-1.9869599342346191
2019-08-16 15:00:00,-2.225839614868164
2019-08-16 16:00:00,-2.3295273780822754
2019-08-16 17:00:00,-2.4778971672058105
2019-08-16 18:00:00,-2.641425609588623
2019-08-16 19:00:00,-2.8054800033569336
2019-08-16 20:00:00,-2.9700708389282227
2019-08-16 21:00:00,-3.1109814643859863
2019-08-16 22:00:00,-3.0889949798583984
2019-08-16 23:00:00,-3.0310218334198
2019-08-17 00:00:00,-3.028110980987549
2019-08-17 01:00:00,-3.2166764736175537
2019-08-17 02:00:00,-3.5360732078552246
2019-08-17 03:00:00,-4.091635227203369
2019-08-17 04:00:00,-4.0713911056518555
2019-08-17 05:00:00,-3.989855408668518
2019-08-17 06:00:00,-3.816528797149658
2019-08-17 07:00:00,-3.509748935699463
2019-08-17 08:00:00,-3.156832695007324
2019-08-17 09:00:00,-2.804429769515991
2019-08-17 10:00:00,-2.654256820678711
2019-08-17 11:00:00,-2.299708127975464
2019-08-17 12:00:00,-1.9043388366699219
2019-08-17 13:00:00,-1.5527813285589218
2019-08-17 14:00:00,-1.3287082612514496
2019-08-17 15:00:00,-0.9661388695240021
2019-08-17 16:00:00,-0.4792952984571457
2019-08-17 17:00:00,-0.13541829586029053
2019-08-17 18:00:00,-0.06950068473815918
2019-08-17 19:00:00,-0.14804625511169434
2019-08-17 20:00:00,-0.24610823392868042
2019-08-17 21:00:00,-0.2521628141403198
2019-08-17 22:00:00,-0.18820816278457642
2019-08-17 23:00:00,-0.19384682178497314
2019-08-18 00:00:00,-0.28975052386522293
2019-08-18 01:00:00,-0.38439857959747314
2019-08-18 02:00:00,-0.0978461503982544
2019-08-18 03:00:00,1.2074451595544815
2019-08-18 04:00:00,1.8808028548955917
2019-08-18 05:00:00,1.9672217965126038
2019-08-18 06:00:00,1.944724053144455
2019-08-18 07:00:00,1.7995114177465439
2019-08-18 08:00:00,1.5860517024993896
2019-08-18 09:00:00,1.2859625667333603
2019-08-18 10:00:00,1.0628445148468018
2019-08-18 11:00:00,0.8524775505065918
2019-08-18 12:00:00,0.40129292011260986
2019-08-18 13:00:00,0.20992475748062134
2019-08-18 14:00:00,0.18844562768936157
2019-08-18 15:00:00,0.2050262689590454
2019-08-18 16:00:00,0.17314302921295166
2019-08-18 17:00:00,0.2000570297241211
2019-08-18 18:00:00,0.2411043643951416
2019-08-18 19:00:00,0.30745650082826614
2019-08-18 20:00:00,0.3367305025458336
2019-08-18 21:00:00,0.35815632343292236
2019-08-18 22:00:00,0.40970195829868317
2019-08-18 23:00:00,0.45128303952515125
2019-08-19 00:00:00,0.46940217912197113
2019-08-19 01:00:00,0.6803218871355057
2019-08-19 02:00:00,1.1989368200302124
2019-08-19 03:00:00,1.4519627094268799
2019-08-19 04:00:00,1.5601230263710022
2019-08-19 05:00:00,1.5555152893066406
2019-08-19 06:00:00,1.517911434173584
2019-08-19 07:00:00,1.3861656188964844
2019-08-19 08:00:00,1.294607400894165
2019-08-19 09:00:00,1.287096619606018
2019-08-19 10:00:00,1.1815491914749146
2019-08-19 11:00:00,1.1201071739196777
2019-08-19 12:00:00,0.6772248148918152
2019-08-19 13:00:00,0.5808221697807312
2019-08-19 14:00:00,0.47883135080337524
2019-08-19 15:00:00,0.4422178491950035
2019-08-19 16:00:00,0.3617587126791477
2019-08-19 17:00:00,0.28292590379714966
2019-08-19 18:00:00,0.20139965415000916
2019-08-19 19:00:00,0.0969960205256939
2019-08-19 20:00:00,-0.018105924129486084
2019-08-19 21:00:00,-0.07726038619875908
2019-08-19 22:00:00,0.0854838453233242
2019-08-19 23:00:00,0.3237273544073105
2019-08-20 00:00:00,0.6426510363817215
2019-08-20 01:00:00,1.3996978998184204
2019-08-20 02:00:00,1.913346290588379
2019-08-20 03:00:00,1.793341875076294
2019-08-20 04:00:00,1.5821377038955688
2019-08-20 05:00:00,1.4587578773498535
2019-08-20 06:00:00,1.4961916208267212
2019-08-20 07:00:00,1.645470380783081
2019-08-20 08:00:00,1.7910246849060059
2019-08-20 09:00:00,1.89686781167984
2019-08-20 10:00:00,1.8384983539581299
2019-08-20 11:00:00,1.7805047929286957
2019-08-20 12:00:00,1.391667366027832
2019-08-20 13:00:00,0.8236749172210693
2019-08-20 14:00:00,0.6173189878463745
2019-08-20 15:00:00,0.540708526968956
2019-08-20 16:00:00,0.4542590258643031
2019-08-20 17:00:00,0.3476553112268448
2019-08-20 18:00:00,0.2292446494102478
2019-08-20 19:00:00,0.14853167533874512
2019-08-20 20:00:00,0.1399524211883545
2019-08-20 21:00:00,0.2394179329276085
2019-08-20 22:00:00,0.4489777684211731
2019-08-20 23:00:00,0.6493584513664246
2019-08-21 00:00:00,0.7738759517669678
2019-08-21 01:00:00,1.038241595029831
2019-08-21 02:00:00,2.1794629096984863
2019-08-21 03:00:00,2.1549882888793945
2019-08-21 04:00:00,2.5179855823516846
2019-08-21 05:00:00,2.6064677238464355
2019-08-21 06:00:00,2.649111747741699
2019-08-21 07:00:00,2.5561881065368652
2019-08-21 08:00:00,2.324234962463379
2019-08-21 09:00:00,2.0314481258392334
2019-08-21 10:00:00,1.7298462390899658
2019-08-21 11:00:00,1.2805126905441284
2019-08-21 12:00:00,0.9612471610307693
2019-08-21 13:00:00,0.4457568898797035
2019-08-21 14:00:00,0.2388024926185608
2019-08-21 15:00:00,0.0030860304832458496
2019-08-21 16:00:00,-0.22600439190864563
2019-08-21 17:00:00,-0.3538069725036621
2019-08-21 18:00:00,-0.3808586001396179
2019-08-21 19:00:00,-0.3240843452513218
2019-08-21 20:00:00,-0.24537235498428345
2019-08-21 21:00:00,-0.2019217312335968
2019-08-21 22:00:00,-0.11786004900932312
2019-08-21 23:00:00,0.051601238548755646
2019-08-22 00:00:00,0.1883419156074524
2019-08-22 01:00:00,0.15273845195770264
2019-08-22 02:00:00,0.3847948908805847
2019-08-22 03:00:00,0.5868344902992249
2019-08-22 04:00:00,0.8046391010284424
2019-08-22 05:00:00,0.8109225630760193
2019-08-22 06:00:00,0.803386926651001
2019-08-22 07:00:00,0.7374511957168579
2019-08-22 08:00:00,0.6148175001144409
2019-08-22 09:00:00,0.4659067988395691
2019-08-22 10:00:00,0.15698391199111938
2019-08-22 11:00:00,-0.10726737976074219
2019-08-22 12:00:00,-0.20418620109558105
2019-08-22 13:00:00,-0.4068877100944519
2019-08-22 14:00:00,-0.6477181315422058
2019-08-22 15:00:00,-0.8442818000912666
2019-08-22 16:00:00,-0.7910372018814087
2019-08-22 17:00:00,-0.7178926467895508
2019-08-22 18:00:00,-0.5726624727249146
2019-08-22 19:00:00,-0.3208470940589905
2019-08-22 20:00:00,0.08072531223297119
2019-08-22 21:00:00,0.4546545743942261
2019-08-22 22:00:00,0.5483007431030273
2019-08-22 23:00:00,0.5754272937774658
2019-08-23 00:00:00,0.5725295543670654
2019-08-23 01:00:00,0.6381955742835999
2019-08-23 02:00:00,1.5115981101989746
2019-08-23 03:00:00,1.3222296237945557
2019-08-23 04:00:00,1.3038901090621948
2019-08-23 05:00:00,1.1899749040603638
2019-08-23 06:00:00,1.0934174060821533
2019-08-23 07:00:00,0.9941921234130859
2019-08-23 08:00:00,0.858252763748169
2019-08-23 09:00:00,0.6615594625473022
2019-08-23 10:00:00,0.6688684225082397
2019-08-23 11:00:00,0.6525170877575874
2019-08-23 12:00:00,0.45365625619888306
2019-08-23 13:00:00,0.24008864164352417
2019-08-23 14:00:00,0.04178175330162048
2019-08-23 15:00:00,-0.10954150557518005
2019-08-23 16:00:00,-0.26129817962646484
2019-08-23 17:00:00,-0.36961327493190765
2019-08-23 18:00:00,-0.4338573068380356
2019-08-23 19:00:00,-0.4942941516637802
2019-08-23 20:00:00,-0.5555141046643257
2019-08-23 21:00:00,-0.5830545350909233
2019-08-23 22:00:00,-0.5580905079841614
2019-08-23 23:00:00,-0.4935652017593384
2019-08-24 00:00:00,-0.39709001779556274
2019-08-24 01:00:00,-0.19850781559944153
2019-08-24 02:00:00,-0.11132389307022095
2019-08-24 03:00:00,0.05648510530591011
2019-08-24 04:00:00,0.6497571468353271
2019-08-24 05:00:00,0.9687223434448242
2019-08-24 06:00:00,0.8886284828186035
2019-08-24 07:00:00,0.662737250328064
2019-08-24 08:00:00,0.44255392998456955
2019-08-24 09:00:00,0.29855388030409813
2019-08-24 10:00:00,0.1776995025575161
2019-08-24 11:00:00,0.041428230702877045
2019-08-24 12:00:00,-0.15716487169265747
2019-08-24 13:00:00,-0.3496772199869156
2019-08-24 14:00:00,-0.5326629914343357
2019-08-24 15:00:00,-0.7202303409576416
2019-08-24 16:00:00,-0.7804802656173706
2019-08-24 17:00:00,-0.8211565017700195
2019-08-24 18:00:00,-0.8444944620132446
2019-08-24 19:00:00,-0.7852316498756409
2019-08-24 20:00:00,-0.6183828711509705
2019-08-24 21:00:00,-0.4243677854537964
2019-08-24 22:00:00,-0.37139856815338135
2019-08-24 23:00:00,-0.3665417432785034
2019-08-25 00:00:00,-0.41860127449035645
2019-08-25 01:00:00,-0.6691808700561523
2019-08-25 02:00:00,-0.906746581196785
2019-08-25 03:00:00,-0.7521579265594482
2019-08-25 04:00:00,-0.9475617408752441
2019-08-25 05:00:00,-1.2239211797714233
2019-08-25 06:00:00,-1.3514397144317627
2019-08-25 07:00:00,-1.3587472438812256
2019-08-25 08:00:00,-1.3527259826660156
2019-08-25 09:00:00,-1.3651565313339233
2019-08-25 10:00:00,-1.3031702041625977
2019-08-25 11:00:00,-1.273386001586914
2019-08-25 12:00:00,-0.9951741695404053
2019-08-25 13:00:00,-0.802182674407959
2019-08-25 14:00:00,-0.6315573453903198
2019-08-25 15:00:00,-0.6772400140762329
2019-08-25 16:00:00,-0.7148258686065674
2019-08-25 17:00:00,-0.7881389856338501
2019-08-25 18:00:00,-0.9618158340454102
2019-08-25 19:00:00,-1.3460009098052979
2019-08-25 20:00:00,-1.800222396850586
2019-08-25 21:00:00,-2.0608327388763428
2019-08-25 22:00:00,-2.0440943241119385
2019-08-25 23:00:00,-1.9849936962127686
2019-08-26 00:00:00,-1.839019536972046
2019-08-26 01:00:00,-1.824636459350586
2019-08-26 02:00:00,-2.0171507000923157
2019-08-26 03:00:00,-2.0907270908355713
2019-08-26 04:00:00,-2.3534252643585205
2019-08-26 05:00:00,-2.396052122116089
2019-08-26 06:00:00,-2.338679313659668
2019-08-26 07:00:00,-2.1473422050476074
2019-08-26 08:00:00,-1.8929784297943115
2019-08-26 09:00:00,-1.7007763385772705
2019-08-26 10:00:00,-1.5121848732233047
2019-08-26 11:00:00,-1.3579280227422714
2019-08-26 12:00:00,-0.9251312017440796
2019-08-26 13:00:00,-0.5865707397460938
2019-08-26 14:00:00,-0.21639680862426758
2019-08-26 15:00:00,0.010791420936584473
2019-08-26 16:00:00,0.18950653076171875
2019-08-26 17:00:00,0.30499982833862305
2019-08-26 18:00:00,0.3587111234664917
2019-08-26 19:00:00,0.2856175899505615
2019-08-26 20:00:00,0.07038617134094238
2019-08-26 21:00:00,-0.12945431470870972
2019-08-26 22:00:00,-0.2890816330909729
2019-08-26 23:00:00,-0.3739338517189026
2019-08-27 00:00:00,-0.44305846840143204
2019-08-27 01:00:00,-0.48643407970666885
2019-08-27 02:00:00,-0.7074113339185715
2019-08-27 03:00:00,-0.9597979038953781
2019-08-27 04:00:00,-1.2682626247406006
2019-08-27 05:00:00,-1.535921186208725
2019-08-27 06:00:00,-1.6794178485870361
2019-08-27 07:00:00,-1.7633332312107086
2019-08-27 08:00:00,-1.8301855027675629
2019-08-27 09:00:00,-1.8918585181236267
2019-08-27 10:00:00,-1.897012710571289
2019-08-27 11:00:00,-1.8597425520420074
2019-08-27 12:00:00,-1.2055243253707886
2019-08-27 13:00:00,-0.7696335315704346
2019-08-27 14:00:00,-0.5626351237297058
2019-08-27 15:00:00,-0.4357094168663025
2019-08-27 16:00:00,-0.32857316732406616
2019-08-27 17:00:00,-0.2441076636314392
2019-08-27 18:00:00,-0.19954609870910645
2019-08-27 19:00:00,-0.24751102924346924
2019-08-27 20:00:00,-0.3763863444328308
2019-08-27 21:00:00,-0.5021249651908875
2019-08-27 22:00:00,-0.5378093123435974
2019-08-27 23:00:00,-0.52731042355299
2019-08-28 00:00:00,-0.5127074122428894
2019-08-28 01:00:00,-0.6983480378985405
2019-08-28 02:00:00,-1.0593380630016327
2019-08-28 03:00:00,-1.5692851543426514
2019-08-28 04:00:00,-1.9574365615844727
2019-08-28 05:00:00,-2.2863404750823975
2019-08-28 06:00:00,-2.517138719558716
2019-08-28 07:00:00,-2.635742664337158
2019-08-28 08:00:00,-2.6418821811676025
2019-08-28 09:00:00,-2.5712685585021973
2019-08-28 10:00:00,-2.301464319229126
2019-08-28 11:00:00,-2.041626214981079
2019-08-28 12:00:00,-1.3468959331512451
2019-08-28 13:00:00,-0.7920882701873779
2019-08-28 14:00:00,-0.5973464250564575
2019-08-28 15:00:00,-0.4781801700592041
2019-08-28 16:00:00,-0.43021053075790405
2019-08-28 17:00:00,-0.38267427682876587
2019-08-28 18:00:00,-0.35197752714157104
2019-08-28 19:00:00,-0.34484049677848816
2019-08-28 20:00:00,-0.38181403279304504
2019-08-28 21:00:00,-0.44277769327163696
2019-08-28 22:00:00,-0.3812520354986191
2019-08-28 23:00:00,-0.2484058141708374
2019-08-29 00:00:00,-0.18531370162963867
2019-08-29 01:00:00,-0.2796211838722229
2019-08-29 02:00:00,-0.4229077100753784
2019-08-29 03:00:00,-1.0848493874073029
2019-08-29 04:00:00,-1.4981246143579483
2019-08-29 05:00:00,-1.6412980556488037
2019-08-29 06:00:00,-1.629929929971695
2019-08-29 07:00:00,-1.5466668754816055
2019-08-29 08:00:00,-1.4422317445278168
2019-08-29 09:00:00,-1.275228887796402
2019-08-29 10:00:00,-1.2306642532348633
2019-08-29 11:00:00,-1.01279878616333
2019-08-29 12:00:00,-0.7555654048919678
2019-08-29 13:00:00,-0.40060484409332275
2019-08-29 14:00:00,-0.2251441478729248
2019-08-29 15:00:00,-0.04274177551269531
2019-08-29 16:00:00,0.16000545024871826
2019-08-29 17:00:00,0.3263411521911621
2019-08-29 18:00:00,0.3582630753517151
2019-08-29 19:00:00,0.24112915992736816
2019-08-29 20:00:00,0.00810164213180542
2019-08-29 21:00:00,-0.20495843887329102
2019-08-29 22:00:00,-0.2730381488800049
2019-08-29 23:00:00,-0.2156570553779602
2019-08-30 00:00:00,-0.15873974561691284
2019-08-30 01:00:00,-0.3277170658111572
2019-08-30 02:00:00,-0.6088332533836365
2019-08-30 03:00:00,-0.35935860872268677
2019-08-30 04:00:00,-0.3758779764175415
2019-08-30 05:00:00,-0.6666077375411987
2019-08-30 06:00:00,-0.8073977157473564
2019-08-30 07:00:00,-0.7579972818493843
2019-08-30 08:00:00,-0.6267848089337349
2019-08-30 09:00:00,-0.4268408268690109
2019-08-30 10:00:00,-0.06504108011722565
2019-08-30 11:00:00,0.2118447795510292
2019-08-30 12:00:00,0.4154226556420326
2019-08-30 13:00:00,0.3200783133506775
2019-08-30 14:00:00,0.40348106622695923
2019-08-30 15:00:00,0.46572691202163696
2019-08-30 16:00:00,0.5214762687683105
2019-08-30 17:00:00,0.578729510307312
2019-08-30 18:00:00,0.6032997369766235
2019-08-30 19:00:00,0.5288418531417847
2019-08-30 20:00:00,0.3643987774848938
2019-08-30 21:00:00,0.1983165144920349
2019-08-30 22:00:00,0.03895825147628784
2019-08-30 23:00:00,-0.08297324180603027
2019-08-31 00:00:00,-0.14745602011680603
2019-08-31 01:00:00,-0.17218193411827087
2019-08-31 02:00:00,-0.6336744427680969
2019-08-31 03:00:00,-0.7284782379865646
2019-08-31 04:00:00,-0.3992898315191269
2019-08-31 05:00:00,-0.2631072998046875
2019-08-31 06:00:00,-0.1890249252319336
2019-08-31 07:00:00,-0.1367240473628044
2019-08-31 08:00:00,-0.04410054534673691
2019-08-31 09:00:00,0.0876150131225586
2019-08-31 10:00:00,0.05441529303789139
2019-08-31 11:00:00,-0.0016689896583557129
2019-08-31 12:00:00,0.019669055938720703
2019-08-31 13:00:00,0.02486240863800049
2019-08-31 14:00:00,-0.015573590993881226
2019-08-31 15:00:00,-0.007632875815033913
2019-08-31 16:00:00,-0.09027921035885811
2019-08-31 17:00:00,-0.15110932663083076
2019-08-31 18:00:00,-0.15388048812747002
2019-08-31 19:00:00,-0.08700205385684967
2019-08-31 20:00:00,0.0523984394967556
2019-08-31 21:00:00,0.1629212498664856
2019-08-31 22:00:00,0.22941887378692627
2019-08-31 23:00:00,0.21462076902389526
2019-09-01 00:00:00,0.10694563388824463
2019-09-01 01:00:00,-0.09600365161895752
2019-09-01 02:00:00,-0.7696728706359863
2019-09-01 03:00:00,-0.9207326173782349
2019-09-01 04:00:00,-0.9890599250793457
2019-09-01 05:00:00,-0.9942184686660767
2019-09-01 06:00:00,-1.2218074798583984
2019-09-01 07:00:00,-1.4192049503326416
2019-09-01 08:00:00,-1.3713712692260742
2019-09-01 09:00:00,-1.2146896123886108
2019-09-01 10:00:00,-1.0709071084856987
2019-09-01 11:00:00,-0.8394343815743923
2019-09-01 12:00:00,-0.6958408281207085
2019-09-01 13:00:00,-0.5379900336265564
2019-09-01 14:00:00,-0.3920651078224182
2019-09-01 15:00:00,-0.2942872643470764
2019-09-01 16:00:00,-0.294261634349823
2019-09-01 17:00:00,-0.4271646738052368
2019-09-01 18:00:00,-0.6190328598022461
2019-09-01 19:00:00,-0.7893692255020142
2019-09-01 20:00:00,-0.779515266418457
2019-09-01 21:00:00,-0.4973464012145996
2019-09-01 22:00:00,-0.12532496452331543
2019-09-01 23:00:00,0.09558963775634766
2019-09-02 00:00:00,0.18740606307983398
2019-09-02 01:00:00,0.21140074729919434
2019-09-02 02:00:00,0.3575737476348877
2019-09-02 03:00:00,0.2403264045715332
2019-09-02 04:00:00,0.08693933486938477
2019-09-02 05:00:00,-0.16554594039916992
2019-09-02 06:00:00,-0.3759031295776367
2019-09-02 07:00:00,-0.38466501235961914
2019-09-02 08:00:00,-0.20888423919677734
2019-09-02 09:00:00,0.030617475509643555
2019-09-02 10:00:00,0.3763422966003418
2019-09-02 11:00:00,0.6285338401794434
2019-09-02 12:00:00,0.6439802646636963
2019-09-02 13:00:00,0.42489194869995117
2019-09-02 14:00:00,0.3896195888519287
2019-09-02 15:00:00,0.38457465171813965
2019-09-02 16:00:00,0.42145299911499023
2019-09-02 17:00:00,0.4602389335632324
2019-09-02 18:00:00,0.45205068588256836
2019-09-02 19:00:00,0.39627957344055176
2019-09-02 20:00:00,0.2928025722503662
2019-09-02 21:00:00,0.16054129600524902
2019-09-02 22:00:00,0.03679919242858887
2019-09-02 23:00:00,-0.10476469993591309
2019-09-03 00:00:00,-0.2604762315750122
2019-09-03 01:00:00,-0.322878360748291
2019-09-03 02:00:00,-0.817375659942627
2019-09-03 03:00:00,-0.1983112096786499
2019-09-03 04:00:00,0.12250101566314697
2019-09-03 05:00:00,0.0974656343460083
2019-09-03 06:00:00,-0.06410616636276245
2019-09-03 07:00:00,-0.17952239513397217
2019-09-03 08:00:00,-0.19947922229766846
2019-09-03 09:00:00,-0.2538376823067665
2019-09-03 10:00:00,-0.22775357961654663
2019-09-03 11:00:00,-0.21981221437454224
2019-09-03 12:00:00,-0.1565239429473877
2019-09-03 13:00:00,-0.19568192958831787
2019-09-03 14:00:00,-0.2843583822250366
2019-09-03 15:00:00,-0.34728074073791504
2019-09-03 16:00:00,-0.32006359100341797
2019-09-03 17:00:00,-0.2851495146751404
2019-09-03 18:00:00,-0.23971569538116455
2019-09-03 19:00:00,-0.20347803831100464
2019-09-03 20:00:00,-0.26637017726898193
2019-09-03 21:00:00,-0.3866995573043823
2019-09-03 22:00:00,-0.44857609272003174
2019-09-03 23:00:00,-0.45906198024749756
2019-09-04 00:00:00,-0.4719786047935486
2019-09-04 01:00:00,-0.4986993074417114
2019-09-04 02:00:00,-1.1767460107803345
2019-09-04 03:00:00,-1.1842522621154785
2019-09-04 04:00:00,-1.376505970954895
2019-09-04 05:00:00,-1.692030906677246
2019-09-04 06:00:00,-1.9615063071250916
2019-09-04 07:00:00,-2.13149756193161
2019-09-04 08:00:00,-2.090817928314209
2019-09-04 09:00:00,-1.8535155653953552
2019-09-04 10:00:00,-1.2677853256464005
2019-09-04 11:00:00,-0.759405180811882
2019-09-04 12:00:00,-0.42416809499263763
2019-09-04 13:00:00,-0.395786851644516
2019-09-04 14:00:00,-0.4892585203051567
2019-09-04 15:00:00,-0.5166712403297424
2019-09-04 16:00:00,-0.41926028579473495
2019-09-04 17:00:00,-0.2821211814880371
2019-09-04 18:00:00,-0.13861067220568657
2019-09-04 19:00:00,0.0070363301783800125
2019-09-04 20:00:00,0.052885085344314575
2019-09-04 21:00:00,0.022296041250228882
2019-09-04 22:00:00,-0.06896215677261353
2019-09-04 23:00:00,-0.16665807366371155
2019-09-05 00:00:00,-0.22499525547027588
2019-09-05 01:00:00,-0.259807825088501
2019-09-05 02:00:00,-0.4880867600440979
2019-09-05 03:00:00,-0.42440730333328247
2019-09-05 04:00:00,-0.7330927401781082
2019-09-05 05:00:00,-1.111135721206665
2019-09-05 06:00:00,-1.4029379040002823
2019-09-05 07:00:00,-1.5480662882328033
2019-09-05 08:00:00,-1.5253496170043945
2019-09-05 09:00:00,-1.473105177283287
2019-09-05 10:00:00,-1.1504676342010498
2019-09-05 11:00:00,-1.0197592973709106
2019-09-05 12:00:00,-0.69753497838974
2019-09-05 13:00:00,-0.5018671751022339
2019-09-05 14:00:00,-0.4694218039512634
2019-09-05 15:00:00,-0.414054449647665
2019-09-05 16:00:00,-0.31944704055786133
2019-09-05 17:00:00,-0.23441951721906662
2019-09-05 18:00:00,-0.2149980068206787
2019-09-05 19:00:00,-0.2137686014175415
2019-09-05 20:00:00,-0.22557060793042183
2019-09-05 21:00:00,-0.2797161340713501
2019-09-05 22:00:00,-0.3609144911170006
2019-09-05 23:00:00,-0.42705291509628296
2019-09-06 00:00:00,-0.46000194549560547
2019-09-06 01:00:00,-0.5412377119064331
2019-09-06 02:00:00,-1.0551683902740479
2019-09-06 03:00:00,-0.953708291053772
2019-09-06 04:00:00,-0.7780885696411133
2019-09-06 05:00:00,-0.5850793719291687
2019-09-06 06:00:00,-0.4398701786994934
2019-09-06 07:00:00,-0.39903682470321655
2019-09-06 08:00:00,-0.3693386912345886
2019-09-06 09:00:00,-0.3578794598579407
2019-09-06 10:00:00,-0.16222810745239258
2019-09-06 11:00:00,-0.036678433418273926
2019-09-06 12:00:00,0.03438270092010498
2019-09-06 13:00:00,0.07055336236953735
2019-09-06 14:00:00,0.13208729028701782
2019-09-06 15:00:00,0.16630715131759644
2019-09-06 16:00:00,0.1237068772315979
2019-09-06 17:00:00,0.1258891224861145
2019-09-06 18:00:00,0.17990326881408691
2019-09-06 19:00:00,0.26053380966186523
2019-09-06 20:00:00,0.3231627941131592
2019-09-06 21:00:00,0.34735918045043945
2019-09-06 22:00:00,0.2876518964767456
2019-09-06 23:00:00,0.14697587490081787
2019-09-07 00:00:00,-0.061194658279418945
2019-09-07 01:00:00,-0.19351446628570557
2019-09-07 02:00:00,-0.6865237355232239
2019-09-07 03:00:00,-0.6114209890365601
2019-09-07 04:00:00,-0.4623698592185974
2019-09-07 05:00:00,-0.33978068828582764
2019-09-07 06:00:00,-0.19161248207092285
2019-09-07 07:00:00,-0.15278267860412598
2019-09-07 08:00:00,-0.16885006427764893
2019-09-07 09:00:00,-0.15970396995544434
2019-09-07 10:00:00,-0.1741570234298706
2019-09-07 11:00:00,-0.20389729738235474
2019-09-07 12:00:00,-0.24992519617080688
2019-09-07 13:00:00,-0.25394723005592823
2019-09-07 14:00:00,-0.2814384698867798
2019-09-07 15:00:00,-0.3253142237663269
2019-09-07 16:00:00,-0.26036572456359863
2019-09-07 17:00:00,-0.14691510796546936
2019-09-07 18:00:00,-0.07034972310066223
2019-09-07 19:00:00,-0.08820956945419312
2019-09-07 20:00:00,-0.2066134214401245
2019-09-07 21:00:00,-0.29742056131362915
2019-09-07 22:00:00,-0.3445003032684326
2019-09-07 23:00:00,-0.3938552737236023
2019-09-08 00:00:00,-0.4487374871969223
2019-09-08 01:00:00,-0.4937257915735245
2019-09-08 02:00:00,-1.3180995136499405
2019-09-08 03:00:00,-1.4908733367919922
2019-09-08 04:00:00,-1.5499029159545898
2019-09-08 05:00:00,-1.5037825107574463
2019-09-08 06:00:00,-1.3837097883224487
2019-09-08 07:00:00,-1.2882370948791504
2019-09-08 08:00:00,-1.2141352891921997
2019-09-08 09:00:00,-1.1356641054153442
2019-09-08 10:00:00,-0.9780467748641968
2019-09-08 11:00:00,-0.7865412831306458
2019-09-08 12:00:00,-0.46366775035858154
2019-09-08 13:00:00,-0.3107883930206299
2019-09-08 14:00:00,-0.36865174770355225
2019-09-08 15:00:00,-0.3781700134277344
2019-09-08 16:00:00,-0.346840500831604
2019-09-08 17:00:00,-0.3116832971572876
2019-09-08 18:00:00,-0.31770968437194824
2019-09-08 19:00:00,-0.33236587047576904
2019-09-08 20:00:00,-0.35454869270324707
2019-09-08 21:00:00,-0.4086642265319824
2019-09-08 22:00:00,-0.4362645149230957
2019-09-08 23:00:00,-0.43486398458480835
2019-09-09 00:00:00,-0.41883331537246704
2019-09-09 01:00:00,-0.35221540927886963
2019-09-09 02:00:00,-0.4425676017999649
2019-09-09 03:00:00,-0.10178659111261368
2019-09-09 04:00:00,0.40078067034482956
2019-09-09 05:00:00,0.6282005272805691
2019-09-09 06:00:00,0.6608734913170338
2019-09-09 07:00:00,0.5945868939161301
2019-09-09 08:00:00,0.5279736965894699
2019-09-09 09:00:00,0.5539642572402954
2019-09-09 10:00:00,0.6374233961105347
2019-09-09 11:00:00,0.5297520160675049
2019-09-09 12:00:00,0.48342597484588623
2019-09-09 13:00:00,0.30356717109680176
2019-09-09 14:00:00,0.2347627878189087
2019-09-09 15:00:00,0.14375734329223633
2019-09-09 16:00:00,-0.017987847328186035
2019-09-09 17:00:00,-0.20102393627166748
2019-09-09 18:00:00,-0.4413365125656128
2019-09-09 19:00:00,-0.6514084339141846
2019-09-09 20:00:00,-0.7587502002716064
2019-09-09 21:00:00,-0.7550749778747559
2019-09-09 22:00:00,-0.6545984745025635
2019-09-09 23:00:00,-0.48805689811706543
2019-09-10 00:00:00,-0.29696059226989746
2019-09-10 01:00:00,-0.049585580825805664
2019-09-10 02:00:00,0.18267953395843506
2019-09-10 03:00:00,0.2902238368988037
2019-09-10 04:00:00,1.0565762519836426
2019-09-10 05:00:00,1.3186914920806885
2019-09-10 06:00:00,1.4555621147155762
2019-09-10 07:00:00,1.4399709701538086
2019-09-10 08:00:00,1.2622673511505127
2019-09-10 09:00:00,1.0172673463821411
2019-09-10 10:00:00,0.7328259944915771
2019-09-10 11:00:00,0.49919819831848145
2019-09-10 12:00:00,0.24698925018310547
2019-09-10 13:00:00,-0.03735995292663574
2019-09-10 14:00:00,-0.21235865354537964
2019-09-10 15:00:00,-0.35193872451782227
2019-09-10 16:00:00,-0.43618643283843994
2019-09-10 17:00:00,-0.5114915370941162
2019-09-10 18:00:00,-0.5831370949745178
2019-09-10 19:00:00,-0.6236221194267273
2019-09-10 20:00:00,-0.6424486637115479
2019-09-10 21:00:00,-0.654894232749939
2019-09-10 22:00:00,-0.6780195832252502
2019-09-10 23:00:00,-0.7203821539878845
2019-09-11 00:00:00,-0.7990919351577759
2019-09-11 01:00:00,-0.702032208442688
2019-09-11 02:00:00,-1.2426517009735107
2019-09-11 03:00:00,-0.7964825630187988
2019-09-11 04:00:00,-0.02570420503616333
2019-09-11 05:00:00,0.45418769121170044
2019-09-11 06:00:00,0.5224553346633911
2019-09-11 07:00:00,0.5460045337677002
2019-09-11 08:00:00,0.5328229665756226
2019-09-11 09:00:00,0.46427083015441895
2019-09-11 10:00:00,0.3298949599266052
2019-09-11 11:00:00,0.15892475843429565
2019-09-11 12:00:00,0.05730116367340088
2019-09-11 13:00:00,-0.15355509519577026
2019-09-11 14:00:00,-0.3597143664956093
2019-09-11 15:00:00,-0.46650397777557373
2019-09-11 16:00:00,-0.5203751474618912
2019-09-11 17:00:00,-0.5411525368690491
2019-09-11 18:00:00,-0.5579497218132019
2019-09-11 19:00:00,-0.6164248138666153
2019-09-11 20:00:00,-0.6994953751564026
2019-09-11 21:00:00,-0.7162127494812012
2019-09-11 22:00:00,-0.7183805108070374
2019-09-11 23:00:00,-0.6372684240341187
2019-09-12 00:00:00,-0.5113436579704285
2019-09-12 01:00:00,-0.3562438488006592
2019-09-12 02:00:00,-0.5908723324537277
2019-09-12 03:00:00,-0.5503336787223816
2019-09-12 04:00:00,-0.4036600589752197
2019-09-12 05:00:00,-0.27395176887512207
2019-09-12 06:00:00,-0.2729000449180603
2019-09-12 07:00:00,-0.20113098621368408
2019-09-12 08:00:00,-0.13724583387374878
2019-09-12 09:00:00,-0.1532883644104004
2019-09-12 10:00:00,-0.40203821659088135
2019-09-12 11:00:00,-0.5915359258651733
2019-09-12 12:00:00,-0.7074353694915771
2019-09-12 13:00:00,-0.8393052816390991
2019-09-12 14:00:00,-1.0899085998535156
2019-09-12 15:00:00,-1.1834900677204132
2019-09-12 16:00:00,-1.152816891670227
2019-09-12 17:00:00,-1.0778924226760864
2019-09-12 18:00:00,-1.0494407415390015
2019-09-12 19:00:00,-1.0204331874847412
2019-09-12 20:00:00,-0.9887175559997559
2019-09-12 21:00:00,-0.8875648975372314
2019-09-12 22:00:00,-0.6967641115188599
2019-09-12 23:00:00,-0.5523604154586792
2019-09-13 00:00:00,-0.480249285697937
2019-09-13 01:00:00,-0.5402942895889282
2019-09-13 02:00:00,-1.0367540121078491
2019-09-13 03:00:00,-1.658656120300293
2019-09-13 04:00:00,-2.167596846818924
2019-09-13 05:00:00,-2.5047199726104736
2019-09-13 06:00:00,-2.5864009857177734
2019-09-13 07:00:00,-2.5128254890441895
2019-09-13 08:00:00,-2.3999571800231934
2019-09-13 09:00:00,-2.284785211086273
2019-09-13 10:00:00,-2.135776937007904
2019-09-13 11:00:00,-2.0156948566436768
2019-09-13 12:00:00,-1.5383586883544922
2019-09-13 13:00:00,-1.0058269500732422
2019-09-13 14:00:00,-1.1515539586544037
2019-09-13 15:00:00,-1.2736197710037231
2019-09-13 16:00:00,-1.3420612812042236
2019-09-13 17:00:00,-1.2598869800567627
2019-09-13 18:00:00,-1.0509618520736694
2019-09-13 19:00:00,-0.8462165147066116
2019-09-13 20:00:00,-0.711379885673523
2019-09-13 21:00:00,-0.6590825319290161
2019-09-13 22:00:00,-0.7380203008651733
2019-09-13 23:00:00,-0.8250724673271179
2019-09-14 00:00:00,-0.9587421864271164
2019-09-14 01:00:00,-1.3128890991210938
2019-09-14 02:00:00,-1.9545414447784424
2019-09-14 03:00:00,-2.0984320640563965
2019-09-14 04:00:00,-2.0741262435913086
2019-09-14 05:00:00,-2.0657201409339905
2019-09-14 06:00:00,-2.044621706008911
2019-09-14 07:00:00,-1.9192497730255127
2019-09-14 08:00:00,-1.7936301231384277
2019-09-14 09:00:00,-1.7067822813987732
2019-09-14 10:00:00,-1.7513490319252014
2019-09-14 11:00:00,-1.924428939819336
2019-09-14 12:00:00,-1.6156134605407715
2019-09-14 13:00:00,-1.2384505420923233
2019-09-14 14:00:00,-1.4544802904129028
2019-09-14 15:00:00,-1.528491497039795
2019-09-14 16:00:00,-1.497046709060669
2019-09-14 17:00:00,-1.3942922353744507
2019-09-14 18:00:00,-1.2672570943832397
2019-09-14 19:00:00,-1.143020749092102
2019-09-14 20:00:00,-0.9823190867900848
2019-09-14 21:00:00,-0.7922056913375854
2019-09-14 22:00:00,-0.49424195289611816
2019-09-14 23:00:00,-0.3270695209503174
2019-09-15 00:00:00,-0.22422027587890625
2019-09-15 01:00:00,-0.10226023197174072
2019-09-15 02:00:00,0.00034564733505249023
2019-09-15 03:00:00,-0.10940437018871307
2019-09-15 04:00:00,-0.4875342845916748
2019-09-15 05:00:00,-0.49216026067733765
2019-09-15 06:00:00,-0.35493922233581543
2019-09-15 07:00:00,-0.12356789037585258
2019-09-15 08:00:00,0.1750340685248375
2019-09-15 09:00:00,0.4081238731741905
2019-09-15 10:00:00,0.37981436401605606
2019-09-15 11:00:00,0.2881443724036217
2019-09-15 12:00:00,0.13323986530303955
2019-09-15 13:00:00,-0.03329348564147949
2019-09-15 14:00:00,-0.1616029031574726
2019-09-15 15:00:00,-0.21873851493000984
2019-09-15 16:00:00,-0.20639872178435326
2019-09-15 17:00:00,-0.158343143761158
2019-09-15 18:00:00,-0.11829715967178345
2019-09-15 19:00:00,-0.08738940954208374
2019-09-15 20:00:00,-0.07090365886688232
2019-09-15 21:00:00,-0.045524366199970245
2019-09-15 22:00:00,-0.0017097871750593185
2019-09-15 23:00:00,0.09114902466535568
2019-09-16 00:00:00,0.20154908299446106
2019-09-16 01:00:00,0.3197500482201576
2019-09-16 02:00:00,0.7214192226529121
2019-09-16 03:00:00,0.5504846572875977
2019-09-16 04:00:00,0.9390770196914673
2019-09-16 05:00:00,1.1115208864212036
2019-09-16 06:00:00,1.1829169988632202
2019-09-16 07:00:00,1.2704968303442001
2019-09-16 08:00:00,1.3684351444244385
2019-09-16 09:00:00,1.4125831127166748
2019-09-16 10:00:00,1.0574004352092743
2019-09-16 11:00:00,0.6717950850725174
2019-09-16 12:00:00,0.3547365069389343
2019-09-16 13:00:00,-0.03980737924575806
2019-09-16 14:00:00,-0.223984956741333
2019-09-16 15:00:00,-0.3320004791021347
2019-09-16 16:00:00,-0.5391013026237488
2019-09-16 17:00:00,-0.7617894411087036
2019-09-16 18:00:00,-1.0350490808486938
2019-09-16 19:00:00,-1.3453404903411865
2019-09-16 20:00:00,-1.6090526580810547
2019-09-16 21:00:00,-1.6492896229028702
2019-09-16 22:00:00,-0.9629469215869904
2019-09-16 23:00:00,-0.5300529599189758
2019-09-17 00:00:00,-0.19366979598999023
2019-09-17 01:00:00,0.06337988376617432
2019-09-17 02:00:00,0.5050773620605469
2019-09-17 03:00:00,0.5136002898216248
2019-09-17 04:00:00,0.6354179382324219
2019-09-17 05:00:00,0.7744288444519043
2019-09-17 06:00:00,0.764795184135437
2019-09-17 07:00:00,0.6556863784790039
2019-09-17 08:00:00,0.4786273241043091
2019-09-17 09:00:00,0.2628713846206665
2019-09-17 10:00:00,0.07360506057739258
2019-09-17 11:00:00,-0.15648984909057617
2019-09-17 12:00:00,-0.31151604652404785
2019-09-17 13:00:00,-0.4931783676147461
2019-09-17 14:00:00,-0.7655947655439377
2019-09-17 15:00:00,-0.9585004150867462
2019-09-17 16:00:00,-1.0692469775676727
2019-09-17 17:00:00,-1.1027734577655792
2019-09-17 18:00:00,-1.0786471366882324
2019-09-17 19:00:00,-0.9926769435405731
2019-09-17 20:00:00,-0.837555930018425
2019-09-17 21:00:00,-0.6805537939071655
2019-09-17 22:00:00,-0.5034093707799911
2019-09-17 23:00:00,-0.4453239440917969
2019-09-18 00:00:00,-0.4497760534286499
2019-09-18 01:00:00,-0.46298933029174805
2019-09-18 02:00:00,-0.9512891471385956
2019-09-18 03:00:00,-0.5715607404708862
2019-09-18 04:00:00,-0.4259127229452133
2019-09-18 05:00:00,-0.3230409622192383
2019-09-18 06:00:00,-0.2622520998120308
2019-09-18 07:00:00,-0.21928798407316208
2019-09-18 08:00:00,-0.2223103642463684
2019-09-18 09:00:00,-0.30171889439225197
2019-09-18 10:00:00,-0.28628943115472794
2019-09-18 11:00:00,-0.4785710573196411
2019-09-18 12:00:00,-0.5688140392303467
2019-09-18 13:00:00,-0.5892902612686157
2019-09-18 14:00:00,-0.8737930059432983
2019-09-18 15:00:00,-1.1350456476211548
2019-09-18 16:00:00,-1.3430696725845337
2019-09-18 17:00:00,-1.4794859886169434
2019-09-18 18:00:00,-1.4556105136871338
2019-09-18 19:00:00,-1.378969430923462
2019-09-18 20:00:00,-1.3724312782287598
2019-09-18 21:00:00,-1.4642783403396606
2019-09-18 22:00:00,-1.5899198055267334
2019-09-18 23:00:00,-1.7224684655666351
2019-09-19 00:00:00,-1.894317626953125
2019-09-19 01:00:00,-2.1076676845550537
2019-09-19 02:00:00,-3.249629259109497
2019-09-19 03:00:00,-3.341935157775879
2019-09-19 04:00:00,-3.441087007522583
2019-09-19 05:00:00,-3.386890172958374
2019-09-19 06:00:00,-3.214988946914673
2019-09-19 07:00:00,-2.9677114486694336
2019-09-19 08:00:00,-2.717393398284912
2019-09-19 09:00:00,-2.5249855518341064
2019-09-19 10:00:00,-2.285679817199707
2019-09-19 11:00:00,-2.0728530883789062
2019-09-19 12:00:00,-1.861259549856186
2019-09-19 13:00:00,-0.8234468698501587
2019-09-19 14:00:00,-0.8598629236221313
2019-09-19 15:00:00,-0.863860011100769
2019-09-19 16:00:00,-0.8660582304000854
2019-09-19 17:00:00,-0.8133590221405029
2019-09-19 18:00:00,-0.7583544850349426
2019-09-19 19:00:00,-0.7239328622817993
2019-09-19 20:00:00,-0.7014493346214294
2019-09-19 21:00:00,-0.6919931173324585
2019-09-19 22:00:00,-0.6649776697158813
2019-09-19 23:00:00,-0.6971611976623535
2019-09-20 00:00:00,-0.7667200565338135
2019-09-20 01:00:00,-0.8753770589828491
2019-09-20 02:00:00,-1.8261258602142334
2019-09-20 03:00:00,-2.2119381427764893
2019-09-20 04:00:00,-2.577765464782715
2019-09-20 05:00:00,-2.639552116394043
2019-09-20 06:00:00,-2.6328494548797607
2019-09-20 07:00:00,-2.5876808166503906
2019-09-20 08:00:00,-2.4256656169891357
2019-09-20 09:00:00,-2.2173423767089844
2019-09-20 10:00:00,-1.8364921510219574
2019-09-20 11:00:00,-1.448899745941162
2019-09-20 12:00:00,-0.9973236322402954
2019-09-20 13:00:00,-0.43054983764886856
2019-09-20 14:00:00,-0.4489489197731018
2019-09-20 15:00:00,-0.4379831552505493
2019-09-20 16:00:00,-0.4171949625015259
2019-09-20 17:00:00,-0.3782333731651306
2019-09-20 18:00:00,-0.31267857551574707
2019-09-20 19:00:00,-0.2166871428489685
2019-09-20 20:00:00,-0.10334771871566772
2019-09-20 21:00:00,-0.014644861221313477
2019-09-20 22:00:00,0.022009730339050293
2019-09-20 23:00:00,0.023397326469421387
2019-09-21 00:00:00,0.008471369743347168
2019-09-21 01:00:00,-0.010937929153442383
2019-09-21 02:00:00,-0.03175759315490723
2019-09-21 03:00:00,-0.18600445985794067
2019-09-21 04:00:00,-0.581853985786438
2019-09-21 05:00:00,-0.7672939896583557
2019-09-21 06:00:00,-0.8174936771392822
2019-09-21 07:00:00,-0.7612956762313843
2019-09-21 08:00:00,-0.6363509297370911
2019-09-21 09:00:00,-0.5093754753470421
2019-09-21 10:00:00,-0.4931046962738037
2019-09-21 11:00:00,-0.5236940383911133
2019-09-21 12:00:00,-0.4464074522256851
2019-09-21 13:00:00,-0.3281421363353729
2019-09-21 14:00:00,-0.34793010354042053
2019-09-21 15:00:00,-0.34890852123498917
2019-09-21 16:00:00,-0.32236963137984276
2019-09-21 17:00:00,-0.2746947407722473
2019-09-21 18:00:00,-0.24067776650190353
2019-09-21 19:00:00,-0.21825593896210194
2019-09-21 20:00:00,-0.23041379638016224
2019-09-21 21:00:00,-0.2657244876027107
2019-09-21 22:00:00,-0.20899158716201782
2019-09-21 23:00:00,-0.21497514843940735
2019-09-22 00:00:00,-0.2531856596469879
2019-09-22 01:00:00,-0.29196416959166527
2019-09-22 02:00:00,-0.6654913350939751
2019-09-22 03:00:00,-0.5513624027371407
2019-09-22 04:00:00,-0.9874962568283081
2019-09-22 05:00:00,-1.2587608098983765
2019-09-22 06:00:00,-1.359708309173584
2019-09-22 07:00:00,-1.3038852214813232
2019-09-22 08:00:00,-1.1432740688323975
2019-09-22 09:00:00,-0.9677149057388306
2019-09-22 10:00:00,-0.8875167667865753
2019-09-22 11:00:00,-0.8338940441608429
2019-09-22 12:00:00,-0.5707781314849854
2019-09-22 13:00:00,-0.3137579932808876
2019-09-22 14:00:00,-0.315629243850708
2019-09-22 15:00:00,-0.3046444430947304
2019-09-22 16:00:00,-0.38273030892014503
2019-09-22 17:00:00,-0.4192810021340847
2019-09-22 18:00:00,-0.4456278048455715
2019-09-22 19:00:00,-0.49582862108945847
2019-09-22 20:00:00,-0.587527871131897
2019-09-22 21:00:00,-0.7113878130912781
2019-09-22 22:00:00,-0.5624412894248962
2019-09-22 23:00:00,-0.5421136692166328
2019-09-23 00:00:00,-0.5839179754257202
2019-09-23 01:00:00,-0.6871598362922668
2019-09-23 02:00:00,-1.7333581447601318
2019-09-23 03:00:00,-1.941270649433136
2019-09-23 04:00:00,-1.9905760288238525
2019-09-23 05:00:00,-1.9496151804924011
2019-09-23 06:00:00,-1.8932361602783203
2019-09-23 07:00:00,-1.791379690170288
2019-09-23 08:00:00,-1.5460693687200546
2019-09-23 09:00:00,-1.1691312789916992
2019-09-23 10:00:00,-0.9345259368419647
2019-09-23 11:00:00,-0.7317711114883423
2019-09-23 12:00:00,-0.6602530926465988
2019-09-23 13:00:00,-0.4084514379501343
2019-09-23 14:00:00,-0.4652813673019409
2019-09-23 15:00:00,-0.48063015937805176
2019-09-23 16:00:00,-0.48798131942749023
2019-09-23 17:00:00,-0.4704890251159668
2019-09-23 18:00:00,-0.40193748474121094
2019-09-23 19:00:00,-0.2840791940689087
2019-09-23 20:00:00,-0.14506447315216064
2019-09-23 21:00:00,-0.04762470722198486
2019-09-23 22:00:00,-0.0029239654541015625
2019-09-23 23:00:00,-0.038696885108947754
2019-09-24 00:00:00,-0.17417335510253906
2019-09-24 01:00:00,-0.3419877290725708
2019-09-24 02:00:00,-1.2085576057434082
2019-09-24 03:00:00,-1.9685149192810059
2019-09-24 04:00:00,-2.5151259899139404
2019-09-24 05:00:00,-2.684424877166748
2019-09-24 06:00:00,-2.688993215560913
2019-09-24 07:00:00,-2.6470999717712402
2019-09-24 08:00:00,-2.591282367706299
2019-09-24 09:00:00,-2.538144826889038
2019-09-24 10:00:00,-2.38924977183342
2019-09-24 11:00:00,-2.2212286293506622
2019-09-24 12:00:00,-1.6207862794399261
2019-09-24 13:00:00,-0.722388744354248
2019-09-24 14:00:00,-0.6638989448547363
2019-09-24 15:00:00,-0.629365861415863
2019-09-24 16:00:00,-0.6176514029502869
2019-09-24 17:00:00,-0.5591497421264648
2019-09-24 18:00:00,-0.5024542808532715
2019-09-24 19:00:00,-0.4830551743507385
2019-09-24 20:00:00,-0.515842616558075
2019-09-24 21:00:00,-0.596560537815094
2019-09-24 22:00:00,-0.547019898891449
2019-09-24 23:00:00,-0.5907436609268188
2019-09-25 00:00:00,-0.7237865924835205
2019-09-25 01:00:00,-0.8596474677324295
2019-09-25 02:00:00,-2.1110236644744873
2019-09-25 03:00:00,-2.7700839042663574
2019-09-25 04:00:00,-3.1140358448028564
2019-09-25 05:00:00,-3.168809175491333
2019-09-25 06:00:00,-3.045725107192993
2019-09-25 07:00:00,-2.8640189170837402
2019-09-25 08:00:00,-2.730475902557373
2019-09-25 09:00:00,-2.6540279388427734
2019-09-25 10:00:00,-2.551443099975586
2019-09-25 11:00:00,-2.4644365310668945
2019-09-25 12:00:00,-2.0588402152061462
2019-09-25 13:00:00,-0.8328570127487183
2019-09-25 14:00:00,-0.6935726404190063
2019-09-25 15:00:00,-0.6110942363739014
2019-09-25 16:00:00,-0.7173072099685669
2019-09-25 17:00:00,-0.923828125
2019-09-25 18:00:00,-1.254930853843689
2019-09-25 19:00:00,-1.7312914431095123
2019-09-25 20:00:00,-2.240095853805542
2019-09-25 21:00:00,-2.596440315246582
2019-09-25 22:00:00,-2.468500852584839
2019-09-25 23:00:00,-2.284926652908325
2019-09-26 00:00:00,-2.041300356388092
2019-09-26 01:00:00,-1.7281529903411865
2019-09-26 02:00:00,-2.29915189743042
2019-09-26 03:00:00,-3.1216931343078613
2019-09-26 04:00:00,-3.6210274696350098
2019-09-26 05:00:00,-3.863730311393738
2019-09-26 06:00:00,-3.9765748977661133
2019-09-26 07:00:00,-3.972979426383972
2019-09-26 08:00:00,-3.8285741806030273
2019-09-26 09:00:00,-3.5257155895233154
2019-09-26 10:00:00,-3.168881416320801
2019-09-26 11:00:00,-2.6889562606811523
2019-09-26 12:00:00,-1.743856430053711
2019-09-26 13:00:00,-0.8471391201019287
2019-09-26 14:00:00,-0.8306235074996948
2019-09-26 15:00:00,-0.8276145458221436
2019-09-26 16:00:00,-1.0143204927444458
2019-09-26 17:00:00,-1.250859022140503
2019-09-26 18:00:00,-1.5263373851776123
2019-09-26 19:00:00,-1.7963784635066986
2019-09-26 20:00:00,-1.978640079498291
2019-09-26 21:00:00,-1.991065263748169
2019-09-26 22:00:00,-1.680802822113037
2019-09-26 23:00:00,-1.301642656326294
2019-09-27 00:00:00,-0.9940373450517654
2019-09-27 01:00:00,-0.8059316128492355
2019-09-27 02:00:00,-1.5559886693954468
2019-09-27 03:00:00,-2.2213763892650604
2019-09-27 04:00:00,-2.7979276180267334
2019-09-27 05:00:00,-3.0878543853759766
2019-09-27 06:00:00,-3.1284022331237793
2019-09-27 07:00:00,-2.9862518310546875
2019-09-27 08:00:00,-2.986058473587036
2019-09-27 09:00:00,-3.2735549807548523
2019-09-27 10:00:00,-3.1770026087760925
2019-09-27 11:00:00,-3.0845163464546204
2019-09-27 12:00:00,-2.877650260925293
2019-09-27 13:00:00,-2.0965704917907715
2019-09-27 14:00:00,-2.4434328079223633
2019-09-27 15:00:00,-2.655599594116211
2019-09-27 16:00:00,-3.104489803314209
2019-09-27 17:00:00,-3.2082905769348145
2019-09-27 18:00:00,-3.093027353286743
2019-09-27 19:00:00,-2.9863152503967285
2019-09-27 20:00:00,-2.8472518920898438
2019-09-27 21:00:00,-2.786625623703003
2019-09-27 22:00:00,-2.4120116233825684
2019-09-27 23:00:00,-2.227956771850586
2019-09-28 00:00:00,-2.1879716217517853
2019-09-28 01:00:00,-2.259072333574295
2019-09-28 02:00:00,-2.843736171722412
2019-09-28 03:00:00,-3.533478260040283
2019-09-28 04:00:00,-4.278353691101074
2019-09-28 05:00:00,-4.603760719299316
2019-09-28 06:00:00,-4.544618606567383
2019-09-28 07:00:00,-4.335411071777344
2019-09-28 08:00:00,-4.180279850959778
2019-09-28 09:00:00,-4.1575703620910645
2019-09-28 10:00:00,-3.9762916564941406
2019-09-28 11:00:00,-3.768933594226837
2019-09-28 12:00:00,-3.31831955909729
2019-09-28 13:00:00,-1.9698606133460999
2019-09-28 14:00:00,-1.7940603196620941
2019-09-28 15:00:00,-1.7239715158939362
2019-09-28 16:00:00,-1.8866037726402283
2019-09-28 17:00:00,-2.0564017295837402
2019-09-28 18:00:00,-2.294586658477783
2019-09-28 19:00:00,-2.3573009967803955
2019-09-28 20:00:00,-2.3459901809692383
2019-09-28 21:00:00,-2.338545322418213
2019-09-28 22:00:00,-2.392744302749634
2019-09-28 23:00:00,-2.3844268321990967
2019-09-29 00:00:00,-2.317094564437866
2019-09-29 01:00:00,-2.20709365606308
2019-09-29 02:00:00,-2.8914573192596436
2019-09-29 03:00:00,-3.441211700439453
2019-09-29 04:00:00,-3.5179104804992676
2019-09-29 05:00:00,-3.3531408309936523
2019-09-29 06:00:00,-3.2373056411743164
2019-09-29 07:00:00,-3.112607955932617
2019-09-29 08:00:00,-3.014293909072876
2019-09-29 09:00:00,-2.8710556030273438
2019-09-29 10:00:00,-2.6437387466430664
2019-09-29 11:00:00,-2.2963095009326935
2019-09-29 12:00:00,-1.8309269845485687
2019-09-29 13:00:00,-0.8484538793563843
2019-09-29 14:00:00,-1.068315863609314
2019-09-29 15:00:00,-1.3205665349960327
2019-09-29 16:00:00,-1.55222487449646
2019-09-29 17:00:00,-1.5855917930603027
2019-09-29 18:00:00,-1.4820003509521484
2019-09-29 19:00:00,-1.3566110134124756
2019-09-29 20:00:00,-1.2777706384658813
2019-09-29 21:00:00,-1.1044657230377197
2019-09-29 22:00:00,-0.9362313747406006
2019-09-29 23:00:00,-0.8584827184677124
2019-09-30 00:00:00,-0.797960638999939
2019-09-30 01:00:00,-0.6937495470046997
2019-09-30 02:00:00,-0.936560869216919
2019-09-30 03:00:00,-0.5906775444746017
2019-09-30 04:00:00,-0.3046945333480835
2019-09-30 05:00:00,-0.25437092781066895
2019-09-30 06:00:00,-0.37966668605804443
2019-09-30 07:00:00,-0.5574582815170288
2019-09-30 08:00:00,-0.7625155597925186
2019-09-30 09:00:00,-0.9926991760730743
2019-09-30 10:00:00,-1.1696951389312744
2019-09-30 11:00:00,-1.213453859090805
2019-09-30 12:00:00,-1.1182514429092407
2019-09-30 13:00:00,-0.6546168327331543
2019-09-30 14:00:00,-0.8741655796766281
2019-09-30 15:00:00,-1.004576951265335
2019-09-30 16:00:00,-1.144135743379593
2019-09-30 17:00:00,-1.2063660621643066
2019-09-30 18:00:00,-1.2673372030258179
2019-09-30 19:00:00,-1.3808379173278809
2019-09-30 20:00:00,-1.4541058540344238
2019-09-30 21:00:00,-1.505554437637329
2019-09-30 22:00:00,-1.3610012531280518
2019-09-30 23:00:00,-1.1812883615493774
2019-10-01 00:00:00,-1.0582339465618134
2019-10-01 01:00:00,-0.964808464050293
2019-10-01 02:00:00,-1.9049999713897705
2019-10-01 03:00:00,-1.8956356644630432
2019-10-01 04:00:00,-1.4253252744674683
2019-10-01 05:00:00,-1.028100609779358
2019-10-01 06:00:00,-0.874585747718811
2019-10-01 07:00:00,-0.7175172567367554
2019-10-01 08:00:00,-0.5142927318811417
2019-10-01 09:00:00,-0.33829444646835327
2019-10-01 10:00:00,-0.3999110534787178
2019-10-01 11:00:00,-0.45935969054698944
2019-10-01 12:00:00,-0.4548661559820175
2019-10-01 13:00:00,-0.3852003253996372
2019-10-01 14:00:00,-0.4821775555610657
2019-10-01 15:00:00,-0.510237917304039
2019-10-01 16:00:00,-0.5691094249486923
2019-10-01 17:00:00,-0.5920630693435669
2019-10-01 18:00:00,-0.5511747002601624
2019-10-01 19:00:00,-0.48421575874090195
2019-10-01 20:00:00,-0.41456127166748047
2019-10-01 21:00:00,-0.2729647159576416
2019-10-01 22:00:00,0.014473795890808105
2019-10-01 23:00:00,0.2272600531578064
2019-10-02 00:00:00,0.31709156185388565
2019-10-02 01:00:00,0.3698250874876976
2019-10-02 02:00:00,0.8263239115476608
2019-10-02 03:00:00,0.7337892428040504
2019-10-02 04:00:00,0.39064784720540047
2019-10-02 05:00:00,0.17335066199302673
2019-10-02 06:00:00,-0.054041873663663864
2019-10-02 07:00:00,-0.10470542497932911
2019-10-02 08:00:00,-0.05122708901762962
2019-10-02 09:00:00,0.019421398639678955
2019-10-02 10:00:00,0.15704137086868286
2019-10-02 11:00:00,0.3624652028083801
2019-10-02 12:00:00,0.30820585042238235
2019-10-02 13:00:00,0.05877836048603058
2019-10-02 14:00:00,-0.14420056343078613
2019-10-02 15:00:00,-0.32250165939331055
2019-10-02 16:00:00,-0.45337748527526855
2019-10-02 17:00:00,-0.5219706296920776
2019-10-02 18:00:00,-0.5179959535598755
2019-10-02 19:00:00,-0.5696200132369995
2019-10-02 20:00:00,-0.6092615127563477
2019-10-02 21:00:00,-0.5920397043228149
2019-10-02 22:00:00,-0.6107165813446045
2019-10-02 23:00:00,-0.6256716251373291
2019-10-03 00:00:00,-0.6365618705749512
2019-10-03 01:00:00,-0.6141724586486816
2019-10-03 02:00:00,-1.0900369882583618
2019-10-03 03:00:00,-0.7949848175048828
2019-10-03 04:00:00,0.3811371326446533
2019-10-03 05:00:00,0.7014732360839844
2019-10-03 06:00:00,0.6812260150909424
2019-10-03 07:00:00,0.6851892471313477
2019-10-03 08:00:00,0.900630995631218
2019-10-03 09:00:00,1.1930065304040909
2019-10-03 10:00:00,1.423877477645874
2019-10-03 11:00:00,1.328288197517395
2019-10-03 12:00:00,0.9140145778656006
2019-10-03 13:00:00,0.7321892976760864
2019-10-03 14:00:00,0.6486685872077942
2019-10-03 15:00:00,0.46958648413419724
2019-10-03 16:00:00,0.221713125705719
2019-10-03 17:00:00,-0.008707970380783081
2019-10-03 18:00:00,-0.1675013303756714
2019-10-03 19:00:00,-0.24184196069836617
2019-10-03 20:00:00,-0.23653583601117134
2019-10-03 21:00:00,-0.13986629247665405
2019-10-03 22:00:00,0.036670828238129616
2019-10-03 23:00:00,0.17654208280146122
2019-10-04 00:00:00,0.2600867748260498
2019-10-04 01:00:00,0.3101545572280884
2019-10-04 02:00:00,0.6910971403121948
2019-10-04 03:00:00,0.6707316637039185
2019-10-04 04:00:00,1.0548756420612335
2019-10-04 05:00:00,1.0914890766143799
2019-10-04 06:00:00,1.0211105644702911
2019-10-04 07:00:00,0.9792866706848145
2019-10-04 08:00:00,0.9546504765748978
2019-10-04 09:00:00,0.9904558956623077
2019-10-04 10:00:00,1.089693307876587
2019-10-04 11:00:00,1.1438614130020142
2019-10-04 12:00:00,0.7862998992204666
2019-10-04 13:00:00,0.416893545538187
2019-10-04 14:00:00,0.34463395923376083
2019-10-04 15:00:00,0.2560734264552593
2019-10-04 16:00:00,0.1919214203953743
2019-10-04 17:00:00,0.20491554401814938
2019-10-04 18:00:00,0.27294719591736794
2019-10-04 19:00:00,0.32772134989500046
2019-10-04 20:00:00,0.3962617516517639
2019-10-04 21:00:00,0.47484737634658813
2019-10-04 22:00:00,0.6214205026626587
2019-10-04 23:00:00,0.7229365855455399
2019-10-05 00:00:00,0.7971326857805252
2019-10-05 01:00:00,0.8722189664840698
2019-10-05 02:00:00,1.5213255882263184
2019-10-05 03:00:00,1.5711309909820557
2019-10-05 04:00:00,2.1878788471221924
2019-10-05 05:00:00,2.4528896808624268
2019-10-05 06:00:00,2.507742404937744
2019-10-05 07:00:00,2.421978712081909
2019-10-05 08:00:00,2.286106616258621
2019-10-05 09:00:00,2.1027503609657288
2019-10-05 10:00:00,1.953552484512329
2019-10-05 11:00:00,1.7405345439910889
2019-10-05 12:00:00,1.1343730688095093
2019-10-05 13:00:00,0.6260750368237495
2019-10-05 14:00:00,0.5837163329124451
2019-10-05 15:00:00,0.4856114387512207
2019-10-05 16:00:00,0.366671085357666
2019-10-05 17:00:00,0.25447869300842285
2019-10-05 18:00:00,0.1717996597290039
2019-10-05 19:00:00,0.14355862140655518
2019-10-05 20:00:00,0.213545560836792
2019-10-05 21:00:00,0.37728172540664673
2019-10-05 22:00:00,0.5795211791992188
2019-10-05 23:00:00,0.740314245223999
2019-10-06 00:00:00,0.8845868110656738
2019-10-06 01:00:00,1.013177752494812
2019-10-06 02:00:00,1.8961513042449951
2019-10-06 03:00:00,1.848484456539154
2019-10-06 04:00:00,2.0080227851867676
2019-10-06 05:00:00,2.1843202114105225
2019-10-06 06:00:00,2.254761219024658
2019-10-06 07:00:00,2.14304780960083
2019-10-06 08:00:00,2.190570116043091
2019-10-06 09:00:00,2.3530313968658447
2019-10-06 10:00:00,2.306001663208008
2019-10-06 11:00:00,1.9925346374511719
2019-10-06 12:00:00,0.9629156589508057
2019-10-06 13:00:00,0.5738089084625244
2019-10-06 14:00:00,0.47214870154857635
2019-10-06 15:00:00,0.3073504939675331
2019-10-06 16:00:00,0.14052745699882507
2019-10-06 17:00:00,0.05780524015426636
2019-10-06 18:00:00,0.062142252922058105
2019-10-06 19:00:00,0.10772424936294556
2019-10-06 20:00:00,0.14565744996070862
2019-10-06 21:00:00,0.16010057926177979
2019-10-06 22:00:00,0.33493076264858246
2019-10-06 23:00:00,0.5501907616853714
2019-10-07 00:00:00,0.7269961833953857
2019-10-07 01:00:00,0.8158122301101685
2019-10-07 02:00:00,1.60459566116333
2019-10-07 03:00:00,1.7319183349609375
2019-10-07 04:00:00,1.630584329366684
2019-10-07 05:00:00,1.7184839248657227
2019-10-07 06:00:00,1.8193547129631042
2019-10-07 07:00:00,1.9193113148212433
2019-10-07 08:00:00,2.011480838060379
2019-10-07 09:00:00,2.0791971683502197
2019-10-07 10:00:00,2.0948738753795624
2019-10-07 11:00:00,2.0272586345672607
2019-10-07 12:00:00,1.3271857500076294
2019-10-07 13:00:00,0.8524692058563232
2019-10-07 14:00:00,0.8914869278669357
2019-10-07 15:00:00,0.8813870698213577
2019-10-07 16:00:00,0.826913557946682
2019-10-07 17:00:00,0.7418887615203857
2019-10-07 18:00:00,0.645715594291687
2019-10-07 19:00:00,0.5551012828946114
2019-10-07 20:00:00,0.4802033305168152
2019-10-07 21:00:00,0.40775177627801895
2019-10-07 22:00:00,0.37426602840423584
2019-10-07 23:00:00,0.4128875955939293
2019-10-08 00:00:00,0.5176042318344116
2019-10-08 01:00:00,0.6763222813606262
2019-10-08 02:00:00,1.6945607662200928
2019-10-08 03:00:00,1.9518990516662598
2019-10-08 04:00:00,2.0403378009796143
2019-10-08 05:00:00,2.454362154006958
2019-10-08 06:00:00,2.650578498840332
2019-10-08 07:00:00,2.7123446464538574
2019-10-08 08:00:00,2.6077771186828613
2019-10-08 09:00:00,2.3972041606903076
2019-10-08 10:00:00,2.2706403732299805
2019-10-08 11:00:00,2.000396490097046
2019-10-08 12:00:00,0.8419791460037231
2019-10-08 13:00:00,0.7049423456192017
2019-10-08 14:00:00,0.5302366018295288
2019-10-08 15:00:00,0.33983880281448364
2019-10-08 16:00:00,0.04381626844406128
2019-10-08 17:00:00,-0.21075797080993652
2019-10-08 18:00:00,-0.41212964057922363
2019-10-08 19:00:00,-0.5751733779907227
2019-10-08 20:00:00,-0.6939702033996582
2019-10-08 21:00:00,-0.774908185005188
2019-10-08 22:00:00,-0.837760329246521
2019-10-08 23:00:00,-0.8883718252182007
2019-10-09 00:00:00,-0.9163578748703003
2019-10-09 01:00:00,-0.9009703397750854
2019-10-09 02:00:00,-1.12456214427948
2019-10-09 03:00:00,-1.477491021156311
2019-10-09 04:00:00,-0.9048470258712769
2019-10-09 05:00:00,-0.03240582346916199
2019-10-09 06:00:00,0.3498575687408447
2019-10-09 07:00:00,0.6196427345275879
2019-10-09 08:00:00,0.8460214585065842
2019-10-09 09:00:00,1.0390450954437256
2019-10-09 10:00:00,1.0346554517745972
2019-10-09 11:00:00,1.0057423412799835
2019-10-09 12:00:00,0.5416168123483658
2019-10-09 13:00:00,0.27847373485565186
2019-10-09 14:00:00,-0.01405245065689087
2019-10-09 15:00:00,-0.266308069229126
2019-10-09 16:00:00,-0.4331665635108948
2019-10-09 17:00:00,-0.5808708667755127
2019-10-09 18:00:00,-0.6895210146903992
2019-10-09 19:00:00,-0.7656650543212891
2019-10-09 20:00:00,-0.8121716976165771
2019-10-09 21:00:00,-0.8427571058273315
2019-10-09 22:00:00,-0.8767227679491043
2019-10-09 23:00:00,-0.9078710526227951
2019-10-10 00:00:00,-0.9272856265306473
2019-10-10 01:00:00,-0.9310133457183838
2019-10-10 02:00:00,-1.378112554550171
2019-10-10 03:00:00,-1.7131248712539673
2019-10-10 04:00:00,-1.1556792259216309
2019-10-10 05:00:00,-0.21407091617584229
2019-10-10 06:00:00,0.34868764877319336
2019-10-10 07:00:00,0.8444175720214844
2019-10-10 08:00:00,1.2553130388259888
2019-10-10 09:00:00,1.5369493961334229
2019-10-10 10:00:00,1.5562711954116821
2019-10-10 11:00:00,1.3941160440444946
2019-10-10 12:00:00,0.5635730624198914
2019-10-10 13:00:00,0.3591574430465698
2019-10-10 14:00:00,0.14871513843536377
2019-10-10 15:00:00,-0.0427098274230957
2019-10-10 16:00:00,-0.18434512615203857
2019-10-10 17:00:00,-0.2977215051651001
2019-10-10 18:00:00,-0.4029712677001953
2019-10-10 19:00:00,-0.5229654312133789
2019-10-10 20:00:00,-0.6326651573181152
2019-10-10 21:00:00,-0.7191202640533447
2019-10-10 22:00:00,-0.7146755456924438
2019-10-10 23:00:00,-0.727311372756958
2019-10-11 00:00:00,-0.7645891904830933
2019-10-11 01:00:00,-0.7595596313476562
2019-10-11 02:00:00,-0.43684685230255127
2019-10-11 03:00:00,-0.6514955163002014
2019-10-11 04:00:00,-0.36696857213974
2019-10-11 05:00:00,0.1565103530883789
2019-10-11 06:00:00,0.35494279861450195
2019-10-11 07:00:00,0.5485608577728271
2019-10-11 08:00:00,0.7221671342849731
2019-10-11 09:00:00,0.829623818397522
2019-10-11 10:00:00,0.7762511968612671
2019-10-11 11:00:00,0.6232267618179321
2019-10-11 12:00:00,0.1996787190437317
2019-10-11 13:00:00,0.10887908935546875
2019-10-11 14:00:00,-0.05255025625228882
2019-10-11 15:00:00,-0.20188486576080322
2019-10-11 16:00:00,-0.2494819164276123
2019-10-11 17:00:00,-0.27625036239624023
2019-10-11 18:00:00,-0.2886332497000694
2019-10-11 19:00:00,-0.3020422235131264
2019-10-11 20:00:00,-0.32170750945806503
2019-10-11 21:00:00,-0.3093237280845642
2019-10-11 22:00:00,-0.2888941541314125
2019-10-11 23:00:00,-0.306237556040287
2019-10-12 00:00:00,-0.3355672359466553
2019-10-12 01:00:00,-0.3471301570534706
2019-10-12 02:00:00,-0.40047234296798706
2019-10-12 03:00:00,-0.6307032704353333
2019-10-12 04:00:00,-0.5591269880533218
2019-10-12 05:00:00,-0.45196424424648285
2019-10-12 06:00:00,-0.2449907287955284
2019-10-12 07:00:00,0.14311107993125916
2019-10-12 08:00:00,0.5602967739105225
2019-10-12 09:00:00,0.8474338054656982
2019-10-12 10:00:00,0.9735000133514404
2019-10-12 11:00:00,0.8966429531574249
2019-10-12 12:00:00,0.33996838331222534
2019-10-12 13:00:00,0.06055563688278198
2019-10-12 14:00:00,-0.17481857538223267
2019-10-12 15:00:00,-0.3900366425514221
2019-10-12 16:00:00,-0.5411269515752792
2019-10-12 17:00:00,-0.6266576647758484
2019-10-12 18:00:00,-0.6565657258033752
2019-10-12 19:00:00,-0.6464059352874756
2019-10-12 20:00:00,-0.6154452562332153
2019-10-12 21:00:00,-0.5733304619789124
2019-10-12 22:00:00,-0.475382748991251
2019-10-12 23:00:00,-0.2992590665817261
2019-10-13 00:00:00,-0.07303151488304138
2019-10-13 01:00:00,0.08184541016817093
2019-10-13 02:00:00,0.18003493547439575
2019-10-13 03:00:00,0.42803066968917847
2019-10-13 04:00:00,0.7175031900405884
2019-10-13 05:00:00,1.309241771697998
2019-10-13 06:00:00,1.5662331581115723
2019-10-13 07:00:00,1.7548952996730804
2019-10-13 08:00:00,1.8527588844299316
2019-10-13 09:00:00,1.7889530658721924
2019-10-13 10:00:00,1.6693685054779053
2019-10-13 11:00:00,1.302661657333374
2019-10-13 12:00:00,0.31613635271787643
2019-10-13 13:00:00,-0.013407975435256958
2019-10-13 14:00:00,-0.2747493013739586
2019-10-13 15:00:00,-0.4659120999276638
2019-10-13 16:00:00,-0.6032188534736633
2019-10-13 17:00:00,-0.6882659196853638
2019-10-13 18:00:00,-0.7198066115379333
2019-10-13 19:00:00,-0.7410128116607666
2019-10-13 20:00:00,-0.749719500541687
2019-10-13 21:00:00,-0.7147449851036072
2019-10-13 22:00:00,-0.6375904008746147
2019-10-13 23:00:00,-0.6573702096939087
2019-10-14 00:00:00,-0.5981941074132919
2019-10-14 01:00:00,-0.4212150424718857
2019-10-14 02:00:00,-0.15934130549430847
2019-10-14 03:00:00,-0.162359356880188
2019-10-14 04:00:00,0.09382972121238708
2019-10-14 05:00:00,0.6368845701217651
2019-10-14 06:00:00,0.8147128075361252
2019-10-14 07:00:00,0.9262373745441437
2019-10-14 08:00:00,0.9814231693744659
2019-10-14 09:00:00,0.9317977428436279
2019-10-14 10:00:00,0.8754888772964478
2019-10-14 11:00:00,0.5500459671020508
2019-10-14 12:00:00,-0.0179499089717865
2019-10-14 13:00:00,-0.33542734384536743
2019-10-14 14:00:00,-0.5495124459266663
2019-10-14 15:00:00,-0.6839475631713867
2019-10-14 16:00:00,-0.789209172129631
2019-10-14 17:00:00,-0.8752962350845337
2019-10-14 18:00:00,-0.938365250825882
2019-10-14 19:00:00,-0.9914826154708862
2019-10-14 20:00:00,-1.0337682962417603
2019-10-14 21:00:00,-1.044274926185608
2019-10-14 22:00:00,-0.9664399325847626
2019-10-14 23:00:00,-0.9293949604034424
2019-10-15 00:00:00,-0.8945862054824829
2019-10-15 01:00:00,-0.7577364444732666
2019-10-15 02:00:00,-0.3737831115722656
2019-10-15 03:00:00,-0.5945461988449097
2019-10-15 04:00:00,-0.8483201265335083
2019-10-15 05:00:00,-0.9419601410627365
2019-10-15 06:00:00,-0.8756880313158035
2019-10-15 07:00:00,-0.7011631727218628
2019-10-15 08:00:00,-0.5334910750389099
2019-10-15 09:00:00,-0.4353773593902588
2019-10-15 10:00:00,-0.16401511430740356
2019-10-15 11:00:00,-0.09474843740463257
2019-10-15 12:00:00,-0.1537361741065979
2019-10-15 13:00:00,-0.3704656958580017
2019-10-15 14:00:00,-0.5821472406387329
2019-10-15 15:00:00,-0.7946659401059151
2019-10-15 16:00:00,-0.9399164021015167
2019-10-15 17:00:00,-1.0455951690673828
2019-10-15 18:00:00,-1.1106209754943848
2019-10-15 19:00:00,-1.1307249069213867
2019-10-15 20:00:00,-1.0859613418579102
2019-10-15 21:00:00,-1.0025194883346558
2019-10-15 22:00:00,-0.9541125297546387
2019-10-15 23:00:00,-0.9094703197479248
2019-10-16 00:00:00,-0.8575092554092407
2019-10-16 01:00:00,-0.7935436964035034
2019-10-16 02:00:00,-0.506906270980835
2019-10-16 03:00:00,-0.9770879447460175
2019-10-16 04:00:00,-0.8793860673904419
2019-10-16 05:00:00,-0.7691391706466675
2019-10-16 06:00:00,-0.5017433315515518
2019-10-16 07:00:00,-0.1627236008644104
2019-10-16 08:00:00,0.08124929666519165
2019-10-16 09:00:00,0.17229032516479492
2019-10-16 10:00:00,0.2951778173446655
2019-10-16 11:00:00,0.24754172563552856
2019-10-16 12:00:00,-0.09615284204483032
2019-10-16 13:00:00,-0.4296671152114868
2019-10-16 14:00:00,-0.716515302658081
2019-10-16 15:00:00,-1.0069911777973175
2019-10-16 16:00:00,-1.2046642303466797
2019-10-16 17:00:00,-1.2193834781646729
2019-10-16 18:00:00,-1.1455453634262085
2019-10-16 19:00:00,-1.0088794231414795
2019-10-16 20:00:00,-0.7544543817639351
2019-10-16 21:00:00,-0.5997953861951828
2019-10-16 22:00:00,-0.4366597533226013
2019-10-16 23:00:00,-0.31941157579421997
2019-10-17 00:00:00,-0.32700563967227936
2019-10-17 01:00:00,-0.4154709614813328
2019-10-17 02:00:00,-0.4036072641611099
2019-10-17 03:00:00,-0.9079819917678833
2019-10-17 04:00:00,-1.023769848048687
2019-10-17 05:00:00,-1.0993484258651733
2019-10-17 06:00:00,-1.088058590888977
2019-10-17 07:00:00,-0.9512746036052704
2019-10-17 08:00:00,-0.747793436050415
2019-10-17 09:00:00,-0.6187237799167633
2019-10-17 10:00:00,-0.5714326351881027
2019-10-17 11:00:00,-0.6292220391333103
2019-10-17 12:00:00,-0.5232789367437363
2019-10-17 13:00:00,-0.8257547616958618
2019-10-17 14:00:00,-0.9753121435642242
2019-10-17 15:00:00,-1.0349873304367065
2019-10-17 16:00:00,-1.0276137441396713
2019-10-17 17:00:00,-0.9445614516735077
2019-10-17 18:00:00,-0.7466051653027534
2019-10-17 19:00:00,-0.524695634841919
2019-10-17 20:00:00,-0.37266018241643906
2019-10-17 21:00:00,-0.26434171199798584
2019-10-17 22:00:00,-0.16401070356369019
2019-10-17 23:00:00,-0.15389379858970642
2019-10-18 00:00:00,-0.18126481771469116
2019-10-18 01:00:00,-0.2659931182861328
2019-10-18 02:00:00,-0.6076054647564888
2019-10-18 03:00:00,-1.3258190155029297
2019-10-18 04:00:00,-1.1408203840255737
2019-10-18 05:00:00,-1.3326969146728516
2019-10-18 06:00:00,-1.4320191144943237
2019-10-18 07:00:00,-1.3051729202270508
2019-10-18 08:00:00,-1.1412809044122696
2019-10-18 09:00:00,-1.0290650129318237
2019-10-18 10:00:00,-1.0251042544841766
2019-10-18 11:00:00,-0.9923624694347382
2019-10-18 12:00:00,-0.5439236164093018
2019-10-18 13:00:00,-0.7037963271141052
2019-10-18 14:00:00,-0.7060464024543762
2019-10-18 15:00:00,-0.7041645050048828
2019-10-18 16:00:00,-0.6519989967346191
2019-10-18 17:00:00,-0.5872805714607239
2019-10-18 18:00:00,-0.5312439203262329
2019-10-18 19:00:00,-0.5357506275177002
2019-10-18 20:00:00,-0.5600327253341675
2019-10-18 21:00:00,-0.5657845735549927
2019-10-18 22:00:00,-0.46934056282043457
2019-10-18 23:00:00,-0.3874462842941284
2019-10-19 00:00:00,-0.3147554397583008
2019-10-19 01:00:00,-0.2559009790420532
2019-10-19 02:00:00,-0.12234318256378174
2019-10-19 03:00:00,-0.2215489149093628
2019-10-19 04:00:00,0.18755781650543213
2019-10-19 05:00:00,0.43758225440979004
2019-10-19 06:00:00,0.5470848083496094
2019-10-19 07:00:00,0.627013087272644
2019-10-19 08:00:00,0.7321902513504028
2019-10-19 09:00:00,0.858558177947998
2019-10-19 10:00:00,0.7930575609207153
2019-10-19 11:00:00,0.6446894407272339
2019-10-19 12:00:00,0.348061203956604
2019-10-19 13:00:00,0.38102012872695923
2019-10-19 14:00:00,0.32926785945892334
2019-10-19 15:00:00,0.2445824146270752
2019-10-19 16:00:00,0.20716792345046997
2019-10-19 17:00:00,0.17129778861999512
2019-10-19 18:00:00,0.1758502721786499
2019-10-19 19:00:00,0.2082599401473999
2019-10-19 20:00:00,0.2445077896118164
2019-10-19 21:00:00,0.287169873714447
2019-10-19 22:00:00,0.33687710762023926
2019-10-19 23:00:00,0.40644288063049316
2019-10-20 00:00:00,0.4983346462249756
2019-10-20 01:00:00,0.5834707021713257
2019-10-20 02:00:00,0.8188867568969727
2019-10-20 03:00:00,1.5585750341415405
2019-10-20 04:00:00,1.4402110576629639
2019-10-20 05:00:00,1.8554255962371826
2019-10-20 06:00:00,1.9525284171104431
2019-10-20 07:00:00,2.0526084899902344
2019-10-20 08:00:00,2.139910936355591
2019-10-20 09:00:00,2.2255444526672363
2019-10-20 10:00:00,2.231694221496582
2019-10-20 11:00:00,1.9986557960510254
2019-10-20 12:00:00,0.7819573432207108
2019-10-20 13:00:00,0.7164687514305115
2019-10-20 14:00:00,0.5592291355133057
2019-10-20 15:00:00,0.39343565702438354
2019-10-20 16:00:00,0.24379116296768188
2019-10-20 17:00:00,0.15716984122991562
2019-10-20 18:00:00,0.14072492718696594
2019-10-20 19:00:00,0.15486007928848267
2019-10-20 20:00:00,0.1868159994482994
2019-10-20 21:00:00,0.23498845100402832
2019-10-20 22:00:00,0.32814011722803116
2019-10-20 23:00:00,0.4320949800312519
2019-10-21 00:00:00,0.554412767291069
2019-10-21 01:00:00,0.6799271777272224
2019-10-21 02:00:00,0.912177562713623
2019-10-21 03:00:00,1.9500317573547363
2019-10-21 04:00:00,1.944617211818695
2019-10-21 05:00:00,3.0235912799835205
2019-10-21 06:00:00,3.3884572982788086
2019-10-21 07:00:00,3.5062813758850098
2019-10-21 08:00:00,3.4843571186065674
2019-10-21 09:00:00,3.3829193115234375
2019-10-21 10:00:00,3.203706979751587
2019-10-21 11:00:00,2.713728427886963
2019-10-21 12:00:00,1.0169322788715363
2019-10-21 13:00:00,0.7103912383317947
2019-10-21 14:00:00,0.51193767786026
2019-10-21 15:00:00,0.3391273021697998
2019-10-21 16:00:00,0.2674146890640259
2019-10-21 17:00:00,0.24105829000473022
2019-10-21 18:00:00,0.2808958888053894
2019-10-21 19:00:00,0.38465577363967896
2019-10-21 20:00:00,0.5321655869483948
2019-10-21 21:00:00,0.7225350141525269
2019-10-21 22:00:00,0.9370592832565308
2019-10-21 23:00:00,1.130553275346756
2019-10-22 00:00:00,1.290123462677002
2019-10-22 01:00:00,1.4248472452163696
2019-10-22 02:00:00,2.0813796520233154
2019-10-22 03:00:00,2.917529344558716
2019-10-22 04:00:00,2.7938079833984375
2019-10-22 05:00:00,3.542677164077759
2019-10-22 06:00:00,3.584536552429199
2019-10-22 07:00:00,3.640338897705078
2019-10-22 08:00:00,3.662285804748535
2019-10-22 09:00:00,3.6045238971710205
2019-10-22 10:00:00,3.2733848094940186
2019-10-22 11:00:00,2.5324487686157227
2019-10-22 12:00:00,0.8508422374725342
2019-10-22 13:00:00,0.6910969018936157
2019-10-22 14:00:00,0.5427604913711548
2019-10-22 15:00:00,0.40798497200012207
2019-10-22 16:00:00,0.3265717029571533
2019-10-22 17:00:00,0.2415071725845337
2019-10-22 18:00:00,0.1783747673034668
2019-10-22 19:00:00,0.13989591598510742
2019-10-22 20:00:00,0.14110040664672852
2019-10-22 21:00:00,0.21153044700622559
2019-10-22 22:00:00,0.3421257734298706
2019-10-22 23:00:00,0.4868457317352295
2019-10-23 00:00:00,0.6381301879882812
2019-10-23 01:00:00,0.7938743829727173
2019-10-23 02:00:00,0.786199688911438
2019-10-23 03:00:00,1.7996725142002106
2019-10-23 04:00:00,1.6671652793884277
2019-10-23 05:00:00,2.4089515209198
2019-10-23 06:00:00,2.5867671966552734
2019-10-23 07:00:00,2.4958224296569824
2019-10-23 08:00:00,2.375485420227051
2019-10-23 09:00:00,2.2503481209278107
2019-10-23 10:00:00,1.93164724111557
2019-10-23 11:00:00,1.3042997121810913
2019-10-23 12:00:00,0.4724096655845642
2019-10-23 13:00:00,0.41039276123046875
2019-10-23 14:00:00,0.1459558606147766
2019-10-23 15:00:00,-0.19383853673934937
2019-10-23 16:00:00,-0.46867436170578003
2019-10-23 17:00:00,-0.6649652719497681
2019-10-23 18:00:00,-0.8171518445014954
2019-10-23 19:00:00,-0.9428970217704773
2019-10-23 20:00:00,-1.0219480991363525
2019-10-23 21:00:00,-1.056244134902954
2019-10-23 22:00:00,-1.0823700577020645
2019-10-23 23:00:00,-1.0902302265167236
2019-10-24 00:00:00,-1.0816657543182373
2019-10-24 01:00:00,-1.0448353290557861
2019-10-24 02:00:00,-0.9417659044265747
2019-10-24 03:00:00,-1.6337846517562866
2019-10-24 04:00:00,-1.0600255727767944
2019-10-24 05:00:00,-0.31934692710638046
2019-10-24 06:00:00,-0.05602405220270157
2019-10-24 07:00:00,0.03319939970970154
2019-10-24 08:00:00,0.10894903540611267
2019-10-24 09:00:00,0.13352291658520699
2019-10-24 10:00:00,0.16079543251544237
2019-10-24 11:00:00,0.005238205194473267
2019-10-24 12:00:00,-0.16563206911087036
2019-10-24 13:00:00,-0.3904711604118347
2019-10-24 14:00:00,-0.6030866503715515
2019-10-24 15:00:00,-0.8347187340259552
2019-10-24 16:00:00,-0.9894552230834961
2019-10-24 17:00:00,-1.1192525625228882
2019-10-24 18:00:00,-1.2166876792907715
2019-10-24 19:00:00,-1.2906649112701416
2019-10-24 20:00:00,-1.3085753917694092
2019-10-24 21:00:00,-1.2460453361272812
2019-10-24 22:00:00,-1.126703143119812
2019-10-24 23:00:00,-0.9798680543899536
2019-10-25 00:00:00,-0.8568557947874069
2019-10-25 01:00:00,-0.7852767705917358
2019-10-25 02:00:00,-0.9968100786209106
2019-10-25 03:00:00,-1.4327137470245361
2019-10-25 04:00:00,-1.3543529510498047
2019-10-25 05:00:00,-1.461595058441162
2019-10-25 06:00:00,-1.4061856269836426
2019-10-25 07:00:00,-1.1333712339401245
2019-10-25 08:00:00,-0.7491359785199165
2019-10-25 09:00:00,-0.41265739500522614
2019-10-25 10:00:00,-0.2311858907341957
2019-10-25 11:00:00,-0.18514060974121094
2019-10-25 12:00:00,-0.18907180428504944
2019-10-25 13:00:00,-0.46421104669570923
2019-10-25 14:00:00,-0.6809178590774536
2019-10-25 15:00:00,-0.8545982837677002
2019-10-25 16:00:00,-0.9830062389373779
2019-10-25 17:00:00,-1.059860348701477
2019-10-25 18:00:00,-1.0740019083023071
2019-10-25 19:00:00,-1.0160315036773682
2019-10-25 20:00:00,-0.9066771268844604
2019-10-25 21:00:00,-0.7519326657056808
2019-10-25 22:00:00,-0.5493407696485519
2019-10-25 23:00:00,-0.318637490272522
2019-10-26 00:00:00,-0.09198176860809326
2019-10-26 01:00:00,0.0517612099647522
2019-10-26 02:00:00,0.18236543983221054
2019-10-26 03:00:00,0.18002617359161377
2019-10-26 04:00:00,0.0034744441509246826
2019-10-26 05:00:00,-0.23504561185836792
2019-10-26 06:00:00,-0.22060418874025345
2019-10-26 07:00:00,-0.050741225481033325
2019-10-26 08:00:00,0.17952346801757812
2019-10-26 09:00:00,0.42866313457489014
2019-10-26 10:00:00,0.6552838236093521
2019-10-26 11:00:00,0.7441010475158691
2019-10-26 12:00:00,0.32651615142822266
2019-10-26 13:00:00,0.2737964987754822
2019-10-26 14:00:00,0.12038087844848633
2019-10-26 15:00:00,-0.032265182584524155
2019-10-26 16:00:00,-0.06502354145050049
2019-10-26 17:00:00,-0.07184499502182007
2019-10-26 18:00:00,-0.07065483927726746
2019-10-26 19:00:00,-0.03980238363146782
2019-10-26 20:00:00,0.07145863771438599
2019-10-26 21:00:00,0.3162115812301636
2019-10-26 22:00:00,0.531768873333931
2019-10-26 23:00:00,0.6966941356658936
2019-10-27 00:00:00,0.8232938051223755
2019-10-27 01:00:00,0.9238631725311279
2019-10-27 02:00:00,0.854369044303894
2019-10-27 03:00:00,2.031605899333954
2019-10-27 04:00:00,1.497206211090088
2019-10-27 05:00:00,1.801235854625702
2019-10-27 06:00:00,1.660252571105957
2019-10-27 07:00:00,1.6056512892246246
2019-10-27 08:00:00,1.5705748498439789
2019-10-27 09:00:00,1.4411025047302246
2019-10-27 10:00:00,1.338240385055542
2019-10-27 11:00:00,0.8639927804470062
2019-10-27 12:00:00,0.20049306750297546
2019-10-27 13:00:00,0.05071538686752319
2019-10-27 14:00:00,-0.05118381977081299
2019-10-27 15:00:00,-0.08222699165344238
2019-10-27 16:00:00,-0.04696810245513916
2019-10-27 17:00:00,0.07390081882476807
2019-10-27 18:00:00,0.25662875175476074
2019-10-27 19:00:00,0.4384728670120239
2019-10-27 20:00:00,0.564934492111206
2019-10-27 21:00:00,0.6907960176467896
2019-10-27 22:00:00,0.7765490412712097
2019-10-27 23:00:00,0.8199714422225952
2019-10-28 00:00:00,0.8325780034065247
2019-10-28 01:00:00,0.8454676270484924
2019-10-28 02:00:00,0.712816596031189
2019-10-28 03:00:00,1.3920727968215942
2019-10-28 04:00:00,0.9853828847408295
2019-10-28 05:00:00,1.1898446083068848
2019-10-28 06:00:00,1.2353200912475586
2019-10-28 07:00:00,1.2752671092748642
2019-10-28 08:00:00,1.3300233036279678
2019-10-28 09:00:00,1.3589109182357788
2019-10-28 10:00:00,1.3461276143789291
2019-10-28 11:00:00,1.0229331254959106
2019-10-28 12:00:00,0.3643799424171448
2019-10-28 13:00:00,0.26545751094818115
2019-10-28 14:00:00,0.11461937427520752
2019-10-28 15:00:00,0.03313863277435303
2019-10-28 16:00:00,-0.060421109199523926
2019-10-28 17:00:00,-0.16561448574066162
2019-10-28 18:00:00,-0.2213284969329834
2019-10-28 19:00:00,-0.17916375398635864
2019-10-28 20:00:00,-0.13651680946350098
2019-10-28 21:00:00,-0.13208508491516113
2019-10-28 22:00:00,-0.17831867933273315
2019-10-28 23:00:00,-0.2126418948173523
2019-10-29 00:00:00,-0.23504167795181274
2019-10-29 01:00:00,-0.19639909267425537
2019-10-29 02:00:00,-0.08335477113723755
2019-10-29 03:00:00,0.08357512950897217
2019-10-29 04:00:00,0.31556594371795654
2019-10-29 05:00:00,0.662837564945221
2019-10-29 06:00:00,0.9876340627670288
2019-10-29 07:00:00,1.01271653175354
2019-10-29 08:00:00,0.8616761863231659
2019-10-29 09:00:00,0.6288663744926453
2019-10-29 10:00:00,0.6274148225784302
2019-10-29 11:00:00,0.3957405686378479
2019-10-29 12:00:00,0.24846193939447403
2019-10-29 13:00:00,0.27698812633752823
2019-10-29 14:00:00,0.24981260299682617
2019-10-29 15:00:00,0.30532099306583405
2019-10-29 16:00:00,0.1449630856513977
2019-10-29 17:00:00,-0.03496432118117809
2019-10-29 18:00:00,-0.1609559953212738
2019-10-29 19:00:00,-0.24515509605407715
2019-10-29 20:00:00,-0.36661016941070557
2019-10-29 21:00:00,-0.5154867172241211
2019-10-29 22:00:00,-0.3893094062805176
2019-10-29 23:00:00,-0.1925191879272461
2019-10-30 00:00:00,0.11027371883392334
2019-10-30 01:00:00,0.3540632724761963
2019-10-30 02:00:00,0.5435882806777954
2019-10-30 03:00:00,0.9925835132598877
2019-10-30 04:00:00,0.990134596824646
2019-10-30 05:00:00,1.1606507301330566
2019-10-30 06:00:00,1.8408339023590088
2019-10-30 07:00:00,1.908902883529663
2019-10-30 08:00:00,2.020127773284912
2019-10-30 09:00:00,1.9042725563049316
2019-10-30 10:00:00,1.7043211460113525
2019-10-30 11:00:00,1.0234813690185547
2019-10-30 12:00:00,0.45610475540161133
2019-10-30 13:00:00,0.40159177780151367
2019-10-30 14:00:00,0.28670644760131836
2019-10-30 15:00:00,0.27236175537109375
2019-10-30 16:00:00,0.30623185634613037
2019-10-30 17:00:00,0.3320293426513672
2019-10-30 18:00:00,0.32856082916259766
2019-10-30 19:00:00,0.24944186210632324
2019-10-30 20:00:00,0.08616554737091064
2019-10-30 21:00:00,-0.11264973878860474
2019-10-30 22:00:00,-0.23509502410888672
2019-10-30 23:00:00,-0.27488014847040176
2019-10-31 00:00:00,-0.2314850091934204
2019-10-31 01:00:00,-0.08943328261375427
2019-10-31 02:00:00,0.13841643929481506
2019-10-31 03:00:00,0.40344736725091934
2019-10-31 04:00:00,0.6266703605651855
2019-10-31 05:00:00,1.3115005642175674
2019-10-31 06:00:00,1.9166967868804932
2019-10-31 07:00:00,2.2916831970214844
2019-10-31 08:00:00,2.466716766357422
2019-10-31 09:00:00,2.524017572402954
2019-10-31 10:00:00,2.297970235347748
2019-10-31 11:00:00,1.5969874858856201
2019-10-31 12:00:00,0.5506055951118469
2019-10-31 13:00:00,0.4005855321884155
2019-10-31 14:00:00,0.25351765006780624
2019-10-31 15:00:00,0.17332961410284042
2019-10-31 16:00:00,0.2597670331597328
2019-10-31 17:00:00,0.36442552506923676
2019-10-31 18:00:00,0.45547138154506683
2019-10-31 19:00:00,0.5309162139892578
2019-10-31 20:00:00,0.5978293269872665
2019-10-31 21:00:00,0.655968002974987
2019-10-31 22:00:00,0.6085609942674637
2019-10-31 23:00:00,0.5095202326774597
2019-11-01 00:00:00,0.363728865981102
2019-11-01 01:00:00,0.193318672478199
2019-11-01 02:00:00,-0.018771812319755554
2019-11-01 03:00:00,-0.284114807844162
2019-11-01 04:00:00,-0.6381618976593018
2019-11-01 05:00:00,-0.07543717324733734
2019-11-01 06:00:00,0.8772483319044113
2019-11-01 07:00:00,1.2238905429840088
2019-11-01 08:00:00,1.3225476741790771
2019-11-01 09:00:00,1.2729225158691406
2019-11-01 10:00:00,1.3831770420074463
2019-11-01 11:00:00,0.9753819778561592
2019-11-01 12:00:00,0.3893796782940626
2019-11-01 13:00:00,0.08274203166365623
2019-11-01 14:00:00,-0.19542855210602283
2019-11-01 15:00:00,-0.407623422332108
2019-11-01 16:00:00,-0.5135677009820938
2019-11-01 17:00:00,-0.57419622130692
2019-11-01 18:00:00,-0.5652990341186523
2019-11-01 19:00:00,-0.5088275633752346
2019-11-01 20:00:00,-0.42005016654729843
2019-11-01 21:00:00,-0.28433797508478165
2019-11-01 22:00:00,-0.14011463522911072
2019-11-01 23:00:00,0.013470262289047241
2019-11-02 00:00:00,0.19503718614578247
2019-11-02 01:00:00,0.3776400089263916
2019-11-02 02:00:00,0.49397599697113037
2019-11-02 03:00:00,0.9467674493789673
2019-11-02 04:00:00,0.7816123515367508
2019-11-02 05:00:00,1.0937813520431519
2019-11-02 06:00:00,1.4634013026952744
2019-11-02 07:00:00,1.6193212568759918
2019-11-02 08:00:00,1.6815718710422516
2019-11-02 09:00:00,1.6205787658691406
2019-11-02 10:00:00,1.4592835903167725
2019-11-02 11:00:00,0.9504778832197189
2019-11-02 12:00:00,0.21780866384506226
2019-11-02 13:00:00,-0.018097281455993652
2019-11-02 14:00:00,-0.24757802486419678
2019-11-02 15:00:00,-0.42037320137023926
2019-11-02 16:00:00,-0.48831915855407715
2019-11-02 17:00:00,-0.4670597314834595
2019-11-02 18:00:00,-0.41259586811065674
2019-11-02 19:00:00,-0.3424593210220337
2019-11-02 20:00:00,-0.2611870765686035
2019-11-02 21:00:00,-0.15608620643615723
2019-11-02 22:00:00,0.006398558616638184
2019-11-02 23:00:00,0.14745604991912842
2019-11-03 00:00:00,0.25557994842529297
2019-11-03 01:00:00,0.38075006008148193
2019-11-03 02:00:00,0.5171866416931152
2019-11-03 03:00:00,1.55385160446167
2019-11-03 04:00:00,1.6641415357589722
2019-11-03 05:00:00,2.8545193672180176
2019-11-03 06:00:00,3.415713310241699
2019-11-03 07:00:00,3.569955348968506
2019-11-03 08:00:00,3.6211116909980774
2019-11-03 09:00:00,3.555936813354492
2019-11-03 10:00:00,3.1477468013763428
2019-11-03 11:00:00,2.308490753173828
2019-11-03 12:00:00,0.7901226282119751
2019-11-03 13:00:00,0.6895705461502075
2019-11-03 14:00:00,0.5072413682937622
2019-11-03 15:00:00,0.3651490807533264
2019-11-03 16:00:00,0.31309884786605835
2019-11-03 17:00:00,0.29826539754867554
2019-11-03 18:00:00,0.2924678325653076
2019-11-03 19:00:00,0.30185121297836304
2019-11-03 20:00:00,0.31550633907318115
2019-11-03 21:00:00,0.3542642593383789
2019-11-03 22:00:00,0.4602929949760437
2019-11-03 23:00:00,0.587376594543457
2019-11-04 00:00:00,0.7405315637588501
2019-11-04 01:00:00,0.9131301641464233
2019-11-04 02:00:00,1.3937979638576508
2019-11-04 03:00:00,2.420560836791992
2019-11-04 04:00:00,2.8345603942871094
2019-11-04 05:00:00,3.4165101051330566
2019-11-04 06:00:00,3.5975255966186523
2019-11-04 07:00:00,3.634888172149658
2019-11-04 08:00:00,3.6295223236083984
2019-11-04 09:00:00,3.55935001373291
2019-11-04 10:00:00,3.3621063232421875
2019-11-04 11:00:00,2.928209066390991
2019-11-04 12:00:00,1.1350493431091309
2019-11-04 13:00:00,0.8759317398071289
2019-11-04 14:00:00,0.7061392068862915
2019-11-04 15:00:00,0.5843020677566528
2019-11-04 16:00:00,0.6052498519420624
2019-11-04 17:00:00,0.6943195015192032
2019-11-04 18:00:00,0.8251855820417404
2019-11-04 19:00:00,0.9543658494949341
2019-11-04 20:00:00,1.075639694929123
2019-11-04 21:00:00,1.1820627450942993
2019-11-04 22:00:00,1.1651625484228134
2019-11-04 23:00:00,1.1795897483825684
2019-11-05 00:00:00,1.2105402946472168
2019-11-05 01:00:00,1.2623639106750488
2019-11-05 02:00:00,1.4997645318508148
2019-11-05 03:00:00,2.9479517936706543
2019-11-05 04:00:00,2.8237574100494385
2019-11-05 05:00:00,3.855331778526306
2019-11-05 06:00:00,4.0374250411987305
2019-11-05 07:00:00,4.074258804321289
2019-11-05 08:00:00,3.985737919807434
2019-11-05 09:00:00,3.812250316143036
2019-11-05 10:00:00,3.4526400566101074
2019-11-05 11:00:00,2.7919936180114746
2019-11-05 12:00:00,0.9704762697219849
2019-11-05 13:00:00,0.991010308265686
2019-11-05 14:00:00,0.9813871383666992
2019-11-05 15:00:00,0.9959142208099365
2019-11-05 16:00:00,1.0485026836395264
2019-11-05 17:00:00,1.0973776578903198
2019-11-05 18:00:00,1.1186343431472778
2019-11-05 19:00:00,1.1086822748184204
2019-11-05 20:00:00,1.0821986198425293
2019-11-05 21:00:00,1.041835904121399
2019-11-05 22:00:00,0.973332405090332
2019-11-05 23:00:00,0.8886291980743408
2019-11-06 00:00:00,0.8075954914093018
2019-11-06 01:00:00,0.7431597709655762
2019-11-06 02:00:00,0.6602321863174438
2019-11-06 03:00:00,0.8307205438613892
2019-11-06 04:00:00,0.14535140991210938
2019-11-06 05:00:00,1.1111890077590942
2019-11-06 06:00:00,1.0966413021087646
2019-11-06 07:00:00,0.9005772769451141
2019-11-06 08:00:00,0.7029049396514893
2019-11-06 09:00:00,0.47311389446258545
2019-11-06 10:00:00,0.21855837106704712
2019-11-06 11:00:00,-0.21356850862503052
2019-11-06 12:00:00,-0.5751727223396301
2019-11-06 13:00:00,-0.9968345165252686
2019-11-06 14:00:00,-1.1688244342803955
2019-11-06 15:00:00,-1.1932189464569092
2019-11-06 16:00:00,-1.104468822479248
2019-11-06 17:00:00,-0.9549202620983124
2019-11-06 18:00:00,-0.7215452194213867
2019-11-06 19:00:00,-0.47222524881362915
2019-11-06 20:00:00,-0.3004337549209595
2019-11-06 21:00:00,-0.22871363162994385
2019-11-06 22:00:00,-0.15951961278915405
2019-11-06 23:00:00,-0.07170981168746948
2019-11-07 00:00:00,-0.04602992534637451
2019-11-07 01:00:00,-0.11889564990997314
2019-11-07 02:00:00,-0.40679895877838135
2019-11-07 03:00:00,-1.9657002389431
2019-11-07 04:00:00,-1.8770995140075684
2019-11-07 05:00:00,-0.4515113830566406
2019-11-07 06:00:00,0.8123375177383423
2019-11-07 07:00:00,1.256624460220337
2019-11-07 08:00:00,0.8093583583831787
2019-11-07 09:00:00,-0.7336150109767914
2019-11-07 10:00:00,-2.135152578353882
2019-11-07 11:00:00,-2.6668739318847656
2019-11-07 12:00:00,-1.9404639601707458
2019-11-07 13:00:00,-1.9823703169822693
2019-11-07 14:00:00,-2.2387044429779053
2019-11-07 15:00:00,-2.095877170562744
2019-11-07 16:00:00,-1.4117248207330704
2019-11-07 17:00:00,-1.0286067724227905
2019-11-07 18:00:00,-0.783145010471344
2019-11-07 19:00:00,-0.6166664361953735
2019-11-07 20:00:00,-0.5120447278022766
2019-11-07 21:00:00,-0.37390947341918945
2019-11-07 22:00:00,-0.5430816411972046
2019-11-07 23:00:00,-0.29782602190971375
2019-11-08 00:00:00,-0.0062274932861328125
2019-11-08 01:00:00,-0.2317492961883545
2019-11-08 02:00:00,-0.8336853981018066
2019-11-08 03:00:00,-1.1473591029644012
2019-11-08 04:00:00,-0.992544412612915
2019-11-08 05:00:00,-0.9665050506591797
2019-11-08 06:00:00,-0.92699334025383
2019-11-08 07:00:00,-0.8033983707427979
2019-11-08 08:00:00,-0.5663752108812332
2019-11-08 09:00:00,-0.23392172157764435
2019-11-08 10:00:00,0.03445009794086218
2019-11-08 11:00:00,0.22827577590942383
2019-11-08 12:00:00,0.2447684407234192
2019-11-08 13:00:00,0.3170313835144043
2019-11-08 14:00:00,0.30290311574935913
2019-11-08 15:00:00,0.24311989545822144
2019-11-08 16:00:00,0.19533491134643555
2019-11-08 17:00:00,0.217495858669281
2019-11-08 18:00:00,0.28997652977705
2019-11-08 19:00:00,0.3964219056069851
2019-11-08 20:00:00,0.5096210092306137
2019-11-08 21:00:00,0.6114976406097412
2019-11-08 22:00:00,0.6496924161911011
2019-11-08 23:00:00,0.6885029077529907
2019-11-09 00:00:00,0.7505986094474792
2019-11-09 01:00:00,0.8213021755218506
2019-11-09 02:00:00,1.1913121938705444
2019-11-09 03:00:00,1.8533416986465454
2019-11-09 04:00:00,1.822662353515625
2019-11-09 05:00:00,1.8369589745998383
2019-11-09 06:00:00,1.9949133396148682
2019-11-09 07:00:00,2.1583707332611084
2019-11-09 08:00:00,2.3510842323303223
2019-11-09 09:00:00,2.4984917640686035
2019-11-09 10:00:00,2.4872653484344482
2019-11-09 11:00:00,2.284938097000122
2019-11-09 12:00:00,1.0443949401378632
2019-11-09 13:00:00,1.1288294792175293
2019-11-09 14:00:00,1.1788740158081055
2019-11-09 15:00:00,1.1606514155864716
2019-11-09 16:00:00,1.0643764734268188
2019-11-09 17:00:00,0.9298764541745186
2019-11-09 18:00:00,0.7925743982195854
2019-11-09 19:00:00,0.6908465698361397
2019-11-09 20:00:00,0.6231546476483345
2019-11-09 21:00:00,0.5755320638418198
2019-11-09 22:00:00,0.542509913444519
2019-11-09 23:00:00,0.5463158637285233
2019-11-10 00:00:00,0.5606125593185425
2019-11-10 01:00:00,0.5565933734178543
2019-11-10 02:00:00,0.5815376043319702
2019-11-10 03:00:00,0.9532811567187309
2019-11-10 04:00:00,0.6665203124284744
2019-11-10 05:00:00,1.7201118469238281
2019-11-10 06:00:00,2.574883460998535
2019-11-10 07:00:00,2.969221353530884
2019-11-10 08:00:00,3.126457691192627
2019-11-10 09:00:00,3.061943769454956
2019-11-10 10:00:00,2.773979663848877
2019-11-10 11:00:00,2.187823325395584
2019-11-10 12:00:00,0.748382031917572
2019-11-10 13:00:00,0.5829632878303528
2019-11-10 14:00:00,0.34002530574798584
2019-11-10 15:00:00,0.15789268538355827
2019-11-10 16:00:00,0.08311586454510689
2019-11-10 17:00:00,0.0029804669320583344
2019-11-10 18:00:00,-0.02012455463409424
2019-11-10 19:00:00,-0.04811983183026314
2019-11-10 20:00:00,-0.06792467460036278
2019-11-10 21:00:00,-0.022225141525268555
2019-11-10 22:00:00,0.034063905477523804
2019-11-10 23:00:00,0.0744466781616211
2019-11-11 00:00:00,0.11487120389938354
2019-11-11 01:00:00,0.16457509994506836
2019-11-11 02:00:00,0.23492121696472168
2019-11-11 03:00:00,0.6655967235565186
2019-11-11 04:00:00,0.7705267667770386
2019-11-11 05:00:00,1.6665065288543701
2019-11-11 06:00:00,2.755727767944336
2019-11-11 07:00:00,3.066394329071045
2019-11-11 08:00:00,2.9702677726745605
2019-11-11 09:00:00,2.713982343673706
2019-11-11 10:00:00,2.3529605865478516
2019-11-11 11:00:00,1.6048942804336548
2019-11-11 12:00:00,0.5023131966590881
2019-11-11 13:00:00,0.36152881383895874
2019-11-11 14:00:00,0.2576509490609169
2019-11-11 15:00:00,0.1906292922794819
2019-11-11 16:00:00,0.0905475914478302
2019-11-11 17:00:00,-0.033157650381326675
2019-11-11 18:00:00,-0.1619381308555603
2019-11-11 19:00:00,-0.27157292515039444
2019-11-11 20:00:00,-0.3335278034210205
2019-11-11 21:00:00,-0.3282923102378845
2019-11-11 22:00:00,-0.186018168926239
2019-11-11 23:00:00,-0.035890161991119385
2019-11-12 00:00:00,0.11977440118789673
2019-11-12 01:00:00,0.2943990007042885
2019-11-12 02:00:00,0.46454668417572975
2019-11-12 03:00:00,1.3960081189870834
2019-11-12 04:00:00,1.268437385559082
2019-11-12 05:00:00,2.384250432252884
2019-11-12 06:00:00,3.1416444778442383
2019-11-12 07:00:00,3.3638882637023926
2019-11-12 08:00:00,3.3249175548553467
2019-11-12 09:00:00,3.0619208812713623
2019-11-12 10:00:00,2.7249696254730225
2019-11-12 11:00:00,1.791515126824379
2019-11-12 12:00:00,0.4936196953058243
2019-11-12 13:00:00,0.19571173191070557
2019-11-12 14:00:00,-0.05279088020324707
2019-11-12 15:00:00,-0.26476603746414185
2019-11-12 16:00:00,-0.37369197607040405
2019-11-12 17:00:00,-0.43456077575683594
2019-11-12 18:00:00,-0.44652259349823
2019-11-12 19:00:00,-0.4478713274002075
2019-11-12 20:00:00,-0.3961144685745239
2019-11-12 21:00:00,-0.27706587314605713
2019-11-12 22:00:00,-0.09363484382629395
2019-11-12 23:00:00,0.12755942344665527
2019-11-13 00:00:00,0.3932543396949768
2019-11-13 01:00:00,0.6888894438743591
2019-11-13 02:00:00,0.8412268161773682
2019-11-13 03:00:00,2.1125325858592987
2019-11-13 04:00:00,1.8305579125881195
2019-11-13 05:00:00,1.4995105266571045
2019-11-13 06:00:00,1.7804348468780518
2019-11-13 07:00:00,1.8940125405788422
2019-11-13 08:00:00,1.9001719951629639
2019-11-13 09:00:00,1.66705422103405
2019-11-13 10:00:00,1.1319571509957314
2019-11-13 11:00:00,0.2444588914513588
2019-11-13 12:00:00,0.08315956592559814
2019-11-13 13:00:00,-0.016230225563049316
2019-11-13 14:00:00,-0.11298835277557373
2019-11-13 15:00:00,-0.205999493598938
2019-11-13 16:00:00,-0.15175336599349976
2019-11-13 17:00:00,-0.044513821601867676
2019-11-13 18:00:00,0.06895026564598083
2019-11-13 19:00:00,0.043462276458740234
2019-11-13 20:00:00,-0.035111695528030396
2019-11-13 21:00:00,-0.12200090289115906
2019-11-13 22:00:00,-0.15451961755752563
2019-11-13 23:00:00,-0.08283500745892525
2019-11-14 00:00:00,0.132450670003891
2019-11-14 01:00:00,0.3963830769062042
2019-11-14 02:00:00,0.5520743131637573
2019-11-14 03:00:00,1.223250389099121
2019-11-14 04:00:00,1.333641529083252
2019-11-14 05:00:00,1.187275767326355
2019-11-14 06:00:00,1.0715516805648804
2019-11-14 07:00:00,0.9224027395248413
2019-11-14 08:00:00,0.5600436925888062
2019-11-14 09:00:00,-0.02622997760772705
2019-11-14 10:00:00,-0.35143113136291504
2019-11-14 11:00:00,-0.29947853088378906
2019-11-14 12:00:00,-0.5259930491447449
2019-11-14 13:00:00,-0.6642555743455887
2019-11-14 14:00:00,-0.7340998649597168
2019-11-14 15:00:00,-0.8043069839477539
2019-11-14 16:00:00,-0.7891408205032349
2019-11-14 17:00:00,-0.7467294931411743
2019-11-14 18:00:00,-0.6990916728973389
2019-11-14 19:00:00,-0.6969389915466309
2019-11-14 20:00:00,-0.6304625272750854
2019-11-14 21:00:00,-0.3872389793395996
2019-11-14 22:00:00,-0.18781626224517822
2019-11-14 23:00:00,-0.12180554866790771
2019-11-15 00:00:00,-0.002156853675842285
2019-11-15 01:00:00,0.07501435279846191
2019-11-15 02:00:00,0.02135491371154785
2019-11-15 03:00:00,-0.21522480249404907
2019-11-15 04:00:00,-0.4184737801551819
2019-11-15 05:00:00,-0.9121270179748535
2019-11-15 06:00:00,-0.4939568042755127
2019-11-15 07:00:00,0.1535819172859192
2019-11-15 08:00:00,0.8147690296173096
2019-11-15 09:00:00,1.224629521369934
2019-11-15 10:00:00,1.2689350843429565
2019-11-15 11:00:00,0.9239290952682495
2019-11-15 12:00:00,0.3586137294769287
2019-11-15 13:00:00,0.36785900592803955
2019-11-15 14:00:00,0.44082164764404297
2019-11-15 15:00:00,0.544481635093689
2019-11-15 16:00:00,0.5992166996002197
2019-11-15 17:00:00,0.5415705516934395
2019-11-15 18:00:00,0.4311058670282364
2019-11-15 19:00:00,0.3503534197807312
2019-11-15 20:00:00,0.3312837481498718
2019-11-15 21:00:00,0.3764525428414345
2019-11-15 22:00:00,0.4319407343864441
2019-11-15 23:00:00,0.5093189477920532
2019-11-16 00:00:00,0.6608752012252808
2019-11-16 01:00:00,0.9146337509155273
2019-11-16 02:00:00,1.4270436763763428
2019-11-16 03:00:00,2.027967929840088
2019-11-16 04:00:00,1.9366023540496826
2019-11-16 05:00:00,1.5384421348571777
2019-11-16 06:00:00,1.1990034580230713
2019-11-16 07:00:00,1.759887307882309
2019-11-16 08:00:00,2.545992374420166
2019-11-16 09:00:00,3.015167474746704
2019-11-16 10:00:00,2.9756665229797363
2019-11-16 11:00:00,2.6799709796905518
2019-11-16 12:00:00,1.5169377326965332
2019-11-16 13:00:00,1.580493450164795
2019-11-16 14:00:00,1.8579750061035156
2019-11-16 15:00:00,2.0989763736724854
2019-11-16 16:00:00,2.360087901353836
2019-11-16 17:00:00,2.8277955055236816
2019-11-16 18:00:00,3.1439931392669678
2019-11-16 19:00:00,3.1634697914123535
2019-11-16 20:00:00,3.043881893157959
2019-11-16 21:00:00,3.0242464542388916
2019-11-16 22:00:00,3.0809192657470703
2019-11-16 23:00:00,2.8955788612365723
2019-11-17 00:00:00,2.759582281112671
2019-11-17 01:00:00,2.8160834312438965
2019-11-17 02:00:00,3.465269088745117
2019-11-17 03:00:00,3.948565363883972
2019-11-17 04:00:00,3.8520339727401733
2019-11-17 05:00:00,4.677056789398193
2019-11-17 06:00:00,4.801944255828857
2019-11-17 07:00:00,4.830072402954102
2019-11-17 08:00:00,4.997957229614258
2019-11-17 09:00:00,4.971733093261719
2019-11-17 10:00:00,4.5784735679626465
2019-11-17 11:00:00,4.171084344387054
2019-11-17 12:00:00,2.0927405059337616
2019-11-17 13:00:00,2.0434200763702393
2019-11-17 14:00:00,2.0558362007141113
2019-11-17 15:00:00,2.1599268913269043
2019-11-17 16:00:00,2.4167723655700684
2019-11-17 17:00:00,2.30293345451355
2019-11-17 18:00:00,2.4115536212921143
2019-11-17 19:00:00,2.2315373718738556
2019-11-17 20:00:00,2.213770627975464
2019-11-17 21:00:00,2.379063129425049
2019-11-17 22:00:00,2.1481950283050537
2019-11-17 23:00:00,2.3479180335998535
2019-11-18 00:00:00,2.263447016477585
2019-11-18 01:00:00,1.9123127460479736
2019-11-18 02:00:00,2.5881495475769043
2019-11-18 03:00:00,3.021860361099243
2019-11-18 04:00:00,2.4298577308654785
2019-11-18 05:00:00,3.6905412673950195
2019-11-18 06:00:00,3.8541300296783447
2019-11-18 07:00:00,3.808377742767334
2019-11-18 08:00:00,3.6432628631591797
2019-11-18 09:00:00,3.428518056869507
2019-11-18 10:00:00,3.040959358215332
2019-11-18 11:00:00,2.2832159996032715
2019-11-18 12:00:00,0.8323331475257874
2019-11-18 13:00:00,0.8337321281433105
2019-11-18 14:00:00,0.8451004028320312
2019-11-18 15:00:00,0.8355005383491516
2019-11-18 16:00:00,0.8735061883926392
2019-11-18 17:00:00,0.8958597183227539
2019-11-18 18:00:00,0.8243228793144226
2019-11-18 19:00:00,0.7130440473556519
2019-11-18 20:00:00,0.5939862132072449
2019-11-18 21:00:00,0.514177680015564
2019-11-18 22:00:00,0.45196419954299927
2019-11-18 23:00:00,0.4905163049697876
2019-11-19 00:00:00,0.6053808927536011
2019-11-19 01:00:00,0.7334144115447998
2019-11-19 02:00:00,0.7709712386131287
2019-11-19 03:00:00,1.6995402574539185
2019-11-19 04:00:00,1.4458427429199219
2019-11-19 05:00:00,1.911503791809082
2019-11-19 06:00:00,1.8529621064662933
2019-11-19 07:00:00,1.7799185812473297
2019-11-19 08:00:00,1.7960913181304932
2019-11-19 09:00:00,2.0070714950561523
2019-11-19 10:00:00,2.0084805488586426
2019-11-19 11:00:00,1.1033527851104736
2019-11-19 12:00:00,0.6650498509407043
2019-11-19 13:00:00,0.6981841325759888
2019-11-19 14:00:00,0.720978856086731
2019-11-19 15:00:00,0.7924888581037521
2019-11-19 16:00:00,0.8632982224225998
2019-11-19 17:00:00,0.8279170989990234
2019-11-19 18:00:00,0.7396135926246643
2019-11-19 19:00:00,0.572916254401207
2019-11-19 20:00:00,0.2642219290137291
2019-11-19 21:00:00,-0.10254019498825073
2019-11-19 22:00:00,-0.2821383476257324
2019-11-19 23:00:00,-0.32664796710014343
2019-11-20 00:00:00,-0.1777401566505432
2019-11-20 01:00:00,-0.09890356659889221
2019-11-20 02:00:00,-0.1698685884475708
2019-11-20 03:00:00,-0.29656805098056793
2019-11-20 04:00:00,-0.44772017002105713
2019-11-20 05:00:00,-0.638793408870697
2019-11-20 06:00:00,-0.23671627044677734
2019-11-20 07:00:00,0.11939072608947754
2019-11-20 08:00:00,0.3749362379312515
2019-11-20 09:00:00,0.5350210666656494
2019-11-20 10:00:00,0.6295474767684937
2019-11-20 11:00:00,0.4115316867828369
2019-11-20 12:00:00,0.11152172088623047
2019-11-20 13:00:00,-0.24273955821990967
2019-11-20 14:00:00,-0.5022778511047363
2019-11-20 15:00:00,-0.6735423803329468
2019-11-20 16:00:00,-0.7997688055038452
2019-11-20 17:00:00,-0.8837296962738037
2019-11-20 18:00:00,-0.9815477132797241
2019-11-20 19:00:00,-1.0863330364227295
2019-11-20 20:00:00,-1.1733832359313965
2019-11-20 21:00:00,-1.2013440132141113
2019-11-20 22:00:00,-1.1641179323196411
2019-11-20 23:00:00,-1.1481062173843384
2019-11-21 00:00:00,-1.128928780555725
2019-11-21 01:00:00,-1.0604122877120972
2019-11-21 02:00:00,-0.8664653301239014
2019-11-21 03:00:00,-1.2064939737319946
2019-11-21 04:00:00,-0.7500264644622803
2019-11-21 05:00:00,-0.2095189094543457
2019-11-21 06:00:00,-0.14474725723266602
2019-11-21 07:00:00,-0.34898555278778076
2019-11-21 08:00:00,-0.27449727058410645
2019-11-21 09:00:00,-0.11238765716552734
2019-11-21 10:00:00,0.1361127495765686
2019-11-21 11:00:00,0.05454510450363159
2019-11-21 12:00:00,-0.02992880344390869
2019-11-21 13:00:00,-0.1517934799194336
2019-11-21 14:00:00,-0.20282626152038574
2019-11-21 15:00:00,-0.11630403995513916
2019-11-21 16:00:00,-0.04766523838043213
2019-11-21 17:00:00,-0.09082171320915222
2019-11-21 18:00:00,-0.19471905380487442
2019-11-21 19:00:00,-0.33769843727350235
2019-11-21 20:00:00,-0.4520222544670105
2019-11-21 21:00:00,-0.5264210104942322
2019-11-21 22:00:00,-0.6122851371765137
2019-11-21 23:00:00,-0.6815688014030457
2019-11-22 00:00:00,-0.49769914150238037
2019-11-22 01:00:00,-0.0010924041271209717
2019-11-22 02:00:00,0.4549937844276428
2019-11-22 03:00:00,1.2669636011123657
2019-11-22 04:00:00,1.1841404438018799
2019-11-22 05:00:00,1.7757387161254883
2019-11-22 06:00:00,2.023017406463623
2019-11-22 07:00:00,1.9054461419582367
2019-11-22 08:00:00,1.6411244869232178
2019-11-22 09:00:00,1.282869353890419
2019-11-22 10:00:00,1.1052041202783585
2019-11-22 11:00:00,0.5013489723205566
2019-11-22 12:00:00,0.16644567251205444
2019-11-22 13:00:00,0.0968778133392334
2019-11-22 14:00:00,0.0629456639289856
2019-11-22 15:00:00,0.08289510011672974
2019-11-22 16:00:00,0.18577063083648682
2019-11-22 17:00:00,0.3141292929649353
2019-11-22 18:00:00,0.5158437490463257
2019-11-22 19:00:00,0.7740156203508377
2019-11-22 20:00:00,0.9189399555325508
2019-11-22 21:00:00,0.9697558879852295
2019-11-22 22:00:00,1.019334077835083
2019-11-22 23:00:00,1.1135153770446777
2019-11-23 00:00:00,1.2269067913293839
2019-11-23 01:00:00,1.392444372177124
2019-11-23 02:00:00,1.8112921714782715
2019-11-23 03:00:00,2.7757809162139893
2019-11-23 04:00:00,2.6922504901885986
2019-11-23 05:00:00,2.744014024734497
2019-11-23 06:00:00,2.698070526123047
2019-11-23 07:00:00,2.599092483520508
2019-11-23 08:00:00,2.5316967964172363
2019-11-23 09:00:00,2.493222236633301
2019-11-23 10:00:00,2.4173781871795654
2019-11-23 11:00:00,2.1144902110099792
2019-11-23 12:00:00,1.0377092510461807
2019-11-23 13:00:00,1.0826147645711899
2019-11-23 14:00:00,1.1238477230072021
2019-11-23 15:00:00,1.1595235019922256
2019-11-23 16:00:00,1.1707807779312134
2019-11-23 17:00:00,1.1322217881679535
2019-11-23 18:00:00,1.1455434560775757
2019-11-23 19:00:00,1.2383359670639038
2019-11-23 20:00:00,1.3367189168930054
2019-11-23 21:00:00,1.3144370317459106
2019-11-23 22:00:00,1.016943097114563
2019-11-23 23:00:00,0.9544267952442169
2019-11-24 00:00:00,0.9484772384166718
2019-11-24 01:00:00,0.9280651807785034
2019-11-24 02:00:00,0.9535406827926636
2019-11-24 03:00:00,1.8012962341308594
2019-11-24 04:00:00,1.6600158214569092
2019-11-24 05:00:00,2.144478589296341
2019-11-24 06:00:00,2.4332151412963867
2019-11-24 07:00:00,2.5994272232055664
2019-11-24 08:00:00,2.7681612968444824
2019-11-24 09:00:00,2.7978689670562744
2019-11-24 10:00:00,2.622666358947754
2019-11-24 11:00:00,1.5701864659786224
2019-11-24 12:00:00,0.834499716758728
2019-11-24 13:00:00,0.7733715176582336
2019-11-24 14:00:00,0.6776269674301147
2019-11-24 15:00:00,0.5802803039550781
2019-11-24 16:00:00,0.587471604347229
2019-11-24 17:00:00,0.6128844618797302
2019-11-24 18:00:00,0.6206197738647461
2019-11-24 19:00:00,0.580877423286438
2019-11-24 20:00:00,0.4547154903411865
2019-11-24 21:00:00,0.31651628017425537
2019-11-24 22:00:00,0.20653831958770752
2019-11-24 23:00:00,0.12794876098632812
2019-11-25 00:00:00,0.08363926410675049
2019-11-25 01:00:00,0.05140376091003418
2019-11-25 02:00:00,0.0560990571975708
2019-11-25 03:00:00,0.2593740224838257
2019-11-25 04:00:00,0.2960878610610962
2019-11-25 05:00:00,0.8600950241088867
2019-11-25 06:00:00,1.074257493019104
2019-11-25 07:00:00,1.0665513277053833
2019-11-25 08:00:00,0.9764577150344849
2019-11-25 09:00:00,0.8665546178817749
2019-11-25 10:00:00,0.7445918321609497
2019-11-25 11:00:00,0.5821768045425415
2019-11-25 12:00:00,0.3745526075363159
2019-11-25 13:00:00,0.3030049204826355
2019-11-25 14:00:00,0.0687645673751831
2019-11-25 15:00:00,-0.26572737842798233
2019-11-25 16:00:00,-0.5544974654912949
2019-11-25 17:00:00,-0.736052393913269
2019-11-25 18:00:00,-0.9646112471818924
2019-11-25 19:00:00,-1.300163745880127
2019-11-25 20:00:00,-1.692160964012146
2019-11-25 21:00:00,-1.938049554824829
2019-11-25 22:00:00,-1.6070177555084229
2019-11-25 23:00:00,-1.3747117519378662
2019-11-26 00:00:00,-1.1954939365386963
2019-11-26 01:00:00,-0.8974085301160812
2019-11-26 02:00:00,-0.5589026808738708
2019-11-26 03:00:00,-0.037427306175231934
2019-11-26 04:00:00,0.31381768360733986
2019-11-26 05:00:00,-0.1692759245634079
2019-11-26 06:00:00,-0.6111540850251913
2019-11-26 07:00:00,-1.0341894626617432
2019-11-26 08:00:00,-1.2869266793131828
2019-11-26 09:00:00,-1.3710294663906097
2019-11-26 10:00:00,-1.0774497091770172
2019-11-26 11:00:00,-0.6269407123327255
2019-11-26 12:00:00,-0.3640377074480057
2019-11-26 13:00:00,-0.5346779823303223
2019-11-26 14:00:00,-0.7275431156158447
2019-11-26 15:00:00,-0.5626720190048218
2019-11-26 16:00:00,-0.2844275236129761
2019-11-26 17:00:00,0.0006730556488037109
2019-11-26 18:00:00,0.16245613247156143
2019-11-26 19:00:00,0.19152098149061203
2019-11-26 20:00:00,0.16520915180444717
2019-11-26 21:00:00,0.10634660720825195
2019-11-26 22:00:00,0.009202837944030762
2019-11-26 23:00:00,-0.12549972534179688
2019-11-27 00:00:00,-0.31891918182373047
2019-11-27 01:00:00,-0.6265969276428223
2019-11-27 02:00:00,-0.8581357449293137
2019-11-27 03:00:00,-2.2509469985961914
2019-11-27 04:00:00,-2.17355278134346
2019-11-27 05:00:00,-2.2798194885253906
2019-11-27 06:00:00,-2.055465966463089
2019-11-27 07:00:00,-1.6008193492889404
2019-11-27 08:00:00,-1.2625679820775986
2019-11-27 09:00:00,-1.0359571129083633
2019-11-27 10:00:00,-1.0594655275344849
2019-11-27 11:00:00,-0.6220215708017349
2019-11-27 12:00:00,-0.5785236954689026
2019-11-27 13:00:00,-0.7407616972923279
2019-11-27 14:00:00,-0.8530599474906921
2019-11-27 15:00:00,-0.9475797414779663
2019-11-27 16:00:00,-1.1833511590957642
2019-11-27 17:00:00,-1.5775207579135895
2019-11-27 18:00:00,-2.04590505361557
2019-11-27 19:00:00,-2.3800902366638184
2019-11-27 20:00:00,-2.5946359634399414
2019-11-27 21:00:00,-2.5491108894348145
2019-11-27 22:00:00,-2.3982107639312744
2019-11-27 23:00:00,-2.310746192932129
2019-11-28 00:00:00,-2.226198434829712
2019-11-28 01:00:00,-2.2209646701812744
2019-11-28 02:00:00,-2.200242042541504
2019-11-28 03:00:00,-2.550349712371826
2019-11-28 04:00:00,-2.5154597759246826
2019-11-28 05:00:00,-2.6104986667633057
2019-11-28 06:00:00,-2.4252898693084717
2019-11-28 07:00:00,-1.9810304641723633
2019-11-28 08:00:00,-1.619847297668457
2019-11-28 09:00:00,-1.3889993727207184
2019-11-28 10:00:00,-1.5403482913970947
2019-11-28 11:00:00,-1.6503667831420898
2019-11-28 12:00:00,-1.3370799124240875
2019-11-28 13:00:00,-1.849652349948883
2019-11-28 14:00:00,-2.235773026943207
2019-11-28 15:00:00,-2.463001698255539
2019-11-28 16:00:00,-2.425138533115387
2019-11-28 17:00:00,-2.3698549270629883
2019-11-28 18:00:00,-2.087413787841797
2019-11-28 19:00:00,-1.9245843887329102
2019-11-28 20:00:00,-1.826499953866005
2019-11-28 21:00:00,-1.6667199432849884
2019-11-28 22:00:00,-1.294908046722412
2019-11-28 23:00:00,-0.9298920333385468
2019-11-29 00:00:00,-0.649311974644661
2019-11-29 01:00:00,-0.3863920569419861
2019-11-29 02:00:00,-0.24422729015350342
2019-11-29 03:00:00,-0.3265002965927124
2019-11-29 04:00:00,-0.4788457155227661
2019-11-29 05:00:00,-0.7593387365341187
2019-11-29 06:00:00,-1.1174739599227905
2019-11-29 07:00:00,-1.3652479648590088
2019-11-29 08:00:00,-1.6211192309856415
2019-11-29 09:00:00,-1.8002837300300598
2019-11-29 10:00:00,-1.6346473544836044
2019-11-29 11:00:00,-1.3654827177524567
2019-11-29 12:00:00,-0.6352563500404358
2019-11-29 13:00:00,-0.6151823960244656
2019-11-29 14:00:00,-0.47290276177227497
2019-11-29 15:00:00,-0.19918905198574066
2019-11-29 16:00:00,0.0742621198296547
2019-11-29 17:00:00,0.4065588712692261
2019-11-29 18:00:00,0.6312301158905029
2019-11-29 19:00:00,0.6490139961242676
2019-11-29 20:00:00,0.6219180226325989
2019-11-29 21:00:00,0.5597074031829834
2019-11-29 22:00:00,0.5168395638465881
2019-11-29 23:00:00,0.4875885844230652
2019-11-30 00:00:00,0.493607759475708
2019-11-30 01:00:00,0.5453831553459167
2019-11-30 02:00:00,0.6156424283981323
2019-11-30 03:00:00,1.425862431526184
2019-11-30 04:00:00,1.2318470478057861
2019-11-30 05:00:00,1.5225379467010498
2019-11-30 06:00:00,1.8540512323379517
2019-11-30 07:00:00,2.2435498237609863
2019-11-30 08:00:00,2.576017379760742
2019-11-30 09:00:00,2.7893338203430176
2019-11-30 10:00:00,2.6990623474121094
2019-11-30 11:00:00,2.2976460456848145
2019-11-30 12:00:00,1.097397804260254
2019-11-30 13:00:00,1.155384048819542
2019-11-30 14:00:00,1.1289323568344116
2019-11-30 15:00:00,1.0484668016433716
2019-11-30 16:00:00,1.0241936445236206
2019-11-30 17:00:00,0.976960688829422
2019-11-30 18:00:00,0.9561550319194794
2019-11-30 19:00:00,0.973870038986206
2019-11-30 20:00:00,0.961267352104187
2019-11-30 21:00:00,0.9319028258323669
2019-11-30 22:00:00,0.8829103112220764
2019-11-30 23:00:00,0.8317210078239441
2019-12-01 00:00:00,0.7975101470947266
2019-12-01 01:00:00,0.7860349416732788
2019-12-01 02:00:00,0.8011214733123779
2019-12-01 03:00:00,1.8297533094882965
2019-12-01 04:00:00,1.5883159637451172
2019-12-01 05:00:00,1.7511212825775146
2019-12-01 06:00:00,2.243847131729126
2019-12-01 07:00:00,2.671497106552124
2019-12-01 08:00:00,2.8782131671905518
2019-12-01 09:00:00,2.8863186836242676
2019-12-01 10:00:00,2.7306594848632812
2019-12-01 11:00:00,2.003695547580719
2019-12-01 12:00:00,0.9098408222198486
2019-12-01 13:00:00,0.8785707950592041
2019-12-01 14:00:00,0.8290059566497803
2019-12-01 15:00:00,0.7841614484786987
2019-12-01 16:00:00,0.8254227638244629
2019-12-01 17:00:00,0.8779995888471603
2019-12-01 18:00:00,0.9189993143081665
2019-12-01 19:00:00,0.9596841037273407
2019-12-01 20:00:00,1.0043717622756958
2019-12-01 21:00:00,1.0322456359863281
2019-12-01 22:00:00,1.0610671043395996
2019-12-01 23:00:00,1.081581711769104
2019-12-02 00:00:00,1.1179307699203491
2019-12-02 01:00:00,1.1681327819824219
2019-12-02 02:00:00,1.2442470788955688
2019-12-02 03:00:00,2.698512077331543
2019-12-02 04:00:00,2.2413713932037354
2019-12-02 05:00:00,2.59973406791687
2019-12-02 06:00:00,2.664950370788574
2019-12-02 07:00:00,2.7483468055725098
2019-12-02 08:00:00,2.8135015964508057
2019-12-02 09:00:00,2.77913236618042
2019-12-02 10:00:00,2.6541924476623535
2019-12-02 11:00:00,1.603570818901062
2019-12-02 12:00:00,0.9170657396316528
2019-12-02 13:00:00,0.9249545335769653
2019-12-02 14:00:00,0.9484676122665405
2019-12-02 15:00:00,0.9946892261505127
2019-12-02 16:00:00,1.0491623729467392
2019-12-02 17:00:00,1.1025437116622925
2019-12-02 18:00:00,1.1500146389007568
2019-12-02 19:00:00,1.2007676362991333
2019-12-02 20:00:00,1.2563393115997314
2019-12-02 21:00:00,1.313626766204834
2019-12-02 22:00:00,1.2771940231323242
2019-12-02 23:00:00,1.2524442672729492
2019-12-03 00:00:00,1.2244614362716675
2019-12-03 01:00:00,1.1637661457061768
2019-12-03 02:00:00,1.0712247043848038
2019-12-03 03:00:00,2.049964427947998
2019-12-03 04:00:00,1.8750244081020355
2019-12-03 05:00:00,2.154507875442505
2019-12-03 06:00:00,2.347808837890625
2019-12-03 07:00:00,2.6208441257476807
2019-12-03 08:00:00,2.887969493865967
2019-12-03 09:00:00,3.0309600830078125
2019-12-03 10:00:00,2.753023624420166
2019-12-03 11:00:00,1.2897639274597168
2019-12-03 12:00:00,0.9754359722137451
2019-12-03 13:00:00,1.023990660905838
2019-12-03 14:00:00,1.0402066707611084
2019-12-03 15:00:00,1.0890990495681763
2019-12-03 16:00:00,1.1797388792037964
2019-12-03 17:00:00,1.2292946577072144
2019-12-03 18:00:00,1.2221238613128662
2019-12-03 19:00:00,1.1755409240722656
2019-12-03 20:00:00,1.153442144393921
2019-12-03 21:00:00,1.165889859199524
2019-12-03 22:00:00,1.1737709045410156
2019-12-03 23:00:00,1.1884466409683228
2019-12-04 00:00:00,1.2019683122634888
2019-12-04 01:00:00,1.1744301319122314
2019-12-04 02:00:00,1.0706435441970825
2019-12-04 03:00:00,1.0229880809783936
2019-12-04 04:00:00,0.882428839802742
2019-12-04 05:00:00,0.48508161306381226
2019-12-04 06:00:00,0.7967155426740646
2019-12-04 07:00:00,0.918791264295578
2019-12-04 08:00:00,1.0332532078027725
2019-12-04 09:00:00,1.0505883544683456
2019-12-04 10:00:00,1.0160164684057236
2019-12-04 11:00:00,0.3796970248222351
2019-12-04 12:00:00,0.5556795001029968
2019-12-04 13:00:00,0.5268067866563797
2019-12-04 14:00:00,0.4172699600458145
2019-12-04 15:00:00,0.2458125352859497
2019-12-04 16:00:00,0.04594896733760834
2019-12-04 17:00:00,-0.1748095527291298
2019-12-04 18:00:00,-0.34323742240667343
2019-12-04 19:00:00,-0.5048021674156189
2019-12-04 20:00:00,-0.533233106136322
2019-12-04 21:00:00,-0.48459577560424805
2019-12-04 22:00:00,-0.5106526613235474
2019-12-04 23:00:00,-0.427981436252594
2019-12-05 00:00:00,-0.22760617919266224
2019-12-05 01:00:00,-0.27996769547462463
2019-12-05 02:00:00,-0.4305403232574463
2019-12-05 03:00:00,-0.4370753541588783
2019-12-05 04:00:00,-0.7834504842758179
2019-12-05 05:00:00,-0.7269116640090942
2019-12-05 06:00:00,-0.833321750164032
2019-12-05 07:00:00,-0.5226948261260986
2019-12-05 08:00:00,-0.36069977283477783
2019-12-05 09:00:00,-0.24336284399032593
2019-12-05 10:00:00,-0.16511374711990356
2019-12-05 11:00:00,-0.06297892332077026
2019-12-05 12:00:00,0.10546475648880005
2019-12-05 13:00:00,0.24360138177871704
2019-12-05 14:00:00,0.38090115785598755
2019-12-05 15:00:00,0.4304428696632385
2019-12-05 16:00:00,0.35090699046850204
2019-12-05 17:00:00,0.2487885244190693
2019-12-05 18:00:00,0.12112520448863506
2019-12-05 19:00:00,0.0365617573261261
2019-12-05 20:00:00,-0.04649072885513306
2019-12-05 21:00:00,-0.12679311633110046
2019-12-05 22:00:00,-0.22612729668617249
2019-12-05 23:00:00,-0.3229143023490906
2019-12-06 00:00:00,-0.33358895778656006
2019-12-06 01:00:00,-0.31762680411338806
2019-12-06 02:00:00,-0.22981896810233593
2019-12-06 03:00:00,-0.018541425466537476
2019-12-06 04:00:00,0.4569746032357216
2019-12-06 05:00:00,0.4161643534898758
2019-12-06 06:00:00,-0.23074555397033691
2019-12-06 07:00:00,-0.3352207839488983
2019-12-06 08:00:00,-0.4024571180343628
2019-12-06 09:00:00,-0.39616847038269043
2019-12-06 10:00:00,-0.3002501130104065
2019-12-06 11:00:00,-0.04061847925186157
2019-12-06 12:00:00,0.2557659149169922
2019-12-06 13:00:00,0.5201907753944397
2019-12-06 14:00:00,0.7317215204238892
2019-12-06 15:00:00,0.8341402411460876
2019-12-06 16:00:00,0.8088241815567017
2019-12-06 17:00:00,0.6450985595583916
2019-12-06 18:00:00,0.39047950506210327
2019-12-06 19:00:00,0.08731627464294434
2019-12-06 20:00:00,-0.19794613122940063
2019-12-06 21:00:00,-0.40621769800782204
2019-12-06 22:00:00,-0.5677194595336914
2019-12-06 23:00:00,-0.7355444505810738
2019-12-07 00:00:00,-0.8733658790588379
2019-12-07 01:00:00,-0.9580507278442383
2019-12-07 02:00:00,-0.9802035987377167
2019-12-07 03:00:00,-0.6822208166122437
2019-12-07 04:00:00,-1.1911142021417618
2019-12-07 05:00:00,-1.0765267610549927
2019-12-07 06:00:00,-1.4614439010620117
2019-12-07 07:00:00,-1.161155343055725
2019-12-07 08:00:00,-0.897005558013916
2019-12-07 09:00:00,-0.7314584255218506
2019-12-07 10:00:00,-0.7398217841982841
2019-12-07 11:00:00,-0.2918880581855774
2019-12-07 12:00:00,-0.27150195837020874
2019-12-07 13:00:00,-0.03585123270750046
2019-12-07 14:00:00,0.21271258778870106
2019-12-07 15:00:00,0.42503082752227783
2019-12-07 16:00:00,0.5268199406564236
2019-12-07 17:00:00,0.5268952995538712
2019-12-07 18:00:00,0.32294392585754395
2019-12-07 19:00:00,0.06479769945144653
2019-12-07 20:00:00,-0.1841641068458557
2019-12-07 21:00:00,-0.364696204662323
2019-12-07 22:00:00,-0.3332974314689636
2019-12-07 23:00:00,-0.021349728107452393
2019-12-08 00:00:00,0.3924140930175781
2019-12-08 01:00:00,0.638236403465271
2019-12-08 02:00:00,0.7341177463531494
2019-12-08 03:00:00,0.47204554080963135
2019-12-08 04:00:00,0.8779728412628174
2019-12-08 05:00:00,0.4366300106048584
2019-12-08 06:00:00,0.02871108055114746
2019-12-08 07:00:00,0.1299734115600586
2019-12-08 08:00:00,0.4082399606704712
2019-12-08 09:00:00,0.6093599796295166
2019-12-08 10:00:00,0.7039709091186523
2019-12-08 11:00:00,0.3108956813812256
2019-12-08 12:00:00,0.49924612045288086
2019-12-08 13:00:00,0.6152321100234985
2019-12-08 14:00:00,0.6896548271179199
2019-12-08 15:00:00,0.6790832281112671
2019-12-08 16:00:00,0.6729966402053833
2019-12-08 17:00:00,0.6645281314849854
2019-12-08 18:00:00,0.6749676465988159
2019-12-08 19:00:00,0.6731529235839844
2019-12-08 20:00:00,0.5934557914733887
2019-12-08 21:00:00,0.41868269443511963
2019-12-08 22:00:00,0.17562943696975708
2019-12-08 23:00:00,-0.019837677478790283
2019-12-09 00:00:00,-0.1872144341468811
2019-12-09 01:00:00,-0.34946209192276
2019-12-09 02:00:00,-0.4337744116783142
2019-12-09 03:00:00,-0.3534184694290161
2019-12-09 04:00:00,0.05969071388244629
2019-12-09 05:00:00,0.1398906707763672
2019-12-09 06:00:00,0.4875672906637192
2019-12-09 07:00:00,0.7229669168591499
2019-12-09 08:00:00,0.7580260038375854
2019-12-09 09:00:00,0.8797411993145943
2019-12-09 10:00:00,1.1523374319076538
2019-12-09 11:00:00,0.502335861325264
2019-12-09 12:00:00,0.580998957157135
2019-12-09 13:00:00,0.4869365096092224
2019-12-09 14:00:00,0.3734224811196327
2019-12-09 15:00:00,0.30304551124572754
2019-12-09 16:00:00,0.2929540276527405
2019-12-09 17:00:00,0.4200338125228882
2019-12-09 18:00:00,0.5706726312637329
2019-12-09 19:00:00,0.5347537398338318
2019-12-09 20:00:00,0.39435094594955444
2019-12-09 21:00:00,0.34660547971725464
2019-12-09 22:00:00,0.2992604374885559
2019-12-09 23:00:00,0.32949572801589966
2019-12-10 00:00:00,0.4538940191268921
2019-12-10 01:00:00,0.699209451675415
2019-12-10 02:00:00,0.9084004163742065
2019-12-10 03:00:00,0.9752116203308105
2019-12-10 04:00:00,1.6020288467407227
2019-12-10 05:00:00,1.4841738939285278
2019-12-10 06:00:00,1.7016621828079224
2019-12-10 07:00:00,1.365966096520424
2019-12-10 08:00:00,1.2271222919225693
2019-12-10 09:00:00,1.2996963262557983
2019-12-10 10:00:00,1.091719850897789
2019-12-10 11:00:00,0.37115905433893204
2019-12-10 12:00:00,0.6287388876080513
2019-12-10 13:00:00,0.662225253880024
2019-12-10 14:00:00,0.6726302690804005
2019-12-10 15:00:00,0.6282260846346617
2019-12-10 16:00:00,0.558462493121624
2019-12-10 17:00:00,0.39549118280410767
2019-12-10 18:00:00,0.20856216549873352
2019-12-10 19:00:00,-0.010142743587493896
2019-12-10 20:00:00,-0.19609248638153076
2019-12-10 21:00:00,-0.3400413766503334
2019-12-10 22:00:00,-0.5469263643026352
2019-12-10 23:00:00,-0.7131929397583008
2019-12-11 00:00:00,-0.8111999034881592
2019-12-11 01:00:00,-0.8205618858337402
2019-12-11 02:00:00,-0.7834472060203552
2019-12-11 03:00:00,-0.42913737893104553
2019-12-11 04:00:00,-1.077650785446167
2019-12-11 05:00:00,-1.3108075857162476
2019-12-11 06:00:00,-1.094578117132187
2019-12-11 07:00:00,-0.38955993205308914
2019-12-11 08:00:00,-0.5948225259780884
2019-12-11 09:00:00,-0.2991637587547302
2019-12-11 10:00:00,0.632961317896843
2019-12-11 11:00:00,0.3877730369567871
2019-12-11 12:00:00,0.22892940044403076
2019-12-11 13:00:00,-0.031696438789367676
2019-12-11 14:00:00,-0.1919727921485901
2019-12-11 15:00:00,-0.029036223888397217
2019-12-11 16:00:00,0.0254133939743042
2019-12-11 17:00:00,-0.20951831340789795
2019-12-11 18:00:00,-0.16466832160949707
2019-12-11 19:00:00,-0.21928870677947998
2019-12-11 20:00:00,-0.5754739046096802
2019-12-11 21:00:00,-0.5325932502746582
2019-12-11 22:00:00,-0.49301648139953613
2019-12-11 23:00:00,-0.4266326427459717
2019-12-12 00:00:00,-0.5080763101577759
2019-12-12 01:00:00,-0.6838397979736328
2019-12-12 02:00:00,-0.5540310144424438
2019-12-12 03:00:00,-0.41953814029693604
2019-12-12 04:00:00,-0.395977258682251
2019-12-12 05:00:00,-1.0567764043807983
2019-12-12 06:00:00,-1.5327279567718506
2019-12-12 07:00:00,-2.5285544395446777
2019-12-12 08:00:00,-3.4427528381347656
2019-12-12 09:00:00,-3.883723258972168
2019-12-12 10:00:00,-4.121976852416992
2019-12-12 11:00:00,-3.775017261505127
2019-12-12 12:00:00,-2.4147577583789825
2019-12-12 13:00:00,-2.4042434990406036
2019-12-12 14:00:00,-2.275606155395508
2019-12-12 15:00:00,-1.6245157718658447
2019-12-12 16:00:00,-1.2192033529281616
2019-12-12 17:00:00,-1.306814193725586
2019-12-12 18:00:00,-1.7671728730201721
2019-12-12 19:00:00,-2.1043968200683594
2019-12-12 20:00:00,-2.0615290999412537
2019-12-12 21:00:00,-1.9791449904441833
2019-12-12 22:00:00,-1.5771849155426025
2019-12-12 23:00:00,-1.3783970773220062
2019-12-13 00:00:00,-1.279021829366684
2019-12-13 01:00:00,-1.3066837787628174
2019-12-13 02:00:00,-1.3391099870204926
2019-12-13 03:00:00,-1.4962824881076813
2019-12-13 04:00:00,-0.842830091714859
2019-12-13 05:00:00,0.35680103302001953
2019-12-13 06:00:00,1.6411588191986084
2019-12-13 07:00:00,2.674922227859497
2019-12-13 08:00:00,3.3728456497192383
2019-12-13 09:00:00,3.4727425575256348
2019-12-13 10:00:00,3.1379752159118652
2019-12-13 11:00:00,1.86795973777771
2019-12-13 12:00:00,1.1455788612365723
2019-12-13 13:00:00,1.1460367441177368
2019-12-13 14:00:00,1.1298039108514786
2019-12-13 15:00:00,1.0167561769485474
2019-12-13 16:00:00,0.9766709804534912
2019-12-13 17:00:00,0.9235368967056274
2019-12-13 18:00:00,0.8557531833648682
2019-12-13 19:00:00,0.7528893947601318
2019-12-13 20:00:00,0.6154236793518066
2019-12-13 21:00:00,0.4209514856338501
2019-12-13 22:00:00,0.19492697715759277
2019-12-13 23:00:00,-0.004186391830444336
2019-12-14 00:00:00,-0.181648850440979
2019-12-14 01:00:00,-0.3455085754394531
2019-12-14 02:00:00,-0.48396360874176025
2019-12-14 03:00:00,-0.954042911529541
2019-12-14 04:00:00,-0.7543529272079468
2019-12-14 05:00:00,-1.194757342338562
2019-12-14 06:00:00,-1.2586491107940674
2019-12-14 07:00:00,-1.2393782138824463
2019-12-14 08:00:00,-1.2188639640808105
2019-12-14 09:00:00,-1.0594357252120972
2019-12-14 10:00:00,-0.7580398917198181
2019-12-14 11:00:00,-0.37535881996154785
2019-12-14 12:00:00,0.17637890577316284
2019-12-14 13:00:00,0.5243533849716187
2019-12-14 14:00:00,0.7149102687835693
2019-12-14 15:00:00,0.8123331665992737
2019-12-14 16:00:00,0.880327582359314
2019-12-14 17:00:00,0.836570680141449
2019-12-14 18:00:00,0.7671270370483398
2019-12-14 19:00:00,0.7142636775970459
2019-12-14 20:00:00,0.594892144203186
2019-12-14 21:00:00,0.3899742364883423
2019-12-14 22:00:00,0.2949196696281433
2019-12-14 23:00:00,0.2768149971961975
2019-12-15 00:00:00,0.33508992195129395
2019-12-15 01:00:00,0.4891952872276306
2019-12-15 02:00:00,0.6613625288009644
2019-12-15 03:00:00,1.5531339645385742
2019-12-15 04:00:00,1.6403923034667969
2019-12-15 05:00:00,1.0874561071395874
2019-12-15 06:00:00,0.9552015066146851
2019-12-15 07:00:00,1.038062795996666
2019-12-15 08:00:00,1.2514653205871582
2019-12-15 09:00:00,1.49168062210083
2019-12-15 10:00:00,1.3511873483657837
2019-12-15 11:00:00,1.0953292846679688
2019-12-15 12:00:00,0.7770397663116455
2019-12-15 13:00:00,0.9601564407348633
2019-12-15 14:00:00,1.1227679401636124
2019-12-15 15:00:00,1.261960506439209
2019-12-15 16:00:00,1.3588402271270752
2019-12-15 17:00:00,1.358773112297058
2019-12-15 18:00:00,1.3068666458129883
2019-12-15 19:00:00,1.327914834022522
2019-12-15 20:00:00,1.2792917490005493
2019-12-15 21:00:00,1.2570645809173584
2019-12-15 22:00:00,1.2742067575454712
2019-12-15 23:00:00,1.3039188385009766
2019-12-16 00:00:00,1.3225165605545044
2019-12-16 01:00:00,1.387708067893982
2019-12-16 02:00:00,1.5124702453613281
2019-12-16 03:00:00,2.768620252609253
2019-12-16 04:00:00,2.4581873416900635
2019-12-16 05:00:00,2.4317820072174072
2019-12-16 06:00:00,2.1341030597686768
2019-12-16 07:00:00,1.8661354780197144
2019-12-16 08:00:00,1.7293803691864014
2019-12-16 09:00:00,1.7442396879196167
2019-12-16 10:00:00,1.793303370475769
2019-12-16 11:00:00,1.7375787496566772
2019-12-16 12:00:00,1.0021852254867554
2019-12-16 13:00:00,1.217937245965004
2019-12-16 14:00:00,1.3625935316085815
2019-12-16 15:00:00,1.463218092918396
2019-12-16 16:00:00,1.4504880905151367
2019-12-16 17:00:00,1.397398829460144
2019-12-16 18:00:00,1.4703772068023682
2019-12-16 19:00:00,1.5399525165557861
2019-12-16 20:00:00,1.5127962827682495
2019-12-16 21:00:00,1.2539669275283813
2019-12-16 22:00:00,1.0964775383472443
2019-12-16 23:00:00,0.9510374069213867
2019-12-17 00:00:00,0.9807295799255371
2019-12-17 01:00:00,1.1002674102783203
2019-12-17 02:00:00,1.1236202716827393
2019-12-17 03:00:00,2.1865580081939697
2019-12-17 04:00:00,2.073199301958084
2019-12-17 05:00:00,1.9146876335144043
2019-12-17 06:00:00,1.8119709491729736
2019-12-17 07:00:00,1.7303214073181152
2019-12-17 08:00:00,2.0245239436626434
2019-12-17 09:00:00,2.4098637104034424
2019-12-17 10:00:00,2.337754726409912
2019-12-17 11:00:00,1.9203929901123047
2019-12-17 12:00:00,1.0298233181238174
2019-12-17 13:00:00,1.1590416431427002
2019-12-17 14:00:00,1.2120723724365234
2019-12-17 15:00:00,1.272363543510437
2019-12-17 16:00:00,1.3020410537719727
2019-12-17 17:00:00,1.229093313217163
2019-12-17 18:00:00,1.1194454431533813
2019-12-17 19:00:00,1.039978951215744
2019-12-17 20:00:00,0.9930572807788849
2019-12-17 21:00:00,0.9958683252334595
2019-12-17 22:00:00,1.189464807510376
2019-12-17 23:00:00,1.5477709770202637
2019-12-18 00:00:00,1.6795539855957031
2019-12-18 01:00:00,1.7150737047195435
2019-12-18 02:00:00,1.9010882377624512
2019-12-18 03:00:00,3.105552911758423
2019-12-18 04:00:00,2.532529354095459
2019-12-18 05:00:00,3.2186713218688965
2019-12-18 06:00:00,2.7079296112060547
2019-12-18 07:00:00,2.267713785171509
2019-12-18 08:00:00,2.196546584367752
2019-12-18 09:00:00,2.22857403755188
2019-12-18 10:00:00,2.1527698040008545
2019-12-18 11:00:00,1.3390915393829346
2019-12-18 12:00:00,0.9678943008184433
2019-12-18 13:00:00,0.9146888256072998
2019-12-18 14:00:00,0.8471606224775314
2019-12-18 15:00:00,0.8032782524824142
2019-12-18 16:00:00,0.5899417400360107
2019-12-18 17:00:00,0.5118225812911987
2019-12-18 18:00:00,0.5944584608078003
2019-12-18 19:00:00,0.8330206423997879
2019-12-18 20:00:00,0.8055081367492676
2019-12-18 21:00:00,0.7352822422981262
2019-12-18 22:00:00,0.6740998029708862
2019-12-18 23:00:00,0.6588311195373535
2019-12-19 00:00:00,0.7269445657730103
2019-12-19 01:00:00,0.8093754649162292
2019-12-19 02:00:00,0.880791425704956
2019-12-19 03:00:00,1.277807593345642
2019-12-19 04:00:00,1.3778942823410034
2019-12-19 05:00:00,1.4608711004257202
2019-12-19 06:00:00,1.402322307229042
2019-12-19 07:00:00,1.4870176315307617
2019-12-19 08:00:00,1.4907603412866592
2019-12-19 09:00:00,1.353137731552124
2019-12-19 10:00:00,1.2410853058099747
2019-12-19 11:00:00,0.5208658054471016
2019-12-19 12:00:00,0.5687155798077583
2019-12-19 13:00:00,0.5796645954251289
2019-12-19 14:00:00,0.5897867679595947
2019-12-19 15:00:00,0.6688410118222237
2019-12-19 16:00:00,0.7724488973617554
2019-12-19 17:00:00,0.8565151244401932
2019-12-19 18:00:00,0.9003680944442749
2019-12-19 19:00:00,0.8995578289031982
2019-12-19 20:00:00,0.8935154676437378
2019-12-19 21:00:00,0.8784008026123047
2019-12-19 22:00:00,0.8862821459770203
2019-12-19 23:00:00,0.9559305012226105
2019-12-20 00:00:00,1.0186598300933838
2019-12-20 01:00:00,1.0500661134719849
2019-12-20 02:00:00,1.0292837619781494
2019-12-20 03:00:00,1.94410902261734
2019-12-20 04:00:00,1.6125614643096924
2019-12-20 05:00:00,1.3147399425506592
2019-12-20 06:00:00,1.0612118244171143
2019-12-20 07:00:00,1.1045374870300293
2019-12-20 08:00:00,1.2242144346237183
2019-12-20 09:00:00,1.3765337467193604
2019-12-20 10:00:00,1.4210668802261353
2019-12-20 11:00:00,1.1094993352890015
2019-12-20 12:00:00,0.7874096632003784
2019-12-20 13:00:00,0.8155092000961304
2019-12-20 14:00:00,0.838350772857666
2019-12-20 15:00:00,0.8334716558456421
2019-12-20 16:00:00,0.8483734130859375
2019-12-20 17:00:00,0.8653669357299805
2019-12-20 18:00:00,0.9022030830383301
2019-12-20 19:00:00,0.8997609615325928
2019-12-20 20:00:00,0.85036301612854
2019-12-20 21:00:00,0.7760449647903442
2019-12-20 22:00:00,0.6044952869415283
2019-12-20 23:00:00,0.47087013721466064
2019-12-21 00:00:00,0.31188082695007324
2019-12-21 01:00:00,0.14103960990905762
2019-12-21 02:00:00,0.08547317981719971
2019-12-21 03:00:00,0.38781237602233887
2019-12-21 04:00:00,0.5582050085067749
2019-12-21 05:00:00,0.9829928874969482
2019-12-21 06:00:00,1.387752890586853
2019-12-21 07:00:00,1.7586839199066162
2019-12-21 08:00:00,2.091288983821869
2019-12-21 09:00:00,2.3010745346546173
2019-12-21 10:00:00,2.474212646484375
2019-12-21 11:00:00,1.901366949081421
2019-12-21 12:00:00,1.0989848375320435
2019-12-21 13:00:00,1.1879687160253525
2019-12-21 14:00:00,1.2094783931970596
2019-12-21 15:00:00,1.137474536895752
2019-12-21 16:00:00,1.0145244598388672
2019-12-21 17:00:00,0.8531906604766846
2019-12-21 18:00:00,0.706479012966156
2019-12-21 19:00:00,0.6162083074450493
2019-12-21 20:00:00,0.602725513279438
2019-12-21 21:00:00,0.6669595837593079
2019-12-21 22:00:00,0.6978532671928406
2019-12-21 23:00:00,0.7254043221473694
2019-12-22 00:00:00,0.7471612691879272
2019-12-22 01:00:00,0.7812594175338745
2019-12-22 02:00:00,0.8380190879106522
2019-12-22 03:00:00,1.8735854625701904
2019-12-22 04:00:00,1.7867183685302734
2019-12-22 05:00:00,1.9296543598175049
2019-12-22 06:00:00,2.0500643253326416
2019-12-22 07:00:00,2.206925630569458
2019-12-22 08:00:00,2.2924442291259766
2019-12-22 09:00:00,2.327056407928467
2019-12-22 10:00:00,2.2681979835033417
2019-12-22 11:00:00,1.6199159622192383
2019-12-22 12:00:00,1.0693728923797607
2019-12-22 13:00:00,1.2838072776794434
2019-12-22 14:00:00,1.4905855655670166
2019-12-22 15:00:00,1.6509157121181488
2019-12-22 16:00:00,1.6061229705810547
2019-12-22 17:00:00,1.5156657695770264
2019-12-22 18:00:00,1.4277430772781372
2019-12-22 19:00:00,1.3706841468811035
2019-12-22 20:00:00,1.3707525730133057
2019-12-22 21:00:00,1.4249411821365356
2019-12-22 22:00:00,1.5591232776641846
2019-12-22 23:00:00,1.6911094188690186
2019-12-23 00:00:00,1.7664949893951416
2019-12-23 01:00:00,1.7371493577957153
2019-12-23 02:00:00,1.586671233177185
2019-12-23 03:00:00,2.6497249603271484
2019-12-23 04:00:00,1.8875412940979004
2019-12-23 05:00:00,1.6728954315185547
2019-12-23 06:00:00,1.8203206062316895
2019-12-23 07:00:00,1.574573040008545
2019-12-23 08:00:00,1.4246585369110107
2019-12-23 09:00:00,1.3533600568771362
2019-12-23 10:00:00,1.1458357274532318
2019-12-23 11:00:00,0.4423210024833679
2019-12-23 12:00:00,0.880143404006958
2019-12-23 13:00:00,0.9603932201862335
2019-12-23 14:00:00,0.9595203399658203
2019-12-23 15:00:00,0.8905820399522781
2019-12-23 16:00:00,0.703163206577301
2019-12-23 17:00:00,0.5106838904321194
2019-12-23 18:00:00,0.21460571885108948
2019-12-23 19:00:00,-0.05903262458741665
2019-12-23 20:00:00,-0.3989095687866211
2019-12-23 21:00:00,-0.6409956812858582
2019-12-23 22:00:00,-0.8788898587226868
2019-12-23 23:00:00,-1.0565050840377808
2019-12-24 00:00:00,-1.195603847503662
2019-12-24 01:00:00,-1.2134885787963867
2019-12-24 02:00:00,-1.1293734312057495
2019-12-24 03:00:00,-0.6235854625701904
2019-12-24 04:00:00,-1.0411380529403687
2019-12-24 05:00:00,-0.8993657231330872
2019-12-24 06:00:00,-0.8309011459350586
2019-12-24 07:00:00,-0.5968659520149231
2019-12-24 08:00:00,-0.25135594606399536
2019-12-24 09:00:00,0.13334119319915771
2019-12-24 10:00:00,0.31422877311706543
2019-12-24 11:00:00,0.2957084197551012
2019-12-24 12:00:00,0.7208500355482101
2019-12-24 13:00:00,0.8617053031921387
2019-12-24 14:00:00,0.851204514503479
2019-12-24 15:00:00,0.7414695024490356
2019-12-24 16:00:00,0.6363298892974854
2019-12-24 17:00:00,0.5216163247823715
2019-12-24 18:00:00,0.45111582428216934
2019-12-24 19:00:00,0.4330540671944618
2019-12-24 20:00:00,0.47820544242858887
2019-12-24 21:00:00,0.5770216584205627
2019-12-24 22:00:00,0.6718610525131226
2019-12-24 23:00:00,0.7649266123771667
2019-12-25 00:00:00,0.8360869884490967
2019-12-25 01:00:00,0.9067387580871582
2019-12-25 02:00:00,0.9873205423355103
2019-12-25 03:00:00,2.262886494398117
2019-12-25 04:00:00,2.111314743757248
2019-12-25 05:00:00,2.1948349475860596
2019-12-25 06:00:00,2.3101454079151154
2019-12-25 07:00:00,2.241289108991623
2019-12-25 08:00:00,2.180865526199341
2019-12-25 09:00:00,2.2037339210510254
2019-12-25 10:00:00,2.2265915870666504
2019-12-25 11:00:00,1.1071136146783829
2019-12-25 12:00:00,1.1229491084814072
2019-12-25 13:00:00,1.2219011783599854
2019-12-25 14:00:00,1.268696665763855
2019-12-25 15:00:00,1.2471582889556885
2019-12-25 16:00:00,1.1570938974618912
2019-12-25 17:00:00,1.034843921661377
2019-12-25 18:00:00,0.9515722990036011
2019-12-25 19:00:00,0.9205589294433594
2019-12-25 20:00:00,0.915468692779541
2019-12-25 21:00:00,0.933963730931282
2019-12-25 22:00:00,0.9751136302947998
2019-12-25 23:00:00,1.0442762225866318
2019-12-26 00:00:00,1.1011990308761597
2019-12-26 01:00:00,1.1373168230056763
2019-12-26 02:00:00,1.1774635314941406
2019-12-26 03:00:00,2.305727243423462
2019-12-26 04:00:00,2.237441062927246
2019-12-26 05:00:00,2.297811985015869
2019-12-26 06:00:00,2.8834481239318848
2019-12-26 07:00:00,2.9758121967315674
2019-12-26 08:00:00,3.0679526329040527
2019-12-26 09:00:00,3.1168038845062256
2019-12-26 10:00:00,3.0275442600250244
2019-12-26 11:00:00,1.8659239709377289
2019-12-26 12:00:00,1.165622353553772
2019-12-26 13:00:00,1.2459148168563843
2019-12-26 14:00:00,1.2620034217834473
2019-12-26 15:00:00,1.225304126739502
2019-12-26 16:00:00,1.1396398544311523
2019-12-26 17:00:00,1.0443699359893799
2019-12-26 18:00:00,0.9386930465698242
2019-12-26 19:00:00,0.8061094284057617
2019-12-26 20:00:00,0.6021629646420479
2019-12-26 21:00:00,0.33470040559768677
2019-12-26 22:00:00,0.15855658054351807
2019-12-26 23:00:00,0.275989830493927
2019-12-27 00:00:00,0.7116307616233826
2019-12-27 01:00:00,0.9740828275680542
2019-12-27 02:00:00,1.0159610360860825
2019-12-27 03:00:00,1.970144271850586
2019-12-27 04:00:00,1.6854304075241089
2019-12-27 05:00:00,1.4679023027420044
2019-12-27 06:00:00,1.4426764249801636
2019-12-27 07:00:00,1.4737921953201294
2019-12-27 08:00:00,1.5462393760681152
2019-12-27 09:00:00,1.6356877088546753
2019-12-27 10:00:00,1.4522061347961426
2019-12-27 11:00:00,0.7377514839172363
2019-12-27 12:00:00,0.5298999547958374
2019-12-27 13:00:00,0.44772952795028687
2019-12-27 14:00:00,0.40839052200317383
2019-12-27 15:00:00,0.43239104747772217
2019-12-27 16:00:00,0.5493544340133667
2019-12-27 17:00:00,0.5931169986724854
2019-12-27 18:00:00,0.602568507194519
2019-12-27 19:00:00,0.6141448020935059
2019-12-27 20:00:00,0.6539959907531738
2019-12-27 21:00:00,0.736880898475647
2019-12-27 22:00:00,0.8398154973983765
2019-12-27 23:00:00,0.9454938173294067
2019-12-28 00:00:00,1.0270378589630127
2019-12-28 01:00:00,1.0766661167144775
2019-12-28 02:00:00,1.0842187404632568
2019-12-28 03:00:00,1.7407279014587402
2019-12-28 04:00:00,1.6043219566345215
2019-12-28 05:00:00,1.4990328550338745
2019-12-28 06:00:00,1.3819119930267334
2019-12-28 07:00:00,1.3128420114517212
2019-12-28 08:00:00,1.1374725103378296
2019-12-28 09:00:00,0.9983123540878296
2019-12-28 10:00:00,0.9734117984771729
2019-12-28 11:00:00,0.5476384162902832
2019-12-28 12:00:00,0.544181227684021
2019-12-28 13:00:00,0.38913023471832275
2019-12-28 14:00:00,0.08161753416061401
2019-12-28 15:00:00,-0.23804748058319092
2019-12-28 16:00:00,-0.5040122270584106
2019-12-28 17:00:00,-0.6646782755851746
2019-12-28 18:00:00,-0.7084495425224304
2019-12-28 19:00:00,-0.6638875603675842
2019-12-28 20:00:00,-0.6151870414614677
2019-12-28 21:00:00,-0.5604838281869888
2019-12-28 22:00:00,-0.4188924804329872
2019-12-28 23:00:00,-0.23292455077171326
2019-12-29 00:00:00,-0.05752217769622803
2019-12-29 01:00:00,0.0856482982635498
2019-12-29 02:00:00,0.18795090913772583
2019-12-29 03:00:00,0.21409988403320312
2019-12-29 04:00:00,0.07233953475952148
2019-12-29 05:00:00,-0.5584679767489433
2019-12-29 06:00:00,-0.9404181241989136
2019-12-29 07:00:00,-0.9851261377334595
2019-12-29 08:00:00,-0.9645121395587921
2019-12-29 09:00:00,-0.9498211145401001
2019-12-29 10:00:00,-0.47569096460938454
2019-12-29 11:00:00,0.06382480263710022
2019-12-29 12:00:00,0.5571266412734985
2019-12-29 13:00:00,0.8641489744186401
2019-12-29 14:00:00,1.016212821006775
2019-12-29 15:00:00,0.9866702556610107
2019-12-29 16:00:00,0.7927099466323853
2019-12-29 17:00:00,0.4820823669433594
2019-12-29 18:00:00,0.1503725666552782
2019-12-29 19:00:00,-0.07939521968364716
2019-12-29 20:00:00,-0.1955689787864685
2019-12-29 21:00:00,-0.22285890579223633
2019-12-29 22:00:00,-0.1902802586555481
2019-12-29 23:00:00,-0.11262166500091553
2019-12-30 00:00:00,-0.0463542640209198
2019-12-30 01:00:00,-0.019284844398498535
2019-12-30 02:00:00,-0.06333883106708527
2019-12-30 03:00:00,-0.1348303258419037
2019-12-30 04:00:00,-0.7556707784533501
2019-12-30 05:00:00,-1.286367416381836
2019-12-30 06:00:00,-1.9655275344848633
2019-12-30 07:00:00,-2.013637065887451
2019-12-30 08:00:00,-2.041111946105957
2019-12-30 09:00:00,-2.0761754512786865
2019-12-30 10:00:00,-2.0089239478111267
2019-12-30 11:00:00,-0.7496402263641357
2019-12-30 12:00:00,-1.0047358274459839
2019-12-30 13:00:00,-1.0206031799316406
2019-12-30 14:00:00,-0.9888306856155396
2019-12-30 15:00:00,-0.9514927864074707
2019-12-30 16:00:00,-0.8833891153335571
2019-12-30 17:00:00,-0.8126869201660156
2019-12-30 18:00:00,-0.7454555630683899
2019-12-30 19:00:00,-0.7146580219268799
2019-12-30 20:00:00,-0.7345832586288452
2019-12-30 21:00:00,-0.7693940997123718
2019-12-30 22:00:00,-0.7606945633888245
2019-12-30 23:00:00,-0.7553268671035767
2019-12-31 00:00:00,-0.7911062240600586
2019-12-31 01:00:00,-0.8492320775985718
2019-12-31 02:00:00,-0.8729935884475708
2019-12-31 03:00:00,-1.3871368169784546
2019-12-31 04:00:00,-1.350674033164978
2019-12-31 05:00:00,-2.314284324645996
2019-12-31 06:00:00,-2.3590292930603027
2019-12-31 07:00:00,-2.018617630004883
2019-12-31 08:00:00,-1.6295571327209473
2019-12-31 09:00:00,-1.2822833061218262
2019-12-31 10:00:00,-0.8969730138778687
2019-12-31 11:00:00,-0.24902617931365967
2019-12-31 12:00:00,-0.09175670146942139
2019-12-31 13:00:00,0.055925726890563965
2019-12-31 14:00:00,0.17349720001220703
2019-12-31 15:00:00,0.17123746871948242
2019-12-31 16:00:00,-0.09830689430236816
2019-12-31 17:00:00,-0.4255404472351074
2019-12-31 18:00:00,-0.6213755011558533
2019-12-31 19:00:00,-0.7423204183578491
2019-12-31 20:00:00,-0.8186853528022766
2019-12-31 21:00:00,-0.8784453868865967
2019-12-31 22:00:00,-0.9111164808273315
2019-12-31 23:00:00,-0.9407622814178467
